{"type":"FeatureCollection","name":"tokyo_local_bus_routes","features":[{"type":"Feature","id":"F020:11:fallback-0","geometry":{"type":"LineString","coordinates":[[139.560115,34.083714],[139.559461,34.079773],[139.557647,34.076921],[139.558288,34.072697],[139.556425,34.066986],[139.552479,34.063895],[139.550093,34.063498],[139.547391,34.061154],[139.545066,34.060007],[139.541896,34.058213],[139.538008,34.057658],[139.53466,34.056419],[139.528451,34.05159],[139.523307,34.050164],[139.510966,34.049499],[139.503364,34.048599],[139.496091,34.052327],[139.492684,34.054133],[139.489469,34.055608],[139.486395,34.059121],[139.483881,34.063314],[139.483099,34.064529],[139.482375,34.067804],[139.480892,34.071059],[139.479694,34.0731],[139.48077,34.075871],[139.483997,34.078834],[139.482327,34.082637],[139.484886,34.079323],[139.492491,34.098375],[139.492209,34.100018],[139.488733,34.099757],[139.49249,34.10045],[139.49548,34.10739],[139.495284,34.109457],[139.499047,34.112931],[139.500396,34.115023],[139.501565,34.116085],[139.5036,34.118125],[139.505151,34.119752],[139.510036,34.119563],[139.505252,34.119674],[139.507369,34.118843],[139.508866,34.118147],[139.513523,34.11792],[139.516746,34.119184],[139.518118,34.11983],[139.521398,34.120048],[139.522611,34.120419],[139.526715,34.121395],[139.531119,34.12216],[139.530323,34.121514],[139.535198,34.120413],[139.54175,34.118374],[139.546535,34.116966],[139.550282,34.115336],[139.554691,34.11233],[139.558297,34.108144],[139.559635,34.101112],[139.558738,34.09767],[139.560432,34.092337],[139.560866,34.086175],[139.560415,34.083625],[139.564161,34.079706],[139.559675,34.079675],[139.557893,34.076903],[139.558566,34.072616],[139.556725,34.066852],[139.55254,34.063617],[139.550355,34.063146],[139.547703,34.060917],[139.545247,34.059719],[139.542037,34.058007],[139.537975,34.057513]]},"properties":{"id":"F020:11:fallback-0","feed_id":"F020","feed_slug":"miyake-village-bus","municipality":"三宅村","service_name":"村営バス","license":"CC BY 4.0","source_route_id":"11","route_short_name":"M10","route_long_name":"三宅村営バス","route_desc":null,"route_type":3,"route_url":null,"route_color":null,"route_text_color":null,"directions":["0"],"geometry_source":"stop_times.txt fallback"}},{"type":"Feature","id":"F020:11B:fallback-0","geometry":{"type":"LineString","coordinates":[[139.560115,34.083714],[139.559461,34.079773],[139.557647,34.076921],[139.558288,34.072697],[139.556425,34.066986],[139.552479,34.063895],[139.550093,34.063498],[139.547391,34.061154],[139.545066,34.060007],[139.541896,34.058213],[139.538008,34.057658],[139.53466,34.056419],[139.528451,34.05159],[139.523307,34.050164],[139.510966,34.049499],[139.503364,34.048599],[139.496091,34.052327],[139.492684,34.054133],[139.489469,34.055608],[139.486395,34.059121],[139.483881,34.063314],[139.483099,34.064529],[139.482375,34.067804],[139.480892,34.071059],[139.479694,34.0731],[139.48077,34.075871],[139.483997,34.078834],[139.482327,34.082637],[139.484886,34.079323],[139.492491,34.098375],[139.492209,34.100018],[139.488733,34.099757],[139.49249,34.10045],[139.49548,34.10739],[139.495284,34.109457],[139.499047,34.112931],[139.500396,34.115023],[139.501565,34.116085],[139.5036,34.118125],[139.505151,34.119752],[139.510036,34.119563],[139.505252,34.119674],[139.507369,34.118843],[139.508866,34.118147],[139.513523,34.11792],[139.516746,34.119184],[139.518118,34.11983],[139.521398,34.120048],[139.522611,34.120419],[139.526715,34.121395],[139.530323,34.121514],[139.535198,34.120413],[139.54175,34.118374],[139.546535,34.116966],[139.550282,34.115336],[139.554691,34.11233],[139.558297,34.108144],[139.559635,34.101112],[139.558738,34.09767],[139.560432,34.092337],[139.560866,34.086175],[139.560415,34.083625],[139.564161,34.079706],[139.559675,34.079675],[139.557893,34.076903],[139.558566,34.072616],[139.556725,34.066852],[139.55254,34.063617],[139.550355,34.063146],[139.547703,34.060917],[139.545247,34.059719],[139.542037,34.058007],[139.537975,34.057513]]},"properties":{"id":"F020:11B:fallback-0","feed_id":"F020","feed_slug":"miyake-village-bus","municipality":"三宅村","service_name":"村営バス","license":"CC BY 4.0","source_route_id":"11B","route_short_name":"M11","route_long_name":"三宅村営バス","route_desc":null,"route_type":3,"route_url":null,"route_color":null,"route_text_color":null,"directions":["0"],"geometry_source":"stop_times.txt fallback"}},{"type":"Feature","id":"F020:11C:fallback-0","geometry":{"type":"LineString","coordinates":[[139.560115,34.083714],[139.559461,34.079773],[139.557647,34.076921],[139.558288,34.072697],[139.556425,34.066986],[139.552479,34.063895],[139.550093,34.063498],[139.547391,34.061154],[139.545066,34.060007],[139.541896,34.058213],[139.538008,34.057658],[139.53466,34.056419],[139.528451,34.05159],[139.523307,34.050164],[139.510966,34.049499],[139.503364,34.048599],[139.496091,34.052327],[139.492684,34.054133],[139.489469,34.055608],[139.486395,34.059121],[139.483881,34.063314],[139.483099,34.064529],[139.482375,34.067804],[139.480963,34.068616],[139.480892,34.071059],[139.479694,34.0731],[139.48077,34.075871],[139.483997,34.078834],[139.482327,34.082637],[139.484886,34.079323],[139.492491,34.098375],[139.492209,34.100018],[139.488733,34.099757],[139.49249,34.10045],[139.49548,34.10739],[139.495284,34.109457],[139.499047,34.112931],[139.500396,34.115023],[139.501565,34.116085],[139.5036,34.118125],[139.505151,34.119752],[139.510036,34.119563],[139.505252,34.119674],[139.507369,34.118843],[139.508866,34.118147],[139.513523,34.11792],[139.516746,34.119184],[139.518118,34.11983],[139.521398,34.120048],[139.522611,34.120419],[139.526715,34.121395],[139.531119,34.12216],[139.530323,34.121514],[139.535198,34.120413],[139.54175,34.118374],[139.546535,34.116966],[139.550282,34.115336],[139.554691,34.11233],[139.558297,34.108144],[139.559635,34.101112],[139.558738,34.09767],[139.560432,34.092337],[139.560866,34.086175],[139.560415,34.083625],[139.559675,34.079675],[139.557893,34.076903],[139.558566,34.072616],[139.556725,34.066852],[139.55254,34.063617],[139.550355,34.063146],[139.547703,34.060917],[139.545247,34.059719],[139.542037,34.058007],[139.537975,34.057513]]},"properties":{"id":"F020:11C:fallback-0","feed_id":"F020","feed_slug":"miyake-village-bus","municipality":"三宅村","service_name":"村営バス","license":"CC BY 4.0","source_route_id":"11C","route_short_name":"M12","route_long_name":"三宅村営バス","route_desc":null,"route_type":3,"route_url":null,"route_color":null,"route_text_color":null,"directions":["0"],"geometry_source":"stop_times.txt fallback"}},{"type":"Feature","id":"F020:11D:fallback-0","geometry":{"type":"LineString","coordinates":[[139.560115,34.083714],[139.559461,34.079773],[139.557647,34.076921],[139.558288,34.072697],[139.556425,34.066986],[139.552479,34.063895],[139.550093,34.063498],[139.547391,34.061154],[139.545066,34.060007],[139.541896,34.058213],[139.538008,34.057658],[139.53466,34.056419],[139.528451,34.05159],[139.523307,34.050164],[139.510966,34.049499],[139.503364,34.048599],[139.496091,34.052327],[139.492684,34.054133],[139.489469,34.055608],[139.486395,34.059121],[139.483881,34.063314],[139.483099,34.064529],[139.482375,34.067804],[139.480963,34.068616],[139.480892,34.071059],[139.479694,34.0731],[139.48077,34.075871],[139.483997,34.078834],[139.482327,34.082637],[139.484886,34.079323],[139.492491,34.098375],[139.492209,34.100018],[139.488733,34.099757],[139.49249,34.10045],[139.49548,34.10739],[139.495284,34.109457],[139.499047,34.112931],[139.500396,34.115023],[139.501565,34.116085],[139.5036,34.118125],[139.505151,34.119752],[139.510036,34.119563],[139.505252,34.119674],[139.507369,34.118843],[139.508866,34.118147],[139.513523,34.11792],[139.516746,34.119184],[139.518118,34.11983],[139.521398,34.120048],[139.522611,34.120419],[139.526715,34.121395],[139.530323,34.121514],[139.535198,34.120413],[139.54175,34.118374],[139.546535,34.116966],[139.550282,34.115336],[139.554691,34.11233],[139.558297,34.108144],[139.559635,34.101112],[139.558738,34.09767],[139.560432,34.092337],[139.560866,34.086175],[139.560415,34.083625],[139.559675,34.079675],[139.557893,34.076903],[139.558566,34.072616],[139.556725,34.066852],[139.55254,34.063617],[139.550355,34.063146],[139.547703,34.060917],[139.545247,34.059719],[139.542037,34.058007],[139.537975,34.057513]]},"properties":{"id":"F020:11D:fallback-0","feed_id":"F020","feed_slug":"miyake-village-bus","municipality":"三宅村","service_name":"村営バス","license":"CC BY 4.0","source_route_id":"11D","route_short_name":"M13","route_long_name":"三宅村営バス","route_desc":null,"route_type":3,"route_url":null,"route_color":null,"route_text_color":null,"directions":["0"],"geometry_source":"stop_times.txt fallback"}},{"type":"Feature","id":"F020:11E:fallback-0","geometry":{"type":"LineString","coordinates":[[139.560115,34.083714],[139.559461,34.079773],[139.557647,34.076921],[139.558288,34.072697],[139.556425,34.066986],[139.552479,34.063895],[139.550093,34.063498],[139.547391,34.061154],[139.545066,34.060007],[139.541896,34.058213],[139.538008,34.057658],[139.53466,34.056419],[139.528451,34.05159],[139.523307,34.050164],[139.510966,34.049499],[139.503364,34.048599],[139.496091,34.052327],[139.492684,34.054133],[139.489469,34.055608],[139.486395,34.059121],[139.483881,34.063314],[139.483099,34.064529],[139.482375,34.067804],[139.480892,34.071059],[139.479694,34.0731],[139.48077,34.075871],[139.483997,34.078834],[139.482327,34.082637],[139.484886,34.079323],[139.492491,34.098375],[139.492209,34.100018],[139.488733,34.099757],[139.49249,34.10045],[139.49548,34.10739],[139.495284,34.109457],[139.499047,34.112931],[139.500396,34.115023],[139.501565,34.116085],[139.5036,34.118125],[139.505151,34.119752],[139.510036,34.119563],[139.505252,34.119674],[139.507369,34.118843],[139.508866,34.118147],[139.513523,34.11792],[139.516746,34.119184],[139.518118,34.11983],[139.521398,34.120048],[139.522611,34.120419],[139.526715,34.121395],[139.530323,34.121514],[139.535198,34.120413],[139.54175,34.118374],[139.546535,34.116966],[139.550282,34.115336],[139.554691,34.11233],[139.558297,34.108144],[139.559635,34.101112],[139.558738,34.09767],[139.560432,34.092337],[139.560866,34.086175],[139.560415,34.083625],[139.559675,34.079675],[139.557893,34.076903],[139.558566,34.072616],[139.556725,34.066852],[139.55254,34.063617],[139.550355,34.063146],[139.547703,34.060917],[139.545247,34.059719],[139.542037,34.058007],[139.537975,34.057513]]},"properties":{"id":"F020:11E:fallback-0","feed_id":"F020","feed_slug":"miyake-village-bus","municipality":"三宅村","service_name":"村営バス","license":"CC BY 4.0","source_route_id":"11E","route_short_name":"M8","route_long_name":"三宅村営バス","route_desc":null,"route_type":3,"route_url":null,"route_color":null,"route_text_color":null,"directions":["0"],"geometry_source":"stop_times.txt fallback"}},{"type":"Feature","id":"F020:11F:fallback-0","geometry":{"type":"LineString","coordinates":[[139.560115,34.083714],[139.559461,34.079773],[139.557647,34.076921],[139.558288,34.072697],[139.556425,34.066986],[139.552479,34.063895],[139.550093,34.063498],[139.547391,34.061154],[139.545066,34.060007],[139.541896,34.058213],[139.538008,34.057658],[139.53466,34.056419],[139.528451,34.05159],[139.523307,34.050164],[139.510966,34.049499],[139.503364,34.048599],[139.496091,34.052327],[139.492684,34.054133],[139.489469,34.055608],[139.486395,34.059121],[139.483881,34.063314],[139.483099,34.064529],[139.482375,34.067804],[139.480892,34.071059],[139.479694,34.0731],[139.48077,34.075871],[139.483997,34.078834],[139.482327,34.082637],[139.484886,34.079323],[139.492491,34.098375],[139.492209,34.100018],[139.488733,34.099757],[139.49249,34.10045],[139.49548,34.10739],[139.495284,34.109457],[139.499047,34.112931],[139.500396,34.115023],[139.501565,34.116085],[139.5036,34.118125],[139.505151,34.119752],[139.510036,34.119563],[139.505252,34.119674],[139.507369,34.118843],[139.508866,34.118147],[139.513523,34.11792],[139.516746,34.119184],[139.518118,34.11983],[139.521398,34.120048],[139.522611,34.120419],[139.526715,34.121395],[139.531119,34.12216],[139.530323,34.121514],[139.535198,34.120413],[139.54175,34.118374],[139.546535,34.116966],[139.550282,34.115336],[139.554691,34.11233],[139.558297,34.108144],[139.559635,34.101112],[139.558738,34.09767],[139.560432,34.092337],[139.560866,34.086175],[139.560415,34.083625],[139.559675,34.079675],[139.557893,34.076903],[139.558566,34.072616],[139.556725,34.066852],[139.55254,34.063617],[139.550355,34.063146],[139.547703,34.060917],[139.545247,34.059719],[139.542037,34.058007],[139.537975,34.057513]]},"properties":{"id":"F020:11F:fallback-0","feed_id":"F020","feed_slug":"miyake-village-bus","municipality":"三宅村","service_name":"村営バス","license":"CC BY 4.0","source_route_id":"11F","route_short_name":"M9","route_long_name":"三宅村営バス","route_desc":null,"route_type":3,"route_url":null,"route_color":null,"route_text_color":null,"directions":["0"],"geometry_source":"stop_times.txt fallback"}},{"type":"Feature","id":"F020:12:fallback-0","geometry":{"type":"LineString","coordinates":[[139.479552,34.068485],[139.480892,34.071059],[139.479694,34.0731],[139.48077,34.075871],[139.483997,34.078834],[139.482327,34.082637],[139.492491,34.098375],[139.492209,34.100018],[139.488733,34.099757],[139.49548,34.10739],[139.495284,34.109457],[139.499047,34.112931],[139.500396,34.115023],[139.501565,34.116085],[139.5036,34.118125],[139.505151,34.119752],[139.510036,34.119563],[139.507369,34.118843],[139.508866,34.118147],[139.513523,34.11792],[139.516746,34.119184],[139.518118,34.11983],[139.521398,34.120048],[139.522611,34.120419],[139.526715,34.121395],[139.530323,34.121514],[139.535198,34.120413],[139.54175,34.118374],[139.546535,34.116966],[139.550282,34.115336],[139.554691,34.11233],[139.558297,34.108144],[139.559635,34.101112],[139.558738,34.09767]]},"properties":{"id":"F020:12:fallback-0","feed_id":"F020","feed_slug":"miyake-village-bus","municipality":"三宅村","service_name":"村営バス","license":"CC BY 4.0","source_route_id":"12","route_short_name":"S3","route_long_name":"三宅村営バス　錆ヶ浜港船連絡バス","route_desc":null,"route_type":3,"route_url":null,"route_color":null,"route_text_color":null,"directions":["0"],"geometry_source":"stop_times.txt fallback"}},{"type":"Feature","id":"F020:13:fallback-0","geometry":{"type":"LineString","coordinates":[[139.564161,34.079706],[139.559461,34.079773],[139.557647,34.076921],[139.558288,34.072697],[139.556425,34.066986],[139.552479,34.063895],[139.550093,34.063498],[139.547391,34.061154],[139.545066,34.060007],[139.541896,34.058213],[139.538008,34.057658],[139.53466,34.056419],[139.528451,34.05159],[139.523307,34.050164],[139.510966,34.049499],[139.503364,34.048599],[139.496091,34.052327],[139.492684,34.054133],[139.489469,34.055608],[139.486395,34.059121],[139.483881,34.063314],[139.483099,34.064529],[139.482375,34.067804],[139.480892,34.071059],[139.479694,34.0731],[139.48077,34.075871],[139.483997,34.078834],[139.482327,34.082637]]},"properties":{"id":"F020:13:fallback-0","feed_id":"F020","feed_slug":"miyake-village-bus","municipality":"三宅村","service_name":"村営バス","license":"CC BY 4.0","source_route_id":"13","route_short_name":"M4","route_long_name":"三宅村営バス　三池港船連絡バス","route_desc":null,"route_type":3,"route_url":null,"route_color":null,"route_text_color":null,"directions":["0"],"geometry_source":"stop_times.txt fallback"}},{"type":"Feature","id":"F020:14:fallback-0","geometry":{"type":"LineString","coordinates":[[139.488149,34.101021],[139.49249,34.10045],[139.49548,34.10739],[139.495284,34.109457],[139.499047,34.112931],[139.500396,34.115023],[139.501565,34.116085],[139.5036,34.118125],[139.505151,34.119752],[139.510036,34.119563],[139.507369,34.118843],[139.508866,34.118147],[139.513523,34.11792],[139.516746,34.119184],[139.518118,34.11983],[139.521398,34.120048],[139.522611,34.120419],[139.526715,34.121395],[139.530323,34.121514],[139.535198,34.120413],[139.54175,34.118374],[139.546535,34.116966],[139.550282,34.115336],[139.554691,34.11233],[139.558297,34.108144],[139.559635,34.101112],[139.558738,34.09767],[139.560432,34.092337],[139.560866,34.086175],[139.560115,34.083714],[139.559461,34.079773],[139.557647,34.076921],[139.558288,34.072697]]},"properties":{"id":"F020:14:fallback-0","feed_id":"F020","feed_slug":"miyake-village-bus","municipality":"三宅村","service_name":"村営バス","license":"CC BY 4.0","source_route_id":"14","route_short_name":"I14","route_long_name":"三宅村営バス　伊ヶ谷港船連絡バス","route_desc":null,"route_type":3,"route_url":null,"route_color":null,"route_text_color":null,"directions":["0"],"geometry_source":"stop_times.txt fallback"}},{"type":"Feature","id":"F020:21:fallback-0","geometry":{"type":"LineString","coordinates":[[139.538249,34.057667],[139.542025,34.058404],[139.544891,34.060095],[139.547349,34.061264],[139.550356,34.063821],[139.553212,34.064151],[139.556305,34.066981],[139.558167,34.073153],[139.557541,34.076985],[139.559237,34.079621],[139.559905,34.083503],[139.560744,34.086099],[139.560434,34.092188],[139.5586,34.097574],[139.559518,34.101161],[139.558161,34.108129],[139.554297,34.112384],[139.549594,34.115651],[139.546291,34.117021],[139.541894,34.118201],[139.53501,34.120361],[139.530533,34.121362],[139.531119,34.12216],[139.52658,34.121326],[139.522616,34.120341],[139.521351,34.119921],[139.518052,34.119691],[139.516397,34.118815],[139.51294,34.117735],[139.509288,34.117826],[139.507424,34.118721],[139.505027,34.119825],[139.510036,34.119563],[139.50534,34.119662],[139.503575,34.118033],[139.501921,34.116247],[139.500131,34.114572],[139.499786,34.11289],[139.495374,34.109309],[139.495546,34.107548],[139.492601,34.100408],[139.488733,34.099757],[139.492407,34.09876],[139.484699,34.078955],[139.482327,34.082637],[139.48403,34.078635],[139.480857,34.075809],[139.479814,34.073092],[139.481049,34.07101],[139.482462,34.067668],[139.483186,34.064769],[139.484029,34.063294],[139.486529,34.059069],[139.489362,34.055803],[139.492807,34.054232],[139.496078,34.052481],[139.503418,34.048732],[139.511046,34.049572],[139.523473,34.050279],[139.529011,34.051771],[139.534707,34.056581],[139.538252,34.057882],[139.541756,34.058757],[139.54482,34.060276],[139.547148,34.061485],[139.5502,34.064094],[139.553136,34.064462],[139.555886,34.06714],[139.55777,34.073206],[139.557401,34.076991],[139.559,34.0797],[139.564799,34.079759],[139.559628,34.083547]]},"properties":{"id":"F020:21:fallback-0","feed_id":"F020","feed_slug":"miyake-village-bus","municipality":"三宅村","service_name":"村営バス","license":"CC BY 4.0","source_route_id":"21","route_short_name":"K10","route_long_name":"三宅村営バス","route_desc":null,"route_type":3,"route_url":null,"route_color":null,"route_text_color":null,"directions":["0"],"geometry_source":"stop_times.txt fallback"}},{"type":"Feature","id":"F020:21B:fallback-0","geometry":{"type":"LineString","coordinates":[[139.538249,34.057667],[139.542025,34.058404],[139.544891,34.060095],[139.547349,34.061264],[139.550356,34.063821],[139.553212,34.064151],[139.556305,34.066981],[139.558167,34.073153],[139.557541,34.076985],[139.559237,34.079621],[139.559905,34.083503],[139.560744,34.086099],[139.560434,34.092188],[139.5586,34.097574],[139.559518,34.101161],[139.558161,34.108129],[139.554297,34.112384],[139.549594,34.115651],[139.546291,34.117021],[139.541894,34.118201],[139.53501,34.120361],[139.530533,34.121362],[139.52658,34.121326],[139.522616,34.120341],[139.521351,34.119921],[139.518052,34.119691],[139.516397,34.118815],[139.51294,34.117735],[139.509288,34.117826],[139.507424,34.118721],[139.505027,34.119825],[139.510036,34.119563],[139.50534,34.119662],[139.503575,34.118033],[139.501921,34.116247],[139.500131,34.114572],[139.499786,34.11289],[139.495374,34.109309],[139.495546,34.107548],[139.492601,34.100408],[139.488733,34.099757],[139.492407,34.09876],[139.484699,34.078955],[139.482327,34.082637],[139.48403,34.078635],[139.480857,34.075809],[139.479814,34.073092],[139.481049,34.07101],[139.482462,34.067668],[139.483186,34.064769],[139.484029,34.063294],[139.486529,34.059069],[139.489362,34.055803],[139.492807,34.054232],[139.496078,34.052481],[139.503418,34.048732],[139.511046,34.049572],[139.523473,34.050279],[139.529011,34.051771],[139.534707,34.056581],[139.538252,34.057882],[139.541756,34.058757],[139.54482,34.060276],[139.547148,34.061485],[139.5502,34.064094],[139.553136,34.064462],[139.555886,34.06714],[139.55777,34.073206],[139.557401,34.076991],[139.559,34.0797],[139.564799,34.079759],[139.559628,34.083547]]},"properties":{"id":"F020:21B:fallback-0","feed_id":"F020","feed_slug":"miyake-village-bus","municipality":"三宅村","service_name":"村営バス","license":"CC BY 4.0","source_route_id":"21B","route_short_name":"K11","route_long_name":"三宅村営バス","route_desc":null,"route_type":3,"route_url":null,"route_color":null,"route_text_color":null,"directions":["0"],"geometry_source":"stop_times.txt fallback"}},{"type":"Feature","id":"F020:21C:fallback-0","geometry":{"type":"LineString","coordinates":[[139.538249,34.057667],[139.542025,34.058404],[139.544891,34.060095],[139.547349,34.061264],[139.550356,34.063821],[139.553212,34.064151],[139.556305,34.066981],[139.558167,34.073153],[139.557541,34.076985],[139.559237,34.079621],[139.559905,34.083503],[139.560744,34.086099],[139.560434,34.092188],[139.5586,34.097574],[139.559518,34.101161],[139.558161,34.108129],[139.554297,34.112384],[139.549594,34.115651],[139.546291,34.117021],[139.541894,34.118201],[139.53501,34.120361],[139.530533,34.121362],[139.531119,34.12216],[139.52658,34.121326],[139.522616,34.120341],[139.521351,34.119921],[139.518052,34.119691],[139.516397,34.118815],[139.51294,34.117735],[139.509288,34.117826],[139.507424,34.118721],[139.505027,34.119825],[139.510036,34.119563],[139.50534,34.119662],[139.503575,34.118033],[139.501921,34.116247],[139.500131,34.114572],[139.499786,34.11289],[139.495374,34.109309],[139.495546,34.107548],[139.492601,34.100408],[139.488733,34.099757],[139.492407,34.09876],[139.484699,34.078955],[139.482327,34.082637],[139.48403,34.078635],[139.480857,34.075809],[139.479814,34.073092],[139.481049,34.07101],[139.481078,34.068691],[139.482462,34.067668],[139.483186,34.064769],[139.484029,34.063294],[139.486529,34.059069],[139.489362,34.055803],[139.492807,34.054232],[139.496078,34.052481],[139.503418,34.048732],[139.511046,34.049572],[139.523473,34.050279],[139.529011,34.051771],[139.534707,34.056581],[139.538252,34.057882],[139.541756,34.058757],[139.54482,34.060276],[139.547148,34.061485],[139.5502,34.064094],[139.553136,34.064462],[139.555886,34.06714],[139.55777,34.073206],[139.557401,34.076991],[139.559,34.0797],[139.559628,34.083547]]},"properties":{"id":"F020:21C:fallback-0","feed_id":"F020","feed_slug":"miyake-village-bus","municipality":"三宅村","service_name":"村営バス","license":"CC BY 4.0","source_route_id":"21C","route_short_name":"K12","route_long_name":"三宅村営バス","route_desc":null,"route_type":3,"route_url":null,"route_color":null,"route_text_color":null,"directions":["0"],"geometry_source":"stop_times.txt fallback"}},{"type":"Feature","id":"F020:21D:fallback-0","geometry":{"type":"LineString","coordinates":[[139.538249,34.057667],[139.542025,34.058404],[139.544891,34.060095],[139.547349,34.061264],[139.550356,34.063821],[139.553212,34.064151],[139.556305,34.066981],[139.558167,34.073153],[139.557541,34.076985],[139.559237,34.079621],[139.559905,34.083503],[139.560744,34.086099],[139.560434,34.092188],[139.5586,34.097574],[139.559518,34.101161],[139.558161,34.108129],[139.554297,34.112384],[139.549594,34.115651],[139.546291,34.117021],[139.541894,34.118201],[139.53501,34.120361],[139.530533,34.121362],[139.52658,34.121326],[139.522616,34.120341],[139.521351,34.119921],[139.518052,34.119691],[139.516397,34.118815],[139.51294,34.117735],[139.509288,34.117826],[139.507424,34.118721],[139.505027,34.119825],[139.510036,34.119563],[139.50534,34.119662],[139.503575,34.118033],[139.501921,34.116247],[139.500131,34.114572],[139.499786,34.11289],[139.495374,34.109309],[139.495546,34.107548],[139.492601,34.100408],[139.488733,34.099757],[139.492407,34.09876],[139.484699,34.078955],[139.482327,34.082637],[139.48403,34.078635],[139.480857,34.075809],[139.479814,34.073092],[139.481049,34.07101],[139.481078,34.068691],[139.482462,34.067668],[139.483186,34.064769],[139.484029,34.063294],[139.486529,34.059069],[139.489362,34.055803],[139.492807,34.054232],[139.496078,34.052481],[139.503418,34.048732],[139.511046,34.049572],[139.523473,34.050279],[139.529011,34.051771],[139.534707,34.056581],[139.538252,34.057882],[139.541756,34.058757],[139.54482,34.060276],[139.547148,34.061485],[139.5502,34.064094],[139.553136,34.064462],[139.555886,34.06714],[139.55777,34.073206],[139.557401,34.076991],[139.559,34.0797],[139.559628,34.083547]]},"properties":{"id":"F020:21D:fallback-0","feed_id":"F020","feed_slug":"miyake-village-bus","municipality":"三宅村","service_name":"村営バス","license":"CC BY 4.0","source_route_id":"21D","route_short_name":"K13","route_long_name":"三宅村営バス","route_desc":null,"route_type":3,"route_url":null,"route_color":null,"route_text_color":null,"directions":["0"],"geometry_source":"stop_times.txt fallback"}},{"type":"Feature","id":"F020:21E:fallback-0","geometry":{"type":"LineString","coordinates":[[139.538249,34.057667],[139.542025,34.058404],[139.544891,34.060095],[139.547349,34.061264],[139.550356,34.063821],[139.553212,34.064151],[139.556305,34.066981],[139.558167,34.073153],[139.557541,34.076985],[139.559237,34.079621],[139.559905,34.083503],[139.560744,34.086099],[139.560434,34.092188],[139.5586,34.097574],[139.559518,34.101161],[139.558161,34.108129],[139.554297,34.112384],[139.549594,34.115651],[139.546291,34.117021],[139.541894,34.118201],[139.53501,34.120361],[139.530533,34.121362],[139.52658,34.121326],[139.522616,34.120341],[139.521351,34.119921],[139.518052,34.119691],[139.516397,34.118815],[139.51294,34.117735],[139.509288,34.117826],[139.507424,34.118721],[139.505027,34.119825],[139.510036,34.119563],[139.50534,34.119662],[139.503575,34.118033],[139.501921,34.116247],[139.500131,34.114572],[139.499786,34.11289],[139.495374,34.109309],[139.495546,34.107548],[139.492601,34.100408],[139.488733,34.099757],[139.492407,34.09876],[139.484699,34.078955],[139.482327,34.082637],[139.48403,34.078635],[139.480857,34.075809],[139.479814,34.073092],[139.481049,34.07101],[139.482462,34.067668],[139.483186,34.064769],[139.484029,34.063294],[139.486529,34.059069],[139.489362,34.055803],[139.492807,34.054232],[139.496078,34.052481],[139.503418,34.048732],[139.511046,34.049572],[139.523473,34.050279],[139.529011,34.051771],[139.534707,34.056581],[139.538252,34.057882],[139.541756,34.058757],[139.54482,34.060276],[139.547148,34.061485],[139.5502,34.064094],[139.553136,34.064462],[139.555886,34.06714],[139.55777,34.073206],[139.557401,34.076991],[139.559,34.0797],[139.559628,34.083547]]},"properties":{"id":"F020:21E:fallback-0","feed_id":"F020","feed_slug":"miyake-village-bus","municipality":"三宅村","service_name":"村営バス","license":"CC BY 4.0","source_route_id":"21E","route_short_name":"K8","route_long_name":"三宅村営バス","route_desc":null,"route_type":3,"route_url":null,"route_color":null,"route_text_color":null,"directions":["0"],"geometry_source":"stop_times.txt fallback"}},{"type":"Feature","id":"F020:21F:fallback-0","geometry":{"type":"LineString","coordinates":[[139.538249,34.057667],[139.542025,34.058404],[139.544891,34.060095],[139.547349,34.061264],[139.550356,34.063821],[139.553212,34.064151],[139.556305,34.066981],[139.558167,34.073153],[139.557541,34.076985],[139.559237,34.079621],[139.559905,34.083503],[139.560744,34.086099],[139.560434,34.092188],[139.5586,34.097574],[139.559518,34.101161],[139.558161,34.108129],[139.554297,34.112384],[139.549594,34.115651],[139.546291,34.117021],[139.541894,34.118201],[139.53501,34.120361],[139.530533,34.121362],[139.531119,34.12216],[139.52658,34.121326],[139.522616,34.120341],[139.521351,34.119921],[139.518052,34.119691],[139.516397,34.118815],[139.51294,34.117735],[139.509288,34.117826],[139.507424,34.118721],[139.505027,34.119825],[139.510036,34.119563],[139.50534,34.119662],[139.503575,34.118033],[139.501921,34.116247],[139.500131,34.114572],[139.499786,34.11289],[139.495374,34.109309],[139.495546,34.107548],[139.492601,34.100408],[139.488733,34.099757],[139.492407,34.09876],[139.484699,34.078955],[139.482327,34.082637],[139.48403,34.078635],[139.480857,34.075809],[139.479814,34.073092],[139.481049,34.07101],[139.482462,34.067668],[139.483186,34.064769],[139.484029,34.063294],[139.486529,34.059069],[139.489362,34.055803],[139.492807,34.054232],[139.496078,34.052481],[139.503418,34.048732],[139.511046,34.049572],[139.523473,34.050279],[139.529011,34.051771],[139.534707,34.056581],[139.538252,34.057882],[139.541756,34.058757],[139.54482,34.060276],[139.547148,34.061485],[139.5502,34.064094],[139.553136,34.064462],[139.555886,34.06714],[139.55777,34.073206],[139.557401,34.076991],[139.559,34.0797],[139.559628,34.083547]]},"properties":{"id":"F020:21F:fallback-0","feed_id":"F020","feed_slug":"miyake-village-bus","municipality":"三宅村","service_name":"村営バス","license":"CC BY 4.0","source_route_id":"21F","route_short_name":"K9","route_long_name":"三宅村営バス","route_desc":null,"route_type":3,"route_url":null,"route_color":null,"route_text_color":null,"directions":["0"],"geometry_source":"stop_times.txt fallback"}},{"type":"Feature","id":"F020:22:fallback-0","geometry":{"type":"LineString","coordinates":[[139.479552,34.068485],[139.482462,34.067668],[139.483186,34.064769],[139.484029,34.063294],[139.486529,34.059069],[139.489362,34.055803],[139.492807,34.054232],[139.496078,34.052481],[139.503418,34.048732],[139.511046,34.049572],[139.523473,34.050279],[139.529011,34.051771],[139.534707,34.056581],[139.538249,34.057667],[139.542025,34.058404],[139.544891,34.060095],[139.547349,34.061264],[139.550356,34.063821],[139.553212,34.064151],[139.556305,34.066981],[139.558167,34.073153],[139.557541,34.076985],[139.559237,34.079621],[139.559905,34.083503],[139.560744,34.086099],[139.560434,34.092188]]},"properties":{"id":"F020:22:fallback-0","feed_id":"F020","feed_slug":"miyake-village-bus","municipality":"三宅村","service_name":"村営バス","license":"CC BY 4.0","source_route_id":"22","route_short_name":"S2","route_long_name":"三宅村営バス　錆ヶ浜港船連絡バス","route_desc":null,"route_type":3,"route_url":null,"route_color":null,"route_text_color":null,"directions":["0"],"geometry_source":"stop_times.txt fallback"}},{"type":"Feature","id":"F020:23:fallback-0","geometry":{"type":"LineString","coordinates":[[139.564161,34.079706],[139.559905,34.083503],[139.560744,34.086099],[139.560434,34.092188],[139.5586,34.097574],[139.559518,34.101161],[139.558161,34.108129],[139.554297,34.112384],[139.549594,34.115651],[139.546291,34.117021],[139.541894,34.118201],[139.53501,34.120361],[139.530533,34.121362],[139.52658,34.121326],[139.522616,34.120341],[139.521351,34.119921],[139.518052,34.119691],[139.516397,34.118815],[139.51294,34.117735],[139.509288,34.117826],[139.507424,34.118721],[139.505151,34.119752],[139.510036,34.119563],[139.503575,34.118033],[139.501921,34.116247],[139.500131,34.114572],[139.499786,34.11289],[139.495374,34.109309],[139.495546,34.107548],[139.492601,34.100408],[139.488733,34.099757],[139.492407,34.09876]]},"properties":{"id":"F020:23:fallback-0","feed_id":"F020","feed_slug":"miyake-village-bus","municipality":"三宅村","service_name":"村営バス","license":"CC BY 4.0","source_route_id":"23","route_short_name":"M3","route_long_name":"三宅村営バス　三池港船連絡バス","route_desc":null,"route_type":3,"route_url":null,"route_color":null,"route_text_color":null,"directions":["0"],"geometry_source":"stop_times.txt fallback"}},{"type":"Feature","id":"F020:24:fallback-0","geometry":{"type":"LineString","coordinates":[[139.488149,34.101021],[139.492407,34.09876],[139.484699,34.078955],[139.482327,34.082637],[139.480857,34.075809],[139.479814,34.073092],[139.481049,34.07101],[139.482462,34.067668],[139.483186,34.064769],[139.484029,34.063294],[139.486529,34.059069],[139.489362,34.055803],[139.492807,34.054232],[139.496078,34.052481],[139.503418,34.048732],[139.511046,34.049572],[139.523473,34.050279],[139.529011,34.051771],[139.534707,34.056581],[139.538249,34.057667],[139.542025,34.058404],[139.544891,34.060095],[139.547349,34.061264],[139.550356,34.063821],[139.553212,34.064151],[139.556305,34.066981]]},"properties":{"id":"F020:24:fallback-0","feed_id":"F020","feed_slug":"miyake-village-bus","municipality":"三宅村","service_name":"村営バス","license":"CC BY 4.0","source_route_id":"24","route_short_name":"I15","route_long_name":"三宅村営バス　伊ヶ谷港船連絡バス","route_desc":null,"route_type":3,"route_url":null,"route_color":null,"route_text_color":null,"directions":["0"],"geometry_source":"stop_times.txt fallback"}},{"type":"Feature","id":"F005:ROT_000001:SHP_001001","geometry":{"type":"LineString","coordinates":[[139.736891,35.754609],[139.736602,35.754542],[139.736034,35.754336],[139.734976,35.753841],[139.734426,35.753797],[139.733697,35.753874],[139.733241,35.753869],[139.732841,35.754117],[139.732631,35.754293],[139.732482,35.754457],[139.731621,35.75548],[139.731146,35.756026],[139.730578,35.756817],[139.730177,35.757458],[139.729827,35.758122],[139.729666,35.758319],[139.729338,35.758431],[139.728963,35.758431],[139.728933,35.758401],[139.728979,35.75812],[139.729315,35.757596],[139.729439,35.756843],[139.729357,35.756696],[139.729367,35.756589],[139.729484,35.756492],[139.729507,35.756374],[139.729534,35.756207],[139.729725,35.75474],[139.729808,35.754037],[139.729872,35.753636],[139.73021,35.753065],[139.733292,35.753808],[139.733577,35.753761],[139.734941,35.752975],[139.735067,35.752937],[139.735672,35.752569],[139.736178,35.75223],[139.736489,35.752124],[139.73716,35.751323],[139.737578,35.750805],[139.738096,35.750023],[139.738591,35.749435],[139.738684,35.749282],[139.739078,35.748842],[139.740701,35.747587],[139.741221,35.7472],[139.741532,35.746838],[139.741815,35.746508],[139.742967,35.745348],[139.742986,35.745344],[139.743046,35.745385],[139.743053,35.745434],[139.74305,35.745473],[139.743069,35.745518],[139.743098,35.74554],[139.743153,35.745544],[139.743204,35.745521],[139.743241,35.745478],[139.743243,35.745412],[139.743191,35.74537],[139.743124,35.745366],[139.743067,35.745363],[139.743006,35.745326],[139.743011,35.745307],[139.743298,35.745017],[139.743466,35.744881],[139.743742,35.744753],[139.744579,35.744504],[139.74517,35.744232],[139.745558,35.74404],[139.746732,35.743308],[139.747122,35.743148],[139.747254,35.742964],[139.747492,35.741515],[139.747335,35.74115],[139.747133,35.740606],[139.746961,35.740232],[139.746695,35.739517],[139.74641,35.738812],[139.746178,35.738245],[139.746337,35.737542],[139.746469,35.737048],[139.746524,35.736995],[139.746695,35.736585],[139.746895,35.735952],[139.746925,35.735937],[139.74697,35.735945],[139.747325,35.736077],[139.747363,35.736081],[139.747401,35.736065],[139.747453,35.735958],[139.747433,35.735905],[139.747401,35.735878],[139.746961,35.73567],[139.746877,35.735661],[139.746816,35.735693],[139.746594,35.736239],[139.746358,35.736941],[139.746076,35.738095],[139.74605,35.738271],[139.746716,35.739919],[139.74704,35.740742],[139.747392,35.74155],[139.747106,35.742963],[139.746021,35.743686],[139.745488,35.743998],[139.745062,35.744238],[139.744791,35.744368],[139.744407,35.744517],[139.743714,35.744708],[139.743454,35.744821],[139.743273,35.744947],[139.742976,35.74523],[139.742888,35.745271],[139.741443,35.74675],[139.741144,35.747024],[139.740656,35.747483],[139.740387,35.747699],[139.739048,35.748725],[139.737984,35.749915],[139.737556,35.750541],[139.737527,35.750617],[139.736403,35.751935],[139.736361,35.752018],[139.736329,35.752347],[139.736441,35.752663],[139.736707,35.752847],[139.737108,35.752977],[139.737668,35.753255],[139.737951,35.75349],[139.737079,35.754634],[139.736973,35.754642],[139.736891,35.754609]]},"properties":{"id":"F005:ROT_000001:SHP_001001","feed_id":"F005","feed_slug":"kita-kbus","municipality":"北区","service_name":"Kバス","license":"CC BY 4.0","source_route_id":"ROT_000001","route_short_name":null,"route_long_name":"王子・駒込ルート","route_desc":null,"route_type":3,"route_url":null,"route_color":"00A3E9","route_text_color":"000000","directions":[],"geometry_source":"shapes.txt"}},{"type":"Feature","id":"F005:ROT_000001:SHP_001002","geometry":{"type":"LineString","coordinates":[[139.736891,35.754609],[139.736602,35.754542],[139.736034,35.754336],[139.734976,35.753841],[139.734426,35.753797],[139.733697,35.753874],[139.733241,35.753869],[139.732841,35.754117],[139.732631,35.754293],[139.732482,35.754457],[139.731621,35.75548],[139.731146,35.756026],[139.730578,35.756817],[139.730177,35.757458],[139.729827,35.758122],[139.729666,35.758319],[139.729338,35.758431],[139.728963,35.758431],[139.728933,35.758401],[139.728979,35.75812],[139.729315,35.757596],[139.729439,35.756843],[139.729357,35.756696],[139.729367,35.756589],[139.729484,35.756492],[139.729507,35.756374],[139.729534,35.756207],[139.729725,35.75474],[139.729808,35.754037],[139.729872,35.753636],[139.73021,35.753065],[139.733292,35.753808],[139.733577,35.753761],[139.734941,35.752975],[139.735067,35.752937],[139.735672,35.752569],[139.736178,35.75223],[139.736489,35.752124],[139.73716,35.751323],[139.737578,35.750805],[139.738096,35.750023],[139.738591,35.749435],[139.738684,35.749282],[139.739078,35.748842],[139.740701,35.747587],[139.741221,35.7472],[139.741532,35.746838],[139.741815,35.746508],[139.742967,35.745348],[139.742986,35.745344],[139.743046,35.745385],[139.743053,35.745434],[139.74305,35.745473],[139.743069,35.745518],[139.743098,35.74554],[139.743153,35.745544],[139.743204,35.745521],[139.743241,35.745478],[139.743243,35.745412],[139.743191,35.74537],[139.743124,35.745366],[139.743067,35.745363],[139.743006,35.745326],[139.743011,35.745307],[139.743298,35.745017],[139.743466,35.744881],[139.743742,35.744753],[139.744579,35.744504],[139.74517,35.744232],[139.745558,35.74404],[139.746732,35.743308],[139.747122,35.743148],[139.747254,35.742964],[139.747492,35.741515],[139.747335,35.74115],[139.747133,35.740606],[139.746961,35.740232],[139.746695,35.739517],[139.74641,35.738812],[139.746178,35.738245],[139.746337,35.737542],[139.746469,35.737048],[139.746524,35.736995],[139.746695,35.736585],[139.746895,35.735952],[139.746925,35.735937],[139.74697,35.735945],[139.747325,35.736077],[139.747363,35.736081],[139.747405,35.736066],[139.747424,35.736024],[139.747439,35.735967]]},"properties":{"id":"F005:ROT_000001:SHP_001002","feed_id":"F005","feed_slug":"kita-kbus","municipality":"北区","service_name":"Kバス","license":"CC BY 4.0","source_route_id":"ROT_000001","route_short_name":null,"route_long_name":"王子・駒込ルート","route_desc":null,"route_type":3,"route_url":null,"route_color":"00A3E9","route_text_color":"000000","directions":[],"geometry_source":"shapes.txt"}},{"type":"Feature","id":"F005:ROT_000001:SHP_001003","geometry":{"type":"LineString","coordinates":[[139.747443,35.735965],[139.747427,35.735908],[139.747401,35.735878],[139.746961,35.73567],[139.746877,35.735661],[139.746816,35.735693],[139.746594,35.736239],[139.746358,35.736941],[139.746076,35.738095],[139.74605,35.738271],[139.746716,35.739919],[139.74704,35.740742],[139.747392,35.74155],[139.747106,35.742963],[139.746021,35.743686],[139.745488,35.743998],[139.745062,35.744238],[139.744791,35.744368],[139.744407,35.744517],[139.743714,35.744708],[139.743454,35.744821],[139.743273,35.744947],[139.742976,35.74523],[139.742888,35.745271],[139.741443,35.74675],[139.741144,35.747024],[139.740656,35.747483],[139.740387,35.747699],[139.739048,35.748725],[139.737984,35.749915],[139.737556,35.750541],[139.737527,35.750617],[139.736403,35.751935],[139.736361,35.752018],[139.736329,35.752347],[139.736441,35.752663],[139.736707,35.752847],[139.737108,35.752977],[139.737668,35.753255],[139.737951,35.75349],[139.737079,35.754634],[139.736973,35.754642],[139.736885,35.754612],[139.736795,35.754579]]},"properties":{"id":"F005:ROT_000001:SHP_001003","feed_id":"F005","feed_slug":"kita-kbus","municipality":"北区","service_name":"Kバス","license":"CC BY 4.0","source_route_id":"ROT_000001","route_short_name":null,"route_long_name":"王子・駒込ルート","route_desc":null,"route_type":3,"route_url":null,"route_color":"00A3E9","route_text_color":"000000","directions":[],"geometry_source":"shapes.txt"}},{"type":"Feature","id":"F005:ROT_000002:SHP_000002","geometry":{"type":"LineString","coordinates":[[139.747431,35.735991],[139.747447,35.735926],[139.747402,35.735885],[139.748081,35.734766],[139.74818,35.734764],[139.748646,35.73546],[139.748716,35.735475],[139.74963,35.73501],[139.750784,35.735095],[139.751535,35.734766],[139.751638,35.734878],[139.751686,35.734958],[139.752367,35.735675],[139.7525,35.73568],[139.752779,35.735369],[139.753039,35.735268],[139.753303,35.735235],[139.753729,35.735293],[139.754006,35.735316],[139.754179,35.735301],[139.754346,35.735268],[139.754605,35.73515],[139.75519,35.734835],[139.755812,35.734495],[139.756152,35.734408],[139.758257,35.733972],[139.758921,35.733751],[139.758952,35.733769],[139.75908,35.734139],[139.759191,35.734909],[139.759562,35.737383],[139.75966,35.737706],[139.759953,35.738093],[139.759943,35.738131],[139.759801,35.738198],[139.759611,35.738366],[139.759447,35.738541],[139.759362,35.738613],[139.759255,35.738631],[139.759135,35.738605],[139.758632,35.738189],[139.758507,35.738193],[139.758072,35.738428],[139.757715,35.738697],[139.757319,35.738958],[139.755962,35.739926],[139.75572,35.740136],[139.755411,35.740495],[139.754762,35.740734],[139.754367,35.740946],[139.753404,35.741043],[139.75306,35.74121],[139.752503,35.741424],[139.749982,35.742354],[139.747369,35.743032],[139.747252,35.742974],[139.747487,35.741514],[139.747109,35.740585],[139.746955,35.740234],[139.746594,35.739279],[139.746167,35.738243],[139.746454,35.737048],[139.746913,35.735981],[139.74698,35.735939],[139.747318,35.736064],[139.747431,35.735991]]},"properties":{"id":"F005:ROT_000002:SHP_000002","feed_id":"F005","feed_slug":"kita-kbus","municipality":"北区","service_name":"Kバス","license":"CC BY 4.0","source_route_id":"ROT_000002","route_short_name":null,"route_long_name":"田端循環ルート","route_desc":null,"route_type":3,"route_url":null,"route_color":"092488","route_text_color":"FFFFFF","directions":[],"geometry_source":"shapes.txt"}},{"type":"Feature","id":"F005:ROT_000004:SHP_004001","geometry":{"type":"LineString","coordinates":[[139.72007,35.778892],[139.719756,35.77875],[139.719706,35.778757],[139.719672,35.778804],[139.719375,35.779234],[139.718915,35.779924],[139.718684,35.780318],[139.718123,35.781218],[139.717807,35.781691],[139.71738,35.782223],[139.71723,35.782343],[139.716843,35.782641],[139.716423,35.782869],[139.716022,35.78301],[139.71551,35.783256],[139.715392,35.78337],[139.715321,35.783487],[139.7152,35.783866],[139.71515,35.783945],[139.715066,35.783989],[139.714931,35.783997],[139.714126,35.783994],[139.713363,35.783968],[139.712737,35.783949],[139.712301,35.783937],[139.712244,35.783934],[139.71221,35.783974],[139.712199,35.784133],[139.712168,35.784149],[139.71179,35.784148],[139.711102,35.784123],[139.710597,35.784105],[139.710515,35.784078],[139.710481,35.784041],[139.710485,35.783971],[139.710521,35.783681],[139.710522,35.78352],[139.710483,35.783381],[139.710356,35.783152],[139.710294,35.783126],[139.710219,35.783135],[139.710102,35.783186],[139.70983,35.783313],[139.709595,35.783453],[139.709346,35.78365],[139.70913,35.783869],[139.708886,35.784122],[139.70875,35.784273],[139.708545,35.784419],[139.707998,35.784625],[139.707829,35.784704],[139.707609,35.784823],[139.707348,35.784997],[139.70706,35.785214],[139.707083,35.785368],[139.709386,35.785811],[139.709402,35.785824],[139.709398,35.785845],[139.709296,35.786214],[139.709213,35.786537],[139.709156,35.786756],[139.709144,35.786766],[139.709125,35.786763],[139.708589,35.786666],[139.708007,35.786548],[139.707161,35.786397],[139.706807,35.786331],[139.70677,35.786334],[139.706751,35.786353],[139.706675,35.786478],[139.706592,35.78659],[139.706471,35.786714],[139.706305,35.786846],[139.705651,35.787213],[139.705366,35.787386],[139.705007,35.78763],[139.704266,35.78817],[139.704226,35.788159],[139.704266,35.78817],[139.704113,35.788281],[139.703829,35.78847],[139.70375,35.78846],[139.703263,35.788098],[139.702807,35.787755],[139.699937,35.785643],[139.698948,35.784902],[139.69844,35.784561],[139.698313,35.784504],[139.698142,35.784455],[139.697988,35.784425],[139.697834,35.78442],[139.697575,35.784412],[139.696986,35.784408],[139.696181,35.7844],[139.695969,35.784414],[139.695755,35.78446],[139.695364,35.784633],[139.694648,35.784965],[139.693645,35.785426],[139.692828,35.785798],[139.69263,35.785893],[139.692481,35.786007],[139.692332,35.786159],[139.692228,35.786276],[139.692276,35.786348],[139.693255,35.7866],[139.693441,35.78665],[139.695753,35.787225],[139.696175,35.787324],[139.696394,35.787363],[139.696616,35.787369],[139.696678,35.787403],[139.696763,35.787716],[139.696956,35.788373],[139.697043,35.788714],[139.697144,35.789005],[139.697226,35.789303],[139.697398,35.789898],[139.697568,35.790491],[139.697738,35.791084],[139.697783,35.791488],[139.697764,35.791884],[139.697599,35.792515],[139.697414,35.793163],[139.697236,35.793812],[139.697135,35.794202],[139.697069,35.79425],[139.696127,35.794288],[139.695275,35.794123],[139.695194,35.794065],[139.695125,35.792707],[139.695113,35.79258],[139.695011,35.792253],[139.694877,35.791799],[139.694748,35.79138],[139.694683,35.791172],[139.694628,35.790967],[139.694538,35.790899],[139.693562,35.791001],[139.693202,35.791097],[139.692893,35.791254],[139.692323,35.79168],[139.692243,35.791671],[139.692206,35.791482],[139.692112,35.791346],[139.69199,35.791314],[139.691816,35.791339],[139.691687,35.791432],[139.691715,35.79154],[139.691803,35.791643],[139.691877,35.791685],[139.692021,35.791694],[139.692171,35.791759],[139.692293,35.791771],[139.692289,35.791769],[139.692409,35.791706],[139.692574,35.791568],[139.692974,35.791272],[139.693201,35.791165],[139.693444,35.791082],[139.693705,35.791034],[139.693967,35.791009],[139.694228,35.790978],[139.694485,35.790953],[139.694605,35.790864],[139.694595,35.790758],[139.694591,35.790528],[139.694593,35.790314],[139.694591,35.790192],[139.694582,35.790106],[139.694558,35.790025],[139.694552,35.789901],[139.694593,35.78969],[139.694623,35.789323],[139.694738,35.789031],[139.694738,35.788285],[139.694716,35.788002],[139.694702,35.78786],[139.694702,35.787723],[139.694698,35.787685],[139.694691,35.78765],[139.694669,35.787579],[139.694646,35.787443],[139.694614,35.787311],[139.694589,35.787041],[139.694586,35.786773],[139.694525,35.786238],[139.694465,35.785693],[139.694436,35.785396],[139.694406,35.785136],[139.694419,35.785109],[139.694557,35.785049],[139.694751,35.784958],[139.695034,35.78483],[139.695356,35.784687],[139.695547,35.784589],[139.695708,35.784524],[139.695807,35.784489],[139.696026,35.784449],[139.696135,35.784442],[139.696319,35.784441],[139.696616,35.784443],[139.696772,35.78445],[139.697163,35.784453],[139.697883,35.784462],[139.697992,35.784476],[139.6981,35.784496],[139.6983,35.784554],[139.698453,35.784622],[139.698588,35.784704],[139.699742,35.78555],[139.700221,35.785907],[139.70109,35.786541],[139.701595,35.786912],[139.702021,35.787241],[139.702299,35.787439],[139.70257,35.787643],[139.703012,35.787966],[139.703726,35.788492],[139.703885,35.788515],[139.70393,35.788494],[139.704441,35.788113],[139.704887,35.787785],[139.705118,35.787625],[139.705355,35.787457],[139.706255,35.786923],[139.706489,35.786748],[139.706672,35.786557],[139.706769,35.786363],[139.706807,35.786349],[139.706838,35.78635],[139.708452,35.786653],[139.709125,35.786792],[139.70918,35.786751],[139.709311,35.786264],[139.70945,35.785747],[139.709391,35.785707],[139.70712,35.785296],[139.707112,35.785243],[139.707376,35.785033],[139.707537,35.784924],[139.707677,35.784833],[139.707859,35.784737],[139.708026,35.784662],[139.708583,35.784449],[139.708792,35.784301],[139.708944,35.784143],[139.70918,35.783891],[139.709391,35.78367],[139.709634,35.783483],[139.709859,35.783346],[139.710123,35.783233],[139.710224,35.783186],[139.710297,35.783156],[139.710336,35.783161],[139.71045,35.783391],[139.71049,35.783519],[139.71049,35.783662],[139.710443,35.784096],[139.710466,35.78416],[139.710512,35.78419],[139.710571,35.7842],[139.712168,35.784262],[139.712218,35.784238],[139.712239,35.783975],[139.712264,35.783955],[139.712579,35.783972],[139.713367,35.783998],[139.714113,35.784025],[139.714929,35.784025],[139.715089,35.784014],[139.71517,35.78396],[139.715223,35.783888],[139.715365,35.783472],[139.71542,35.78338],[139.715531,35.783281],[139.716008,35.783055],[139.716341,35.782941],[139.716908,35.782634],[139.717187,35.782421],[139.71734,35.78231],[139.717468,35.78218],[139.717865,35.781705],[139.717924,35.781705],[139.718821,35.782295],[139.718984,35.782414],[139.7191,35.782414],[139.719202,35.782372],[139.719413,35.781679],[139.719658,35.780905],[139.719946,35.779922],[139.71998,35.779852],[139.720471,35.779205],[139.720528,35.779136],[139.720529,35.7791],[139.72011,35.778925],[139.720069,35.778894]]},"properties":{"id":"F005:ROT_000004:SHP_004001","feed_id":"F005","feed_slug":"kita-kbus","municipality":"北区","service_name":"Kバス","license":"CC BY 4.0","source_route_id":"ROT_000004","route_short_name":null,"route_long_name":"浮間地域ルート","route_desc":null,"route_type":3,"route_url":null,"route_color":"2C5CAA","route_text_color":"FFFFFF","directions":[],"geometry_source":"shapes.txt"}},{"type":"Feature","id":"F005:ROT_000004:SHP_004002","geometry":{"type":"LineString","coordinates":[[139.72007,35.778892],[139.719756,35.77875],[139.719706,35.778757],[139.719672,35.778804],[139.719375,35.779234],[139.718915,35.779924],[139.718684,35.780318],[139.718123,35.781218],[139.717807,35.781691],[139.71738,35.782223],[139.71723,35.782343],[139.716843,35.782641],[139.716423,35.782869],[139.716022,35.78301],[139.71551,35.783256],[139.715392,35.78337],[139.715321,35.783487],[139.7152,35.783866],[139.71515,35.783945],[139.715066,35.783989],[139.714931,35.783997],[139.714126,35.783994],[139.713363,35.783968],[139.712737,35.783949],[139.712301,35.783937],[139.712244,35.783934],[139.71221,35.783974],[139.712199,35.784133],[139.712168,35.784149],[139.71179,35.784148],[139.711102,35.784123],[139.710954,35.784118]]},"properties":{"id":"F005:ROT_000004:SHP_004002","feed_id":"F005","feed_slug":"kita-kbus","municipality":"北区","service_name":"Kバス","license":"CC BY 4.0","source_route_id":"ROT_000004","route_short_name":null,"route_long_name":"浮間地域ルート","route_desc":null,"route_type":3,"route_url":null,"route_color":"2C5CAA","route_text_color":"FFFFFF","directions":[],"geometry_source":"shapes.txt"}},{"type":"Feature","id":"F021:000001:000001","geometry":{"type":"LineString","coordinates":[[139.753241,35.694049],[139.753202,35.694061],[139.753184,35.694067],[139.75317,35.694061],[139.752967,35.693825],[139.752923,35.693804],[139.75287,35.693809],[139.752564,35.693995],[139.752526,35.694005],[139.752431,35.693915],[139.752407,35.693913],[139.752056,35.694126],[139.752046,35.694148],[139.752091,35.694243],[139.752085,35.694255],[139.751757,35.694481],[139.751539,35.694867],[139.751375,35.695264],[139.751332,35.695328],[139.751233,35.69535],[139.750424,35.695247],[139.749363,35.695088],[139.747858,35.694651],[139.74644,35.694263],[139.745319,35.693927],[139.743964,35.693386],[139.74392,35.693348],[139.7439,35.693294],[139.743798,35.692603],[139.743698,35.692052],[139.743543,35.69144],[139.742674,35.689188],[139.742264,35.688157],[139.741901,35.687192],[139.741866,35.687104],[139.741711,35.68577],[139.741673,35.685732],[139.7416,35.685712],[139.740764,35.685786],[139.740233,35.685807],[139.739261,35.685739],[139.739233,35.685725],[139.739222,35.685694],[139.739445,35.684656],[139.739481,35.684622],[139.739536,35.684621],[139.740376,35.684744],[139.740795,35.684786],[139.74144,35.684782],[139.741515,35.684763],[139.741569,35.684692],[139.741532,35.68436],[139.741765,35.683105],[139.741845,35.682738],[139.741894,35.681826],[139.741844,35.681778],[139.741759,35.681763],[139.741317,35.681795],[139.740445,35.682186],[139.740402,35.682207],[139.740344,35.682212],[139.739498,35.682205],[139.739449,35.682189],[139.739428,35.682139],[139.739428,35.68183],[139.739446,35.681799],[139.739503,35.681779],[139.740873,35.681447],[139.741749,35.681235],[139.741812,35.681238],[139.741847,35.681264],[139.741809,35.682168],[139.741772,35.682715],[139.741698,35.683089],[139.741518,35.684001],[139.741449,35.684086],[139.741349,35.684116],[139.740768,35.684128],[139.738777,35.683924],[139.737652,35.683816],[139.737015,35.683809],[139.734996,35.683955],[139.734396,35.684114],[139.733494,35.684584],[139.732943,35.684882],[139.732469,35.685059],[139.731188,35.685521],[139.731041,35.685609],[139.731012,35.685755],[139.731104,35.685987],[139.731086,35.686061],[139.731011,35.686106],[139.729906,35.686537],[139.729851,35.686529],[139.729813,35.686498],[139.729679,35.68597],[139.729714,35.685923],[139.729778,35.685882],[139.731466,35.685644],[139.731626,35.6856],[139.733113,35.685008],[139.734475,35.684273],[139.734842,35.684173],[139.735228,35.684108],[139.736816,35.683992],[139.737464,35.684],[139.737567,35.684027],[139.737593,35.684098],[139.736725,35.686133],[139.736784,35.686214],[139.737694,35.686568],[139.738586,35.686942],[139.738938,35.687066],[139.739291,35.68719],[139.73953,35.68728],[139.739574,35.687266],[139.739579,35.687226],[139.739528,35.687197],[139.739342,35.687131],[139.739284,35.687153],[139.739291,35.68719],[139.73953,35.68728],[139.739976,35.687449],[139.740618,35.687693],[139.740815,35.687776],[139.742199,35.688186],[139.742245,35.688218],[139.743129,35.690515],[139.74346,35.691402],[139.74363,35.692047],[139.743604,35.692087],[139.743559,35.692092],[139.742014,35.691629],[139.739528,35.690893],[139.738479,35.69049],[139.737101,35.689995],[139.735501,35.689417],[139.735406,35.689436],[139.735382,35.689525],[139.735886,35.691078],[139.736005,35.69117],[139.736175,35.691216],[139.737051,35.691445],[139.737993,35.691719],[139.740812,35.69254],[139.740851,35.69257],[139.740843,35.692617],[139.739952,35.694689],[139.739945,35.69482],[139.739992,35.69491],[139.740607,35.695888],[139.741212,35.696535],[139.741522,35.696874],[139.741643,35.696999],[139.741838,35.697309],[139.741899,35.697314],[139.741992,35.697286],[139.742077,35.697129],[139.74212,35.697003],[139.742001,35.69694],[139.741725,35.696916],[139.741649,35.696963],[139.741643,35.696999],[139.741884,35.697381],[139.742186,35.697885],[139.742371,35.698147],[139.742575,35.698353],[139.74301,35.698783],[139.743329,35.699094],[139.743494,35.699367],[139.743745,35.699635],[139.74394,35.699798],[139.744064,35.699928],[139.744153,35.700071],[139.744253,35.700268],[139.744362,35.700552],[139.74452,35.70105],[139.744683,35.701283],[139.744868,35.701444],[139.745142,35.701641],[139.745441,35.701838],[139.745609,35.701904],[139.745782,35.7019],[139.745857,35.701849],[139.7459,35.701837],[139.74594,35.701853],[139.745978,35.7019],[139.746053,35.70192],[139.747717,35.701661],[139.747767,35.701666],[139.747799,35.701687],[139.747887,35.702004],[139.747937,35.702026],[139.748007,35.702021],[139.748338,35.701868],[139.748713,35.701638],[139.74884,35.70154],[139.748986,35.701488],[139.749373,35.701384],[139.749761,35.701339],[139.749938,35.701328],[139.750015,35.701343],[139.750095,35.701366],[139.75041,35.701508],[139.750512,35.701501],[139.750573,35.701449],[139.750609,35.70132],[139.750748,35.701056],[139.750958,35.700673],[139.751218,35.700204],[139.751206,35.700142],[139.751147,35.700113],[139.750076,35.699731],[139.749073,35.699384],[139.749053,35.699343],[139.749056,35.699296],[139.749847,35.698492],[139.750232,35.698055],[139.750561,35.697705],[139.750725,35.697488],[139.75079,35.697384],[139.75107,35.696735],[139.751118,35.696534],[139.751424,35.695569],[139.75153,35.695285],[139.751671,35.694873],[139.7518,35.694566],[139.751986,35.694427],[139.752882,35.693894],[139.752921,35.693884],[139.752962,35.693906],[139.753146,35.694099],[139.753175,35.694104],[139.753202,35.694096],[139.753243,35.694079],[139.753249,35.694064],[139.75324,35.694049]]},"properties":{"id":"F021:000001:000001","feed_id":"F021","feed_slug":"chiyoda-kazaguruma","municipality":"千代田区","service_name":"風ぐるま","license":"CC BY 4.0","source_route_id":"000001","route_short_name":null,"route_long_name":"麹町ルート","route_desc":null,"route_type":3,"route_url":null,"route_color":"FF0000","route_text_color":"FFFFFF","directions":[],"geometry_source":"shapes.txt"}},{"type":"Feature","id":"F021:000002:000002","geometry":{"type":"LineString","coordinates":[[139.753241,35.694049],[139.753184,35.694067],[139.75317,35.694061],[139.752967,35.693825],[139.752923,35.693804],[139.75287,35.693809],[139.752564,35.693995],[139.752526,35.694005],[139.752431,35.693915],[139.752407,35.693913],[139.752056,35.694126],[139.752046,35.694148],[139.752091,35.694243],[139.751752,35.694512],[139.751527,35.694896],[139.751375,35.695274],[139.751364,35.695392],[139.751414,35.695505],[139.752341,35.695664],[139.752367,35.695703],[139.752187,35.696752],[139.751979,35.697943],[139.752024,35.697967],[139.754277,35.697622],[139.754422,35.69758],[139.75455,35.697482],[139.755098,35.696475],[139.755762,35.695235],[139.755804,35.694973],[139.755845,35.694641],[139.755878,35.69419],[139.756002,35.69386],[139.756099,35.693562],[139.756289,35.693123],[139.756354,35.693076],[139.756457,35.693059],[139.757218,35.692961],[139.758657,35.692854],[139.759696,35.692864],[139.761071,35.692914],[139.762093,35.692789],[139.763664,35.692575],[139.764814,35.692455],[139.7657,35.692377],[139.767378,35.692201],[139.767643,35.692186],[139.769333,35.692632],[139.770865,35.693058],[139.772957,35.693642],[139.775007,35.694198],[139.776361,35.69459],[139.777425,35.694848],[139.777492,35.694822],[139.777882,35.693864],[139.777924,35.693852],[139.778771,35.694093],[139.778797,35.694126],[139.778613,35.694555],[139.77838,35.695068],[139.778408,35.695114],[139.778518,35.695167],[139.778708,35.695319],[139.778822,35.695429],[139.778953,35.695468],[139.779921,35.695424],[139.779993,35.695464],[139.780023,35.696463],[139.780066,35.697167],[139.780145,35.697873],[139.780259,35.698618],[139.780231,35.698658],[139.778963,35.698699],[139.775748,35.698777],[139.775693,35.69876],[139.775673,35.698715],[139.775653,35.697615],[139.775612,35.697555],[139.775505,35.697489],[139.775348,35.697464],[139.774012,35.697474],[139.773916,35.69749],[139.773841,35.69755],[139.773826,35.697598],[139.773983,35.69799],[139.774135,35.698478],[139.774143,35.69857],[139.774123,35.698611],[139.774066,35.69863],[139.773759,35.69867],[139.773703,35.698709],[139.773685,35.698761],[139.773729,35.699068],[139.773751,35.69909],[139.773783,35.699098],[139.773935,35.699083],[139.773986,35.699059],[139.774008,35.699012],[139.773982,35.698825],[139.773998,35.698793],[139.774035,35.698777],[139.774153,35.698764],[139.774182,35.698779],[139.774195,35.698809],[139.774294,35.699435],[139.774365,35.700064],[139.77444,35.700699],[139.774441,35.700927],[139.774418,35.701148],[139.774403,35.701648],[139.774349,35.702154],[139.774345,35.70262],[139.774305,35.702669],[139.774238,35.702688],[139.773467,35.702745],[139.772691,35.702825],[139.77193,35.702886],[139.771766,35.702884],[139.771691,35.7029],[139.77164,35.702947],[139.771625,35.703006],[139.771753,35.704003],[139.771796,35.704424],[139.77178,35.704477],[139.771739,35.704497],[139.769971,35.704658],[139.769912,35.704634],[139.769881,35.704594],[139.769858,35.704125],[139.769829,35.703694],[139.769639,35.702899],[139.769424,35.702091],[139.769335,35.701302],[139.769269,35.700361],[139.769237,35.69991],[139.769199,35.699851],[139.769151,35.699815],[139.769045,35.699776],[139.768609,35.6998],[139.768556,35.699795],[139.768514,35.699776],[139.768489,35.699734],[139.768272,35.699153],[139.768233,35.699116],[139.768158,35.699097],[139.768082,35.69911],[139.767598,35.699355],[139.767043,35.699602],[139.766679,35.69971],[139.765837,35.699917],[139.765394,35.700051],[139.763839,35.700586],[139.763791,35.700564],[139.763328,35.699712],[139.762839,35.698797],[139.762739,35.698789],[139.76135,35.699257],[139.759954,35.699755],[139.759924,35.699801],[139.760355,35.700757],[139.760405,35.70078],[139.760658,35.700697],[139.76096,35.700595],[139.763297,35.699777],[139.763328,35.699712],[139.762839,35.698797],[139.762277,35.697768],[139.761755,35.69687],[139.761712,35.696739],[139.76136,35.695587],[139.761222,35.695556],[139.760773,35.695848],[139.760511,35.695964],[139.759048,35.695934],[139.755713,35.695847],[139.753943,35.695734],[139.752375,35.69553],[139.751563,35.695417],[139.75149,35.695358],[139.751497,35.69526],[139.751622,35.694923],[139.751852,35.694504],[139.752338,35.694185],[139.752844,35.693899],[139.752915,35.69389],[139.752981,35.693921],[139.753142,35.694102],[139.753166,35.69411],[139.753189,35.694109],[139.753251,35.694076],[139.753257,35.694066],[139.753237,35.69405]]},"properties":{"id":"F021:000002:000002","feed_id":"F021","feed_slug":"chiyoda-kazaguruma","municipality":"千代田区","service_name":"風ぐるま","license":"CC BY 4.0","source_route_id":"000002","route_short_name":null,"route_long_name":"秋葉原ルート","route_desc":null,"route_type":3,"route_url":null,"route_color":"0080C0","route_text_color":"FFFFFF","directions":[],"geometry_source":"shapes.txt"}},{"type":"Feature","id":"F021:000003:000003","geometry":{"type":"LineString","coordinates":[[139.753241,35.694049],[139.753184,35.694067],[139.75317,35.694061],[139.752967,35.693825],[139.752923,35.693804],[139.75287,35.693809],[139.752564,35.693995],[139.752526,35.694005],[139.752431,35.693915],[139.752407,35.693913],[139.752056,35.694126],[139.752046,35.694148],[139.7521,35.69423],[139.752078,35.694259],[139.751751,35.694469],[139.751624,35.694627],[139.751335,35.695327],[139.751349,35.695411],[139.751406,35.695487],[139.751474,35.695543],[139.751555,35.695582],[139.752274,35.695692],[139.752326,35.695709],[139.752358,35.69575],[139.752353,35.695805],[139.751985,35.697852],[139.752017,35.697921],[139.752083,35.697965],[139.752171,35.697983],[139.753386,35.697792],[139.753444,35.697803],[139.753479,35.697847],[139.753523,35.698132],[139.753528,35.6982],[139.753512,35.698235],[139.753119,35.698959],[139.753121,35.699011],[139.753168,35.699059],[139.753503,35.699146],[139.753588,35.699142],[139.753668,35.699087],[139.754058,35.698424],[139.754082,35.698394],[139.754128,35.698382],[139.754188,35.698396],[139.756303,35.699077],[139.756419,35.699088],[139.756516,35.699065],[139.756601,35.698995],[139.757302,35.697738],[139.758028,35.696486],[139.758118,35.696127],[139.758134,35.696087],[139.7582,35.696037],[139.75827,35.696025],[139.760372,35.696101],[139.760507,35.696103],[139.760659,35.69608],[139.760801,35.696013],[139.761161,35.695761],[139.761225,35.695737],[139.761298,35.695747],[139.761346,35.695792],[139.76156,35.696546],[139.761657,35.69683],[139.761757,35.697001],[139.762186,35.697793],[139.762707,35.698698],[139.76271,35.698749],[139.762685,35.698776],[139.761312,35.69924],[139.760468,35.699531],[139.75996,35.699711],[139.759894,35.699753],[139.759889,35.699815],[139.760298,35.700694],[139.760387,35.700743],[139.760498,35.700744],[139.763221,35.699824],[139.763293,35.699788],[139.763343,35.699731],[139.763353,35.699664],[139.761815,35.69687],[139.761751,35.69677],[139.761704,35.696635],[139.761416,35.69559],[139.761443,35.695533],[139.761525,35.695473],[139.762543,35.694718],[139.762697,35.694612],[139.762887,35.694534],[139.763084,35.694501],[139.764013,35.694431],[139.764688,35.69455],[139.765227,35.69464],[139.765535,35.694731],[139.767331,35.69541],[139.768386,35.69583],[139.768578,35.695871],[139.768642,35.695922],[139.768598,35.696012],[139.768428,35.696296],[139.768403,35.696371],[139.768416,35.696442],[139.768448,35.696493],[139.769169,35.697543],[139.769217,35.697571],[139.7693,35.697563],[139.769374,35.6975],[139.769489,35.697391],[139.769537,35.697313],[139.769824,35.696551],[139.76986,35.696523],[139.769946,35.696519],[139.770582,35.69672],[139.770741,35.69671],[139.770806,35.696735],[139.771138,35.697574],[139.771108,35.697626],[139.770184,35.698075],[139.769249,35.69855],[139.769121,35.698578],[139.769002,35.698523],[139.768788,35.698196],[139.768681,35.698045],[139.768246,35.697449],[139.76791,35.696983],[139.767727,35.696736],[139.767621,35.696461],[139.767497,35.696116],[139.76748,35.695959],[139.767491,35.694459],[139.767493,35.693386],[139.767475,35.692255],[139.767522,35.692203],[139.767652,35.692201],[139.769079,35.692584],[139.772912,35.693634],[139.775951,35.694476],[139.777408,35.694845],[139.777485,35.694827],[139.77788,35.693877],[139.777937,35.693856],[139.778773,35.694103],[139.778799,35.694129],[139.778391,35.695054],[139.77841,35.695101],[139.778538,35.695128],[139.778588,35.695108],[139.778712,35.695133],[139.778765,35.695109],[139.779196,35.69419],[139.779337,35.694005],[139.779338,35.693929],[139.778883,35.693529],[139.778142,35.692985],[139.776308,35.692223],[139.774744,35.691642],[139.772274,35.690924],[139.770092,35.690311],[139.769972,35.690286],[139.769881,35.690235],[139.768637,35.689344],[139.7685,35.689325],[139.768338,35.68932],[139.764983,35.689791],[139.763551,35.690305],[139.762488,35.690493],[139.762028,35.690654],[139.761931,35.690736],[139.761434,35.691219],[139.761256,35.691377],[139.761052,35.691493],[139.760935,35.691607],[139.760897,35.691768],[139.761084,35.693744],[139.761051,35.693799],[139.760999,35.69382],[139.758718,35.693815],[139.758576,35.693819],[139.758487,35.693861],[139.758445,35.693904],[139.758062,35.695777],[139.758004,35.695842],[139.757915,35.695861],[139.75567,35.695824],[139.75421,35.695741],[139.753204,35.695628],[139.752481,35.695518],[139.751618,35.695398],[139.751534,35.695363],[139.751512,35.695293],[139.751768,35.694661],[139.751815,35.694554],[139.75192,35.694464],[139.75285,35.6939],[139.752926,35.693892],[139.752984,35.693925],[139.75311,35.694072],[139.753147,35.694102],[139.753187,35.69412],[139.753235,35.694114],[139.753269,35.694098],[139.753277,35.694083],[139.753237,35.694052]]},"properties":{"id":"F021:000003:000003","feed_id":"F021","feed_slug":"chiyoda-kazaguruma","municipality":"千代田区","service_name":"風ぐるま","license":"CC BY 4.0","source_route_id":"000003","route_short_name":null,"route_long_name":"内神田ルート","route_desc":null,"route_type":3,"route_url":null,"route_color":"F18300","route_text_color":"FFFFFF","directions":[],"geometry_source":"shapes.txt"}},{"type":"Feature","id":"F021:000004:000004","geometry":{"type":"LineString","coordinates":[[139.753241,35.694049],[139.753202,35.694061],[139.753184,35.694067],[139.75317,35.694061],[139.752967,35.693825],[139.752923,35.693804],[139.75287,35.693809],[139.752564,35.693995],[139.752526,35.694005],[139.752431,35.693915],[139.752407,35.693913],[139.752056,35.694126],[139.752046,35.694148],[139.752091,35.694243],[139.75172,35.694577],[139.751447,35.695165],[139.751161,35.696109],[139.750807,35.697145],[139.750537,35.697627],[139.750357,35.697846],[139.749995,35.698207],[139.74932,35.698904],[139.749278,35.698912],[139.749178,35.698885],[139.748482,35.69905],[139.747387,35.69935],[139.746793,35.699548],[139.746444,35.69959],[139.746394,35.699594],[139.745786,35.699562],[139.745749,35.69954],[139.74574,35.699499],[139.745827,35.699137],[139.745846,35.69911],[139.74589,35.699102],[139.745929,35.699112],[139.746444,35.69952],[139.746477,35.699544],[139.746469,35.699578],[139.746444,35.69959],[139.746394,35.699594],[139.745785,35.699562],[139.745727,35.699588],[139.7457,35.69986],[139.745724,35.700119],[139.745915,35.700623],[139.746091,35.70094],[139.746379,35.701289],[139.746404,35.701327],[139.746396,35.701368],[139.746367,35.701393],[139.745651,35.701821],[139.745611,35.701845],[139.74557,35.701847],[139.745534,35.701837],[139.745262,35.701659],[139.745063,35.701529],[139.744935,35.701441],[139.744765,35.701293],[139.744605,35.701116],[139.744557,35.70104],[139.744463,35.700767],[139.744291,35.700299],[139.744103,35.69991],[139.743783,35.699616],[139.743543,35.69938],[139.743293,35.699018],[139.742724,35.698476],[139.74229,35.698044],[139.741999,35.697543],[139.741887,35.697352],[139.741899,35.697318],[139.742033,35.697237],[139.742085,35.696996],[139.741784,35.696925],[139.741666,35.696956],[139.741605,35.696942],[139.740784,35.696046],[139.740532,35.695729],[139.74034,35.695423],[139.739999,35.694889],[139.739959,35.694839],[139.739944,35.694737],[139.74004,35.694538],[139.740299,35.693923],[139.740459,35.693546],[139.740598,35.69322],[139.740945,35.692417],[139.741326,35.69146],[139.741312,35.69142],[139.739518,35.690887],[139.738267,35.690408],[139.736757,35.689863],[139.735767,35.689516],[139.735487,35.689419],[139.735439,35.689391],[139.735426,35.689329],[139.736233,35.687384],[139.736732,35.686251],[139.736766,35.686219],[139.736826,35.686222],[139.738435,35.686885],[139.738938,35.687066],[139.739291,35.68719],[139.73953,35.68728],[139.739574,35.687266],[139.739579,35.687226],[139.739528,35.687197],[139.739342,35.687131],[139.739284,35.687153],[139.739291,35.68719],[139.73953,35.68728],[139.739976,35.687449],[139.740706,35.687718],[139.74081,35.68779],[139.742125,35.688185],[139.742192,35.688217],[139.74223,35.688285],[139.742876,35.689875],[139.74344,35.691357],[139.74358,35.691892],[139.743671,35.69237],[139.743839,35.693303],[139.743873,35.693406],[139.743944,35.693497],[139.744022,35.693553],[139.745151,35.694016],[139.745207,35.694049],[139.745228,35.694089],[139.74497,35.694845],[139.744921,35.694876],[139.744857,35.694863],[139.744204,35.694676],[139.744141,35.694684],[139.744098,35.694718],[139.743791,35.695739],[139.743807,35.6958],[139.743866,35.695845],[139.744931,35.696099],[139.745022,35.696079],[139.745924,35.696268],[139.746593,35.696408],[139.747076,35.696531],[139.747223,35.696538],[139.747366,35.6965],[139.74825,35.695763],[139.748385,35.69565],[139.748617,35.695547],[139.748746,35.695438],[139.748846,35.695199],[139.748902,35.695143],[139.749005,35.695123],[139.749571,35.695259],[139.750755,35.695443],[139.751717,35.695598],[139.752278,35.695678],[139.752339,35.695703],[139.752358,35.69576],[139.752148,35.696894],[139.751972,35.697865],[139.752016,35.697949],[139.75211,35.697997],[139.7534,35.697795],[139.753439,35.697803],[139.753458,35.69784],[139.753519,35.698118],[139.753514,35.698241],[139.753125,35.698941],[139.75312,35.699008],[139.753167,35.699061],[139.753452,35.699145],[139.753575,35.69915],[139.753681,35.699074],[139.754035,35.698402],[139.754081,35.69837],[139.754141,35.698376],[139.755333,35.698768],[139.756401,35.699097],[139.756538,35.699035],[139.756799,35.698579],[139.757099,35.698034],[139.757391,35.697526],[139.757969,35.696586],[139.758123,35.696114],[139.758169,35.696056],[139.758252,35.696028],[139.760162,35.696091],[139.760523,35.696095],[139.760737,35.696058],[139.761148,35.695766],[139.761201,35.695742],[139.761274,35.69574],[139.76133,35.695773],[139.761439,35.696157],[139.761563,35.696575],[139.761758,35.696996],[139.761979,35.6974],[139.7622,35.697804],[139.762498,35.698346],[139.762701,35.698693],[139.762704,35.698741],[139.762676,35.698767],[139.761261,35.699257],[139.759942,35.699711],[139.759888,35.699745],[139.759884,35.699811],[139.760297,35.700722],[139.760342,35.700759],[139.760426,35.700769],[139.763301,35.699794],[139.763336,35.699804],[139.763776,35.700601],[139.763767,35.700648],[139.763253,35.700838],[139.762607,35.701544],[139.762008,35.701796],[139.761093,35.701939],[139.759938,35.701978],[139.759228,35.70198],[139.758042,35.701947],[139.757395,35.70195],[139.756856,35.702008],[139.756458,35.702097],[139.755757,35.702269],[139.755573,35.702275],[139.755512,35.702251],[139.75539,35.701884],[139.755354,35.701646],[139.755475,35.701201],[139.755594,35.700811],[139.756414,35.699275],[139.756538,35.699035],[139.756799,35.698579],[139.756728,35.698501],[139.754603,35.697635],[139.754551,35.697592],[139.754532,35.697519],[139.755129,35.696425],[139.755304,35.69611],[139.75534,35.696015],[139.755306,35.695896],[139.755166,35.695816],[139.753993,35.69573],[139.751624,35.695413],[139.751518,35.695362],[139.751518,35.695259],[139.751805,35.694567],[139.751893,35.694474],[139.752087,35.694346],[139.752865,35.693906],[139.752927,35.693898],[139.752978,35.693924],[139.753129,35.694095],[139.753153,35.694112],[139.753183,35.694111],[139.753247,35.694084],[139.753255,35.694072],[139.753242,35.69405]]},"properties":{"id":"F021:000004:000004","feed_id":"F021","feed_slug":"chiyoda-kazaguruma","municipality":"千代田区","service_name":"風ぐるま","license":"CC BY 4.0","source_route_id":"000004","route_short_name":null,"route_long_name":"富士見・神保町ルート","route_desc":null,"route_type":3,"route_url":null,"route_color":"009950","route_text_color":"FFFFFF","directions":[],"geometry_source":"shapes.txt"}},{"type":"Feature","id":"F021:000005:000005","geometry":{"type":"LineString","coordinates":[[139.753241,35.694049],[139.753202,35.694061],[139.753184,35.694067],[139.75317,35.694061],[139.752967,35.693825],[139.752923,35.693804],[139.75287,35.693809],[139.752564,35.693995],[139.752526,35.694005],[139.752431,35.693915],[139.752407,35.693913],[139.752056,35.694126],[139.752046,35.694148],[139.752091,35.694243],[139.751723,35.694534],[139.751528,35.694862],[139.751337,35.695282],[139.751292,35.695328],[139.751195,35.695356],[139.749243,35.695084],[139.747145,35.694465],[139.746252,35.694216],[139.745227,35.693935],[139.743996,35.693392],[139.743926,35.693331],[139.74379,35.692583],[139.743586,35.691597],[139.743108,35.690324],[139.742497,35.688858],[139.741882,35.687147],[139.741861,35.686988],[139.741636,35.685262],[139.741531,35.684423],[139.741507,35.684236],[139.741375,35.684137],[139.740895,35.684165],[139.740162,35.684108],[139.739487,35.68405],[139.738108,35.683898],[139.737202,35.683859],[139.735882,35.683911],[139.734831,35.684024],[139.73445,35.684129],[139.733302,35.684734],[139.733109,35.684852],[139.731091,35.685607],[139.731022,35.685693],[139.731018,35.685778],[139.731128,35.686015],[139.731073,35.686108],[139.729878,35.686583],[139.729808,35.686528],[139.729664,35.686028],[139.729695,35.685924],[139.730887,35.685722],[139.731203,35.685644],[139.73175,35.68546],[139.733005,35.685029],[139.733515,35.684772],[139.734459,35.68428],[139.734791,35.684158],[139.735961,35.684014],[139.737044,35.683957],[139.73808,35.684014],[139.739305,35.684129],[139.740883,35.684286],[139.741373,35.684281],[139.741472,35.684353],[139.741571,35.685491],[139.741727,35.687094],[139.742177,35.688192],[139.743122,35.690509],[139.743534,35.691715],[139.74369,35.692495],[139.743855,35.693344],[139.743936,35.693502],[139.745151,35.694001],[139.74517,35.694155],[139.744939,35.694777],[139.744795,35.694864],[139.744255,35.694702],[139.744132,35.694729],[139.743794,35.695785],[139.74384,35.695846],[139.744888,35.696121],[139.745026,35.696102],[139.745047,35.696098],[139.745331,35.696145],[139.745753,35.696226],[139.746356,35.696348],[139.747204,35.696579],[139.747359,35.696548],[139.747654,35.696313],[139.748561,35.696405],[139.748776,35.696413],[139.749457,35.696487],[139.750423,35.696601],[139.750852,35.696679],[139.751069,35.696617],[139.75131,35.695838],[139.751554,35.695206],[139.751876,35.694581],[139.75222,35.694334],[139.752869,35.693959],[139.752965,35.69395],[139.753094,35.694074],[139.753177,35.69411],[139.75327,35.694101],[139.753283,35.694082],[139.753263,35.694061],[139.753237,35.69406],[139.753206,35.694067]]},"properties":{"id":"F021:000005:000005","feed_id":"F021","feed_slug":"chiyoda-kazaguruma","municipality":"千代田区","service_name":"風ぐるま","license":"CC BY 4.0","source_route_id":"000005","route_short_name":null,"route_long_name":"四谷ルート","route_desc":null,"route_type":3,"route_url":null,"route_color":"731485","route_text_color":"FFFFFF","directions":[],"geometry_source":"shapes.txt"}},{"type":"Feature","id":"F021:000006:000006","geometry":{"type":"LineString","coordinates":[[139.753241,35.694049],[139.753187,35.694087],[139.753156,35.694078],[139.753017,35.693891],[139.753025,35.693813],[139.753308,35.693639],[139.754265,35.693285],[139.755239,35.692893],[139.755427,35.692813],[139.75551,35.692721],[139.755866,35.692132],[139.755912,35.692106],[139.756136,35.691971],[139.756152,35.691944],[139.756112,35.691613],[139.756147,35.69145],[139.756289,35.691157],[139.756384,35.690911],[139.756534,35.690827],[139.756728,35.690776],[139.75707,35.690731],[139.758063,35.690589],[139.758615,35.690481],[139.758771,35.690567],[139.758816,35.690952],[139.758913,35.692006],[139.758748,35.692749],[139.75885,35.692871],[139.759465,35.692909],[139.760993,35.69296],[139.761193,35.692956],[139.762764,35.692735],[139.765511,35.692438],[139.76741,35.692255],[139.76771,35.692247],[139.770918,35.693135],[139.770995,35.693283],[139.77059,35.694313],[139.770227,35.695259],[139.770222,35.695389],[139.770262,35.695546],[139.771099,35.697589],[139.771264,35.697647],[139.771404,35.697604],[139.771828,35.697595],[139.773807,35.697593],[139.773869,35.697628],[139.774065,35.698282],[139.774152,35.698623],[139.77412,35.698642],[139.773761,35.698685],[139.773731,35.698701],[139.773719,35.698733],[139.77375,35.699034],[139.773783,35.699064],[139.773841,35.69908],[139.773942,35.699067],[139.773975,35.699046],[139.773986,35.699016],[139.773982,35.69885],[139.774001,35.698797],[139.774041,35.69877],[139.774156,35.698752],[139.774205,35.698807],[139.774287,35.699407],[139.774412,35.699465],[139.775477,35.699415],[139.775656,35.699304],[139.775656,35.698859],[139.775631,35.698783],[139.775629,35.698149],[139.775617,35.697615],[139.775569,35.697559],[139.775489,35.697524],[139.775315,35.697472],[139.774821,35.69748],[139.773996,35.697493],[139.772359,35.697527],[139.771404,35.697536],[139.77127,35.697536],[139.771217,35.697501],[139.771162,35.697385],[139.770879,35.696726],[139.770396,35.695541],[139.770364,35.695419],[139.770353,35.695301],[139.77068,35.694452],[139.771201,35.693158],[139.773348,35.687927],[139.773459,35.687573],[139.773403,35.687492],[139.772166,35.687063],[139.772094,35.687107],[139.771479,35.688615],[139.770996,35.689787],[139.770677,35.690486],[139.770623,35.690498],[139.769944,35.690295],[139.768673,35.689411],[139.768512,35.689368],[139.768266,35.689381],[139.766335,35.689634],[139.765047,35.689817],[139.76487,35.689852],[139.76413,35.690214],[139.763213,35.690401],[139.762247,35.690623],[139.762006,35.690706],[139.761346,35.691329],[139.761085,35.691531],[139.760841,35.691613],[139.760581,35.691633],[139.759093,35.691568],[139.758983,35.691509],[139.758908,35.69054],[139.758634,35.690323],[139.75803,35.690424],[139.756947,35.690553],[139.756445,35.690636],[139.756362,35.690682],[139.75617,35.691066],[139.756042,35.691473],[139.755975,35.691506],[139.755909,35.691764],[139.755836,35.691911],[139.755396,35.692677],[139.755274,35.692764],[139.754944,35.692909],[139.754868,35.692982],[139.753877,35.693351],[139.753259,35.693589],[139.752957,35.693744],[139.752917,35.693857],[139.753146,35.694098],[139.7532,35.694131],[139.753222,35.694125],[139.753265,35.694094],[139.753275,35.694075],[139.753256,35.69405],[139.753241,35.694049]]},"properties":{"id":"F021:000006:000006","feed_id":"F021","feed_slug":"chiyoda-kazaguruma","municipality":"千代田区","service_name":"風ぐるま","license":"CC BY 4.0","source_route_id":"000006","route_short_name":null,"route_long_name":"神田ルート","route_desc":null,"route_type":3,"route_url":null,"route_color":"E74388","route_text_color":"FFFFFF","directions":[],"geometry_source":"shapes.txt"}},{"type":"Feature","id":"F022:ROT_000001:SHP_001001","geometry":{"type":"LineString","coordinates":[[139.792988,35.722597],[139.79297,35.722633],[139.792997,35.722685],[139.793063,35.722689],[139.793132,35.722646],[139.793214,35.722564],[139.79609,35.724243],[139.796195,35.724272],[139.796329,35.724281],[139.79675,35.724269],[139.796901,35.724302],[139.796972,35.724347],[139.797087,35.724461],[139.797166,35.724539],[139.797186,35.724582],[139.797162,35.724627],[139.796614,35.725285],[139.79564,35.726406],[139.794668,35.727514],[139.794063,35.72828],[139.793975,35.72838],[139.793867,35.728442],[139.792965,35.729094],[139.791948,35.729841],[139.791878,35.729859],[139.791795,35.729853],[139.791725,35.729818],[139.790833,35.728858],[139.790817,35.728827],[139.790813,35.728767],[139.790951,35.726711],[139.79107,35.724845],[139.791043,35.724802],[139.791006,35.724773],[139.790941,35.724751],[139.790861,35.724732],[139.789434,35.724699],[139.78775,35.724666],[139.787518,35.724681],[139.787315,35.724711],[139.786329,35.725142],[139.786268,35.725154],[139.786204,35.725136],[139.784984,35.724189],[139.784272,35.723623],[139.783749,35.723171],[139.783389,35.722825],[139.78306,35.722482],[139.78272,35.722105],[139.782663,35.722085],[139.782592,35.72208],[139.782528,35.722095],[139.781969,35.722375],[139.781933,35.722408],[139.781911,35.722465],[139.781899,35.722547],[139.781881,35.723085],[139.781892,35.7238],[139.78191,35.724522],[139.781915,35.724695],[139.7819,35.724726],[139.781868,35.724749],[139.781836,35.724756],[139.78156,35.724779],[139.781333,35.724785],[139.781198,35.724773],[139.780455,35.724774],[139.78013,35.724797],[139.779889,35.724824],[139.779706,35.724828],[139.779532,35.724816],[139.779365,35.724828],[139.779092,35.724875],[139.778879,35.724908],[139.778193,35.724937],[139.778061,35.724957],[139.777053,35.725204],[139.777025,35.7252],[139.777011,35.72517],[139.777033,35.725135],[139.777105,35.725076],[139.777755,35.72465],[139.778624,35.724088],[139.77867,35.72404],[139.778671,35.723959],[139.778513,35.72355],[139.778359,35.723244],[139.778369,35.72319],[139.778418,35.723142],[139.779184,35.722869],[139.779405,35.722735],[139.779615,35.722559],[139.779937,35.722236],[139.780228,35.721918],[139.78099,35.721075],[139.78131,35.720877],[139.781391,35.720856],[139.781472,35.720862],[139.781534,35.720906],[139.782538,35.722016],[139.782594,35.722044],[139.782678,35.722049],[139.782763,35.722023],[139.78339,35.7217],[139.784101,35.721565],[139.785051,35.721403],[139.786155,35.7212],[139.786332,35.721192],[139.78715,35.721221],[139.787211,35.721211],[139.787266,35.721184],[139.787302,35.721133],[139.787837,35.71874],[139.787867,35.718696],[139.787909,35.718656],[139.787971,35.71863],[139.789192,35.718243],[139.789241,35.718242],[139.789282,35.718261],[139.789307,35.718291],[139.789434,35.719054],[139.78947,35.719169],[139.789512,35.719246],[139.789315,35.7206],[139.789321,35.721188],[139.789343,35.721242],[139.78939,35.721271],[139.789458,35.72129],[139.791058,35.721337],[139.791441,35.721339],[139.792867,35.721189],[139.792918,35.721199],[139.792932,35.721234],[139.792934,35.721572],[139.793134,35.722149],[139.793136,35.722244],[139.79311,35.722324],[139.79308,35.722377],[139.793075,35.722424],[139.793087,35.722472],[139.793102,35.722497],[139.793184,35.722551],[139.793114,35.722579],[139.793027,35.72259],[139.792987,35.722598]]},"properties":{"id":"F022:ROT_000001:SHP_001001","feed_id":"F022","feed_slug":"taito-megurin","municipality":"台東区","service_name":"めぐりん","license":"CC BY 4.0","source_route_id":"ROT_000001","route_short_name":null,"route_long_name":"北めぐりん（根岸まわり）","route_desc":null,"route_type":3,"route_url":null,"route_color":"EFCE7E","route_text_color":null,"directions":[],"geometry_source":"shapes.txt"}},{"type":"Feature","id":"F022:ROT_000001:SHP_001002","geometry":{"type":"LineString","coordinates":[[139.792988,35.722597],[139.79297,35.722633],[139.792997,35.722685],[139.793063,35.722689],[139.793132,35.722646],[139.793214,35.722564],[139.79609,35.724243],[139.796195,35.724272],[139.796329,35.724281],[139.79675,35.724269],[139.796901,35.724302],[139.796972,35.724347],[139.797087,35.724461],[139.797166,35.724539],[139.797186,35.724582],[139.797162,35.724627],[139.796614,35.725285],[139.79564,35.726406],[139.794668,35.727514],[139.794063,35.72828],[139.793975,35.72838],[139.793867,35.728442],[139.792965,35.729094],[139.791948,35.729841],[139.791878,35.729859],[139.791795,35.729853],[139.791725,35.729818],[139.790833,35.728858],[139.790817,35.728827],[139.790813,35.728767],[139.790951,35.726711],[139.79107,35.724845],[139.791043,35.724802],[139.791006,35.724773],[139.790941,35.724751],[139.790861,35.724732],[139.789434,35.724699],[139.78775,35.724666],[139.787518,35.724681],[139.787315,35.724711],[139.786329,35.725142],[139.786268,35.725154],[139.786204,35.725136],[139.784984,35.724189],[139.784272,35.723623],[139.783749,35.723171],[139.783389,35.722825],[139.78306,35.722482],[139.78272,35.722105],[139.782663,35.722085],[139.782592,35.72208],[139.782528,35.722095],[139.781969,35.722375],[139.781933,35.722408],[139.781911,35.722465],[139.781899,35.722547],[139.781881,35.723085],[139.781892,35.7238],[139.78191,35.724522],[139.781915,35.724695],[139.7819,35.724726],[139.781868,35.724749],[139.781836,35.724756],[139.78156,35.724779],[139.781333,35.724785],[139.781198,35.724773],[139.780455,35.724774],[139.78013,35.724797],[139.779889,35.724824],[139.779706,35.724828],[139.779532,35.724816],[139.779365,35.724828],[139.779092,35.724875],[139.778879,35.724908],[139.778193,35.724937],[139.778061,35.724957],[139.777053,35.725204],[139.777025,35.7252],[139.777011,35.72517],[139.777033,35.725135],[139.777105,35.725076],[139.777755,35.72465],[139.778624,35.724088],[139.77867,35.72404],[139.778671,35.723959],[139.778513,35.72355],[139.778359,35.723244],[139.778369,35.72319],[139.778418,35.723142],[139.779184,35.722869],[139.779405,35.722735],[139.779615,35.722559],[139.779937,35.722236],[139.780228,35.721918],[139.78099,35.721075],[139.78131,35.720877],[139.781391,35.720856],[139.781472,35.720862],[139.781534,35.720906],[139.782538,35.722016],[139.782594,35.722044],[139.782678,35.722049],[139.782763,35.722023],[139.78339,35.7217],[139.784336,35.721565]]},"properties":{"id":"F022:ROT_000001:SHP_001002","feed_id":"F022","feed_slug":"taito-megurin","municipality":"台東区","service_name":"めぐりん","license":"CC BY 4.0","source_route_id":"ROT_000001","route_short_name":null,"route_long_name":"北めぐりん（根岸まわり）","route_desc":null,"route_type":3,"route_url":null,"route_color":"EFCE7E","route_text_color":null,"directions":[],"geometry_source":"shapes.txt"}},{"type":"Feature","id":"F022:ROT_000002:SHP_002001","geometry":{"type":"LineString","coordinates":[[139.798193,35.711445],[139.799021,35.712373],[139.799175,35.712528],[139.799815,35.713092],[139.800385,35.713611],[139.800603,35.71384],[139.801676,35.715068],[139.802028,35.71542],[139.802521,35.716003],[139.802951,35.71649],[139.803492,35.717091],[139.803682,35.717342],[139.80382,35.717561],[139.803892,35.717727],[139.804046,35.718832],[139.804208,35.720065],[139.804305,35.720732],[139.804467,35.722477],[139.804489,35.722772],[139.804523,35.722821],[139.804588,35.722853],[139.804666,35.722854],[139.805756,35.722734],[139.805791,35.722735],[139.805819,35.722745],[139.805834,35.722765],[139.806178,35.724356],[139.806363,35.725169],[139.806528,35.725937],[139.806513,35.725961],[139.806488,35.725975],[139.805107,35.726228],[139.804884,35.726273],[139.802922,35.726232],[139.801022,35.726194],[139.800746,35.726108],[139.799294,35.725357],[139.798393,35.724902],[139.797435,35.72458],[139.797303,35.724575],[139.797205,35.724606],[139.795713,35.726313],[139.794954,35.727168],[139.794233,35.728053],[139.794015,35.728339],[139.79382,35.728482],[139.791912,35.72984],[139.791829,35.729861],[139.791749,35.729836],[139.790845,35.728886],[139.790814,35.728838],[139.790806,35.728761],[139.791079,35.724694],[139.791259,35.721429],[139.791293,35.72138],[139.791347,35.721351],[139.79142,35.721342],[139.792265,35.721252],[139.79287,35.721191],[139.792903,35.721193],[139.792929,35.721215],[139.792935,35.72124],[139.792926,35.721497],[139.792935,35.721574],[139.792955,35.721642],[139.793129,35.722141],[139.793138,35.722206],[139.793128,35.722263],[139.793079,35.722393],[139.793077,35.722422],[139.793082,35.722449],[139.793093,35.722476],[139.793109,35.722499],[139.793137,35.722523],[139.793144,35.722532],[139.793144,35.722544],[139.793094,35.722601],[139.79308,35.72261],[139.793066,35.722607],[139.793035,35.722593],[139.793011,35.722589],[139.792992,35.722593],[139.792963,35.722625],[139.79296,35.722651],[139.792972,35.722666],[139.79303,35.722697],[139.793069,35.722699],[139.7931,35.722682],[139.793192,35.722577],[139.793201,35.722552],[139.793195,35.722526],[139.793186,35.722501],[139.793154,35.722482],[139.793133,35.722454],[139.793128,35.722413],[139.793159,35.722333],[139.793173,35.722268],[139.793183,35.722211],[139.793166,35.722141],[139.792986,35.721639],[139.792969,35.721568],[139.792963,35.721497],[139.792969,35.721209],[139.792988,35.721094],[139.793173,35.720312],[139.793213,35.720264],[139.793278,35.720232],[139.793382,35.72021],[139.794126,35.720075],[139.795169,35.719871],[139.795417,35.719827],[139.797228,35.719368],[139.798003,35.719172],[139.798086,35.71914],[139.798146,35.719084],[139.798184,35.719032],[139.798208,35.718967],[139.798066,35.718305],[139.797886,35.717579],[139.797714,35.716967],[139.797481,35.716193],[139.797484,35.716159],[139.797511,35.71613],[139.797569,35.716108],[139.798494,35.715904],[139.798554,35.715871],[139.798616,35.71582],[139.798653,35.715751],[139.798659,35.715673],[139.798533,35.715173],[139.798411,35.714701],[139.798285,35.714256],[139.798217,35.713958],[139.798086,35.713444],[139.797913,35.712759],[139.797894,35.71261],[139.797814,35.711466],[139.797794,35.71107],[139.797806,35.711044],[139.797843,35.711032],[139.797883,35.711044],[139.798111,35.711341],[139.798193,35.711445]]},"properties":{"id":"F022:ROT_000002:SHP_002001","feed_id":"F022","feed_slug":"taito-megurin","municipality":"台東区","service_name":"めぐりん","license":"CC BY 4.0","source_route_id":"ROT_000002","route_short_name":null,"route_long_name":"北めぐりん（浅草まわり）","route_desc":null,"route_type":3,"route_url":null,"route_color":"F36E21","route_text_color":null,"directions":[],"geometry_source":"shapes.txt"}},{"type":"Feature","id":"F022:ROT_000002:SHP_002002","geometry":{"type":"LineString","coordinates":[[139.798193,35.711445],[139.799021,35.712373],[139.799175,35.712528],[139.799815,35.713092],[139.800385,35.713611],[139.800603,35.71384],[139.801676,35.715068],[139.802028,35.71542],[139.802521,35.716003],[139.802951,35.71649],[139.803492,35.717091],[139.803682,35.717342],[139.80382,35.717561],[139.803892,35.717727],[139.804046,35.718832],[139.804208,35.720065],[139.804305,35.720732],[139.804467,35.722477],[139.804489,35.722772],[139.804523,35.722821],[139.804588,35.722853],[139.804666,35.722854],[139.805756,35.722734],[139.805791,35.722735],[139.805819,35.722745],[139.805834,35.722765],[139.806178,35.724356],[139.806363,35.725169],[139.806528,35.725937],[139.806513,35.725961],[139.806488,35.725975],[139.805107,35.726228],[139.804884,35.726273],[139.802922,35.726232],[139.802079,35.72621]]},"properties":{"id":"F022:ROT_000002:SHP_002002","feed_id":"F022","feed_slug":"taito-megurin","municipality":"台東区","service_name":"めぐりん","license":"CC BY 4.0","source_route_id":"ROT_000002","route_short_name":null,"route_long_name":"北めぐりん（浅草まわり）","route_desc":null,"route_type":3,"route_url":null,"route_color":"F36E21","route_text_color":null,"directions":[],"geometry_source":"shapes.txt"}},{"type":"Feature","id":"F022:ROT_000003:SHP_003001","geometry":{"type":"LineString","coordinates":[[139.792993,35.722592],[139.792965,35.722626],[139.792976,35.722658],[139.793043,35.722693],[139.793069,35.722694],[139.793095,35.722687],[139.793171,35.7226],[139.793186,35.722564],[139.793188,35.722528],[139.793178,35.722496],[139.793143,35.722471],[139.793124,35.722421],[139.793129,35.722376],[139.793174,35.722265],[139.793177,35.722221],[139.793167,35.722151],[139.792994,35.721659],[139.792979,35.721601],[139.79297,35.721529],[139.792975,35.721208],[139.79297,35.721188],[139.792934,35.721156],[139.792884,35.721149],[139.792082,35.721238],[139.791394,35.721305],[139.791044,35.721302],[139.788655,35.721228],[139.786317,35.72116],[139.786275,35.721151],[139.786251,35.721126],[139.785972,35.71926],[139.785531,35.717556],[139.785505,35.717513],[139.785453,35.717483],[139.785381,35.717481],[139.783488,35.71786],[139.783442,35.717853],[139.783402,35.71783],[139.783034,35.716781],[139.782796,35.716278],[139.782683,35.715979],[139.782561,35.715669],[139.781453,35.713941],[139.781282,35.713672],[139.780933,35.713123],[139.780885,35.713006],[139.780776,35.712306],[139.780741,35.712283],[139.780691,35.712275],[139.780121,35.712376],[139.779732,35.712456],[139.779716,35.712488],[139.779573,35.712511],[139.779533,35.712484],[139.779234,35.712517],[139.779223,35.71251],[139.778985,35.71208],[139.778925,35.712027],[139.778838,35.71198],[139.778698,35.711964],[139.778495,35.712004]]},"properties":{"id":"F022:ROT_000003:SHP_003001","feed_id":"F022","feed_slug":"taito-megurin","municipality":"台東区","service_name":"めぐりん","license":"CC BY 4.0","source_route_id":"ROT_000003","route_short_name":null,"route_long_name":"南めぐりん","route_desc":null,"route_type":3,"route_url":null,"route_color":"63F04E","route_text_color":null,"directions":[],"geometry_source":"shapes.txt"}},{"type":"Feature","id":"F022:ROT_000003:SHP_003002","geometry":{"type":"LineString","coordinates":[[139.791528,35.711739],[139.788615,35.712324],[139.788575,35.712322],[139.788536,35.712295],[139.788437,35.711778],[139.78832,35.710481],[139.788271,35.710405],[139.78818,35.710335],[139.788053,35.710306],[139.785028,35.710853],[139.780835,35.7116],[139.780754,35.711633],[139.780686,35.711694],[139.780664,35.711753],[139.780862,35.713011],[139.780911,35.713132],[139.78174,35.714442],[139.782155,35.715099],[139.782534,35.715689],[139.782588,35.71573],[139.782663,35.715734],[139.783971,35.715467],[139.785398,35.715192],[139.786087,35.715055],[139.78878,35.714507],[139.788833,35.714511],[139.788861,35.714547],[139.78895,35.715426],[139.789043,35.716223],[139.789151,35.717181],[139.789229,35.717771],[139.789399,35.718758],[139.78947,35.719155],[139.789501,35.719257],[139.789319,35.720592],[139.789322,35.721198],[139.789353,35.721245],[139.789415,35.721281],[139.789501,35.721291],[139.791036,35.721342],[139.79139,35.72134],[139.792087,35.721273],[139.792876,35.721182],[139.792915,35.721194],[139.792935,35.721212],[139.792932,35.721531],[139.792941,35.721604],[139.792963,35.72167],[139.793123,35.722121],[139.793134,35.722177],[139.793134,35.722248],[139.793087,35.722364],[139.793076,35.722416],[139.793088,35.722468],[139.793123,35.722505],[139.793143,35.722554],[139.793112,35.722597],[139.793081,35.722605],[139.793039,35.72258],[139.792993,35.722592],[139.792965,35.722626],[139.792976,35.722658],[139.793043,35.722693],[139.793069,35.722694],[139.793095,35.722687],[139.793171,35.7226],[139.793186,35.722564],[139.793188,35.722528],[139.793178,35.722496],[139.793143,35.722471],[139.793124,35.722421],[139.793129,35.722376],[139.793174,35.722265],[139.793177,35.722221],[139.793167,35.722151],[139.792994,35.721659],[139.792979,35.721601],[139.79297,35.721529],[139.792975,35.721208],[139.79297,35.721188],[139.792934,35.721156],[139.792884,35.721149],[139.792082,35.721238],[139.791394,35.721305],[139.791044,35.721302],[139.788655,35.721228],[139.786317,35.72116],[139.786275,35.721151],[139.786251,35.721126],[139.785972,35.71926],[139.785531,35.717556],[139.785505,35.717513],[139.785453,35.717483],[139.785381,35.717481],[139.783488,35.71786],[139.783442,35.717853],[139.783402,35.71783],[139.783034,35.716781],[139.782796,35.716278],[139.782683,35.715979],[139.782561,35.715669],[139.781453,35.713941],[139.781282,35.713672],[139.780933,35.713123],[139.780885,35.713006],[139.780776,35.712306],[139.780741,35.712283],[139.780691,35.712275],[139.780121,35.712376],[139.779732,35.712456],[139.779716,35.712488],[139.779573,35.712511],[139.779533,35.712484],[139.779234,35.712517],[139.779223,35.71251],[139.778985,35.71208],[139.778925,35.712027],[139.778838,35.71198],[139.778698,35.711964],[139.778495,35.712004]]},"properties":{"id":"F022:ROT_000003:SHP_003002","feed_id":"F022","feed_slug":"taito-megurin","municipality":"台東区","service_name":"めぐりん","license":"CC BY 4.0","source_route_id":"ROT_000003","route_short_name":null,"route_long_name":"南めぐりん","route_desc":null,"route_type":3,"route_url":null,"route_color":"63F04E","route_text_color":null,"directions":[],"geometry_source":"shapes.txt"}},{"type":"Feature","id":"F022:ROT_000003:SHP_003003","geometry":{"type":"LineString","coordinates":[[139.778495,35.712004],[139.778202,35.712035],[139.778107,35.712027],[139.778004,35.711988],[139.776914,35.711121],[139.776913,35.711095],[139.776927,35.711065],[139.778557,35.710243],[139.778589,35.710211],[139.778604,35.710178],[139.778609,35.710126],[139.778457,35.709685],[139.778322,35.709231],[139.778209,35.708256],[139.778131,35.707565],[139.77815,35.707525],[139.77818,35.7075],[139.77823,35.707487],[139.779096,35.70739],[139.779915,35.707296],[139.77997,35.707271],[139.780012,35.707227],[139.780012,35.707153],[139.779946,35.706663],[139.77977,35.704995],[139.779664,35.703932],[139.779497,35.702455],[139.779469,35.702249],[139.779123,35.700358],[139.779138,35.700332],[139.77917,35.700318],[139.780446,35.700201],[139.780507,35.700172],[139.780573,35.700116],[139.780588,35.700046],[139.780447,35.699233],[139.780473,35.699198],[139.780512,35.699174],[139.78058,35.699159],[139.782883,35.698989],[139.783124,35.69897],[139.784642,35.698831],[139.786847,35.698491],[139.787215,35.698443],[139.789164,35.697588],[139.789229,35.697579],[139.789278,35.697599],[139.789794,35.698417],[139.790355,35.699225],[139.790355,35.699248],[139.79034,35.699261],[139.788324,35.700226],[139.787898,35.700375],[139.785916,35.701082],[139.785535,35.701275],[139.785461,35.701297],[139.785319,35.701323],[139.785285,35.701352],[139.785278,35.70139],[139.785326,35.701661],[139.785364,35.701726],[139.785434,35.701772],[139.785519,35.701793],[139.78598,35.701748],[139.787012,35.701793],[139.787862,35.701823],[139.787916,35.701852],[139.787946,35.701882],[139.787967,35.701922],[139.787912,35.702889],[139.787958,35.704749],[139.788,35.706241],[139.788071,35.706353],[139.788209,35.706405],[139.789469,35.706283],[139.790555,35.706165],[139.790664,35.706189],[139.790741,35.706284],[139.790942,35.707811],[139.791235,35.709268],[139.791554,35.710322],[139.791878,35.711269],[139.791953,35.711596],[139.791931,35.711655],[139.79184,35.711682],[139.790981,35.71184],[139.788615,35.712324],[139.788575,35.712322],[139.788536,35.712295],[139.788437,35.711778],[139.78832,35.710481],[139.788271,35.710405],[139.78818,35.710335],[139.788053,35.710306],[139.785028,35.710853],[139.780835,35.7116],[139.780754,35.711633],[139.780686,35.711694],[139.780664,35.711753],[139.780862,35.713011],[139.780911,35.713132],[139.78174,35.714442],[139.782155,35.715099],[139.782534,35.715689],[139.782588,35.71573],[139.782663,35.715734],[139.783971,35.715467],[139.785398,35.715192],[139.786087,35.715055],[139.78878,35.714507],[139.788833,35.714511],[139.788861,35.714547],[139.78895,35.715426],[139.789043,35.716223],[139.789151,35.717181],[139.789229,35.717771],[139.789399,35.718758],[139.78947,35.719155],[139.789501,35.719257],[139.789319,35.720592],[139.789322,35.721198],[139.789353,35.721245],[139.789415,35.721281],[139.789501,35.721291],[139.791036,35.721342],[139.79139,35.72134],[139.792087,35.721273],[139.792876,35.721182],[139.792915,35.721194],[139.792935,35.721212],[139.792932,35.721531],[139.792941,35.721604],[139.792963,35.72167],[139.793123,35.722121],[139.793134,35.722177],[139.793134,35.722248],[139.793087,35.722364],[139.793076,35.722416],[139.793088,35.722468],[139.793123,35.722505],[139.793143,35.722554],[139.793112,35.722597],[139.793081,35.722605],[139.793039,35.72258],[139.792993,35.722592],[139.792965,35.722626],[139.792976,35.722658],[139.793043,35.722693],[139.793069,35.722694],[139.793095,35.722687],[139.793171,35.7226],[139.793186,35.722564],[139.793188,35.722528],[139.793178,35.722496],[139.793143,35.722471],[139.793124,35.722421],[139.793129,35.722376],[139.793174,35.722265],[139.793177,35.722221],[139.793167,35.722151],[139.792994,35.721659],[139.792979,35.721601],[139.79297,35.721529],[139.792975,35.721208],[139.79297,35.721188],[139.792934,35.721156],[139.792884,35.721149],[139.792082,35.721238],[139.791394,35.721305],[139.791044,35.721302],[139.788655,35.721228],[139.786317,35.72116],[139.786275,35.721151],[139.786251,35.721126],[139.785972,35.71926],[139.785531,35.717556],[139.785505,35.717513],[139.785453,35.717483],[139.785381,35.717481],[139.783488,35.71786],[139.783442,35.717853],[139.783402,35.71783],[139.783034,35.716781],[139.782796,35.716278],[139.782683,35.715979],[139.782561,35.715669],[139.781453,35.713941],[139.781282,35.713672],[139.780933,35.713123],[139.780885,35.713006],[139.780776,35.712306],[139.780741,35.712283],[139.780691,35.712275],[139.780121,35.712376],[139.779732,35.712456],[139.779716,35.712488],[139.779573,35.712511],[139.779533,35.712484],[139.779234,35.712517],[139.779223,35.71251],[139.778985,35.71208],[139.778925,35.712027],[139.778838,35.71198],[139.778698,35.711964],[139.778495,35.712004]]},"properties":{"id":"F022:ROT_000003:SHP_003003","feed_id":"F022","feed_slug":"taito-megurin","municipality":"台東区","service_name":"めぐりん","license":"CC BY 4.0","source_route_id":"ROT_000003","route_short_name":null,"route_long_name":"南めぐりん","route_desc":null,"route_type":3,"route_url":null,"route_color":"63F04E","route_text_color":null,"directions":[],"geometry_source":"shapes.txt"}},{"type":"Feature","id":"F022:ROT_000003:SHP_003004","geometry":{"type":"LineString","coordinates":[[139.778495,35.712004],[139.778202,35.712035],[139.778107,35.712027],[139.778004,35.711988],[139.776914,35.711121],[139.776913,35.711095],[139.776927,35.711065],[139.778557,35.710243],[139.778589,35.710211],[139.778604,35.710178],[139.778609,35.710126],[139.778457,35.709685],[139.778322,35.709231],[139.778209,35.708256],[139.778131,35.707565],[139.77815,35.707525],[139.77818,35.7075],[139.77823,35.707487],[139.779096,35.70739],[139.779915,35.707296],[139.77997,35.707271],[139.780012,35.707227],[139.780012,35.707153],[139.779946,35.706663],[139.77977,35.704995],[139.779664,35.703932],[139.779497,35.702455],[139.779469,35.702249],[139.779123,35.700358],[139.779138,35.700332],[139.77917,35.700318],[139.780446,35.700201],[139.780507,35.700172],[139.780573,35.700116],[139.780588,35.700046],[139.780447,35.699233],[139.780473,35.699198],[139.780512,35.699174],[139.78058,35.699159],[139.782883,35.698989],[139.783124,35.69897],[139.784642,35.698831],[139.786847,35.698491],[139.787215,35.698443],[139.789164,35.697588],[139.789229,35.697579],[139.789278,35.697599],[139.789794,35.698417],[139.790355,35.699225],[139.790355,35.699248],[139.79034,35.699261],[139.788324,35.700226],[139.787898,35.700375],[139.785916,35.701082],[139.785535,35.701275],[139.785461,35.701297],[139.785319,35.701323],[139.785285,35.701352],[139.785278,35.70139],[139.785326,35.701661],[139.785364,35.701726],[139.785434,35.701772],[139.785519,35.701793],[139.78598,35.701748],[139.787012,35.701793],[139.787862,35.701823],[139.787916,35.701852],[139.787946,35.701882],[139.787967,35.701922],[139.787912,35.702889],[139.787958,35.704749],[139.788,35.706241],[139.788071,35.706353],[139.788209,35.706405],[139.789469,35.706283],[139.790555,35.706165],[139.790664,35.706189],[139.790741,35.706284],[139.790942,35.707811],[139.791235,35.709268],[139.791554,35.710322],[139.791878,35.711269],[139.791953,35.711596],[139.791931,35.711655],[139.79184,35.711682],[139.790981,35.71184],[139.788615,35.712324],[139.788575,35.712322],[139.788536,35.712295],[139.788437,35.711778],[139.78832,35.710481],[139.788271,35.710405],[139.78818,35.710335],[139.788053,35.710306],[139.785028,35.710853],[139.780835,35.7116],[139.780754,35.711633],[139.780686,35.711694],[139.780664,35.711753],[139.780862,35.713011],[139.780911,35.713132],[139.78174,35.714442],[139.782155,35.715099],[139.782534,35.715689],[139.782588,35.71573],[139.782663,35.715734],[139.783971,35.715467],[139.785398,35.715192],[139.786087,35.715055],[139.78878,35.714507],[139.788833,35.714511],[139.788861,35.714547],[139.78895,35.715426],[139.789043,35.716223],[139.789151,35.717181],[139.789229,35.717771],[139.789399,35.718758],[139.78947,35.719155],[139.789501,35.719257],[139.789319,35.720592],[139.789322,35.721198],[139.789353,35.721245],[139.789415,35.721281],[139.789501,35.721291],[139.791036,35.721342],[139.79139,35.72134],[139.792087,35.721273],[139.792876,35.721182],[139.792915,35.721194],[139.792935,35.721212],[139.792932,35.721531],[139.792941,35.721604],[139.792963,35.72167],[139.793123,35.722121],[139.793134,35.722177],[139.793134,35.722248],[139.793087,35.722364],[139.793076,35.722416],[139.793088,35.722468],[139.793123,35.722505],[139.793143,35.722554],[139.793112,35.722597],[139.793081,35.722605],[139.793039,35.72258],[139.793006,35.722572]]},"properties":{"id":"F022:ROT_000003:SHP_003004","feed_id":"F022","feed_slug":"taito-megurin","municipality":"台東区","service_name":"めぐりん","license":"CC BY 4.0","source_route_id":"ROT_000003","route_short_name":null,"route_long_name":"南めぐりん","route_desc":null,"route_type":3,"route_url":null,"route_color":"63F04E","route_text_color":null,"directions":[],"geometry_source":"shapes.txt"}},{"type":"Feature","id":"F022:ROT_000003:SHP_003005","geometry":{"type":"LineString","coordinates":[[139.778495,35.712004],[139.778202,35.712035],[139.778107,35.712027],[139.778004,35.711988],[139.776914,35.711121],[139.776913,35.711095],[139.776927,35.711065],[139.778557,35.710243],[139.778589,35.710211],[139.778604,35.710178],[139.778609,35.710126],[139.778457,35.709685],[139.778322,35.709231],[139.778209,35.708256],[139.778131,35.707565],[139.77815,35.707525],[139.77818,35.7075],[139.77823,35.707487],[139.779096,35.70739],[139.779915,35.707296],[139.77997,35.707271],[139.780012,35.707227],[139.780012,35.707153],[139.779946,35.706663],[139.77977,35.704995],[139.779664,35.703932],[139.779497,35.702455],[139.779469,35.702249],[139.779123,35.700358],[139.779138,35.700332],[139.77917,35.700318],[139.780446,35.700201],[139.780507,35.700172],[139.780573,35.700116],[139.780588,35.700046],[139.780447,35.699233],[139.780473,35.699198],[139.780512,35.699174],[139.78058,35.699159],[139.782883,35.698989],[139.783124,35.69897],[139.784642,35.698831],[139.786847,35.698491],[139.787215,35.698443],[139.789164,35.697588],[139.789229,35.697579],[139.789278,35.697599],[139.789794,35.698417],[139.790355,35.699225],[139.790355,35.699248],[139.79034,35.699261],[139.788324,35.700226],[139.787898,35.700375],[139.785916,35.701082],[139.785535,35.701275],[139.785461,35.701297],[139.785319,35.701323],[139.785285,35.701352],[139.785278,35.70139],[139.785326,35.701661],[139.785364,35.701726],[139.785434,35.701772],[139.785519,35.701793],[139.78598,35.701748],[139.787012,35.701793],[139.787862,35.701823],[139.787916,35.701852],[139.787946,35.701882],[139.787967,35.701922],[139.787912,35.702889],[139.787958,35.704749],[139.788,35.706241],[139.788071,35.706353],[139.788209,35.706405],[139.789469,35.706283],[139.790555,35.706165],[139.790664,35.706189],[139.790741,35.706284],[139.790942,35.707811],[139.791235,35.709268],[139.791245,35.709442]]},"properties":{"id":"F022:ROT_000003:SHP_003005","feed_id":"F022","feed_slug":"taito-megurin","municipality":"台東区","service_name":"めぐりん","license":"CC BY 4.0","source_route_id":"ROT_000003","route_short_name":null,"route_long_name":"南めぐりん","route_desc":null,"route_type":3,"route_url":null,"route_color":"63F04E","route_text_color":null,"directions":[],"geometry_source":"shapes.txt"}},{"type":"Feature","id":"F022:ROT_000003:SHP_003006","geometry":{"type":"LineString","coordinates":[[139.778495,35.712004],[139.778202,35.712035],[139.778107,35.712027],[139.778004,35.711988],[139.776914,35.711121],[139.776913,35.711095],[139.776927,35.711065],[139.778557,35.710243],[139.778589,35.710211],[139.778604,35.710178],[139.778609,35.710126],[139.778457,35.709685],[139.778322,35.709231],[139.778209,35.708256],[139.778131,35.707565],[139.77815,35.707525],[139.77818,35.7075],[139.77823,35.707487],[139.779096,35.70739],[139.779915,35.707296],[139.77997,35.707271],[139.780012,35.707227],[139.780012,35.707153],[139.779946,35.706663],[139.77977,35.704995],[139.779664,35.703932],[139.779497,35.702455],[139.779469,35.702249],[139.779123,35.700358],[139.779138,35.700332],[139.77917,35.700318],[139.780446,35.700201],[139.780507,35.700172],[139.780573,35.700116],[139.780588,35.700046],[139.780447,35.699233],[139.780473,35.699198],[139.780512,35.699174],[139.78058,35.699159],[139.782883,35.698989],[139.783124,35.69897],[139.784642,35.698831],[139.786847,35.698491]]},"properties":{"id":"F022:ROT_000003:SHP_003006","feed_id":"F022","feed_slug":"taito-megurin","municipality":"台東区","service_name":"めぐりん","license":"CC BY 4.0","source_route_id":"ROT_000003","route_short_name":null,"route_long_name":"南めぐりん","route_desc":null,"route_type":3,"route_url":null,"route_color":"63F04E","route_text_color":null,"directions":[],"geometry_source":"shapes.txt"}},{"type":"Feature","id":"F022:ROT_000004:SHP_004001","geometry":{"type":"LineString","coordinates":[[139.798209,35.711439],[139.799021,35.712408],[139.799003,35.712447],[139.798951,35.71247],[139.797971,35.712651],[139.797919,35.712646],[139.797895,35.712616],[139.797755,35.710788],[139.797674,35.71072],[139.797558,35.710692],[139.796427,35.710843],[139.79638,35.710838],[139.796339,35.710801],[139.79623,35.709917],[139.79614,35.709133],[139.796095,35.70901],[139.79596,35.708875],[139.795813,35.708828],[139.79447,35.709036],[139.794381,35.709032],[139.794311,35.708982],[139.793946,35.707708],[139.793459,35.706785],[139.793412,35.706754],[139.79334,35.706755],[139.791143,35.707408],[139.790547,35.707398],[139.788091,35.707385],[139.786551,35.707436],[139.785085,35.707482],[139.785038,35.707472],[139.785011,35.707438],[139.785022,35.706792],[139.785006,35.70662],[139.784955,35.706243],[139.784851,35.705364],[139.784776,35.704745],[139.784432,35.703468],[139.784372,35.703418],[139.78427,35.70341],[139.781428,35.703813],[139.781333,35.703871],[139.781294,35.703935],[139.781596,35.705184],[139.781825,35.706514],[139.781976,35.707411],[139.782082,35.708481],[139.782051,35.708546],[139.781988,35.708572],[139.78023,35.708715],[139.780179,35.708742],[139.780148,35.708782],[139.780277,35.709514],[139.780347,35.709906],[139.780635,35.711575],[139.780744,35.712241],[139.78072,35.71227],[139.78,35.7124],[139.779725,35.712447],[139.779693,35.712501],[139.779541,35.712533]]},"properties":{"id":"F022:ROT_000004:SHP_004001","feed_id":"F022","feed_slug":"taito-megurin","municipality":"台東区","service_name":"めぐりん","license":"CC BY 4.0","source_route_id":"ROT_000004","route_short_name":null,"route_long_name":"東西めぐりん","route_desc":null,"route_type":3,"route_url":null,"route_color":"E36B58","route_text_color":null,"directions":[],"geometry_source":"shapes.txt"}},{"type":"Feature","id":"F022:ROT_000004:SHP_004002","geometry":{"type":"LineString","coordinates":[[139.769793,35.723047],[139.769392,35.72346],[139.769323,35.723502],[139.768402,35.723599],[139.767276,35.723728],[139.766745,35.723746],[139.765737,35.724063],[139.764801,35.72443],[139.764642,35.7245],[139.76431,35.724562],[139.764258,35.724589],[139.764229,35.724631],[139.764225,35.724721],[139.764218,35.724754],[139.764142,35.724949],[139.764136,35.724995],[139.764167,35.725216],[139.764242,35.725582],[139.764352,35.72594],[139.764413,35.726167],[139.764459,35.726385],[139.764544,35.726553],[139.764563,35.726618],[139.764564,35.72664],[139.764547,35.726651],[139.76374,35.726809],[139.763709,35.726807],[139.763683,35.726789],[139.763189,35.725161],[139.763121,35.724876],[139.763141,35.724834],[139.763172,35.724811],[139.763809,35.724685],[139.764662,35.724522],[139.766011,35.724007],[139.766752,35.723794],[139.767665,35.723736],[139.769188,35.723547],[139.769379,35.723528],[139.76951,35.72345],[139.769632,35.723331],[139.770065,35.72293],[139.770213,35.722808],[139.770293,35.722595],[139.770867,35.721125],[139.770844,35.721088],[139.770794,35.721067],[139.769464,35.720674],[139.76944,35.720632],[139.769452,35.720578],[139.76944,35.720632],[139.769452,35.720578],[139.769726,35.719951],[139.76971,35.719912],[139.769303,35.719573],[139.768392,35.718806],[139.768391,35.718788],[139.768695,35.718477],[139.769658,35.717465],[139.7698,35.717203],[139.769881,35.716952],[139.769902,35.716814],[139.769892,35.71669],[139.769818,35.71636],[139.76978,35.715976],[139.769758,35.715958],[139.769726,35.71595],[139.769492,35.715954],[139.768976,35.715778],[139.768702,35.715706],[139.768563,35.715674],[139.768186,35.715657],[139.768002,35.715604],[139.767322,35.715684],[139.767265,35.715662],[139.76723,35.715617],[139.767246,35.715553],[139.767424,35.715297],[139.767821,35.714656],[139.768098,35.713984],[139.768527,35.712676],[139.768607,35.712323],[139.768682,35.711805],[139.768806,35.710334],[139.768903,35.709959],[139.769106,35.709724],[139.769374,35.709554],[139.769647,35.709407],[139.769878,35.709362],[139.770184,35.70939],[139.771343,35.709624],[139.772577,35.709871],[139.772782,35.709896],[139.773086,35.709868],[139.773304,35.709855],[139.773408,35.709883],[139.773471,35.70994],[139.773669,35.710355],[139.774008,35.710948],[139.77425,35.711388],[139.77443,35.711579],[139.774632,35.711666],[139.774814,35.711688],[139.775795,35.711557],[139.776364,35.71151],[139.776585,35.711522],[139.776806,35.71157],[139.777311,35.711945],[139.777537,35.712105],[139.777743,35.712172],[139.778065,35.712201],[139.77881,35.712064],[139.778909,35.712064],[139.778966,35.712101],[139.779223,35.71253],[139.779267,35.712542],[139.779485,35.7125],[139.779542,35.712532],[139.779692,35.712501],[139.779732,35.712469],[139.780161,35.712386],[139.780726,35.712285],[139.780749,35.712298],[139.780865,35.713013],[139.780852,35.713053],[139.780821,35.713079],[139.779899,35.713428],[139.779735,35.713491],[139.779428,35.713603],[139.779214,35.713681],[139.779019,35.713759],[139.778404,35.71415],[139.778352,35.714193],[139.778342,35.714244],[139.778361,35.714288],[139.778959,35.715139],[139.779983,35.716334],[139.780055,35.716385],[139.780148,35.716398],[139.781158,35.716135],[139.781669,35.715998],[139.782581,35.71575],[139.783088,35.715645],[139.784081,35.715441],[139.784683,35.715327],[139.785936,35.715077],[139.78678,35.714909],[139.787866,35.714685],[139.788887,35.714486],[139.790317,35.714208],[139.791408,35.713999],[139.792251,35.713831],[139.792368,35.713793],[139.792436,35.713726],[139.792473,35.713622],[139.792092,35.711544],[139.792103,35.71149],[139.792148,35.711451],[139.792223,35.711426],[139.794636,35.711148],[139.797569,35.710768],[139.797682,35.710805],[139.797764,35.710891],[139.798993,35.712352],[139.799021,35.712408],[139.799003,35.712447],[139.798951,35.71247],[139.797971,35.712651],[139.797919,35.712646],[139.797895,35.712616],[139.797755,35.710788],[139.797674,35.71072],[139.797558,35.710692],[139.796427,35.710843],[139.79638,35.710838],[139.796339,35.710801],[139.79623,35.709917],[139.79614,35.709133],[139.796095,35.70901],[139.79596,35.708875],[139.795813,35.708828],[139.79447,35.709036],[139.794381,35.709032],[139.794311,35.708982],[139.793946,35.707708],[139.793459,35.706785],[139.793412,35.706754],[139.79334,35.706755],[139.791143,35.707408],[139.790547,35.707398],[139.788091,35.707385],[139.786551,35.707436],[139.785085,35.707482],[139.785038,35.707472],[139.785011,35.707438],[139.785022,35.706792],[139.785006,35.70662],[139.784955,35.706243],[139.784851,35.705364],[139.784776,35.704745],[139.784432,35.703468],[139.784372,35.703418],[139.78427,35.70341],[139.781428,35.703813],[139.781333,35.703871],[139.781294,35.703935],[139.781596,35.705184],[139.781825,35.706514],[139.781976,35.707411],[139.782082,35.708481],[139.782051,35.708546],[139.781988,35.708572],[139.78023,35.708715],[139.780179,35.708742],[139.780148,35.708782],[139.780277,35.709514],[139.780347,35.709906],[139.780635,35.711575],[139.780744,35.712241],[139.78072,35.71227],[139.78,35.7124],[139.779725,35.712447],[139.779693,35.712501],[139.779541,35.712533]]},"properties":{"id":"F022:ROT_000004:SHP_004002","feed_id":"F022","feed_slug":"taito-megurin","municipality":"台東区","service_name":"めぐりん","license":"CC BY 4.0","source_route_id":"ROT_000004","route_short_name":null,"route_long_name":"東西めぐりん","route_desc":null,"route_type":3,"route_url":null,"route_color":"E36B58","route_text_color":null,"directions":[],"geometry_source":"shapes.txt"}},{"type":"Feature","id":"F022:ROT_000004:SHP_004003","geometry":{"type":"LineString","coordinates":[[139.779692,35.712501],[139.779542,35.712532],[139.779449,35.71248],[139.779254,35.712519],[139.779238,35.712558],[139.779416,35.712842],[139.779461,35.712945],[139.779759,35.713437],[139.779763,35.713466],[139.779736,35.713491],[139.779428,35.713603],[139.779214,35.713681],[139.779019,35.713759],[139.778404,35.71415],[139.778352,35.714193],[139.778342,35.714244],[139.778361,35.714288],[139.77896,35.715139],[139.779983,35.716334],[139.78009,35.716463],[139.780383,35.716815],[139.780741,35.717245],[139.780759,35.717275],[139.780743,35.717319],[139.78071,35.717357],[139.780669,35.717408],[139.780645,35.71747],[139.7805,35.719006],[139.780539,35.719143],[139.780862,35.719811],[139.781226,35.720535],[139.781241,35.720593],[139.781234,35.720657],[139.781197,35.720697],[139.780761,35.721015],[139.780585,35.721195],[139.7804,35.721441],[139.780031,35.721908],[139.779724,35.722236],[139.779416,35.722534],[139.779289,35.722628],[139.77916,35.722702],[139.779029,35.722775],[139.778052,35.723132],[139.776765,35.723589],[139.776655,35.723608],[139.776552,35.723615],[139.776342,35.723616],[139.77612,35.723593],[139.775833,35.723563],[139.775728,35.723536],[139.77561,35.723499],[139.775497,35.723444],[139.774999,35.72309],[139.774358,35.722631],[139.773932,35.722319],[139.773621,35.722053],[139.773555,35.722001],[139.773351,35.721915],[139.771442,35.72125],[139.771025,35.721135],[139.770892,35.721086],[139.770815,35.721114],[139.770224,35.722704],[139.770179,35.722766],[139.769842,35.723041],[139.769392,35.72346],[139.769362,35.72348],[139.769323,35.723502],[139.769284,35.723513],[139.768402,35.723599],[139.767671,35.723694],[139.76674,35.723766],[139.766549,35.723813],[139.765737,35.724063],[139.765072,35.724343],[139.764642,35.7245],[139.76431,35.724562],[139.764258,35.724589],[139.764229,35.724631],[139.764225,35.724721],[139.764218,35.724754],[139.764142,35.724949],[139.764136,35.724995],[139.764167,35.725216],[139.764242,35.725582],[139.764352,35.72594],[139.764413,35.726167],[139.764459,35.726385],[139.764544,35.726553],[139.764563,35.726618],[139.764564,35.72664],[139.764547,35.726651],[139.76374,35.726809],[139.763709,35.726807],[139.763683,35.726789],[139.763189,35.725161],[139.763192,35.724893],[139.763171,35.724811],[139.763141,35.724834],[139.76312,35.724876],[139.762947,35.724312],[139.762807,35.723842],[139.762687,35.723419],[139.762363,35.722329],[139.762081,35.721381],[139.762085,35.721173],[139.762132,35.721078],[139.762552,35.720618],[139.763095,35.72005],[139.764139,35.719015],[139.765125,35.718003],[139.765192,35.717977],[139.765259,35.717983],[139.766301,35.718685],[139.76741,35.71938],[139.768103,35.719817],[139.768846,35.720307],[139.769315,35.720609],[139.7694,35.720616],[139.769452,35.720578],[139.769741,35.719932],[139.769448,35.719695],[139.768966,35.719287],[139.768386,35.718812],[139.769658,35.717465],[139.7698,35.717203],[139.769881,35.716952],[139.769902,35.716814],[139.769892,35.71669],[139.769818,35.71636],[139.76978,35.715976],[139.769758,35.715958],[139.769726,35.71595],[139.769492,35.715954],[139.768976,35.715778],[139.768702,35.715706],[139.768563,35.715674],[139.768186,35.715657],[139.768002,35.715604],[139.767322,35.715684],[139.767265,35.715662],[139.76723,35.715617],[139.767246,35.715553],[139.767424,35.715297],[139.767821,35.714656],[139.768098,35.713984],[139.768527,35.712676],[139.768607,35.712323],[139.768682,35.711805],[139.768806,35.710334],[139.768903,35.709959],[139.769106,35.709724],[139.769374,35.709554],[139.769647,35.709407],[139.769878,35.709362],[139.770184,35.70939],[139.771343,35.709624],[139.772577,35.709871],[139.772782,35.709896],[139.773086,35.709868],[139.773304,35.709855],[139.773408,35.709883],[139.773471,35.70994],[139.773669,35.710355],[139.774008,35.710948],[139.77425,35.711388],[139.77443,35.711579],[139.774632,35.711666],[139.774814,35.711688],[139.775795,35.711557],[139.776364,35.71151],[139.776585,35.711522],[139.776806,35.71157],[139.777311,35.711945],[139.777537,35.712105],[139.777743,35.712172],[139.778065,35.712201],[139.77881,35.712064],[139.778909,35.712064],[139.778966,35.712101],[139.779223,35.71253],[139.779267,35.712542],[139.779485,35.7125],[139.779542,35.712532],[139.779692,35.712501],[139.779732,35.712469],[139.780161,35.712386],[139.780726,35.712285],[139.780749,35.712298],[139.780865,35.713013],[139.780852,35.713053],[139.780821,35.713079],[139.779899,35.713428],[139.779735,35.713491],[139.779428,35.713603],[139.779214,35.713681],[139.779019,35.713759],[139.778404,35.71415],[139.778352,35.714193],[139.778342,35.714244],[139.778361,35.714288],[139.778959,35.715139],[139.779983,35.716334],[139.780055,35.716385],[139.780148,35.716398],[139.781158,35.716135],[139.781669,35.715998],[139.782581,35.71575],[139.783088,35.715645],[139.784081,35.715441],[139.784683,35.715327],[139.785936,35.715077],[139.78678,35.714909],[139.787866,35.714685],[139.788887,35.714486],[139.790317,35.714208],[139.791408,35.713999],[139.792251,35.713831],[139.792368,35.713793],[139.792436,35.713726],[139.792473,35.713622],[139.792092,35.711544],[139.792103,35.71149],[139.792148,35.711451],[139.792223,35.711426],[139.794636,35.711148],[139.797569,35.710768],[139.797682,35.710805],[139.797764,35.710891],[139.798993,35.712352],[139.799021,35.712408],[139.799003,35.712447],[139.798951,35.71247],[139.797971,35.712651],[139.797919,35.712646],[139.797895,35.712616],[139.797755,35.710788],[139.797674,35.71072],[139.797558,35.710692],[139.796427,35.710843],[139.79638,35.710838],[139.796339,35.710801],[139.79623,35.709917],[139.79614,35.709133],[139.796095,35.70901],[139.79596,35.708875],[139.795813,35.708828],[139.79447,35.709036],[139.794381,35.709032],[139.794311,35.708982],[139.793946,35.707708],[139.793459,35.706785],[139.793412,35.706754],[139.79334,35.706755],[139.791143,35.707408],[139.790547,35.707398],[139.788091,35.707385],[139.786551,35.707436],[139.785085,35.707482],[139.785038,35.707472],[139.785011,35.707438],[139.785022,35.706792],[139.785006,35.70662],[139.784955,35.706243],[139.784851,35.705364],[139.784776,35.704745],[139.784432,35.703468],[139.784372,35.703418],[139.78427,35.70341],[139.781428,35.703813],[139.781333,35.703871],[139.781294,35.703935],[139.781596,35.705184],[139.781825,35.706514],[139.781976,35.707411],[139.782082,35.708481],[139.782051,35.708546],[139.781988,35.708572],[139.78023,35.708715],[139.780179,35.708742],[139.780148,35.708782],[139.780277,35.709514],[139.780347,35.709906],[139.780635,35.711575],[139.780744,35.712241],[139.78072,35.71227],[139.78,35.7124],[139.779725,35.712447],[139.779693,35.712501],[139.779541,35.712533]]},"properties":{"id":"F022:ROT_000004:SHP_004003","feed_id":"F022","feed_slug":"taito-megurin","municipality":"台東区","service_name":"めぐりん","license":"CC BY 4.0","source_route_id":"ROT_000004","route_short_name":null,"route_long_name":"東西めぐりん","route_desc":null,"route_type":3,"route_url":null,"route_color":"E36B58","route_text_color":null,"directions":[],"geometry_source":"shapes.txt"}},{"type":"Feature","id":"F022:ROT_000004:SHP_004004","geometry":{"type":"LineString","coordinates":[[139.779692,35.712501],[139.779542,35.712532],[139.779449,35.71248],[139.779254,35.712519],[139.779238,35.712558],[139.779416,35.712842],[139.779461,35.712945],[139.779759,35.713437],[139.779763,35.713466],[139.779736,35.713491],[139.779428,35.713603],[139.779214,35.713681],[139.779019,35.713759],[139.778404,35.71415],[139.778352,35.714193],[139.778342,35.714244],[139.778361,35.714288],[139.77896,35.715139],[139.779983,35.716334],[139.78009,35.716463],[139.780415,35.716825],[139.780345,35.716908],[139.7803,35.716928],[139.780232,35.716924],[139.780188,35.716906],[139.780152,35.716861],[139.780145,35.716802],[139.780115,35.716714],[139.780076,35.716625],[139.780005,35.716535],[139.779683,35.716136],[139.779248,35.715653],[139.779191,35.715626],[139.779109,35.715609],[139.779025,35.715615],[139.778959,35.71564],[139.777837,35.716307],[139.776768,35.714997],[139.776493,35.71464],[139.776398,35.714605],[139.776292,35.714627],[139.776242,35.714674],[139.776235,35.71471],[139.776241,35.714749],[139.776279,35.714786],[139.776326,35.714801],[139.776373,35.714801],[139.776431,35.714783],[139.776502,35.71476],[139.776547,35.714752],[139.777801,35.71632],[139.776857,35.716783],[139.775463,35.717488],[139.77438,35.718036],[139.773322,35.718552],[139.77329,35.718614],[139.773335,35.718676],[139.773598,35.718887],[139.773892,35.719194],[139.774381,35.719742],[139.77451,35.719907],[139.774519,35.719956],[139.774503,35.719987],[139.774073,35.720632],[139.773713,35.72124],[139.773688,35.72126],[139.773651,35.721263],[139.772354,35.72077],[139.772308,35.72075],[139.77216,35.720656],[139.771351,35.720012],[139.771209,35.719947],[139.771036,35.719896],[139.770456,35.719725],[139.770032,35.719598],[139.769919,35.719593],[139.769856,35.719621],[139.769385,35.720624],[139.769422,35.720681],[139.770659,35.721069],[139.770799,35.721105],[139.770815,35.721122],[139.770224,35.722704],[139.770206,35.72274],[139.770179,35.722766],[139.770101,35.722815],[139.770013,35.722861],[139.769885,35.722959],[139.769793,35.723047],[139.769392,35.72346],[139.769362,35.72348],[139.769323,35.723502],[139.769284,35.723513],[139.768402,35.723599],[139.767671,35.723694],[139.76674,35.723766],[139.766549,35.723813],[139.765737,35.724063],[139.765072,35.724343],[139.764642,35.7245],[139.76431,35.724562],[139.764258,35.724589],[139.764229,35.724631],[139.764225,35.724721],[139.764218,35.724754],[139.764142,35.724949],[139.764136,35.724995],[139.764167,35.725216],[139.764242,35.725582],[139.764352,35.72594],[139.764413,35.726167],[139.764459,35.726385],[139.764544,35.726553],[139.764563,35.726618],[139.764564,35.72664],[139.764547,35.726651],[139.76374,35.726809],[139.763709,35.726807],[139.763683,35.726789],[139.763197,35.725191],[139.763121,35.724876],[139.763141,35.724834],[139.763172,35.724811],[139.763809,35.724685],[139.764662,35.724522],[139.765351,35.724254],[139.765781,35.724058],[139.766689,35.723793],[139.766795,35.723779],[139.767541,35.723723],[139.767722,35.723706],[139.768332,35.723625],[139.769188,35.723547],[139.769379,35.723528],[139.76951,35.72345],[139.769724,35.723244],[139.770065,35.72293],[139.770213,35.722808],[139.770293,35.722595],[139.770862,35.721154],[139.770815,35.721067],[139.770303,35.72092],[139.769451,35.720673],[139.769437,35.720625],[139.769741,35.719932],[139.769448,35.719695],[139.768966,35.719287],[139.768386,35.718812],[139.769658,35.717465],[139.7698,35.717203],[139.769881,35.716952],[139.769902,35.716814],[139.769892,35.71669],[139.769818,35.71636],[139.76978,35.715976],[139.769758,35.715958],[139.769726,35.71595],[139.769492,35.715954],[139.768976,35.715778],[139.768702,35.715706],[139.768563,35.715674],[139.768186,35.715657],[139.768002,35.715604],[139.767322,35.715684],[139.767265,35.715662],[139.76723,35.715617],[139.767246,35.715553],[139.767424,35.715297],[139.767821,35.714656],[139.768098,35.713984],[139.768527,35.712676],[139.768607,35.712323],[139.768682,35.711805],[139.768806,35.710334],[139.768903,35.709959],[139.769106,35.709724],[139.769374,35.709554],[139.769647,35.709407],[139.769878,35.709362],[139.770184,35.70939],[139.771343,35.709624],[139.772577,35.709871],[139.772782,35.709896],[139.773086,35.709868],[139.773304,35.709855],[139.773408,35.709883],[139.773471,35.70994],[139.773669,35.710355],[139.774008,35.710948],[139.77425,35.711388],[139.77443,35.711579],[139.774632,35.711666],[139.774814,35.711688],[139.775795,35.711557],[139.776364,35.71151],[139.776585,35.711522],[139.776806,35.71157],[139.777311,35.711945],[139.777537,35.712105],[139.777743,35.712172],[139.778065,35.712201],[139.77881,35.712064],[139.778909,35.712064],[139.778966,35.712101],[139.779223,35.71253],[139.779267,35.712542],[139.779485,35.7125],[139.779542,35.712532],[139.779692,35.712501],[139.779732,35.712469],[139.780161,35.712386],[139.780726,35.712285],[139.780749,35.712298],[139.780865,35.713013],[139.780852,35.713053],[139.780821,35.713079],[139.779899,35.713428],[139.779735,35.713491],[139.779428,35.713603],[139.779214,35.713681],[139.779019,35.713759],[139.778404,35.71415],[139.778352,35.714193],[139.778342,35.714244],[139.778361,35.714288],[139.778959,35.715139],[139.779983,35.716334],[139.780055,35.716385],[139.780148,35.716398],[139.781158,35.716135],[139.781669,35.715998],[139.782581,35.71575],[139.783088,35.715645],[139.784081,35.715441],[139.784683,35.715327],[139.785936,35.715077],[139.78678,35.714909],[139.787866,35.714685],[139.788887,35.714486],[139.790317,35.714208],[139.791408,35.713999],[139.792251,35.713831],[139.792368,35.713793],[139.792436,35.713726],[139.792473,35.713622],[139.792092,35.711544],[139.792103,35.71149],[139.792148,35.711451],[139.792223,35.711426],[139.794636,35.711148],[139.797569,35.710768],[139.797682,35.710805],[139.797764,35.710891],[139.798993,35.712352],[139.799021,35.712408],[139.799003,35.712447],[139.798951,35.71247],[139.797971,35.712651],[139.797919,35.712646],[139.797895,35.712616],[139.797755,35.710788],[139.797674,35.71072],[139.797558,35.710692],[139.796427,35.710843],[139.79638,35.710838],[139.796339,35.710801],[139.79623,35.709917],[139.79614,35.709133],[139.796095,35.70901],[139.79596,35.708875],[139.795813,35.708828],[139.79447,35.709036],[139.794381,35.709032],[139.794311,35.708982],[139.793946,35.707708],[139.793459,35.706785],[139.793412,35.706754],[139.79334,35.706755],[139.791143,35.707408],[139.790547,35.707398],[139.788091,35.707385],[139.786551,35.707436],[139.785085,35.707482],[139.785038,35.707472],[139.785011,35.707438],[139.785022,35.706792],[139.785006,35.70662],[139.784955,35.706243],[139.784851,35.705364],[139.784776,35.704745],[139.784432,35.703468],[139.784372,35.703418],[139.78427,35.70341],[139.781428,35.703813],[139.781333,35.703871],[139.781294,35.703935],[139.781596,35.705184],[139.781825,35.706514],[139.781976,35.707411],[139.782082,35.708481],[139.782051,35.708546],[139.781988,35.708572],[139.78023,35.708715],[139.780179,35.708742],[139.780148,35.708782],[139.780277,35.709514],[139.780347,35.709906],[139.780635,35.711575],[139.780744,35.712241],[139.78072,35.71227],[139.78,35.7124],[139.779725,35.712447],[139.779693,35.712501],[139.779541,35.712533]]},"properties":{"id":"F022:ROT_000004:SHP_004004","feed_id":"F022","feed_slug":"taito-megurin","municipality":"台東区","service_name":"めぐりん","license":"CC BY 4.0","source_route_id":"ROT_000004","route_short_name":null,"route_long_name":"東西めぐりん","route_desc":null,"route_type":3,"route_url":null,"route_color":"E36B58","route_text_color":null,"directions":[],"geometry_source":"shapes.txt"}},{"type":"Feature","id":"F022:ROT_000004:SHP_004005","geometry":{"type":"LineString","coordinates":[[139.779692,35.712501],[139.779542,35.712532],[139.779449,35.71248],[139.779254,35.712519],[139.779238,35.712558],[139.779416,35.712842],[139.779461,35.712945],[139.779759,35.713437],[139.779763,35.713466],[139.779736,35.713491],[139.779428,35.713603],[139.779214,35.713681],[139.779019,35.713759],[139.778404,35.71415],[139.778352,35.714193],[139.778342,35.714244],[139.778361,35.714288],[139.77896,35.715139],[139.779983,35.716334],[139.78009,35.716463],[139.780383,35.716815],[139.780815,35.717281],[139.780804,35.717334],[139.780695,35.717485],[139.7805,35.719006],[139.780539,35.719143],[139.780862,35.719811],[139.781226,35.720535],[139.781241,35.720593],[139.781234,35.720657],[139.781197,35.720697],[139.780761,35.721015],[139.780585,35.721195],[139.7804,35.721441],[139.780031,35.721908],[139.779724,35.722236],[139.779416,35.722534],[139.779289,35.722628],[139.77916,35.722702],[139.779029,35.722775],[139.778052,35.723132],[139.776765,35.723589],[139.776655,35.723608],[139.776552,35.723615],[139.776342,35.723616],[139.77612,35.723593],[139.775833,35.723563],[139.775728,35.723536],[139.77561,35.723499],[139.775497,35.723444],[139.774999,35.72309],[139.774358,35.722631],[139.773932,35.722319],[139.773621,35.722053],[139.773555,35.722001],[139.773351,35.721915],[139.772745,35.721684],[139.771848,35.721369],[139.771442,35.72125],[139.770907,35.72109],[139.770868,35.721093],[139.770842,35.721104],[139.770818,35.721138],[139.770727,35.721432],[139.770224,35.722704],[139.770206,35.72274],[139.770179,35.722766],[139.770101,35.722815],[139.770013,35.722861],[139.769885,35.722959],[139.769793,35.723047],[139.769392,35.72346],[139.769362,35.72348],[139.769323,35.723502],[139.769284,35.723513],[139.768402,35.723599],[139.767671,35.723694],[139.76674,35.723766],[139.766549,35.723813],[139.765737,35.724063],[139.765072,35.724343],[139.764642,35.7245],[139.76431,35.724562],[139.764258,35.724589],[139.764229,35.724631],[139.764225,35.724721],[139.764218,35.724754],[139.764142,35.724949],[139.764136,35.724995],[139.764167,35.725216],[139.764242,35.725582],[139.764352,35.72594],[139.764413,35.726167],[139.764459,35.726385],[139.764544,35.726553],[139.764563,35.726618],[139.764564,35.72664],[139.764547,35.726651],[139.76374,35.726809],[139.763709,35.726807],[139.763683,35.726789],[139.763189,35.725161],[139.763029,35.724578],[139.762947,35.724312],[139.762807,35.723842],[139.762687,35.723419],[139.762363,35.722329],[139.762125,35.721657],[139.762199,35.721125],[139.762552,35.720618],[139.763095,35.72005],[139.764139,35.719015],[139.765125,35.718003],[139.765192,35.717977],[139.765259,35.717983],[139.766301,35.718685],[139.76741,35.71938],[139.768103,35.719817],[139.768846,35.720307],[139.769315,35.720609],[139.7694,35.720616],[139.769452,35.720578],[139.769741,35.719932],[139.769448,35.719695],[139.768966,35.719287],[139.768386,35.718812],[139.769658,35.717465],[139.7698,35.717203],[139.769881,35.716952],[139.769902,35.716814],[139.769892,35.71669],[139.769818,35.71636],[139.76978,35.715976],[139.769758,35.715958],[139.769726,35.71595],[139.769492,35.715954],[139.768976,35.715778],[139.768702,35.715706],[139.768563,35.715674],[139.768186,35.715657],[139.768002,35.715604],[139.767322,35.715684],[139.767265,35.715662],[139.76723,35.715617],[139.767246,35.715553],[139.767424,35.715297],[139.767821,35.714656],[139.768098,35.713984],[139.768527,35.712676],[139.768607,35.712323],[139.768682,35.711805],[139.768806,35.710334],[139.768903,35.709959],[139.769106,35.709724],[139.769374,35.709554],[139.769647,35.709407],[139.769878,35.709362],[139.770184,35.70939],[139.771343,35.709624],[139.772577,35.709871],[139.772782,35.709896],[139.773086,35.709868],[139.773304,35.709855],[139.773408,35.709883],[139.773471,35.70994],[139.773669,35.710355],[139.774008,35.710948],[139.77425,35.711388],[139.77443,35.711579],[139.774632,35.711666],[139.774814,35.711688],[139.775795,35.711557],[139.776364,35.71151],[139.776585,35.711522],[139.776806,35.71157],[139.777311,35.711945],[139.777537,35.712105],[139.777743,35.712172],[139.778065,35.712201],[139.77881,35.712064],[139.778909,35.712064],[139.778966,35.712101],[139.779223,35.71253],[139.779267,35.712542],[139.779485,35.7125],[139.779542,35.712532],[139.779692,35.712501],[139.779732,35.712469],[139.780726,35.712285],[139.780749,35.712298],[139.780865,35.713013],[139.780852,35.713053],[139.780821,35.713079],[139.779899,35.713428],[139.779735,35.713491],[139.779428,35.713603],[139.779214,35.713681],[139.779019,35.713759],[139.778404,35.71415],[139.778352,35.714193],[139.778342,35.714244],[139.778361,35.714288],[139.778959,35.715139],[139.779983,35.716334],[139.780055,35.716385],[139.780148,35.716398],[139.781158,35.716135],[139.781669,35.715998],[139.782581,35.71575],[139.783088,35.715645],[139.784081,35.715441],[139.784683,35.715327],[139.785936,35.715077],[139.78678,35.714909],[139.787866,35.714685],[139.788887,35.714486],[139.790317,35.714208],[139.791408,35.713999],[139.792251,35.713831],[139.792368,35.713793],[139.792436,35.713726],[139.792473,35.713622],[139.792092,35.711544],[139.792103,35.71149],[139.792148,35.711451],[139.792223,35.711426],[139.794636,35.711148],[139.797569,35.710768],[139.797682,35.710805],[139.797764,35.710891],[139.798153,35.711348],[139.798253,35.711454]]},"properties":{"id":"F022:ROT_000004:SHP_004005","feed_id":"F022","feed_slug":"taito-megurin","municipality":"台東区","service_name":"めぐりん","license":"CC BY 4.0","source_route_id":"ROT_000004","route_short_name":null,"route_long_name":"東西めぐりん","route_desc":null,"route_type":3,"route_url":null,"route_color":"E36B58","route_text_color":null,"directions":[],"geometry_source":"shapes.txt"}},{"type":"Feature","id":"F022:ROT_000004:SHP_004006","geometry":{"type":"LineString","coordinates":[[139.779692,35.712501],[139.779542,35.712532],[139.779449,35.71248],[139.779254,35.712519],[139.779238,35.712558],[139.779416,35.712842],[139.779461,35.712945],[139.779759,35.713437],[139.779763,35.713466],[139.779736,35.713491],[139.779428,35.713603],[139.779214,35.713681],[139.779019,35.713759],[139.778404,35.71415],[139.778352,35.714193],[139.778342,35.714244],[139.778361,35.714288],[139.77896,35.715139],[139.779983,35.716334],[139.78009,35.716463],[139.780423,35.716812],[139.780381,35.716873],[139.780345,35.716908],[139.7803,35.716928],[139.780232,35.716924],[139.780188,35.716906],[139.780152,35.716861],[139.780145,35.716802],[139.780115,35.716714],[139.780076,35.716625],[139.780005,35.716535],[139.779683,35.716136],[139.779248,35.715653],[139.779191,35.715626],[139.779109,35.715609],[139.779025,35.715615],[139.778959,35.71564],[139.777837,35.716307],[139.776768,35.714997],[139.776493,35.71464],[139.776398,35.714605],[139.776292,35.714627],[139.776242,35.714674],[139.776235,35.71471],[139.776241,35.714749],[139.776279,35.714786],[139.776326,35.714801],[139.776373,35.714801],[139.776431,35.714783],[139.776502,35.71476],[139.776547,35.714752],[139.777801,35.71632],[139.776857,35.716783],[139.775463,35.717488],[139.77438,35.718036],[139.773322,35.718552],[139.77329,35.718614],[139.773335,35.718676],[139.773598,35.718887],[139.773892,35.719194],[139.774381,35.719742],[139.77451,35.719907],[139.774519,35.719956],[139.774503,35.719987],[139.774073,35.720632],[139.773713,35.72124],[139.773688,35.72126],[139.773651,35.721263],[139.772354,35.72077],[139.772308,35.72075],[139.77216,35.720656],[139.771351,35.720012],[139.771209,35.719947],[139.771036,35.719896],[139.770456,35.719725],[139.770032,35.719598],[139.769919,35.719593],[139.769856,35.719621],[139.769381,35.720622],[139.769437,35.720699],[139.77022,35.720945],[139.77066,35.721068],[139.770805,35.721104],[139.770819,35.721123],[139.770537,35.721902],[139.770179,35.722766],[139.769835,35.723044],[139.769379,35.72351],[139.767271,35.723728],[139.76674,35.723766],[139.766549,35.723813],[139.765737,35.724063],[139.765072,35.724343],[139.764642,35.7245],[139.76431,35.724562],[139.764258,35.724589],[139.764229,35.724631],[139.764225,35.724721],[139.764218,35.724754],[139.764142,35.724949],[139.764136,35.724995],[139.764167,35.725216],[139.764242,35.725582],[139.764352,35.72594],[139.764413,35.726167],[139.764459,35.726385],[139.764544,35.726553],[139.764563,35.726618],[139.764564,35.72664],[139.764547,35.726651],[139.76374,35.726809],[139.763709,35.726807],[139.763683,35.726789],[139.763189,35.725161],[139.763121,35.724876],[139.763141,35.724834],[139.763172,35.724811],[139.763809,35.724685],[139.764662,35.724522],[139.765351,35.724254],[139.765781,35.724058],[139.766689,35.723793],[139.766795,35.723779],[139.767668,35.723727],[139.769378,35.723545],[139.769616,35.723333],[139.770065,35.72293],[139.770213,35.722808],[139.770566,35.721924],[139.770859,35.721131],[139.770833,35.721081],[139.770289,35.720917],[139.769456,35.720664],[139.769423,35.720617],[139.769741,35.719932],[139.769448,35.719695],[139.768966,35.719287],[139.768386,35.718812],[139.769658,35.717465],[139.7698,35.717203],[139.769881,35.716952],[139.769902,35.716814],[139.769892,35.71669],[139.769818,35.71636],[139.76978,35.715976],[139.769758,35.715958],[139.769726,35.71595],[139.769492,35.715954],[139.768976,35.715778],[139.768702,35.715706],[139.768563,35.715674],[139.768186,35.715657],[139.768002,35.715604],[139.767322,35.715684],[139.767265,35.715662],[139.76723,35.715617],[139.767246,35.715553],[139.767424,35.715297],[139.767821,35.714656],[139.768098,35.713984],[139.768527,35.712676],[139.768607,35.712323],[139.768682,35.711805],[139.768806,35.710334],[139.768903,35.709959],[139.769106,35.709724],[139.769374,35.709554],[139.769647,35.709407],[139.769878,35.709362],[139.770184,35.70939],[139.771343,35.709624],[139.772577,35.709871],[139.772782,35.709896],[139.773086,35.709868],[139.773304,35.709855],[139.773408,35.709883],[139.773471,35.70994],[139.773669,35.710355],[139.774008,35.710948],[139.77425,35.711388],[139.77443,35.711579],[139.774632,35.711666],[139.774814,35.711688],[139.775795,35.711557],[139.776364,35.71151],[139.776585,35.711522],[139.776806,35.71157],[139.777311,35.711945],[139.777537,35.712105],[139.777743,35.712172],[139.778065,35.712201],[139.77881,35.712064],[139.778909,35.712064],[139.778966,35.712101],[139.779223,35.71253],[139.779267,35.712542],[139.779485,35.7125],[139.779542,35.712532],[139.779692,35.712501],[139.779732,35.712469],[139.780161,35.712386],[139.780726,35.712285],[139.780749,35.712298],[139.780865,35.713013],[139.780852,35.713053],[139.780821,35.713079],[139.779899,35.713428],[139.779735,35.713491],[139.779428,35.713603],[139.779214,35.713681],[139.779019,35.713759],[139.778404,35.71415],[139.778352,35.714193],[139.778342,35.714244],[139.778361,35.714288],[139.778959,35.715139],[139.779983,35.716334],[139.780055,35.716385],[139.780148,35.716398],[139.781158,35.716135],[139.781669,35.715998],[139.782581,35.71575],[139.783088,35.715645],[139.784081,35.715441],[139.784683,35.715327],[139.785936,35.715077],[139.78678,35.714909],[139.787866,35.714685],[139.788887,35.714486],[139.790317,35.714208],[139.791408,35.713999],[139.792251,35.713831],[139.792368,35.713793],[139.792436,35.713726],[139.792473,35.713622],[139.792092,35.711544],[139.792103,35.71149],[139.792148,35.711451],[139.792223,35.711426],[139.794636,35.711148],[139.797569,35.710768],[139.797682,35.710805],[139.797764,35.710891],[139.798225,35.711432]]},"properties":{"id":"F022:ROT_000004:SHP_004006","feed_id":"F022","feed_slug":"taito-megurin","municipality":"台東区","service_name":"めぐりん","license":"CC BY 4.0","source_route_id":"ROT_000004","route_short_name":null,"route_long_name":"東西めぐりん","route_desc":null,"route_type":3,"route_url":null,"route_color":"E36B58","route_text_color":null,"directions":[],"geometry_source":"shapes.txt"}},{"type":"Feature","id":"F022:ROT_000004:SHP_004007","geometry":{"type":"LineString","coordinates":[[139.779692,35.712501],[139.779542,35.712532],[139.779449,35.71248],[139.779254,35.712519],[139.779238,35.712558],[139.779416,35.712842],[139.779461,35.712945],[139.779759,35.713437],[139.779763,35.713466],[139.779736,35.713491],[139.779428,35.713603],[139.779214,35.713681],[139.779019,35.713759],[139.778404,35.71415],[139.778352,35.714193],[139.778342,35.714244],[139.778361,35.714288],[139.77896,35.715139],[139.779983,35.716334],[139.78009,35.716463],[139.78038,35.716799],[139.780381,35.716873],[139.780345,35.716908],[139.7803,35.716928],[139.780232,35.716924],[139.780188,35.716906],[139.780152,35.716861],[139.780145,35.716802],[139.780115,35.716714],[139.780076,35.716625],[139.780005,35.716535],[139.779683,35.716136],[139.779248,35.715653],[139.779191,35.715626],[139.779109,35.715609],[139.779025,35.715615],[139.778959,35.71564],[139.777837,35.716307],[139.776768,35.714997],[139.776493,35.71464],[139.776398,35.714605],[139.776292,35.714627],[139.776242,35.714674],[139.776235,35.71471],[139.776241,35.714749],[139.776279,35.714786],[139.776326,35.714801],[139.776373,35.714801],[139.776431,35.714783],[139.776502,35.71476],[139.776547,35.714752],[139.777801,35.71632],[139.776857,35.716783],[139.775463,35.717488],[139.77438,35.718036],[139.773322,35.718552],[139.77329,35.718614],[139.773335,35.718676],[139.773598,35.718887],[139.773892,35.719194],[139.774381,35.719742],[139.77451,35.719907],[139.774519,35.719956],[139.774503,35.719987],[139.774073,35.720632],[139.773713,35.72124],[139.773688,35.72126],[139.773651,35.721263],[139.772354,35.72077],[139.772308,35.72075],[139.77216,35.720656],[139.771351,35.720012],[139.771209,35.719947],[139.771036,35.719896],[139.770456,35.719725],[139.770032,35.719598],[139.769919,35.719593],[139.769856,35.719621],[139.769419,35.720564],[139.769414,35.720626],[139.769435,35.72068],[139.769474,35.720711],[139.770657,35.72106],[139.770782,35.721089],[139.770803,35.721124],[139.770631,35.721641],[139.770215,35.722724],[139.770023,35.722894],[139.769831,35.723041],[139.769394,35.723472],[139.769348,35.723502],[139.768402,35.723599],[139.767671,35.723694],[139.76674,35.723766],[139.766549,35.723813],[139.765737,35.724063],[139.765072,35.724343],[139.764642,35.7245],[139.76431,35.724562],[139.764258,35.724589],[139.764229,35.724631],[139.764225,35.724721],[139.764218,35.724754],[139.764142,35.724949],[139.764136,35.724995],[139.764167,35.725216],[139.764242,35.725582],[139.764352,35.72594],[139.764413,35.726167],[139.764459,35.726385],[139.764544,35.726553],[139.764563,35.726618],[139.764564,35.72664],[139.764547,35.726651],[139.76374,35.726809],[139.763709,35.726807],[139.763683,35.726789],[139.763189,35.725161],[139.763102,35.724864],[139.763135,35.724817],[139.764669,35.724516],[139.765318,35.724261],[139.765774,35.724072],[139.766689,35.723793],[139.766795,35.723779],[139.767541,35.723723],[139.767722,35.723706],[139.768332,35.723625],[139.769127,35.723545],[139.769353,35.723539],[139.769426,35.723507],[139.769639,35.723322],[139.770065,35.72293],[139.770263,35.722743],[139.77066,35.721666],[139.770853,35.721132],[139.770804,35.72107],[139.770294,35.720924],[139.769475,35.720671],[139.769438,35.720604],[139.769726,35.719969],[139.769711,35.719895],[139.769659,35.71986],[139.769485,35.719716],[139.768966,35.719287],[139.768386,35.718812],[139.769658,35.717465],[139.7698,35.717203],[139.769881,35.716952],[139.769902,35.716814],[139.769892,35.71669],[139.769818,35.71636],[139.76978,35.715976],[139.769758,35.715958],[139.769726,35.71595],[139.769492,35.715954],[139.768976,35.715778],[139.768702,35.715706],[139.768563,35.715674],[139.768186,35.715657],[139.768002,35.715604],[139.767322,35.715684],[139.767265,35.715662],[139.76723,35.715617],[139.767246,35.715553],[139.767424,35.715297],[139.767821,35.714656],[139.768098,35.713984],[139.768527,35.712676],[139.768607,35.712323],[139.768682,35.711805],[139.768806,35.710334],[139.768903,35.709959],[139.769106,35.709724],[139.769374,35.709554],[139.769647,35.709407],[139.769878,35.709362],[139.770184,35.70939],[139.771343,35.709624],[139.772577,35.709871],[139.772782,35.709896],[139.773086,35.709868],[139.773304,35.709855],[139.773408,35.709883],[139.773471,35.70994],[139.773669,35.710355],[139.773974,35.711056]]},"properties":{"id":"F022:ROT_000004:SHP_004007","feed_id":"F022","feed_slug":"taito-megurin","municipality":"台東区","service_name":"めぐりん","license":"CC BY 4.0","source_route_id":"ROT_000004","route_short_name":null,"route_long_name":"東西めぐりん","route_desc":null,"route_type":3,"route_url":null,"route_color":"E36B58","route_text_color":null,"directions":[],"geometry_source":"shapes.txt"}},{"type":"Feature","id":"F010:ROT_000001:SHP_000001","geometry":{"type":"LineString","coordinates":[[139.469284,35.69648],[139.46923,35.696124],[139.469208,35.696044],[139.469084,35.695984],[139.467978,35.695759],[139.466976,35.69556],[139.466006,35.695353],[139.465394,35.695234],[139.465102,35.695172],[139.464989,35.695148],[139.464998,35.695112],[139.464974,35.695094],[139.464887,35.695072],[139.464726,35.695024],[139.464628,35.695007],[139.464561,35.695035],[139.464518,35.695036],[139.46426,35.694931],[139.464046,35.694842],[139.463982,35.694852],[139.463952,35.694885],[139.463983,35.694918],[139.46436,35.695212],[139.464496,35.695293],[139.464577,35.695312],[139.46459,35.695333],[139.464472,35.69594],[139.464385,35.696403],[139.464266,35.69702],[139.464281,35.697095],[139.464341,35.697136],[139.464442,35.697145],[139.465621,35.697128],[139.465656,35.697143],[139.465677,35.697179],[139.465698,35.697791],[139.465694,35.698193],[139.465692,35.698582],[139.465659,35.698603],[139.465559,35.698635],[139.465459,35.698667],[139.465457,35.698708],[139.46546,35.69879],[139.465504,35.698852],[139.465595,35.698854],[139.465669,35.698802],[139.465697,35.698696],[139.465704,35.698626],[139.465726,35.698589],[139.465728,35.698555],[139.465724,35.698465],[139.465721,35.698375],[139.465723,35.698242],[139.465719,35.697701],[139.465699,35.697164],[139.465698,35.697127],[139.465667,35.697115],[139.465627,35.697106],[139.465027,35.69712],[139.464374,35.697117],[139.464312,35.69709],[139.464286,35.697021],[139.464341,35.696751],[139.464371,35.696605],[139.46445,35.696197],[139.464496,35.695937],[139.464613,35.695334],[139.46469,35.695306],[139.465076,35.695298],[139.465129,35.69527],[139.465147,35.695203],[139.465102,35.695172],[139.464989,35.695148],[139.464998,35.695112],[139.464974,35.695094],[139.464887,35.695072],[139.464726,35.695024],[139.464628,35.695007],[139.464561,35.695035],[139.464518,35.695036],[139.46426,35.694931],[139.464046,35.694842],[139.464002,35.694821],[139.463809,35.694712],[139.463422,35.694493],[139.463109,35.694314],[139.462896,35.694219],[139.462573,35.694119],[139.462226,35.694071],[139.461946,35.694081],[139.460077,35.694295],[139.459974,35.694322],[139.459931,35.694374],[139.459908,35.694706],[139.459907,35.695472],[139.459899,35.696059],[139.459903,35.696673],[139.459871,35.696714],[139.459823,35.696787],[139.459843,35.697496],[139.459906,35.698201],[139.460003,35.698996],[139.459959,35.699099],[139.459836,35.699209],[139.459662,35.699321],[139.459431,35.699364],[139.459386,35.699421],[139.459346,35.699591],[139.459331,35.699709],[139.459296,35.699739],[139.459175,35.699788],[139.45901,35.699852],[139.458975,35.699868],[139.458941,35.69988],[139.458872,35.699925],[139.458758,35.700003],[139.458644,35.700091],[139.458504,35.700196],[139.458421,35.700259],[139.458313,35.70034],[139.458247,35.700393],[139.458179,35.700444],[139.45814,35.700472],[139.458061,35.700556],[139.457925,35.700671],[139.457812,35.700768],[139.457711,35.700852],[139.457673,35.700869],[139.457579,35.700939],[139.45743,35.701065],[139.457278,35.701194],[139.457198,35.701263],[139.457141,35.701307],[139.457005,35.701394],[139.45693,35.701441],[139.456879,35.701472],[139.456786,35.701531],[139.456707,35.701583],[139.456616,35.701623],[139.456546,35.701651],[139.456412,35.701695],[139.456349,35.701715],[139.456258,35.701741],[139.456014,35.701817],[139.455967,35.701852],[139.455852,35.70195],[139.455617,35.702169],[139.455343,35.702432],[139.455141,35.702629],[139.454931,35.702826],[139.454727,35.703005],[139.454526,35.70319],[139.454475,35.703222],[139.454321,35.703357],[139.454253,35.703424],[139.454103,35.703557],[139.453927,35.703714],[139.453809,35.703818],[139.453674,35.703937],[139.45358,35.704022],[139.453442,35.704145],[139.453267,35.704304],[139.453113,35.70445],[139.453013,35.704542],[139.452898,35.704643],[139.4528,35.704734],[139.452647,35.704897],[139.45249,35.70502],[139.452448,35.705079],[139.451916,35.705618],[139.451736,35.705799],[139.451591,35.705944],[139.451547,35.705984],[139.451449,35.706081],[139.451387,35.706146],[139.451187,35.706344],[139.450837,35.706689],[139.450741,35.706782],[139.450607,35.706914],[139.450531,35.706981],[139.450343,35.70717],[139.450132,35.707387],[139.450081,35.707436],[139.450015,35.707504],[139.449949,35.707572],[139.449769,35.707754],[139.449807,35.707819],[139.450236,35.708062],[139.450474,35.708186],[139.450613,35.708268],[139.450861,35.708408],[139.451245,35.708622],[139.451745,35.7089],[139.452091,35.709101],[139.452289,35.70921],[139.452492,35.709322],[139.45268,35.709431],[139.453195,35.709716],[139.453837,35.710073],[139.454252,35.710298],[139.454305,35.710286],[139.454493,35.710095],[139.454612,35.709972],[139.454644,35.709854],[139.454726,35.709602],[139.455127,35.709186],[139.455328,35.708983],[139.45537,35.708939],[139.455398,35.708943],[139.455416,35.708924],[139.455412,35.708909],[139.455482,35.708828],[139.455532,35.708829],[139.455953,35.709067],[139.456241,35.70922],[139.456252,35.70923],[139.456339,35.709277],[139.456623,35.709432],[139.456685,35.709432],[139.456727,35.709412],[139.456836,35.709299],[139.457049,35.709076],[139.45741,35.708711],[139.457514,35.708608],[139.457643,35.708476],[139.457713,35.708396],[139.45814,35.707997],[139.458145,35.707978],[139.458141,35.707954],[139.458117,35.707933],[139.457946,35.707853],[139.457872,35.707821],[139.457732,35.707762],[139.457637,35.707723],[139.457613,35.707708],[139.457595,35.707646],[139.457603,35.707623],[139.457623,35.707586],[139.457632,35.707556],[139.457631,35.707537],[139.45762,35.707512],[139.457604,35.707486],[139.457611,35.707457],[139.457769,35.70722],[139.457879,35.707059],[139.458115,35.7067],[139.458144,35.706686],[139.45818,35.706689],[139.458422,35.706812],[139.458599,35.706901],[139.458947,35.707051],[139.459317,35.707188],[139.459506,35.707261],[139.459677,35.707346],[139.459776,35.707401],[139.459883,35.707479],[139.460003,35.707583],[139.460147,35.70773],[139.460318,35.707884],[139.460466,35.708012],[139.46067,35.708167],[139.460787,35.708251],[139.461001,35.708395],[139.461355,35.708629],[139.461425,35.708678],[139.461556,35.7088],[139.46161,35.708869],[139.461815,35.709119],[139.462014,35.709368],[139.462132,35.709485],[139.462184,35.709524],[139.46238,35.709647],[139.462488,35.709718],[139.462625,35.709798],[139.462921,35.70996],[139.46294,35.709985],[139.462936,35.710018],[139.462797,35.710165],[139.462639,35.710337],[139.462498,35.710479],[139.462307,35.710615],[139.462254,35.710688],[139.462318,35.710728],[139.462378,35.710714],[139.462483,35.710602],[139.462539,35.710526],[139.463,35.71004],[139.463015,35.709995],[139.462973,35.709961],[139.462597,35.709747],[139.462523,35.70968],[139.462272,35.709537],[139.462198,35.709487],[139.462111,35.709406],[139.462017,35.709303],[139.461849,35.7091],[139.461755,35.708984],[139.46163,35.708813],[139.461643,35.708768],[139.461996,35.70837],[139.46224,35.708091],[139.462388,35.707932],[139.462546,35.707778],[139.462615,35.70773],[139.462646,35.707703],[139.462728,35.707605],[139.462892,35.707411],[139.463141,35.707108],[139.463366,35.706877],[139.463392,35.70685],[139.463402,35.706823],[139.4634,35.706775],[139.463416,35.706753],[139.464201,35.706433],[139.464958,35.706138],[139.465313,35.706009],[139.465378,35.705977],[139.465544,35.705925],[139.466005,35.705778],[139.466247,35.705697],[139.466345,35.705621],[139.466616,35.705343],[139.466716,35.705255],[139.466978,35.705088],[139.467053,35.70505],[139.467059,35.705002],[139.467025,35.704901],[139.466919,35.704659],[139.466756,35.704309],[139.466615,35.70401],[139.466425,35.703592],[139.466281,35.703291],[139.466148,35.702859],[139.46612,35.702682],[139.466109,35.702352],[139.466124,35.70212],[139.466154,35.701871],[139.466192,35.701693],[139.466289,35.701196],[139.466422,35.700504],[139.466434,35.700443],[139.466716,35.698987],[139.46679,35.698645],[139.466891,35.698599],[139.467654,35.6987],[139.467841,35.698774],[139.467864,35.698851],[139.467807,35.699204],[139.467816,35.699262],[139.467844,35.699311],[139.467904,35.699354],[139.468308,35.699626],[139.468381,35.699644],[139.468461,35.699643],[139.468541,35.699626],[139.469076,35.699233],[139.469178,35.69913],[139.469283,35.69899],[139.469358,35.698812],[139.469387,35.698672],[139.46939,35.698516],[139.469359,35.698001],[139.469338,35.697531],[139.469306,35.696966],[139.469288,35.696539],[139.469282,35.69648]]},"properties":{"id":"F010:ROT_000001:SHP_000001","feed_id":"F010","feed_slug":"kokubunji-bunbus","municipality":"国分寺市","service_name":"ぶんバス","license":"CC BY 4.0","source_route_id":"ROT_000001","route_short_name":null,"route_long_name":"日吉町ルート","route_desc":null,"route_type":3,"route_url":null,"route_color":"006AB7","route_text_color":"FFFFFF","directions":[],"geometry_source":"shapes.txt"}},{"type":"Feature","id":"F010:ROT_000002:SHP_000002","geometry":{"type":"LineString","coordinates":[[139.480522,35.699193],[139.48043,35.699187],[139.480398,35.69915],[139.480472,35.698728],[139.480527,35.698444],[139.480661,35.697772],[139.48073,35.697741],[139.481225,35.697796],[139.481306,35.697784],[139.481376,35.697422],[139.48138,35.697276],[139.481354,35.697139],[139.481293,35.697015],[139.481224,35.696896],[139.481126,35.696753],[139.481033,35.696572],[139.480889,35.696442],[139.480833,35.696369],[139.480811,35.696289],[139.480801,35.696105],[139.48083,35.696078],[139.480808,35.695898],[139.480811,35.695802],[139.480816,35.695403],[139.480829,35.694601],[139.48084,35.694335],[139.48087,35.694065],[139.48091,35.693562],[139.480929,35.693243],[139.480959,35.693227],[139.481477,35.693419],[139.482018,35.693612],[139.482314,35.69372],[139.48272,35.69382],[139.483106,35.693892],[139.483515,35.693961],[139.483949,35.694016],[139.484488,35.694096],[139.484605,35.69412],[139.48525,35.69422],[139.485325,35.694229],[139.485928,35.694334],[139.486391,35.694416],[139.486442,35.694416],[139.486669,35.694454],[139.487109,35.694527],[139.487478,35.694591],[139.487578,35.694607],[139.487781,35.694685],[139.48785,35.694685],[139.487932,35.694665],[139.488252,35.694525],[139.488587,35.6944],[139.488837,35.694314],[139.489038,35.694239],[139.489072,35.694244],[139.489091,35.694262],[139.489334,35.694663],[139.48956,35.695066],[139.489689,35.695305],[139.489756,35.695424],[139.489947,35.695682],[139.490122,35.695914],[139.490203,35.696029],[139.490267,35.696104],[139.490488,35.696365],[139.490713,35.696621],[139.490895,35.696808],[139.491005,35.696945],[139.490998,35.696967],[139.490973,35.696983],[139.490167,35.697068],[139.490039,35.697084],[139.489948,35.697088],[139.489374,35.697153],[139.488862,35.697201],[139.488777,35.697214],[139.48871,35.697242],[139.488374,35.697379],[139.488267,35.697448],[139.488183,35.69747],[139.48808,35.69755],[139.487909,35.697674],[139.487614,35.69789],[139.487509,35.697982],[139.486973,35.69839],[139.486495,35.698756],[139.486016,35.699115],[139.485652,35.699369],[139.485426,35.699468],[139.485203,35.69955],[139.485009,35.699599],[139.484787,35.699635],[139.484563,35.699651],[139.484483,35.69965],[139.484385,35.699665],[139.484245,35.699647],[139.483892,35.699607],[139.483731,35.699594],[139.483483,35.699575],[139.483259,35.699558],[139.483003,35.699549],[139.482647,35.699536],[139.48204,35.69952],[139.481728,35.699509],[139.481436,35.6995],[139.481329,35.699498],[139.481047,35.699491],[139.481019,35.699484],[139.480996,35.699467],[139.480992,35.699439],[139.481004,35.699392],[139.481065,35.699055],[139.481048,35.699024],[139.481006,35.698996],[139.480959,35.698994],[139.480779,35.699099],[139.480658,35.699178],[139.480625,35.699193],[139.480593,35.699195],[139.480522,35.699192]]},"properties":{"id":"F010:ROT_000002:SHP_000002","feed_id":"F010","feed_slug":"kokubunji-bunbus","municipality":"国分寺市","service_name":"ぶんバス","license":"CC BY 4.0","source_route_id":"ROT_000002","route_short_name":null,"route_long_name":"東元町ルート","route_desc":null,"route_type":3,"route_url":null,"route_color":"00803C","route_text_color":"FFFFFF","directions":[],"geometry_source":"shapes.txt"}},{"type":"Feature","id":"F010:ROT_000003:SHP_000003","geometry":{"type":"LineString","coordinates":[[139.480224,35.701864],[139.480266,35.701931],[139.480322,35.70198],[139.480368,35.702013],[139.480432,35.702035],[139.480522,35.702054],[139.480997,35.702004],[139.481127,35.701985],[139.481315,35.701946],[139.481615,35.701887],[139.481924,35.701831],[139.482237,35.70177],[139.482518,35.701713],[139.482801,35.701661],[139.48308,35.701606],[139.483361,35.701546],[139.483657,35.701474],[139.483725,35.701477],[139.483782,35.701498],[139.483811,35.701518],[139.483841,35.701613],[139.48387,35.701677],[139.483913,35.701745],[139.484042,35.701929],[139.484089,35.702011],[139.484191,35.702143],[139.484276,35.702277],[139.484398,35.702475],[139.484509,35.702681],[139.484753,35.703136],[139.484796,35.703198],[139.484935,35.703465],[139.485151,35.703873],[139.485454,35.70449],[139.485466,35.704558],[139.485445,35.704631],[139.48541,35.704653],[139.485114,35.704792],[139.484697,35.704962],[139.484542,35.705025],[139.484388,35.70508],[139.482413,35.705045],[139.482014,35.705038],[139.481796,35.705034],[139.481737,35.705051],[139.481689,35.705155],[139.481776,35.705384],[139.481838,35.705554],[139.4819,35.705732],[139.482068,35.706199],[139.482053,35.706221],[139.481881,35.706307],[139.481313,35.70657],[139.480929,35.706747],[139.480553,35.706915],[139.480502,35.706955],[139.480563,35.707155],[139.480638,35.707398],[139.480679,35.707514],[139.480712,35.707626],[139.480782,35.707851],[139.480819,35.707997],[139.480929,35.708363],[139.481086,35.708887],[139.481394,35.709908],[139.481806,35.711265],[139.481931,35.711675],[139.48205,35.712056],[139.482024,35.712087],[139.481639,35.712161],[139.481238,35.712234],[139.480498,35.71237],[139.480442,35.712349],[139.480373,35.712118],[139.480294,35.711866],[139.480166,35.711424],[139.48015,35.711333],[139.479871,35.710406],[139.479834,35.710345],[139.479796,35.710202],[139.479792,35.710051],[139.479779,35.709942],[139.479765,35.709886],[139.479643,35.709633],[139.479604,35.709528],[139.479583,35.709426],[139.47958,35.709317],[139.479566,35.709226],[139.479296,35.708268],[139.479316,35.708233],[139.479474,35.708206],[139.479501,35.70816],[139.479427,35.707866],[139.479352,35.70755],[139.479361,35.707535],[139.479579,35.707433],[139.47959,35.707344],[139.479451,35.706846],[139.479287,35.706264],[139.479208,35.705971],[139.47912,35.705678],[139.478998,35.705229],[139.478996,35.705122],[139.479011,35.705099],[139.479698,35.70511],[139.480012,35.705105],[139.480301,35.705094],[139.480902,35.705082],[139.480998,35.705079],[139.481368,35.705089],[139.481607,35.705091],[139.481696,35.705036],[139.481195,35.703677],[139.481112,35.703309],[139.481033,35.702933],[139.480983,35.702683],[139.480959,35.702535],[139.480949,35.702371],[139.480949,35.702129],[139.480949,35.702062],[139.480824,35.701978],[139.480543,35.701988],[139.480464,35.701975],[139.480398,35.701938],[139.48035,35.701911],[139.480309,35.701869],[139.48032,35.701825],[139.480372,35.701812],[139.480509,35.701845],[139.480618,35.701835],[139.480684,35.701786],[139.480729,35.701732],[139.480729,35.701624],[139.480731,35.701393],[139.480705,35.701286],[139.480623,35.70124],[139.480524,35.701241],[139.480436,35.701279],[139.48036,35.701384],[139.480351,35.701558],[139.480361,35.701683],[139.480335,35.701714],[139.48029,35.701731],[139.480244,35.70175],[139.480213,35.701779],[139.480196,35.701803],[139.480222,35.701862]]},"properties":{"id":"F010:ROT_000003:SHP_000003","feed_id":"F010","feed_slug":"kokubunji-bunbus","municipality":"国分寺市","service_name":"ぶんバス","license":"CC BY 4.0","source_route_id":"ROT_000003","route_short_name":null,"route_long_name":"本多ルート","route_desc":null,"route_type":3,"route_url":null,"route_color":"E4007F","route_text_color":"FFFFFF","directions":[],"geometry_source":"shapes.txt"}},{"type":"Feature","id":"F010:ROT_000004:SHP_004001","geometry":{"type":"LineString","coordinates":[[139.446821,35.699672],[139.447056,35.69955],[139.447147,35.699517],[139.448052,35.699552],[139.448082,35.69956],[139.448093,35.699578],[139.448037,35.700654],[139.448008,35.700689],[139.447961,35.700706],[139.446601,35.700723],[139.446528,35.700739],[139.446494,35.700771],[139.446418,35.702321],[139.446399,35.702372],[139.446371,35.702411],[139.446005,35.702865],[139.445979,35.702885],[139.445928,35.7029],[139.444365,35.702841],[139.444297,35.702867],[139.444269,35.70292],[139.444149,35.705025],[139.444129,35.705076],[139.444094,35.705124],[139.443608,35.705623],[139.44352,35.705706],[139.443374,35.705808],[139.44324,35.705864],[139.443063,35.70591],[139.44232,35.70611],[139.442172,35.706173],[139.442122,35.706252],[139.442232,35.706361],[139.442947,35.706624],[139.443707,35.706919],[139.444246,35.707151],[139.444258,35.707176],[139.44425,35.707195],[139.443985,35.707464],[139.443854,35.707601],[139.44372,35.707792],[139.443686,35.707805],[139.443645,35.707804],[139.442281,35.707139],[139.442269,35.707125],[139.442271,35.707095],[139.442333,35.706808],[139.442327,35.706663],[139.442287,35.706511],[139.442232,35.706361],[139.442122,35.706252],[139.442021,35.70627],[139.441631,35.706337],[139.441475,35.706412],[139.440992,35.706543],[139.440539,35.706606],[139.43996,35.706639],[139.437839,35.706728],[139.437808,35.706703],[139.437817,35.706669],[139.438,35.706341],[139.438024,35.706227],[139.438644,35.705133],[139.438681,35.705053],[139.438651,35.704995],[139.438387,35.704873],[139.438317,35.704828],[139.437179,35.7043],[139.436499,35.703988],[139.43618,35.703822],[139.435409,35.703422],[139.435205,35.703369],[139.434996,35.703362],[139.434759,35.703311],[139.43462,35.70335],[139.433813,35.703345],[139.433144,35.703327],[139.432524,35.703309],[139.432304,35.70329],[139.432283,35.703277],[139.43227,35.703253],[139.432314,35.70251],[139.432331,35.702495],[139.432736,35.702523],[139.432894,35.702556],[139.433693,35.702895],[139.434666,35.703305],[139.434923,35.703378],[139.43519,35.703395],[139.435417,35.70346],[139.435583,35.703544],[139.435699,35.703606],[139.436097,35.703814],[139.436125,35.703816],[139.436146,35.703809],[139.436343,35.703489],[139.436747,35.702868],[139.436767,35.702859],[139.436794,35.702858],[139.437391,35.703111],[139.437446,35.703113],[139.437489,35.703081],[139.437779,35.702612],[139.437914,35.702401],[139.438034,35.702241],[139.438317,35.70181],[139.438617,35.70134],[139.438645,35.701321],[139.438689,35.701321],[139.439292,35.701593],[139.439331,35.701591],[139.439365,35.70158],[139.439534,35.701284],[139.439676,35.701074],[139.439825,35.700848],[139.439955,35.700565],[139.439974,35.700541],[139.44002,35.700525],[139.441043,35.700574],[139.441107,35.700557],[139.441151,35.700505],[139.441292,35.700276],[139.441323,35.700239],[139.441389,35.700232],[139.441556,35.700241],[139.442291,35.700248],[139.442316,35.700255],[139.442321,35.700272],[139.442305,35.700569],[139.442365,35.700605],[139.442936,35.700619],[139.444054,35.70066],[139.444456,35.700672],[139.445394,35.700709],[139.44648,35.700749],[139.446528,35.70072],[139.446549,35.700666],[139.446582,35.699914],[139.446591,35.699851],[139.446627,35.699796],[139.446709,35.699736],[139.44682,35.699673]]},"properties":{"id":"F010:ROT_000004:SHP_004001","feed_id":"F010","feed_slug":"kokubunji-bunbus","municipality":"国分寺市","service_name":"ぶんバス","license":"CC BY 4.0","source_route_id":"ROT_000004","route_short_name":null,"route_long_name":"西町ルート","route_desc":null,"route_type":3,"route_url":null,"route_color":"E66C22","route_text_color":"FFFFFF","directions":[],"geometry_source":"shapes.txt"}},{"type":"Feature","id":"F010:ROT_000004:SHP_004002","geometry":{"type":"LineString","coordinates":[[139.446821,35.699672],[139.447056,35.69955],[139.447147,35.699517],[139.448052,35.699552],[139.448082,35.69956],[139.448093,35.699578],[139.448037,35.700654],[139.448008,35.700689],[139.447961,35.700706],[139.446601,35.700723],[139.446528,35.700739],[139.446494,35.700771],[139.446418,35.702321],[139.446399,35.702372],[139.446371,35.702411],[139.446005,35.702865],[139.445979,35.702885],[139.445928,35.7029],[139.444365,35.702841],[139.444297,35.702867],[139.444269,35.70292],[139.444149,35.705025],[139.444129,35.705076],[139.444094,35.705124],[139.443608,35.705623],[139.44352,35.705706],[139.443374,35.705808],[139.44324,35.705864],[139.443063,35.70591],[139.442318,35.706123],[139.442178,35.706188],[139.442006,35.706266],[139.441605,35.706351],[139.441487,35.706416],[139.440992,35.706543],[139.440539,35.706606],[139.43996,35.706639],[139.439517,35.706689],[139.43847,35.706691],[139.437839,35.706728],[139.437808,35.706703],[139.437817,35.706669],[139.438,35.706341],[139.438024,35.706227],[139.438644,35.705133],[139.438681,35.705053],[139.438651,35.704995],[139.438387,35.704873],[139.438317,35.704828],[139.437179,35.7043],[139.436499,35.703988],[139.43618,35.703822],[139.435409,35.703422],[139.435205,35.703369],[139.434996,35.703362],[139.434759,35.703311],[139.43462,35.70335],[139.433813,35.703345],[139.433144,35.703327],[139.432524,35.703309],[139.432304,35.70329],[139.432283,35.703277],[139.43227,35.703253],[139.432314,35.70251],[139.432331,35.702495],[139.432736,35.702523],[139.432894,35.702556],[139.433693,35.702895],[139.434666,35.703305],[139.434923,35.703378],[139.43519,35.703395],[139.435417,35.70346],[139.435583,35.703544],[139.435699,35.703606],[139.436097,35.703814],[139.436125,35.703816],[139.436146,35.703809],[139.436343,35.703489],[139.436747,35.702868],[139.436767,35.702859],[139.436794,35.702858],[139.437391,35.703111],[139.437446,35.703113],[139.437489,35.703081],[139.437779,35.702612],[139.437914,35.702401],[139.438034,35.702241],[139.438317,35.70181],[139.438617,35.70134],[139.438645,35.701321],[139.438689,35.701321],[139.439292,35.701593],[139.439331,35.701591],[139.439365,35.70158],[139.439534,35.701284],[139.439676,35.701074],[139.439825,35.700848],[139.439955,35.700565],[139.439974,35.700541],[139.44002,35.700525],[139.441043,35.700574],[139.441107,35.700557],[139.441151,35.700505],[139.441292,35.700276],[139.441323,35.700239],[139.441389,35.700232],[139.441556,35.700241],[139.442291,35.700248],[139.442316,35.700255],[139.442321,35.700272],[139.442305,35.700569],[139.442365,35.700605],[139.442936,35.700619],[139.444054,35.70066],[139.444456,35.700672],[139.445394,35.700709],[139.44648,35.700749],[139.446528,35.70072],[139.446549,35.700666],[139.446582,35.699914],[139.446591,35.699851],[139.446627,35.699796],[139.446709,35.699736],[139.44682,35.699673]]},"properties":{"id":"F010:ROT_000004:SHP_004002","feed_id":"F010","feed_slug":"kokubunji-bunbus","municipality":"国分寺市","service_name":"ぶんバス","license":"CC BY 4.0","source_route_id":"ROT_000004","route_short_name":null,"route_long_name":"西町ルート","route_desc":null,"route_type":3,"route_url":null,"route_color":"E66C22","route_text_color":"FFFFFF","directions":[],"geometry_source":"shapes.txt"}},{"type":"Feature","id":"F010:ROT_000005:SHP_000005","geometry":{"type":"LineString","coordinates":[[139.469389,35.696982],[139.469385,35.696941],[139.469369,35.696935],[139.469327,35.696933],[139.469312,35.696921],[139.469285,35.696473],[139.469223,35.696063],[139.469208,35.696029],[139.469163,35.696006],[139.468862,35.695942],[139.46842,35.695848],[139.467953,35.695747],[139.467208,35.695594],[139.467123,35.695596],[139.467086,35.695633],[139.46707,35.695709],[139.467046,35.695973],[139.467018,35.696353],[139.466997,35.696761],[139.466961,35.697152],[139.466921,35.69754],[139.466595,35.69922],[139.466443,35.7],[139.466366,35.700408],[139.466214,35.701319],[139.466123,35.701781],[139.466047,35.702199],[139.466049,35.702676],[139.466085,35.702897],[139.466129,35.703069],[139.466196,35.70329],[139.466266,35.703444],[139.466421,35.703761],[139.466737,35.704398],[139.466869,35.704684],[139.466999,35.704972],[139.467287,35.705564],[139.46754,35.706086],[139.467754,35.706521],[139.467908,35.706865],[139.468057,35.70721],[139.468122,35.707368],[139.468245,35.707699],[139.468307,35.707837],[139.468331,35.707992],[139.46838,35.708377],[139.468333,35.70862],[139.468336,35.708818],[139.468336,35.709038],[139.468335,35.7092],[139.468362,35.709274],[139.468375,35.709475],[139.46838,35.710061],[139.468375,35.710465],[139.468379,35.710724],[139.468376,35.710951],[139.468362,35.711039],[139.468333,35.711107],[139.46829,35.711256],[139.468238,35.711346],[139.468116,35.711519],[139.467987,35.711672],[139.467858,35.711824],[139.467742,35.711949],[139.467378,35.71236],[139.467243,35.71252],[139.467176,35.712618],[139.467113,35.712712],[139.467064,35.712821],[139.467031,35.712847],[139.466968,35.712867],[139.466876,35.712989],[139.466616,35.713304],[139.466484,35.713461],[139.465719,35.714388],[139.464176,35.716277],[139.464075,35.716364],[139.463768,35.716762],[139.463491,35.717171],[139.463456,35.717202],[139.463414,35.717209],[139.463095,35.717177],[139.462518,35.717131],[139.461685,35.717077],[139.461569,35.717065],[139.461431,35.717053],[139.460795,35.717006],[139.460007,35.716943],[139.458837,35.716871],[139.457912,35.716814],[139.456126,35.716698],[139.456059,35.716731],[139.456049,35.71678],[139.456102,35.717212],[139.456119,35.717346],[139.45611,35.717383],[139.456124,35.717485],[139.456141,35.717512],[139.456166,35.717698],[139.456259,35.718386],[139.456343,35.719002],[139.456334,35.719027],[139.456314,35.719043],[139.455785,35.719122],[139.455299,35.719189],[139.455171,35.719206],[139.454471,35.719319],[139.453697,35.719434],[139.452943,35.719555],[139.452181,35.719674],[139.451455,35.71978],[139.450729,35.719887],[139.449178,35.720139],[139.447108,35.720476],[139.447093,35.720503],[139.447093,35.720535],[139.447162,35.720798],[139.447222,35.721027],[139.447352,35.721534],[139.447439,35.721887],[139.44743,35.721992],[139.447568,35.722498],[139.447555,35.722526],[139.447534,35.722544],[139.447254,35.722597],[139.447211,35.722577],[139.447195,35.722547],[139.446709,35.720613],[139.446713,35.720589],[139.446735,35.720566],[139.447037,35.720516],[139.44804,35.720355],[139.448878,35.72022],[139.450646,35.719937],[139.450679,35.719908],[139.450686,35.719864],[139.450512,35.719172],[139.450329,35.718424],[139.450287,35.718249],[139.450245,35.718074],[139.45015,35.717727],[139.450064,35.717435],[139.450072,35.71737],[139.450034,35.71712],[139.450048,35.717088],[139.450088,35.717056],[139.453023,35.716797],[139.453067,35.716779],[139.45309,35.716748],[139.453074,35.716688],[139.45302,35.716488],[139.453017,35.716474],[139.453017,35.716456],[139.453029,35.716444],[139.45308,35.716428],[139.453105,35.716427],[139.453128,35.716423],[139.453147,35.716409],[139.45315,35.716379],[139.453142,35.716347],[139.453128,35.716328],[139.45311,35.716325],[139.453086,35.716326],[139.453064,35.716335],[139.453053,35.716358],[139.45306,35.716415],[139.45305,35.716424],[139.453005,35.716438],[139.452995,35.716456],[139.453001,35.716475],[139.45307,35.716741],[139.453104,35.716769],[139.453149,35.716779],[139.454138,35.716688],[139.454638,35.716654],[139.454812,35.716658],[139.454986,35.716666],[139.455341,35.716678],[139.455623,35.716696],[139.456004,35.716723],[139.45637,35.716747],[139.456931,35.716782],[139.457859,35.716843],[139.459731,35.716961],[139.460834,35.717045],[139.462507,35.717177],[139.463184,35.717229],[139.463602,35.717253],[139.463992,35.717277],[139.464398,35.717319],[139.465094,35.717368],[139.465144,35.717357],[139.465183,35.717327],[139.465241,35.717043],[139.465349,35.716794],[139.465464,35.716567],[139.465685,35.716153],[139.466279,35.715023],[139.466396,35.714794],[139.466787,35.713764],[139.466909,35.713442],[139.467022,35.71309],[139.467106,35.712845],[139.467296,35.712567],[139.467376,35.712482],[139.467521,35.712307],[139.467653,35.712146],[139.467915,35.711859],[139.468053,35.711711],[139.468187,35.711547],[139.468319,35.711381],[139.468366,35.711299],[139.468403,35.711218],[139.468423,35.711115],[139.468445,35.710962],[139.468447,35.710701],[139.468444,35.710073],[139.468439,35.709743],[139.468421,35.70889],[139.46841,35.708222],[139.468383,35.707991],[139.468345,35.707841],[139.468306,35.707695],[139.468232,35.707485],[139.468132,35.70725],[139.467965,35.706859],[139.467738,35.706401],[139.467345,35.705552],[139.467042,35.704929],[139.466964,35.704748],[139.466559,35.703854],[139.466423,35.703586],[139.466272,35.703273],[139.466191,35.702977],[139.466123,35.702652],[139.466123,35.702248],[139.466196,35.701722],[139.466254,35.701429],[139.466438,35.70044],[139.466607,35.699561],[139.46678,35.698656],[139.466798,35.69863],[139.46685,35.698616],[139.467676,35.698719],[139.467804,35.698762],[139.467849,35.698798],[139.467862,35.698858],[139.467857,35.698927],[139.467812,35.699198],[139.467814,35.699256],[139.467844,35.699306],[139.468313,35.699625],[139.468378,35.699644],[139.468494,35.699638],[139.468575,35.699597],[139.468817,35.699433],[139.468979,35.699297],[139.469106,35.699204],[139.469224,35.699073],[139.469314,35.698936],[139.469372,35.698761],[139.46939,35.698577],[139.469355,35.697909],[139.469315,35.69714],[139.469317,35.697062],[139.469332,35.697037],[139.469359,35.697032],[139.469388,35.697018],[139.469389,35.696982]]},"properties":{"id":"F010:ROT_000005:SHP_000005","feed_id":"F010","feed_slug":"kokubunji-bunbus","municipality":"国分寺市","service_name":"ぶんバス","license":"CC BY 4.0","source_route_id":"ROT_000005","route_short_name":null,"route_long_name":"北町ルート","route_desc":null,"route_type":3,"route_url":null,"route_color":"00AECC","route_text_color":"FFFFFF","directions":[],"geometry_source":"shapes.txt"}},{"type":"Feature","id":"F010:ROT_000006:SHP_000006","geometry":{"type":"LineString","coordinates":[[139.472401,35.690066],[139.472414,35.68997],[139.472394,35.689949],[139.472364,35.689941],[139.47204,35.689926],[139.471276,35.689794],[139.470512,35.689663],[139.46976,35.6896],[139.469159,35.689554],[139.469103,35.68956],[139.469061,35.689593],[139.468972,35.689843],[139.468927,35.689963],[139.468891,35.690003],[139.468843,35.690138],[139.468839,35.690204],[139.468705,35.690589],[139.4685,35.691153],[139.468083,35.69228],[139.467899,35.692775],[139.467231,35.694569],[139.467182,35.6947],[139.467144,35.69485],[139.467105,35.695115],[139.467069,35.695546],[139.467148,35.695642],[139.467238,35.695677],[139.469127,35.696044],[139.469163,35.696083],[139.469168,35.696096],[139.469191,35.696249],[139.469241,35.69655],[139.469273,35.697019],[139.469318,35.697973],[139.469358,35.698689],[139.469325,35.698827],[139.469244,35.698985],[139.469163,35.699093],[139.469085,35.699181],[139.468942,35.699288],[139.468814,35.699374],[139.46875,35.699397],[139.468684,35.699379],[139.468287,35.699033],[139.468079,35.698854],[139.467997,35.698801],[139.467918,35.698809],[139.467869,35.698868],[139.467805,35.699202],[139.467801,35.699271],[139.467822,35.699328],[139.468231,35.699598],[139.468361,35.699633],[139.468516,35.69964],[139.468677,35.699536],[139.468748,35.699532],[139.468807,35.699553],[139.468983,35.699649],[139.469162,35.699705],[139.469352,35.699745],[139.46953,35.699757],[139.470831,35.699793],[139.471054,35.6998],[139.472285,35.699822],[139.472576,35.699821],[139.472661,35.699808],[139.47274,35.699784],[139.472824,35.699743],[139.472902,35.699691],[139.472979,35.699604],[139.473042,35.699493],[139.473248,35.69857],[139.473304,35.698353],[139.473568,35.697182],[139.473615,35.696992],[139.473699,35.696557],[139.473737,35.696502],[139.473804,35.69648],[139.474343,35.696522],[139.474583,35.696539],[139.4747,35.696538],[139.474808,35.696522],[139.475103,35.696486],[139.475225,35.696479],[139.475344,35.696483],[139.475448,35.696489],[139.475539,35.696506],[139.475898,35.696581],[139.476205,35.696665],[139.476423,35.696744],[139.47719,35.69715],[139.477432,35.697286],[139.477647,35.697448],[139.47785,35.697611],[139.478036,35.697783],[139.478141,35.697885],[139.478145,35.697921],[139.478114,35.697962],[139.478012,35.698147],[139.477876,35.698378],[139.477814,35.698557],[139.477615,35.69914],[139.477549,35.699354],[139.477563,35.699395],[139.477508,35.699639],[139.477606,35.699669],[139.478082,35.699681],[139.478608,35.699678],[139.478704,35.699661],[139.478829,35.699595],[139.47891,35.699532],[139.479023,35.699511],[139.479152,35.699516],[139.479191,35.699489],[139.479224,35.699214],[139.479261,35.698922],[139.479191,35.698885],[139.478884,35.698869],[139.478493,35.698844],[139.4778,35.698806],[139.477707,35.698868],[139.477616,35.69914],[139.477549,35.699354],[139.477564,35.699394],[139.477508,35.699639],[139.477462,35.699874],[139.477442,35.700016],[139.477423,35.700233],[139.477386,35.700456],[139.477318,35.700774],[139.477296,35.700892],[139.477288,35.701086],[139.477334,35.701316],[139.477384,35.70158],[139.477417,35.701814],[139.477377,35.702076],[139.477329,35.702228],[139.477201,35.702621],[139.477115,35.702892],[139.477026,35.703207],[139.476984,35.703267],[139.476962,35.703365],[139.476917,35.70348],[139.476892,35.703781],[139.47682,35.704042],[139.476733,35.704389],[139.476732,35.704681],[139.476735,35.704874],[139.476741,35.705086],[139.476706,35.70512],[139.476659,35.705135],[139.476201,35.705196],[139.475749,35.705255],[139.475424,35.705264],[139.474918,35.705286],[139.474733,35.705291],[139.474549,35.70528],[139.473719,35.705225],[139.473422,35.705184],[139.473318,35.705175],[139.473273,35.705193],[139.473238,35.705234],[139.473196,35.705385],[139.473205,35.705413],[139.473223,35.705423],[139.473251,35.705429],[139.473281,35.705403],[139.473274,35.705376],[139.473252,35.705353],[139.473244,35.705327],[139.473257,35.705281],[139.473269,35.705254],[139.473295,35.705244],[139.473856,35.705282],[139.474541,35.705304],[139.474728,35.705312],[139.47492,35.705306],[139.475078,35.705303],[139.475398,35.705302],[139.475577,35.705293],[139.475994,35.705266],[139.476263,35.705233],[139.476711,35.705173],[139.476755,35.705149],[139.476772,35.7051],[139.476764,35.704877],[139.476767,35.704682],[139.476766,35.704389],[139.476851,35.704045],[139.476925,35.703793],[139.476951,35.70349],[139.476998,35.703381],[139.477023,35.70327],[139.477056,35.703213],[139.477146,35.702898],[139.477202,35.702715],[139.477227,35.702626],[139.477361,35.702236],[139.477406,35.702082],[139.477453,35.701819],[139.477416,35.701581],[139.477369,35.701315],[139.477338,35.701086],[139.477339,35.700896],[139.477362,35.700781],[139.477425,35.70046],[139.477468,35.700235],[139.477488,35.700012],[139.4775,35.69988],[139.477525,35.699712],[139.477606,35.699669],[139.478083,35.699681],[139.478608,35.699678],[139.478704,35.699661],[139.478829,35.699595],[139.478911,35.699531],[139.479023,35.699511],[139.479152,35.699517],[139.47919,35.699488],[139.479224,35.699213],[139.479261,35.698922],[139.479191,35.698885],[139.478883,35.698869],[139.478493,35.698844],[139.477835,35.698808],[139.477795,35.698784],[139.477798,35.698736],[139.477819,35.698674],[139.477891,35.69849],[139.477952,35.698381],[139.478209,35.69797],[139.478214,35.697936],[139.478211,35.697902],[139.47818,35.697865],[139.478059,35.697761],[139.477873,35.697593],[139.477464,35.697269],[139.476824,35.696921],[139.476339,35.696665],[139.476103,35.696587],[139.475814,35.696513],[139.475517,35.696453],[139.475352,35.696444],[139.475149,35.696444],[139.475053,35.696456],[139.474808,35.696491],[139.474659,35.696512],[139.474587,35.696511],[139.474346,35.696494],[139.473811,35.696455],[139.473713,35.696471],[139.473643,35.696506],[139.473597,35.696563],[139.473486,35.697183],[139.473356,35.697828],[139.473278,35.698212],[139.473065,35.699107],[139.47298,35.699477],[139.472929,35.699587],[139.472863,35.699646],[139.472791,35.699696],[139.472701,35.699743],[139.472585,35.699771],[139.472299,35.699769],[139.471337,35.699757],[139.471059,35.699747],[139.469524,35.699711],[139.469355,35.699699],[139.469175,35.699658],[139.469005,35.699606],[139.46885,35.699521],[139.468685,35.699378],[139.468287,35.699032],[139.468079,35.698854],[139.467996,35.698803],[139.46792,35.69881],[139.467869,35.698867],[139.467807,35.699204],[139.467799,35.699271],[139.467822,35.699329],[139.468232,35.699598],[139.46836,35.699633],[139.468516,35.69964],[139.468676,35.699536],[139.46885,35.69941],[139.468949,35.699345],[139.469079,35.699248],[139.469109,35.699224],[139.46914,35.699194],[139.469173,35.699159],[139.469202,35.699118],[139.469244,35.699064],[139.469282,35.699007],[139.469314,35.698944],[139.469341,35.698881],[139.469373,35.698793],[139.469387,35.698692],[139.469394,35.698564],[139.469361,35.697964],[139.469309,35.697039],[139.469328,35.697025],[139.469347,35.697026],[139.469368,35.697022],[139.469383,35.697012],[139.469383,35.696982],[139.469383,35.696956],[139.469371,35.696946],[139.469329,35.696944],[139.46931,35.696921],[139.469284,35.696599],[139.469234,35.696205],[139.469227,35.696126],[139.469207,35.696036],[139.469143,35.695987],[139.469042,35.695953],[139.467276,35.695616],[139.467195,35.69558],[139.467159,35.695519],[139.467161,35.695246],[139.467193,35.695005],[139.467248,35.694743],[139.467295,35.694498],[139.467646,35.693535],[139.467724,35.693347],[139.468438,35.691447],[139.468672,35.690769],[139.468915,35.690094],[139.46909,35.689618],[139.469108,35.689595],[139.469152,35.689582],[139.469799,35.689645],[139.470445,35.689696],[139.471239,35.689827],[139.471975,35.689956],[139.472173,35.689968],[139.472356,35.689976],[139.472378,35.689985],[139.472377,35.690028],[139.472379,35.690064],[139.4724,35.690064]]},"properties":{"id":"F010:ROT_000006:SHP_000006","feed_id":"F010","feed_slug":"kokubunji-bunbus","municipality":"国分寺市","service_name":"ぶんバス","license":"CC BY 4.0","source_route_id":"ROT_000006","route_short_name":null,"route_long_name":"万葉・けやきルート","route_desc":null,"route_type":3,"route_url":null,"route_color":"920783","route_text_color":"FFFFFF","directions":[],"geometry_source":"shapes.txt"}},{"type":"Feature","id":"F012:1:SHP0001","geometry":{"type":"LineString","coordinates":[[139.421538412571,35.6818230789999],[139.421321153641,35.6818535812847],[139.421130716801,35.6818971559774],[139.42045211792,35.6820758122173],[139.420264363289,35.6821346380524],[139.420277774334,35.6821673190719],[139.420397422286,35.6824435403619],[139.420481622219,35.6826379257526],[139.420747160912,35.6833285846312],[139.420749843121,35.6833351208351],[139.420991241932,35.683940809063],[139.421015381813,35.6840344946522],[139.42103148,35.68407153],[139.421337246895,35.6847751857199],[139.421424427101,35.6850095649906],[139.421562309772,35.6853802550971],[139.421683251858,35.6857054013584],[139.421829191621,35.6860609983136],[139.422010481358,35.6865027290484],[139.422109723091,35.6866857222888],[139.42325502634,35.6866661158702],[139.423107504845,35.6862957724076],[139.422988236877,35.6859933825466],[139.422909021378,35.6857925409966],[139.422772228718,35.6854439824436],[139.4224396348,35.6855158726452],[139.42213922739,35.6855899413377],[139.421683251858,35.6857054013584],[139.421562309772,35.6853802550971],[139.421424427101,35.6850095649906],[139.421337246895,35.6847751857199],[139.42103148,35.68407153],[139.421015381813,35.6840344946522],[139.421302378178,35.6839669538786],[139.421482086182,35.6839255579206],[139.421626925468,35.6838906981665],[139.421842096586,35.6838403373683],[139.422259926796,35.6837425442114],[139.422506690025,35.683685897111],[139.422866106033,35.6836118201335],[139.422951936722,35.6835922115218],[139.423611760139,35.6834375213628],[139.423778057098,35.683407019078],[139.424008727074,35.6833547294468],[139.424113333225,35.6833351208351],[139.424319863319,35.6832937248771],[139.424408376217,35.683276295],[139.424783885479,35.6831935030839],[139.4249984622,35.6831499283913],[139.425083712779,35.6831335521064],[139.425395429134,35.6830736726791],[139.42576020956,35.6830017744363],[139.426358342171,35.6828710503583],[139.426634609699,35.6828187607271],[139.426819682121,35.6827860797076],[139.427490234375,35.6826662493028],[139.427527785301,35.6826575343643],[139.427828192711,35.6826074234677],[139.428210496262,35.6825569288679],[139.428488016129,35.6825202740824],[139.429177343845,35.6824461971049],[139.429359734058,35.6824527333088],[139.429973959923,35.6824113373507],[139.430073201656,35.6824091586161],[139.430148303509,35.6824026224122],[139.430569410324,35.6823764775966],[139.430969059467,35.6823481540464],[139.431116580963,35.6823394391079],[139.431231915951,35.682332902904],[139.431282146568,35.6823298235164],[139.431374073029,35.6823241879654],[139.431781768799,35.6823002218845],[139.431835412979,35.6829908807631],[139.431864917278,35.6833351208351],[139.431870281696,35.6834200914858],[139.431923859618,35.6836846983849],[139.431937336922,35.68375125915],[139.432007074356,35.6839996348981],[139.432028532028,35.684071533141],[139.432090222836,35.6842632403452],[139.432130455971,35.6843917713116],[139.432194828987,35.6845900139886],[139.432393312454,35.6850605680352],[139.432401359081,35.6851019593634],[139.432060718536,35.6851477076735],[139.432009756565,35.6851651356012],[139.431982934475,35.6851934559836]]},"properties":{"id":"F012:1:SHP0001","feed_id":"F012","feed_slug":"kunitachi-aoyagikko","municipality":"国立市","service_name":"あおやぎっこ","license":"CC BY 4.0","source_route_id":"1","route_short_name":null,"route_long_name":"あおやぎっこ　緑川方面・矢川駅止まり","route_desc":null,"route_type":3,"route_url":null,"route_color":"305496","route_text_color":"FFFFFF","directions":["1"],"geometry_source":"shapes.txt"}},{"type":"Feature","id":"F012:1:SHP0002","geometry":{"type":"LineString","coordinates":[[139.432514005301,35.6855541504892],[139.43246036768,35.6854091265883],[139.432441592216,35.6853045590224],[139.432401359081,35.6851019593634],[139.432393312454,35.6850605680352],[139.432194828987,35.6845900139886],[139.432130455971,35.6843917713116],[139.432090222836,35.6842632403452],[139.432028532028,35.684071533141],[139.432007074356,35.6839996348981],[139.431937336922,35.68375125915],[139.431923859618,35.6836846983849],[139.431870281696,35.6834200914858],[139.431864917278,35.6833351208351],[139.431835412979,35.6829908807631],[139.431781768799,35.6823002218845],[139.431374073029,35.6823241879654],[139.431282146568,35.6823298235164],[139.431231915951,35.682332902904],[139.431116580963,35.6823394391079],[139.430969059467,35.6823481540464],[139.430569410324,35.6823764775966],[139.430148303509,35.6824026224122],[139.430073201656,35.6824091586161],[139.429973959923,35.6824113373507],[139.429359734058,35.6824527333088],[139.429177343845,35.6824461971049],[139.428488016129,35.6825202740824],[139.428210496262,35.6825569288679],[139.427828192711,35.6826074234677],[139.427527785301,35.6826575343643],[139.427490234375,35.6826662493028],[139.426819682121,35.6827860797076],[139.426634609699,35.6828187607271],[139.426358342171,35.6828710503583],[139.42576020956,35.6830017744363],[139.425395429134,35.6830736726791],[139.425083712779,35.6831335521064],[139.4249984622,35.6831499283913],[139.424783885479,35.6831935030839],[139.424408376217,35.683276295],[139.424319863319,35.6832937248771],[139.424113333225,35.6833351208351],[139.424008727074,35.6833547294468],[139.423778057098,35.683407019078],[139.423611760139,35.6834375213628],[139.422951936722,35.6835922115218],[139.422866106033,35.6836118201335],[139.422506690025,35.683685897111],[139.422396719456,35.6833351208351],[139.422313570976,35.683062779006],[139.422286748886,35.6829451273358],[139.422284066677,35.6828797652968],[139.422391355038,35.6828449055427],[139.422233104706,35.6823285454347],[139.42205876112,35.6816988911258],[139.421879053116,35.6817555382262],[139.421538412571,35.6818230789999],[139.421321153641,35.6818535812847],[139.421130716801,35.6818971559774],[139.42045211792,35.6820758122173],[139.420264363289,35.6821346380524],[139.420277774334,35.6821673190719],[139.420397422286,35.6824435403619],[139.420481622219,35.6826379257526],[139.420747160912,35.6833285846312],[139.420749843121,35.6833351208351],[139.420991241932,35.683940809063],[139.421015381813,35.6840344946522],[139.42103148,35.68407153],[139.421337246895,35.6847751857199],[139.421424427101,35.6850095649906],[139.421562309772,35.6853802550971],[139.421683251858,35.6857054013584],[139.421829191621,35.6860609983136],[139.422010481358,35.6865027290484],[139.422109723091,35.6866857222888],[139.42325502634,35.6866661158702],[139.423107504845,35.6862957724076],[139.422988236877,35.6859933825466],[139.422909021378,35.6857925409966],[139.422772228718,35.6854439824436],[139.4224396348,35.6855158726452],[139.42213922739,35.6855899413377],[139.421683251858,35.6857054013584],[139.421562309772,35.6853802550971],[139.421424427101,35.6850095649906],[139.421337246895,35.6847751857199],[139.42103148,35.68407153],[139.421015381813,35.6840344946522],[139.421302378178,35.6839669538786],[139.421482086182,35.6839255579206],[139.421626925468,35.6838906981665],[139.421842096586,35.6838403373683],[139.422259926796,35.6837425442114],[139.422506690025,35.683685897111],[139.422866106033,35.6836118201335],[139.422951936722,35.6835922115218],[139.423611760139,35.6834375213628],[139.423778057098,35.683407019078],[139.424008727074,35.6833547294468],[139.424113333225,35.6833351208351],[139.424319863319,35.6832937248771],[139.424408376217,35.683276295],[139.424783885479,35.6831935030839],[139.4249984622,35.6831499283913],[139.425083712779,35.6831335521064],[139.425395429134,35.6830736726791],[139.42576020956,35.6830017744363],[139.426358342171,35.6828710503583],[139.426634609699,35.6828187607271],[139.426819682121,35.6827860797076],[139.427490234375,35.6826662493028],[139.427527785301,35.6826575343643],[139.427828192711,35.6826074234677],[139.428210496262,35.6825569288679],[139.428488016129,35.6825202740824],[139.429177343845,35.6824461971049],[139.429359734058,35.6824527333088],[139.429973959923,35.6824113373507],[139.430073201656,35.6824091586161],[139.430148303509,35.6824026224122],[139.430569410324,35.6823764775966],[139.430969059467,35.6823481540464],[139.431116580963,35.6823394391079],[139.431231915951,35.682332902904],[139.431282146568,35.6823298235164],[139.431374073029,35.6823241879654],[139.431781768799,35.6823002218845],[139.431835412979,35.6829908807631],[139.431864917278,35.6833351208351],[139.431870281696,35.6834200914858],[139.431923859618,35.6836846983849],[139.431937336922,35.68375125915],[139.432007074356,35.6839996348981],[139.432028532028,35.684071533141],[139.432090222836,35.6842632403452],[139.432130455971,35.6843917713116],[139.432194828987,35.6845900139886],[139.432393312454,35.6850605680352],[139.432401359081,35.6851019593634],[139.432060718536,35.6851477076735],[139.432009756565,35.6851651356012],[139.431982934475,35.6851934559836]]},"properties":{"id":"F012:1:SHP0002","feed_id":"F012","feed_slug":"kunitachi-aoyagikko","municipality":"国立市","service_name":"あおやぎっこ","license":"CC BY 4.0","source_route_id":"1","route_short_name":null,"route_long_name":"あおやぎっこ　緑川方面・矢川駅止まり","route_desc":null,"route_type":3,"route_url":null,"route_color":"305496","route_text_color":"FFFFFF","directions":["1"],"geometry_source":"shapes.txt"}},{"type":"Feature","id":"F012:2:SHP0003","geometry":{"type":"LineString","coordinates":[[139.432514005301,35.6855541504892],[139.43246036768,35.6854091265883],[139.432441592216,35.6853045590224],[139.432401359081,35.6851019593634],[139.432393312454,35.6850605680352],[139.432194828987,35.6845900139886],[139.432130455971,35.6843917713116],[139.432090222836,35.6842632403452],[139.432028532028,35.684071533141],[139.432007074356,35.6839996348981],[139.431937336922,35.68375125915],[139.431923859618,35.6836846983849],[139.431870281696,35.6834200914858],[139.431864917278,35.6833351208351],[139.431835412979,35.6829908807631],[139.431781768799,35.6823002218845],[139.431374073029,35.6823241879654],[139.431282146568,35.6823298235164],[139.431231915951,35.682332902904],[139.431116580963,35.6823394391079],[139.430969059467,35.6823481540464],[139.430569410324,35.6823764775966],[139.430148303509,35.6824026224122],[139.430073201656,35.6824091586161],[139.429973959923,35.6824113373507],[139.429359734058,35.6824527333088],[139.429177343845,35.6824461971049],[139.428488016129,35.6825202740824],[139.428210496262,35.6825569288679],[139.427828192711,35.6826074234677],[139.427527785301,35.6826575343643],[139.427490234375,35.6826662493028],[139.426819682121,35.6827860797076],[139.426634609699,35.6828187607271],[139.426358342171,35.6828710503583],[139.42576020956,35.6830017744363],[139.425395429134,35.6830736726791],[139.425083712779,35.6831335521064],[139.4249984622,35.6831499283913],[139.424783885479,35.6831935030839],[139.424408376217,35.683276295],[139.424319863319,35.6832937248771],[139.424113333225,35.6833351208351],[139.424008727074,35.6833547294468],[139.423778057098,35.683407019078],[139.423611760139,35.6834375213628],[139.422951936722,35.6835922115218],[139.422866106033,35.6836118201335],[139.422506690025,35.683685897111],[139.422396719456,35.6833351208351],[139.422313570976,35.683062779006],[139.422286748886,35.6829451273358],[139.422284066677,35.6828797652968],[139.422391355038,35.6828449055427],[139.422233104706,35.6823285454347],[139.42205876112,35.6816988911258],[139.421879053116,35.6817555382262],[139.421538412571,35.6818230789999],[139.421321153641,35.6818535812847],[139.421130716801,35.6818971559774],[139.42045211792,35.6820758122173],[139.420264363289,35.6821346380524],[139.420277774334,35.6821673190719],[139.420397422286,35.6824435403619],[139.420481622219,35.6826379257526],[139.420747160912,35.6833285846312],[139.420749843121,35.6833351208351],[139.420991241932,35.683940809063],[139.421015381813,35.6840344946522],[139.42103148,35.68407153],[139.421337246895,35.6847751857199],[139.421424427101,35.6850095649906],[139.421562309772,35.6853802550971],[139.421683251858,35.6857054013584],[139.421829191621,35.6860609983136],[139.422010481358,35.6865027290484],[139.422109723091,35.6866857222888],[139.42325502634,35.6866661158702],[139.423107504845,35.6862957724076],[139.422988236877,35.6859933825466],[139.422909021378,35.6857925409966],[139.422772228718,35.6854439824436],[139.4224396348,35.6855158726452],[139.42213922739,35.6855899413377],[139.421683251858,35.6857054013584],[139.421562309772,35.6853802550971],[139.421424427101,35.6850095649906],[139.421337246895,35.6847751857199],[139.42103148,35.68407153],[139.421015381813,35.6840344946522],[139.421302378178,35.6839669538786],[139.421482086182,35.6839255579206],[139.421626925468,35.6838906981665],[139.421842096586,35.6838403373683],[139.422259926796,35.6837425442114],[139.422506690025,35.683685897111],[139.422866106033,35.6836118201335],[139.422951936722,35.6835922115218],[139.423611760139,35.6834375213628],[139.423778057098,35.683407019078],[139.424008727074,35.6833547294468],[139.424113333225,35.6833351208351],[139.424319863319,35.6832937248771],[139.424408376217,35.683276295],[139.424783885479,35.6831935030839],[139.4249984622,35.6831499283913],[139.425083712779,35.6831335521064],[139.425395429134,35.6830736726791],[139.42576020956,35.6830017744363],[139.426358342171,35.6828710503583],[139.426634609699,35.6828187607271],[139.426819682121,35.6827860797076],[139.427490234375,35.6826662493028],[139.427527785301,35.6826575343643],[139.427828192711,35.6826074234677],[139.428210496262,35.6825569288679],[139.428488016129,35.6825202740824],[139.429177343845,35.6824461971049],[139.429359734058,35.6824527333088],[139.429973959923,35.6824113373507],[139.430073201656,35.6824091586161],[139.430148303509,35.6824026224122],[139.430569410324,35.6823764775966],[139.430969059467,35.6823481540464],[139.431116580963,35.6823394391079],[139.431231915951,35.682332902904],[139.431282146568,35.6823298235164],[139.431374073029,35.6823241879654],[139.431781768799,35.6823002218845],[139.431835412979,35.6829908807631],[139.431864917278,35.6833351208351],[139.431870281696,35.6834200914858],[139.431923859618,35.6836846983849],[139.431937336922,35.68375125915],[139.432007074356,35.6839996348981],[139.432028532028,35.684071533141],[139.432090222836,35.6842632403452],[139.432130455971,35.6843917713116],[139.432194828987,35.6845900139886],[139.432393312454,35.6850605680352],[139.432401359081,35.6851019593634],[139.432060718536,35.6851477076735],[139.432009756565,35.6851651356012],[139.431982934475,35.6851934559836],[139.431964159012,35.6852304903299],[139.431966841221,35.6852784171309],[139.431993663311,35.6853132729862],[139.432025849819,35.6853372363867],[139.432071447372,35.6853481288415],[139.432441592216,35.6853045590224],[139.43246036768,35.6854091265883],[139.432514005301,35.6855541504892],[139.432664215565,35.6859602848003],[139.43286806345,35.6863959829916],[139.433332085609,35.6863436992086],[139.433731734753,35.6862914154257],[139.434316456318,35.6862151682422],[139.435544908047,35.6860692093481],[139.435794353485,35.6860278180199],[139.436073303223,35.6859994976375],[139.436421990395,35.6859472138545],[139.43652177655,35.6859354014318],[139.436711441783,35.6859129493601],[139.437084496021,35.6858687881801],[139.437328577042,35.6858426462886],[139.437881112099,35.6857685775961],[139.437993764877,35.6857620421232],[139.4384765625,35.6856945089036],[139.438699185848,35.6856618315392],[139.439088106155,35.6856139047382],[139.439198339519,35.6856001306504],[139.439332187176,35.6855834058648],[139.439460933208,35.6855681564281],[139.439857900143,35.685524586609],[139.43978279829,35.6853089160043],[139.439755012199,35.6848956418524],[139.439739882946,35.684670618154],[139.439715743065,35.6844331626398],[139.439699649811,35.684071533141],[139.439696967602,35.683988741225],[139.4404104352,35.6837817614348],[139.440520405769,35.6837447229461],[139.440700113773,35.683685897111],[139.440796673298,35.6837447229461],[139.440842270851,35.6838427660045],[139.440987110138,35.6837991913119],[139.441129267216,35.6837185781305],[139.441164135933,35.6836553948261],[139.441067576408,35.6835595305023],[139.44160670042,35.6833743380585],[139.441665709019,35.6833460145083],[139.441692531109,35.6833351208351],[139.441794455051,35.6832871886732],[139.441944658756,35.6832174691649],[139.442384541035,35.6830562428021],[139.443095326424,35.6828035095847],[139.443642497063,35.6826161384062],[139.444090425968,35.6824505545741],[139.444165527821,35.6824222310239],[139.444380104542,35.6828274756656],[139.444516897202,35.6831063536986],[139.444637596607,35.6833351208351],[139.444660816449,35.6833817192712],[139.444728791714,35.6835181345443],[139.444908499718,35.6839212004513],[139.444484710693,35.684071533141],[139.444205760956,35.684171743725],[139.443865120411,35.6842784897819],[139.442794919014,35.6846640826812],[139.442671537399,35.684670618154],[139.4420170784,35.6849037166864],[139.441665709019,35.6850300691619],[139.441435039043,35.6851128518182],[139.441005885601,35.6852675246761],[139.440759122372,35.6853307009139],[139.439857900143,35.685524586609],[139.439460933208,35.6855681564281],[139.439332187176,35.6855834058648],[139.439198339519,35.6856001306504],[139.439088106155,35.6856139047382],[139.438699185848,35.6856618315392],[139.4384765625,35.6856945089036],[139.437993764877,35.6857620421232],[139.437881112099,35.6857685775961],[139.437328577042,35.6858426462886],[139.437084496021,35.6858687881801],[139.436711441783,35.6859129493601],[139.43652177655,35.6859354014318],[139.436421990395,35.6859472138545],[139.436073303223,35.6859994976375],[139.435794353485,35.6860278180199],[139.435544908047,35.6860692093481],[139.434316456318,35.6862151682422],[139.433731734753,35.6862914154257],[139.433332085609,35.6863436992086],[139.43286806345,35.6863959829916],[139.432664215565,35.6859602848003],[139.432514005301,35.6855541504892]]},"properties":{"id":"F012:2:SHP0003","feed_id":"F012","feed_slug":"kunitachi-aoyagikko","municipality":"国立市","service_name":"あおやぎっこ","license":"CC BY 4.0","source_route_id":"2","route_short_name":null,"route_long_name":"あおやぎっこ　緑川・矢川駅・市役所循環","route_desc":null,"route_type":3,"route_url":null,"route_color":"00B050","route_text_color":"FFFFFF","directions":["1"],"geometry_source":"shapes.txt"}},{"type":"Feature","id":"F011:1:SHP0002","geometry":{"type":"LineString","coordinates":[[139.430165442381,35.6996517281988],[139.430408312067,35.6996745061978],[139.430904686451,35.6997210596208],[139.431202411652,35.6997515550824],[139.43136431883,35.6997691375591],[139.431663751602,35.6998016547692],[139.431827366352,35.6998190807473],[139.43229675293,35.6998800716704],[139.432682693551,35.6999276599143],[139.432809054852,35.6999432408408],[139.433332085609,35.6999955187749],[139.4333589077,35.6999998752694],[139.433372318745,35.7000020535167],[139.433624868988,35.7000307553386],[139.434292316437,35.7001066093849],[139.434525668621,35.7001392830937],[139.434828678045,35.7001831049918],[139.434917271137,35.7001959175223],[139.435284733772,35.7002481954564],[139.435330331326,35.7002525519509],[139.435555636883,35.700278690918],[139.435732662678,35.7003026516378],[139.435869455338,35.7003222558631],[139.436218142509,35.7003549295719],[139.436746537685,35.7003810685389],[139.436939213372,35.7003906096209],[139.437065235405,35.7003968500893],[139.437406361103,35.7004137422478],[139.437929391861,35.7004333464731],[139.438280761242,35.7004507724511],[139.4384765625,35.7004573071929],[139.438539482749,35.70045842613],[139.438640686277,35.7004602258747],[139.438844025135,35.7004638419346],[139.439168572426,35.7004725549236],[139.439970552921,35.700518298116],[139.440128803253,35.700158887319],[139.440120756626,35.7000020535167],[139.440077841282,35.6997341291043],[139.440064430237,35.6995250173679],[139.440067112446,35.6992418452248],[139.440447986126,35.6991982802797],[139.440445303917,35.6991743195599],[139.44095492363,35.6991982802797],[139.441287125599,35.6992151418019],[139.441454419926,35.6992236331332],[139.441641569138,35.6992331322358],[139.441665709019,35.6992353104831],[139.442094862461,35.6992592712029],[139.442411363125,35.6993594705766],[139.442599117756,35.6993333316095],[139.442760050297,35.6993442228458],[139.443108737469,35.6993572923293],[139.443468153477,35.6993703618128],[139.443819522858,35.6993856095436],[139.444498121738,35.6994117485107],[139.446069896221,35.699466204692],[139.44621587313,35.6995615458682],[139.446576833725,35.6997972982747],[139.44677826804,35.6997036077054],[139.446635842323,35.6995120461555],[139.446271061897,35.6994902642417]]},"properties":{"id":"F011:1:SHP0002","feed_id":"F011","feed_slug":"kunitachi-kunikko","municipality":"国立市","service_name":"くにっこ","license":"CC0 1.0","source_route_id":"1","route_short_name":null,"route_long_name":"くにっこ北ルート","route_desc":null,"route_type":3,"route_url":null,"route_color":"0041FF","route_text_color":"FFFFFF","directions":["1"],"geometry_source":"shapes.txt"}},{"type":"Feature","id":"F011:1:SHP0003","geometry":{"type":"LineString","coordinates":[[139.446271061897,35.6994902642417],[139.44621587313,35.6995615458682],[139.446069896221,35.699466204692],[139.444498121738,35.6994117485107],[139.443819522858,35.6993856095436],[139.443468153477,35.6993703618128],[139.443108737469,35.6993572923293],[139.442760050297,35.6993442228458],[139.442599117756,35.6993333316095],[139.442411363125,35.6993594705766],[139.442094862461,35.6992592712029],[139.441665709019,35.6992353104831],[139.441641569138,35.6992331322358],[139.441454419926,35.6992236331332],[139.441287125599,35.6992151418019],[139.44095492363,35.6991982802797],[139.440445303917,35.6991743195599],[139.440447986126,35.6991982802797],[139.440067112446,35.6992418452248],[139.440064430237,35.6995250173679],[139.440077841282,35.6997341291043],[139.440120756626,35.7000020535167],[139.440128803253,35.700158887319],[139.439970552921,35.700518298116],[139.439168572426,35.7004725549236],[139.438844025135,35.7004638419346],[139.438640686277,35.7004602258747],[139.438539482749,35.70045842613],[139.4384765625,35.7004573071929],[139.438280761242,35.7004507724511],[139.437929391861,35.7004333464731],[139.437406361103,35.7004137422478],[139.437065235405,35.7003968500893],[139.436939213372,35.7003906096209],[139.436746537685,35.7003810685389],[139.436218142509,35.7003549295719],[139.435869455338,35.7003222558631],[139.435732662678,35.7003026516378],[139.435555636883,35.700278690918],[139.435330331326,35.7002525519509],[139.435284733772,35.7002481954564],[139.434917271137,35.7001959175223],[139.434828678045,35.7001831049918],[139.434525668621,35.7001392830937],[139.434292316437,35.7001066093849],[139.433624868988,35.7000307553386],[139.433372318745,35.7000020535167],[139.4333589077,35.6999998752694],[139.433332085609,35.6999955187749],[139.432809054852,35.6999432408408],[139.432682693551,35.6999276599143],[139.43229675293,35.6998800716704],[139.431827366352,35.6998190807473],[139.431663751602,35.6998016547692],[139.43136431883,35.6997691375591],[139.431202411652,35.6997515550824],[139.430904686451,35.6997210596208],[139.430408312067,35.6996745061978]]},"properties":{"id":"F011:1:SHP0003","feed_id":"F011","feed_slug":"kunitachi-kunikko","municipality":"国立市","service_name":"くにっこ","license":"CC0 1.0","source_route_id":"1","route_short_name":null,"route_long_name":"くにっこ北ルート","route_desc":null,"route_type":3,"route_url":null,"route_color":"0041FF","route_text_color":"FFFFFF","directions":["0"],"geometry_source":"shapes.txt"}},{"type":"Feature","id":"F011:2:SHP0001","geometry":{"type":"LineString","coordinates":[[139.446271061897,35.6994902642417],[139.44621587313,35.6995615458682],[139.446069896221,35.699466204692],[139.444498121738,35.6994117485107],[139.443819522858,35.6993856095436],[139.443468153477,35.6993703618128],[139.443108737469,35.6993572923293],[139.442760050297,35.6993442228458],[139.442599117756,35.6993333316095],[139.442411363125,35.6993594705766],[139.442094862461,35.6992592712029],[139.441665709019,35.6992353104831],[139.441641569138,35.6992331322358],[139.441454419926,35.6992236331332],[139.441287125599,35.6992151418019],[139.44095492363,35.6991982802797],[139.440445303917,35.6991743195599],[139.440447986126,35.6991982802797],[139.440067112446,35.6992418452248],[139.440064430237,35.6995250173679],[139.440077841282,35.6997341291043],[139.440120756626,35.7000020535167],[139.440128803253,35.700158887319],[139.439970552921,35.700518298116],[139.439168572426,35.7004725549236],[139.438844025135,35.7004638419346],[139.438640686277,35.7004602258747],[139.438539482749,35.70045842613],[139.4384765625,35.7004573071929],[139.438280761242,35.7004507724511],[139.437929391861,35.7004333464731],[139.437406361103,35.7004137422478],[139.437065235405,35.7003968500893],[139.436939213372,35.7003906096209],[139.436746537685,35.7003810685389],[139.436218142509,35.7003549295719],[139.435869455338,35.7003222558631],[139.435732662678,35.7003026516378],[139.435555636883,35.700278690918],[139.435330331326,35.7002525519509],[139.435284733772,35.7002481954564],[139.434917271137,35.7001959175223],[139.434828678045,35.7001831049918],[139.434525668621,35.7001392830937],[139.434292316437,35.7001066093849],[139.433624868988,35.7000307553386],[139.433372318745,35.7000020535167],[139.4333589077,35.6999998752694],[139.433332085609,35.6999955187749],[139.432809054852,35.6999432408408],[139.432682693551,35.6999276599143],[139.43229675293,35.6998800716704],[139.431827366352,35.6998190807473],[139.431663751602,35.6998016547692],[139.43136431883,35.6997691375591],[139.431202411652,35.6997515550824],[139.430904686451,35.6997210596208],[139.430408312067,35.6996745061978],[139.430165442381,35.6996517281988],[139.429882764816,35.6996252167416],[139.429338276386,35.6995467998405],[139.429375827312,35.6991329328621],[139.429402649403,35.6988388694827],[139.42943751812,35.6983857940538],[139.429472386837,35.6980046007842],[139.429507255554,35.6976168727729],[139.429732561111,35.6975275646355],[139.430027604103,35.6974142957783],[139.430156350136,35.6973750873277],[139.43074722721,35.6971939582638],[139.431108534336,35.6970832021956],[139.431446492672,35.6969633985966],[139.431484043598,35.6970243895197],[139.431524276733,35.6970418154977],[139.431835412979,35.6970418154977],[139.431993663311,35.697052706734],[139.432138502598,35.6970592414758],[139.432468956585,35.6970717651666],[139.43254083395,35.6970744892066],[139.432787597179,35.6970853804428],[139.432838559151,35.6970875586901],[139.433155059814,35.6970984499264],[139.433332085609,35.6971006281736],[139.433611035347,35.6971028064209],[139.434166252613,35.6971180541516],[139.43436473608,35.6971245888934],[139.43474560976,35.6971354801297],[139.435062110424,35.6971441931187],[139.435139894485,35.697146371366],[139.43550012386,35.697157264024],[139.43564414978,35.6971616190967],[139.436084032059,35.697172510333],[139.436333477497,35.6971790450748],[139.43667948246,35.6971877580638],[139.436859190464,35.6971921145583],[139.437004029751,35.6971964710528],[139.437210559845,35.6972030057946],[139.437309801579,35.6972073622891],[139.437516331673,35.6972138970308],[139.437669217587,35.6972204317726],[139.4384765625,35.6972443924924],[139.438559710979,35.6972465707397],[139.438846707344,35.6972596402232],[139.439200758934,35.6972705314595],[139.439300313775,35.6972740213628],[139.439573585987,35.697283600943],[139.439774751663,35.6972857791902],[139.439978599548,35.6972901356848],[139.440142214298,35.6972966704265],[139.440319240093,35.6972988486738],[139.440474808216,35.6973032051683],[139.44057404995,35.69730973991],[139.44065451622,35.6973119181573],[139.440979063511,35.6973206311463],[139.441030025482,35.6973293441353],[139.441357254982,35.6973402353716],[139.441664257661,35.6973489073637],[139.441665709019,35.6973489483606],[139.442046582699,35.6973598395969],[139.442199468613,35.6973641960914],[139.442574977875,35.6973750873277],[139.442819058895,35.6973816220694],[139.44304972887,35.697385978564],[139.443720281124,35.6973990480475],[139.443698823452,35.6981026219107],[139.44367736578,35.6985818363067],[139.443666636944,35.6988149087629],[139.444503486156,35.6988432259772],[139.445383250713,35.6988650084498],[139.445616192116,35.698871110834],[139.446214735508,35.6988867909223],[139.446313977242,35.6988824344278],[139.446348845959,35.6988257999992],[139.446480146981,35.6988304767886],[139.446543641764,35.6987776935428],[139.446592926979,35.6987953045376],[139.44667339325,35.6988061957739],[139.446748495102,35.6987953045376],[139.446810185909,35.6987648090761],[139.446855783463,35.69872995712],[139.446887969971,35.6986820356804],[139.446904063225,35.6986297577463],[139.446901381016,35.6985796580594],[139.446877241135,35.6985208453836],[139.446826279163,35.6984663892022],[139.446756541729,35.6984358937406],[139.446678757668,35.6984206460099],[139.44656342268,35.6984337154934],[139.446504414082,35.6984576762132],[139.446469545364,35.6984881716748],[139.446362257004,35.6984337154934],[139.446190595627,35.6983509420977],[139.446013569832,35.6982877729273],[139.4458553195,35.6982158907679],[139.445750713348,35.6981701475756],[139.444235265255,35.6974251870145],[139.443712234497,35.6971877580638],[139.443434463148,35.6970546189194],[139.443130105648,35.6969087367131],[139.442671537399,35.6966889394425],[139.442572295666,35.6966431962502],[139.441665709019,35.6962097250465],[139.441586611964,35.6961701486937],[139.441099762917,35.6959265529034],[139.440920054913,35.6958481360022],[139.440523026969,35.6956572445261],[139.439841806889,35.6953297131557],[139.438677728176,35.6947633688695],[139.4384765625,35.6946697042375],[139.437494874001,35.6942013810778],[139.437186419964,35.6940685079953],[139.436779956031,35.6938742297109],[139.436202049255,35.6935980065883],[139.436250329018,35.6935457286542],[139.436282515526,35.6929946320988],[139.436285197735,35.6929815611531],[139.436309337616,35.6924391169049],[139.436341524124,35.691733285835],[139.436346888542,35.6916679311063],[139.436350711819,35.6915778783789],[139.43635225296,35.6915415786308],[139.436373710632,35.691033990238],[139.436400190397,35.6904300055764],[139.436405897141,35.6902998387856],[139.436419308186,35.6900405983618],[139.436432719231,35.6897356096279],[139.436438083649,35.6895678658242],[139.436483681202,35.6888358928629],[139.43648904562,35.6887661811522],[139.436494410038,35.6886136867853],[139.436493845723,35.6885997075005],[139.436483681202,35.6883479108886],[139.436497092247,35.6882193799222],[139.436443448067,35.6879165696792],[139.436397850513,35.6877226839841],[139.436306655407,35.6871824182269],[139.43660256684,35.687154076322],[139.436875283718,35.687127955953],[139.437553882599,35.6870604227333],[139.43847656,35.68694496],[139.438771605492,35.6869079283664],[139.438935220242,35.6868839649658],[139.439243753512,35.6868429043025],[139.439331488202,35.6868312282696],[139.440048336983,35.6867358275808],[139.440670609474,35.6866726513431],[139.441190958023,35.6865876901958],[139.441665709019,35.6865375849038],[139.442089534552,35.6864827348736],[139.442153871059,35.686474408666],[139.442233734729,35.6864653445197],[139.442768096924,35.6864046969554],[139.442776143551,35.6864853011208],[139.442864656448,35.6869297132759],[139.442937076092,35.6872543084284],[139.442974627018,35.6873654114672],[139.444047510624,35.6872325235189],[139.444452524185,35.6871715257721],[139.444505330582,35.6871647875418],[139.44552809,35.6870342808418],[139.445469081402,35.6867118641803],[139.44544762373,35.6865876901958],[139.445426541206,35.6864975078419],[139.445407390594,35.6864155894102],[139.445404804445,35.6864025664886],[139.445340335369,35.6860779233119],[139.445318877697,35.6859145364902],[139.44528400898,35.6857511496685],[139.445243775845,35.6855594424643],[139.44514721632,35.6851150303092],[139.445135536384,35.6850375576559],[139.445131123066,35.6850082842523],[139.445098936558,35.6848906457406],[139.445074796677,35.6846945815546],[139.445067016443,35.6846480909698],[139.44503724575,35.684470196986],[139.444997012615,35.6842632403452],[139.444946050644,35.684071533141],[139.444908499718,35.6839212004513],[139.444728791714,35.6835181345443],[139.444659399255,35.6833788751947],[139.444637596607,35.6833351208351],[139.444516897202,35.6831063536986],[139.444425378548,35.682919775396],[139.444380104542,35.6828274756656],[139.444165527821,35.6824222310239],[139.444090425968,35.6824505545741],[139.443642497063,35.6826161384062],[139.443095326424,35.6828035095847],[139.442384541035,35.6830562428021],[139.441944658756,35.6832174691649],[139.441794455051,35.6832871886732],[139.441692531109,35.6833351208351],[139.441665709019,35.6833460145083],[139.44160670042,35.6833743380585],[139.441067576408,35.6835595305023],[139.440802037716,35.6836510373569],[139.440700113773,35.683685897111],[139.440796673298,35.6837447229461],[139.440842270851,35.6838427660045],[139.440987110138,35.6837991913119],[139.441129267216,35.6837185781305],[139.441164135933,35.6836553948261],[139.441067576408,35.6835595305023],[139.44160670042,35.6833743380585],[139.441665709019,35.6833460145083],[139.441692531109,35.6833351208351],[139.441794455051,35.6832871886732],[139.441944658756,35.6832174691649],[139.442384541035,35.6830562428021],[139.443095326424,35.6828035095847],[139.443642497063,35.6826161384062],[139.444090425968,35.6824505545741],[139.444165527821,35.6824222310239],[139.444380104542,35.6828274756656],[139.444425378548,35.682919775396],[139.444516897202,35.6831063536986],[139.444637596607,35.6833351208351],[139.444659399255,35.6833788751947],[139.444728791714,35.6835181345443],[139.444908499718,35.6839212004513],[139.444946050644,35.684071533141],[139.444997012615,35.6842632403452],[139.44503724575,35.684470196986],[139.445067016443,35.6846480909698],[139.445074796677,35.6846945815546],[139.445098936558,35.6848906457406],[139.445131123066,35.6850082842523],[139.445135536384,35.6850375576559],[139.44514721632,35.6851150303092],[139.445243775845,35.6855594424643],[139.44528400898,35.6857511496685],[139.445318877697,35.6859145364902],[139.445340335369,35.6860779233119],[139.445404804445,35.6864025664886],[139.445407390594,35.6864155894102],[139.445426541206,35.6864975078419],[139.44544762373,35.6865876901958],[139.445469081402,35.6867118641803],[139.44552809,35.6870342808418],[139.444505330582,35.6871647875418],[139.444452524185,35.6871715257721],[139.444047510624,35.6872325235189],[139.442974627018,35.6873654114672],[139.442937076092,35.6872543084284],[139.442864656448,35.6869297132759],[139.442776143551,35.6864853011208],[139.442768096924,35.6864046969554],[139.442233734729,35.6864653445197],[139.442153871059,35.686474408666],[139.442089534552,35.6864827348736],[139.441665709019,35.6865375849038],[139.441190958023,35.6865876901958],[139.440670609474,35.6866726513431],[139.440048336983,35.6867358275808],[139.439331488202,35.6868312282696],[139.439243753512,35.6868429043025],[139.438935220242,35.6868839649658],[139.438771605492,35.6869079283664],[139.438868165016,35.6874307661959],[139.438932538033,35.68782725155],[139.438970088959,35.6878838923149],[139.438970088959,35.68807],[139.438970088959,35.6881126338653],[139.438980817795,35.6882455218136],[139.438932538033,35.6889361034469],[139.438908398151,35.6896441130077],[139.438900351524,35.6898271062481],[139.438894987106,35.6899273168321],[139.438889622688,35.6900166349613],[139.438881576061,35.6901930927287],[139.438873529434,35.6903608365324],[139.438862800598,35.6906723607392],[139.43885743618,35.6908030701966],[139.438854753971,35.6909141732353],[139.438846707344,35.6911037019486],[139.43883263091,35.6913314801688],[139.438811838627,35.6916679311063],[139.438803792,35.6918117115094],[139.438793063164,35.692184233463],[139.438785016537,35.6925110071065],[139.438769084103,35.6927721664399],[139.438755512238,35.6929946320988],[139.438752830029,35.6930556230219],[139.438731372356,35.6936786017367],[139.438701868057,35.6942188070559],[139.438677728176,35.6947633688695],[139.439841806889,35.6953297131557],[139.440523026969,35.6956572445261],[139.440920054913,35.6958481360022],[139.441099762917,35.6959265529034],[139.441586611964,35.6961701486937],[139.441665709019,35.6962097250465],[139.442572295666,35.6966431962502],[139.442671537399,35.6966889394425],[139.443130105648,35.6969087367131],[139.443434463148,35.6970546189194],[139.443712234497,35.6971877580638],[139.443720281124,35.6973990480475],[139.443698823452,35.6981026219107],[139.44367736578,35.6985818363067],[139.443666636944,35.6988149087629],[139.444503486156,35.6988432259772],[139.445383250713,35.6988650084498],[139.445616192116,35.698871110834],[139.446214735508,35.6988867909223],[139.446313977242,35.6988824344278],[139.446348845959,35.6988257999992],[139.446480146981,35.6988304767886],[139.446543641764,35.6987776935428],[139.446592926979,35.6987953045376],[139.44667339325,35.6988061957739],[139.446748495102,35.6987953045376],[139.446810185909,35.6987648090761],[139.446855783463,35.69872995712],[139.446887969971,35.6986820356804],[139.446904063225,35.6986297577463],[139.446901381016,35.6985796580594],[139.446877241135,35.6985208453836],[139.446826279163,35.6984663892022],[139.446756541729,35.6984358937406],[139.446678757668,35.6984206460099],[139.44656342268,35.6984337154934],[139.446504414082,35.6984576762132],[139.446469545364,35.6984881716748],[139.446362257004,35.6984337154934],[139.446190595627,35.6983509420977],[139.446013569832,35.6982877729273],[139.4458553195,35.6982158907679],[139.445750713348,35.6981701475756],[139.444235265255,35.6974251870145],[139.443712234497,35.6971877580638],[139.443434463148,35.6970546189194],[139.443130105648,35.6969087367131],[139.442671537399,35.6966889394425],[139.442572295666,35.6966431962502],[139.44239795208,35.6966519092392],[139.442282617092,35.6966519092392],[139.441925883293,35.6966453744974],[139.441665709019,35.6966410180029],[139.44106221199,35.6966214137776],[139.440525770187,35.6966127007886],[139.440413117409,35.6966105225413],[139.439249038696,35.6965756705853],[139.439220735064,35.6965745760307],[139.439023733139,35.6965669575962],[139.438602626324,35.6965538881127],[139.4384765625,35.6965517098655],[139.437103271484,35.6965059666731],[139.436931610107,35.6964994319314],[139.43665266037,35.6964907189423],[139.436129629612,35.6964732929643],[139.435724616051,35.6964602234808],[139.435375928879,35.6964471539972],[139.435306191444,35.69644497575],[139.435054063797,35.696436262761],[139.434375464916,35.6964123020412],[139.434138339022,35.6964057741708],[139.434058964252,35.6964035890522],[139.433643221855,35.6963883413214],[139.433401823044,35.6963883413214],[139.433332085609,35.6963883413214],[139.433155059814,35.6963861630741],[139.43286806345,35.6963774500851],[139.432570338249,35.6963687370961],[139.432328939438,35.6963600241071],[139.432202875614,35.6963556676126],[139.431089758873,35.6963295286455],[139.430653081877,35.6963312093541],[139.430523812771,35.6963317068928],[139.43027973175,35.6963317068928],[139.429721832275,35.6963033896784],[139.429576992989,35.6963317068928],[139.429547488689,35.6969263683932],[139.429541221494,35.6970417337507],[139.429539442062,35.6970744892066],[139.429526031017,35.6972596402232],[139.429507255554,35.6976168727729],[139.429472386837,35.6980046007842],[139.42943751812,35.6983857940538],[139.429402649403,35.6988388694827],[139.429375827312,35.6991329328621],[139.429338276386,35.6995467998405],[139.429882764816,35.6996252167416],[139.430165442381,35.6996517281988],[139.430408312067,35.6996745061978],[139.430904686451,35.6997210596208],[139.431202411652,35.6997515550824],[139.43136431883,35.6997691375591],[139.431663751602,35.6998016547692],[139.431827366352,35.6998190807473],[139.43229675293,35.6998800716704],[139.432682693551,35.6999276599143],[139.432809054852,35.6999432408408],[139.433332085609,35.6999955187749],[139.4333589077,35.6999998752694],[139.433372318745,35.7000020535167],[139.433624868988,35.7000307553386],[139.434292316437,35.7001066093849],[139.434525668621,35.7001392830937],[139.434828678045,35.7001831049918],[139.434917271137,35.7001959175223],[139.435284733772,35.7002481954564],[139.435330331326,35.7002525519509],[139.435555636883,35.700278690918],[139.435732662678,35.7003026516378],[139.435869455338,35.7003222558631],[139.436218142509,35.7003549295719],[139.436746537685,35.7003810685389],[139.436939213372,35.7003906096209],[139.437065235405,35.7003968500893],[139.437406361103,35.7004137422478],[139.437929391861,35.7004333464731],[139.438280761242,35.7004507724511],[139.4384765625,35.7004573071929],[139.438539482749,35.70045842613],[139.438640686277,35.7004602258747],[139.438844025135,35.7004638419346],[139.439168572426,35.7004725549236],[139.439970552921,35.700518298116],[139.440128803253,35.700158887319],[139.440120756626,35.7000020535167],[139.440077841282,35.6997341291043],[139.440064430237,35.6995250173679],[139.440067112446,35.6992418452248],[139.440447986126,35.6991982802797],[139.440445303917,35.6991743195599],[139.44095492363,35.6991982802797],[139.441287125599,35.6992151418019],[139.441454419926,35.6992236331332],[139.441641569138,35.6992331322358],[139.441665709019,35.6992353104831],[139.442094862461,35.6992592712029],[139.442411363125,35.6993594705766],[139.442599117756,35.6993333316095],[139.442760050297,35.6993442228458],[139.443108737469,35.6993572923293],[139.443468153477,35.6993703618128],[139.443819522858,35.6993856095436],[139.444498121738,35.6994117485107],[139.446069896221,35.699466204692],[139.44621587313,35.6995615458682],[139.446576833725,35.6997972982747],[139.44677826804,35.6997036077054],[139.446635842323,35.6995120461555],[139.446271061897,35.6994902642417]]},"properties":{"id":"F011:2:SHP0001","feed_id":"F011","feed_slug":"kunitachi-kunikko","municipality":"国立市","service_name":"くにっこ","license":"CC0 1.0","source_route_id":"2","route_short_name":null,"route_long_name":"くにっこ北西中ルート","route_desc":null,"route_type":3,"route_url":null,"route_color":"FF9900","route_text_color":"000000","directions":["0"],"geometry_source":"shapes.txt"}},{"type":"Feature","id":"F023:10:fallback-0","geometry":{"type":"LineString","coordinates":[[142.192109,27.094564],[142.194712,27.094942],[142.196281,27.095342],[142.198214,27.098869],[142.199788,27.099802],[142.203705,27.099552],[142.207249,27.087027],[142.204013,27.07294],[142.202782,27.071198],[142.204714,27.067051],[142.196856,27.060263]]},"properties":{"id":"F023:10:fallback-0","feed_id":"F023","feed_slug":"ogasawara-village-bus","municipality":"小笠原村","service_name":"村営バス","license":"CC BY 4.0","source_route_id":"10","route_short_name":null,"route_long_name":"村営バス　扇浦線","route_desc":null,"route_type":3,"route_url":null,"route_color":null,"route_text_color":null,"directions":["0"],"geometry_source":"stop_times.txt fallback"}},{"type":"Feature","id":"F023:10:fallback-1","geometry":{"type":"LineString","coordinates":[[142.196856,27.060263],[142.204714,27.067051],[142.202782,27.071198],[142.204007,27.073012],[142.207259,27.086962],[142.203707,27.099458],[142.199875,27.099763],[142.198282,27.098813],[142.196303,27.095271],[142.194584,27.094849],[142.192078,27.094497]]},"properties":{"id":"F023:10:fallback-1","feed_id":"F023","feed_slug":"ogasawara-village-bus","municipality":"小笠原村","service_name":"村営バス","license":"CC BY 4.0","source_route_id":"10","route_short_name":null,"route_long_name":"村営バス　扇浦線","route_desc":null,"route_type":3,"route_url":null,"route_color":null,"route_text_color":null,"directions":["1"],"geometry_source":"stop_times.txt fallback"}},{"type":"Feature","id":"F023:11:fallback-0","geometry":{"type":"LineString","coordinates":[[142.192109,27.094564],[142.194712,27.094942],[142.196281,27.095342],[142.198214,27.098869],[142.199788,27.099802],[142.201679,27.099518],[142.203707,27.099458],[142.199875,27.099763],[142.198282,27.098813],[142.196209,27.098854],[142.194519,27.09895],[142.194892,27.100962],[142.19803,27.100582],[142.194892,27.100962],[142.194607,27.099826],[142.191627,27.09697],[142.189546,27.094576],[142.191478,27.093351],[142.192078,27.094497]]},"properties":{"id":"F023:11:fallback-0","feed_id":"F023","feed_slug":"ogasawara-village-bus","municipality":"小笠原村","service_name":"村営バス","license":"CC BY 4.0","source_route_id":"11","route_short_name":null,"route_long_name":"村営バス　ブルーライン","route_desc":null,"route_type":3,"route_url":null,"route_color":"C5D9F1","route_text_color":"000000","directions":["0"],"geometry_source":"stop_times.txt fallback"}},{"type":"Feature","id":"F023:12:fallback-0","geometry":{"type":"LineString","coordinates":[[142.192109,27.094564],[142.191551,27.093313],[142.189546,27.094576],[142.191627,27.09697],[142.194607,27.099826],[142.194892,27.100962],[142.19803,27.100582],[142.194892,27.100962],[142.194519,27.09895],[142.196209,27.098854],[142.198214,27.098869],[142.199788,27.099802],[142.201679,27.099518],[142.203707,27.099458],[142.199875,27.099763],[142.198282,27.098813],[142.196303,27.095271],[142.194584,27.094849],[142.192078,27.094497]]},"properties":{"id":"F023:12:fallback-0","feed_id":"F023","feed_slug":"ogasawara-village-bus","municipality":"小笠原村","service_name":"村営バス","license":"CC BY 4.0","source_route_id":"12","route_short_name":null,"route_long_name":"村営バス　オレンジライン","route_desc":null,"route_type":3,"route_url":null,"route_color":"FCD5B4","route_text_color":"000000","directions":["0"],"geometry_source":"stop_times.txt fallback"}},{"type":"Feature","id":"F003:000001:SHP_001001","geometry":{"type":"LineString","coordinates":[[139.762939,35.724423],[139.763009,35.72478],[139.762961,35.724833],[139.762216,35.725157],[139.761331,35.725122],[139.760944,35.725664],[139.760739,35.726536],[139.760588,35.727147],[139.760456,35.727729],[139.760347,35.728126],[139.7602,35.728394],[139.760009,35.728675],[139.759765,35.729041],[139.759606,35.729382],[139.759569,35.729533],[139.759425,35.729716],[139.759354,35.729754],[139.758772,35.729905],[139.758572,35.730049],[139.758025,35.730801],[139.757762,35.730896],[139.757458,35.730756],[139.755985,35.730528],[139.755074,35.730706],[139.75445,35.730785],[139.753332,35.730905],[139.751133,35.730507],[139.750775,35.730573],[139.750378,35.731043],[139.74932,35.732207],[139.748896,35.732669],[139.748316,35.733428],[139.747036,35.735167],[139.746936,35.735193],[139.743832,35.732981],[139.743208,35.732516],[139.742658,35.732123],[139.741401,35.731237],[139.742082,35.730557],[139.743098,35.729588],[139.744118,35.728613],[139.745495,35.727623],[139.745865,35.726957],[139.746155,35.725135],[139.74632,35.724795],[139.746641,35.724268],[139.747,35.72374],[139.748527,35.722246],[139.750147,35.720695],[139.751051,35.719826],[139.751342,35.719312],[139.751473,35.719333],[139.751658,35.71985],[139.751552,35.719898],[139.751221,35.719712],[139.751184,35.719629],[139.75148,35.719112],[139.752179,35.71509],[139.752392,35.713776],[139.75293,35.711124],[139.753663,35.708676],[139.753382,35.708395],[139.751886,35.708409],[139.751895,35.707969],[139.751892,35.707407],[139.75183,35.707015],[139.751712,35.706891],[139.751007,35.70688],[139.749686,35.706934],[139.748138,35.706804],[139.74756,35.704915],[139.747537,35.704777],[139.74744,35.703387],[139.747481,35.703355],[139.748597,35.703353],[139.749104,35.703331],[139.752695,35.703031],[139.752995,35.703434],[139.753287,35.70337],[139.753603,35.703402],[139.753742,35.703354],[139.753934,35.702864],[139.755074,35.702599],[139.755201,35.702721],[139.754741,35.70423],[139.754029,35.706758]]},"properties":{"id":"F003:000001:SHP_001001","feed_id":"F003","feed_slug":"bunkyo-b-guru","municipality":"文京区","service_name":"Bーぐる","license":"CC BY 4.0","source_route_id":"000001","route_short_name":null,"route_long_name":"千駄木・駒込ルート","route_desc":null,"route_type":3,"route_url":null,"route_color":"FF8000","route_text_color":"FFFFFF","directions":[],"geometry_source":"shapes.txt"}},{"type":"Feature","id":"F003:000001:SHP_001002","geometry":{"type":"LineString","coordinates":[[139.753976,35.706745],[139.753448,35.708572],[139.753029,35.709916],[139.752504,35.711846],[139.752247,35.713252],[139.751926,35.714999],[139.751463,35.717733],[139.751286,35.718888],[139.751338,35.719052],[139.751467,35.719269],[139.751536,35.719565],[139.751644,35.719813],[139.751772,35.720142],[139.752292,35.721745],[139.752628,35.722575],[139.752737,35.722649],[139.753273,35.722825],[139.754054,35.723035],[139.754241,35.722991],[139.754877,35.722107],[139.755722,35.721005],[139.756149,35.720491],[139.756234,35.720474],[139.757154,35.720481],[139.758415,35.720618],[139.759705,35.720637],[139.762015,35.72125],[139.762074,35.721302],[139.76224,35.722252],[139.762977,35.724798],[139.762961,35.724833],[139.762216,35.725157],[139.761331,35.725122],[139.760944,35.725664],[139.760739,35.726536],[139.760588,35.727147],[139.760456,35.727729],[139.760347,35.728126],[139.7602,35.728394],[139.760009,35.728675],[139.759765,35.729041],[139.759606,35.729382],[139.759569,35.729533],[139.759425,35.729716],[139.759354,35.729754],[139.758772,35.729905],[139.758572,35.730049],[139.758025,35.730801],[139.757762,35.730896],[139.757458,35.730756],[139.755985,35.730528],[139.755074,35.730706],[139.75445,35.730785],[139.753332,35.730905],[139.751133,35.730507],[139.750775,35.730573],[139.750378,35.731043],[139.74932,35.732207],[139.748896,35.732669],[139.748316,35.733428],[139.747036,35.735167],[139.746936,35.735193],[139.743832,35.732981],[139.743208,35.732516],[139.742658,35.732123],[139.741401,35.731237],[139.742082,35.730557],[139.743098,35.729588],[139.744118,35.728613],[139.745495,35.727623],[139.745865,35.726957],[139.746155,35.725135],[139.74632,35.724795],[139.746641,35.724268],[139.747,35.72374],[139.748527,35.722246],[139.750147,35.720695],[139.751051,35.719826],[139.751155,35.719622],[139.751376,35.719277],[139.751467,35.719269],[139.751536,35.719565],[139.751644,35.719813],[139.751622,35.719885],[139.751558,35.719896],[139.751183,35.719712],[139.751155,35.719622],[139.751376,35.719277],[139.751439,35.719057],[139.752179,35.71509],[139.752392,35.713776],[139.75293,35.711124],[139.753697,35.708521],[139.753553,35.708405],[139.751882,35.708448],[139.751829,35.708422],[139.751873,35.707894],[139.751878,35.707095],[139.751851,35.706925],[139.75176,35.706888],[139.751007,35.70688],[139.749686,35.706934],[139.748163,35.706821],[139.748105,35.706784],[139.747557,35.705023],[139.74752,35.704539],[139.74744,35.703387],[139.747481,35.703355],[139.748503,35.703363],[139.750504,35.703224],[139.752683,35.703042],[139.752716,35.703056],[139.752971,35.703413],[139.753,35.703428],[139.753205,35.703368],[139.753399,35.703346],[139.753668,35.703398],[139.753768,35.703338],[139.753914,35.702904],[139.75397,35.702856],[139.755208,35.702511],[139.755286,35.702577],[139.75466,35.704526],[139.754054,35.706549]]},"properties":{"id":"F003:000001:SHP_001002","feed_id":"F003","feed_slug":"bunkyo-b-guru","municipality":"文京区","service_name":"Bーぐる","license":"CC BY 4.0","source_route_id":"000001","route_short_name":null,"route_long_name":"千駄木・駒込ルート","route_desc":null,"route_type":3,"route_url":null,"route_color":"FF8000","route_text_color":"FFFFFF","directions":[],"geometry_source":"shapes.txt"}},{"type":"Feature","id":"F003:000001:SHP_001003","geometry":{"type":"LineString","coordinates":[[139.753976,35.706745],[139.753448,35.708572],[139.753029,35.709916],[139.752504,35.711846],[139.752359,35.712759],[139.751995,35.714598],[139.751629,35.716874],[139.751263,35.718895],[139.751448,35.719255],[139.751556,35.719582],[139.751658,35.719847],[139.751992,35.720804],[139.752301,35.721733],[139.75263,35.722563],[139.752753,35.722658],[139.75327,35.722817],[139.754089,35.723042],[139.754225,35.723008],[139.754877,35.722107],[139.755719,35.720997],[139.756133,35.720498],[139.756227,35.720465],[139.757154,35.720481],[139.757872,35.720555],[139.758479,35.720607],[139.75929,35.720637],[139.759706,35.720638],[139.7614,35.721087],[139.762018,35.721232],[139.76208,35.721291],[139.762079,35.72159],[139.762272,35.722243],[139.762929,35.724449],[139.763019,35.724787],[139.762993,35.724833],[139.762216,35.725157],[139.761366,35.725119],[139.761292,35.725151],[139.761242,35.725215],[139.761062,35.725503],[139.760958,35.725669],[139.76072,35.726651],[139.760606,35.727165],[139.760474,35.727761],[139.760341,35.728213],[139.760257,35.728361],[139.760011,35.728695],[139.759755,35.729108],[139.759635,35.729401],[139.759563,35.729565],[139.759463,35.729697],[139.759354,35.729754],[139.758772,35.729905],[139.758572,35.730049],[139.758025,35.730801],[139.757762,35.730896],[139.757458,35.730756],[139.755985,35.730528],[139.755074,35.730706],[139.75445,35.730785],[139.753332,35.730905],[139.751133,35.730507],[139.750775,35.730573],[139.750378,35.731043],[139.74932,35.732207],[139.748896,35.732669],[139.748316,35.733428],[139.747036,35.735167],[139.746936,35.735193],[139.743832,35.732981],[139.743208,35.732516],[139.742658,35.732123],[139.741401,35.731237],[139.742082,35.730557],[139.743098,35.729588],[139.744118,35.728613],[139.745495,35.727623],[139.745865,35.726957],[139.746155,35.725135],[139.74632,35.724795],[139.746641,35.724268],[139.747,35.72374],[139.748527,35.722246],[139.750147,35.720695],[139.751021,35.719806],[139.751162,35.719621],[139.751371,35.719267],[139.751448,35.719255],[139.751556,35.719582],[139.751658,35.719847],[139.751597,35.719901],[139.751183,35.719691],[139.751162,35.719621],[139.751371,35.719267],[139.751685,35.717762],[139.752119,35.71529],[139.752392,35.713776],[139.752596,35.712659],[139.75293,35.711124],[139.753663,35.708676],[139.753382,35.708395],[139.751925,35.708418],[139.751855,35.708349],[139.751885,35.7079]]},"properties":{"id":"F003:000001:SHP_001003","feed_id":"F003","feed_slug":"bunkyo-b-guru","municipality":"文京区","service_name":"Bーぐる","license":"CC BY 4.0","source_route_id":"000001","route_short_name":null,"route_long_name":"千駄木・駒込ルート","route_desc":null,"route_type":3,"route_url":null,"route_color":"FF8000","route_text_color":"FFFFFF","directions":[],"geometry_source":"shapes.txt"}},{"type":"Feature","id":"F003:000001:SHP_001004","geometry":{"type":"LineString","coordinates":[[139.753976,35.706745],[139.753448,35.708572],[139.753029,35.709916],[139.752504,35.711846],[139.752359,35.712759],[139.751995,35.714598],[139.751629,35.716874],[139.751263,35.718895],[139.751448,35.719255],[139.751556,35.719582],[139.751658,35.719847],[139.751992,35.720804],[139.752301,35.721733],[139.75263,35.722563],[139.752753,35.722658],[139.75327,35.722817],[139.754089,35.723042],[139.754225,35.723008],[139.754877,35.722107],[139.755719,35.720997],[139.756133,35.720498],[139.756227,35.720465],[139.757154,35.720481],[139.757872,35.720555],[139.758479,35.720607],[139.75929,35.720637],[139.759706,35.720638],[139.7614,35.721087],[139.762018,35.721232],[139.76208,35.721291],[139.762079,35.72159],[139.762272,35.722243],[139.762929,35.724449],[139.763019,35.724787],[139.762993,35.724833],[139.762216,35.725157],[139.761366,35.725119],[139.761292,35.725151],[139.761242,35.725215],[139.761062,35.725503],[139.760958,35.725669],[139.76072,35.726651],[139.760606,35.727165],[139.760474,35.727761],[139.760341,35.728213],[139.760257,35.728361],[139.760011,35.728695],[139.759755,35.729108],[139.759635,35.729401],[139.759563,35.729565],[139.759463,35.729697],[139.759354,35.729754],[139.758772,35.729905],[139.758572,35.730049],[139.758025,35.730801],[139.757762,35.730896],[139.757458,35.730756],[139.755985,35.730528],[139.755074,35.730706],[139.75445,35.730785],[139.753332,35.730905],[139.751133,35.730507],[139.750775,35.730573],[139.750378,35.731043],[139.74932,35.732207],[139.748896,35.732669],[139.748316,35.733428],[139.747036,35.735167],[139.746936,35.735193],[139.743832,35.732981],[139.743208,35.732516],[139.742658,35.732123],[139.741401,35.731237],[139.742082,35.730557],[139.743098,35.729588],[139.744118,35.728613],[139.745495,35.727623],[139.745865,35.726957],[139.746155,35.725135],[139.74632,35.724795],[139.746641,35.724268],[139.747,35.72374],[139.748527,35.722246],[139.750147,35.720695],[139.751021,35.719806],[139.751162,35.719621],[139.751371,35.719267],[139.751448,35.719255],[139.751556,35.719582]]},"properties":{"id":"F003:000001:SHP_001004","feed_id":"F003","feed_slug":"bunkyo-b-guru","municipality":"文京区","service_name":"Bーぐる","license":"CC BY 4.0","source_route_id":"000001","route_short_name":null,"route_long_name":"千駄木・駒込ルート","route_desc":null,"route_type":3,"route_url":null,"route_color":"FF8000","route_text_color":"FFFFFF","directions":[],"geometry_source":"shapes.txt"}},{"type":"Feature","id":"F003:000001:SHP_001005","geometry":{"type":"LineString","coordinates":[[139.753976,35.706745],[139.753448,35.708572],[139.753029,35.709916],[139.752504,35.711846],[139.752359,35.712759],[139.751995,35.714598],[139.751629,35.716874],[139.751263,35.718895],[139.751448,35.719255],[139.751556,35.719582],[139.751658,35.719847],[139.751992,35.720804],[139.752301,35.721733],[139.75263,35.722563],[139.752753,35.722658],[139.75327,35.722817],[139.754089,35.723042],[139.754225,35.723008],[139.754877,35.722107],[139.755719,35.720997],[139.756133,35.720498],[139.756227,35.720465],[139.757154,35.720481],[139.757872,35.720555],[139.758479,35.720607],[139.75929,35.720637],[139.759706,35.720638],[139.7614,35.721087],[139.762018,35.721232],[139.76208,35.721291],[139.762079,35.72159],[139.762272,35.722243],[139.762929,35.724449]]},"properties":{"id":"F003:000001:SHP_001005","feed_id":"F003","feed_slug":"bunkyo-b-guru","municipality":"文京区","service_name":"Bーぐる","license":"CC BY 4.0","source_route_id":"000001","route_short_name":null,"route_long_name":"千駄木・駒込ルート","route_desc":null,"route_type":3,"route_url":null,"route_color":"FF8000","route_text_color":"FFFFFF","directions":[],"geometry_source":"shapes.txt"}},{"type":"Feature","id":"F003:000002:SHP_002001","geometry":{"type":"LineString","coordinates":[[139.751887,35.70803],[139.751868,35.707123],[139.751646,35.706882],[139.751031,35.70688],[139.749688,35.706935],[139.746928,35.706724],[139.746576,35.70683],[139.74505,35.708043],[139.744785,35.708501],[139.74458,35.708801],[139.744344,35.709086],[139.74418,35.709238],[139.743396,35.70976],[139.742988,35.709935],[139.742772,35.710015],[139.742456,35.710257],[139.742195,35.710405],[139.74178,35.710493],[139.741089,35.710551],[139.740862,35.710606],[139.740066,35.710947],[139.739509,35.710923],[139.738715,35.710725],[139.738579,35.710721],[139.738062,35.710796],[139.7371,35.710687],[139.736739,35.710587],[139.736298,35.710415],[139.735849,35.71012],[139.735624,35.71004],[139.735356,35.710028],[139.735096,35.710076],[139.734896,35.710125],[139.734015,35.710592],[139.733547,35.710795],[139.73341,35.710827],[139.73296,35.710898],[139.732331,35.710964],[139.731605,35.710913],[139.731573,35.710863],[139.73158,35.710288],[139.731654,35.709999],[139.731665,35.709763],[139.732407,35.709592],[139.73306,35.709313],[139.733248,35.709612],[139.732647,35.709869],[139.732269,35.709997],[139.73185,35.710083],[139.731423,35.710298],[139.731376,35.710688],[139.731244,35.711131],[139.73114,35.711509],[139.730837,35.712118],[139.73077,35.71215],[139.730476,35.712138],[139.730051,35.712093],[139.72874,35.712057],[139.728285,35.712087],[139.728052,35.712136],[139.727785,35.712235],[139.727541,35.712362],[139.727321,35.712511],[139.726829,35.712965],[139.72666,35.712861],[139.726636,35.712756],[139.72654,35.712686],[139.726562,35.712543],[139.726456,35.712498],[139.726333,35.712557],[139.726329,35.71296],[139.726145,35.71329],[139.725869,35.713366],[139.725874,35.713457],[139.726107,35.713601],[139.726116,35.713655],[139.72583,35.713957],[139.725216,35.714591],[139.724701,35.715096],[139.722916,35.715389],[139.719432,35.71622],[139.719065,35.716361],[139.718306,35.716745],[139.718155,35.716856],[139.718171,35.716956],[139.719389,35.717399],[139.723071,35.718732],[139.72526,35.719819],[139.725748,35.719814],[139.726896,35.720058],[139.727136,35.719979],[139.728538,35.717123],[139.729017,35.717244],[139.729114,35.717252],[139.729405,35.717208],[139.729836,35.717102],[139.730011,35.717082],[139.730205,35.717079],[139.730685,35.717151],[139.733183,35.717586],[139.733448,35.71772],[139.733616,35.717844],[139.733788,35.717996],[139.733916,35.71794],[139.733971,35.717854],[139.734228,35.716202],[139.734199,35.715384],[139.734025,35.714925],[139.733915,35.714856],[139.733788,35.71493],[139.733581,35.715],[139.733476,35.715008],[139.733134,35.714995],[139.733113,35.714279],[139.733116,35.713404],[139.733163,35.713147],[139.733295,35.712935],[139.733415,35.712803],[139.733513,35.712564],[139.733541,35.712359],[139.733721,35.711796],[139.73374,35.711471],[139.733672,35.711295],[139.733605,35.710829],[139.734038,35.710638],[139.73487,35.710194],[139.735178,35.710126],[139.735385,35.711059],[139.734904,35.711147],[139.734768,35.711651],[139.73459,35.712428],[139.734531,35.712734],[139.734313,35.713258],[139.734095,35.713611],[139.734072,35.713749],[139.734072,35.714653],[139.733973,35.714919],[139.734154,35.715394],[139.734195,35.716201],[139.733926,35.71785],[139.733864,35.717919],[139.733842,35.718069],[139.734773,35.719009],[139.735017,35.719042],[139.735279,35.718858],[139.738443,35.716771],[139.739258,35.717509],[139.740438,35.718207],[139.741887,35.716651],[139.742353,35.716864],[139.742721,35.717006],[139.743886,35.717313],[139.744578,35.717368],[139.745457,35.716977],[139.74587,35.716749],[139.746358,35.716359],[139.746873,35.715957],[139.748289,35.714976],[139.748864,35.714569],[139.750119,35.713682],[139.751186,35.713072],[139.751333,35.712345],[139.751658,35.711089],[139.751774,35.710536],[139.751844,35.709822],[139.751857,35.709072],[139.751868,35.70829],[139.751887,35.70803]]},"properties":{"id":"F003:000002:SHP_002001","feed_id":"F003","feed_slug":"bunkyo-b-guru","municipality":"文京区","service_name":"Bーぐる","license":"CC BY 4.0","source_route_id":"000002","route_short_name":null,"route_long_name":"目白台・小日向ルート","route_desc":null,"route_type":3,"route_url":null,"route_color":"FF0000","route_text_color":"FFFFFF","directions":[],"geometry_source":"shapes.txt"}},{"type":"Feature","id":"F003:000002:SHP_002002","geometry":{"type":"LineString","coordinates":[[139.751887,35.70803],[139.751868,35.707123],[139.751646,35.706882],[139.751031,35.70688],[139.749688,35.706935],[139.746928,35.706724],[139.746576,35.70683],[139.74505,35.708043],[139.744785,35.708501],[139.74458,35.708801],[139.744344,35.709086],[139.74418,35.709238],[139.743396,35.70976],[139.742988,35.709935],[139.742772,35.710015],[139.742456,35.710257],[139.742195,35.710405],[139.74178,35.710493],[139.741089,35.710551],[139.740862,35.710606],[139.740066,35.710947],[139.739509,35.710923],[139.738715,35.710725],[139.738579,35.710721],[139.738062,35.710796],[139.7371,35.710687],[139.736739,35.710587],[139.736298,35.710415],[139.735849,35.71012],[139.735624,35.71004],[139.735356,35.710028],[139.735096,35.710076],[139.734896,35.710125],[139.734015,35.710592],[139.733547,35.710795],[139.73341,35.710827],[139.73296,35.710898],[139.732331,35.710964],[139.731605,35.710913],[139.731573,35.710863],[139.73158,35.710288],[139.731654,35.709999],[139.731665,35.709763],[139.732407,35.709592],[139.73306,35.709313],[139.733248,35.709612],[139.732647,35.709869],[139.732269,35.709997],[139.73185,35.710083],[139.731423,35.710298],[139.731376,35.710688],[139.731244,35.711131],[139.73114,35.711509],[139.730837,35.712118],[139.73077,35.71215],[139.730476,35.712138],[139.730051,35.712093],[139.72874,35.712057],[139.728285,35.712087],[139.728052,35.712136],[139.727785,35.712235],[139.727541,35.712362],[139.727321,35.712511],[139.726829,35.712965],[139.72666,35.712861],[139.726636,35.712756],[139.72654,35.712686],[139.726562,35.712543],[139.726456,35.712498],[139.726333,35.712557],[139.726329,35.71296],[139.726145,35.71329],[139.725869,35.713366],[139.725874,35.713457],[139.726107,35.713601],[139.726116,35.713655],[139.72583,35.713957],[139.725216,35.714591],[139.724701,35.715096],[139.722916,35.715389],[139.719432,35.71622],[139.719065,35.716361],[139.718306,35.716745],[139.718155,35.716856],[139.718171,35.716956],[139.719389,35.717399],[139.723071,35.718732],[139.72526,35.719819],[139.725748,35.719814],[139.726896,35.720058],[139.727136,35.719979],[139.728538,35.717123],[139.729017,35.717244],[139.729114,35.717252],[139.729405,35.717208],[139.729836,35.717102],[139.730011,35.717082],[139.730205,35.717079],[139.730685,35.717151],[139.733183,35.717586],[139.733448,35.71772],[139.733616,35.717844],[139.733788,35.717996],[139.733916,35.71794],[139.733971,35.717854],[139.734228,35.716202],[139.734199,35.715384],[139.734025,35.714925],[139.733915,35.714856],[139.733788,35.71493],[139.733581,35.715],[139.733476,35.715008],[139.733134,35.714995],[139.733113,35.714279],[139.733116,35.713404],[139.733163,35.713147],[139.733295,35.712935],[139.733415,35.712803],[139.733513,35.712564],[139.733541,35.712359],[139.733721,35.711796],[139.73374,35.711471],[139.733672,35.711295],[139.733605,35.710829],[139.734038,35.710638],[139.73487,35.710194],[139.735178,35.710126],[139.735385,35.711059],[139.734904,35.711147],[139.734768,35.711651],[139.73459,35.712428],[139.734531,35.712734],[139.734313,35.713258],[139.734095,35.713611],[139.734072,35.713749],[139.734072,35.714653],[139.733973,35.714919],[139.734154,35.715394],[139.734195,35.716201],[139.733926,35.71785],[139.733864,35.717919],[139.733842,35.718069],[139.734773,35.719009],[139.735017,35.719042],[139.735279,35.718858],[139.737267,35.717561]]},"properties":{"id":"F003:000002:SHP_002002","feed_id":"F003","feed_slug":"bunkyo-b-guru","municipality":"文京区","service_name":"Bーぐる","license":"CC BY 4.0","source_route_id":"000002","route_short_name":null,"route_long_name":"目白台・小日向ルート","route_desc":null,"route_type":3,"route_url":null,"route_color":"FF0000","route_text_color":"FFFFFF","directions":[],"geometry_source":"shapes.txt"}},{"type":"Feature","id":"F003:000002:SHP_002003","geometry":{"type":"LineString","coordinates":[[139.751887,35.70803],[139.751868,35.707123],[139.751646,35.706882],[139.751031,35.70688],[139.749688,35.706935],[139.747444,35.706763],[139.746928,35.706724],[139.746576,35.70683],[139.74505,35.708043],[139.744785,35.708501],[139.74458,35.708801],[139.744344,35.709086],[139.74418,35.709238],[139.743396,35.70976],[139.742988,35.709935],[139.742772,35.710015],[139.742456,35.710257],[139.742195,35.710405],[139.74178,35.710493],[139.741089,35.710551],[139.740862,35.710606],[139.740066,35.710947],[139.739509,35.710923],[139.738715,35.710725],[139.738579,35.710721],[139.738062,35.710796],[139.7371,35.710687],[139.736739,35.710587],[139.736298,35.710415],[139.735849,35.71012],[139.735624,35.71004],[139.735356,35.710028],[139.735096,35.710076],[139.734896,35.710125],[139.734015,35.710592],[139.733547,35.710795],[139.73341,35.710827],[139.73296,35.710898],[139.732331,35.710964],[139.731605,35.710913],[139.731573,35.710863],[139.73158,35.710288],[139.731654,35.709999],[139.731665,35.709763],[139.732407,35.709592],[139.73306,35.709313],[139.733248,35.709612],[139.732647,35.709869],[139.732269,35.709997],[139.73185,35.710083],[139.731423,35.710298],[139.731376,35.710688],[139.731244,35.711131],[139.73114,35.711509],[139.730837,35.712118],[139.73077,35.71215],[139.730476,35.712138],[139.730051,35.712093],[139.72874,35.712057],[139.728285,35.712087],[139.728052,35.712136],[139.727785,35.712235],[139.727541,35.712362],[139.727321,35.712511],[139.726829,35.712965],[139.72666,35.712861],[139.726636,35.712756],[139.72654,35.712686],[139.726562,35.712543],[139.726456,35.712498],[139.726333,35.712557],[139.726329,35.71296],[139.726145,35.71329],[139.725869,35.713366],[139.725874,35.713457],[139.726107,35.713601],[139.726116,35.713655],[139.72583,35.713957],[139.725216,35.714591],[139.724701,35.715096],[139.722916,35.715389],[139.719432,35.71622],[139.719065,35.716361],[139.718306,35.716745],[139.718155,35.716856],[139.718171,35.716956],[139.719389,35.717399],[139.723071,35.718732],[139.72526,35.719819],[139.725748,35.719814]]},"properties":{"id":"F003:000002:SHP_002003","feed_id":"F003","feed_slug":"bunkyo-b-guru","municipality":"文京区","service_name":"Bーぐる","license":"CC BY 4.0","source_route_id":"000002","route_short_name":null,"route_long_name":"目白台・小日向ルート","route_desc":null,"route_type":3,"route_url":null,"route_color":"FF0000","route_text_color":"FFFFFF","directions":[],"geometry_source":"shapes.txt"}},{"type":"Feature","id":"F003:000003:SHP_003001","geometry":{"type":"LineString","coordinates":[[139.752472,35.706732],[139.752763,35.706549],[139.753017,35.706387],[139.753397,35.706147],[139.753956,35.70578],[139.754025,35.705745],[139.754107,35.705713],[139.75426,35.705669],[139.754759,35.705479],[139.755562,35.705204],[139.755953,35.705062],[139.756332,35.704933],[139.75689,35.704733],[139.757225,35.704618],[139.757393,35.70456],[139.757555,35.704506],[139.758048,35.704333],[139.758287,35.704272],[139.758428,35.704286],[139.758567,35.704308],[139.758839,35.70436],[139.760154,35.704641],[139.760725,35.704758],[139.760997,35.704833],[139.76114,35.704856],[139.761239,35.704858],[139.76133,35.70483],[139.761602,35.704562],[139.761807,35.704357],[139.762062,35.704183],[139.763358,35.703301],[139.763506,35.703267],[139.763672,35.703309],[139.763867,35.703587],[139.764064,35.703919],[139.76415,35.704058],[139.764303,35.704299],[139.764399,35.704897],[139.764502,35.70534],[139.764605,35.705755],[139.764805,35.70653],[139.764862,35.70678],[139.764896,35.706849],[139.764948,35.707099],[139.764991,35.70732],[139.764989,35.707329],[139.764984,35.707339],[139.764973,35.707345],[139.764959,35.70735],[139.76484,35.707357],[139.764559,35.707384],[139.764322,35.707408],[139.763965,35.707442],[139.763716,35.707456],[139.763512,35.707459],[139.763188,35.707465],[139.763165,35.707458],[139.76315,35.707447],[139.763144,35.707439],[139.763139,35.707431],[139.762933,35.706885],[139.762819,35.706569],[139.762812,35.706534],[139.762737,35.706336],[139.762506,35.705767],[139.762307,35.70521],[139.762108,35.704682],[139.761978,35.70432],[139.761861,35.704073],[139.761846,35.70401],[139.761838,35.703941],[139.761848,35.703865],[139.761859,35.703794],[139.761877,35.703648],[139.761889,35.703575],[139.761904,35.703507],[139.761922,35.703364],[139.761933,35.703219],[139.761976,35.702938],[139.762014,35.702651],[139.762023,35.702563],[139.762059,35.702376],[139.76208,35.702231],[139.762102,35.702089],[139.762116,35.70194],[139.762126,35.70189],[139.762144,35.701845],[139.76216,35.701827],[139.762262,35.701763],[139.762373,35.701701],[139.762523,35.701642],[139.762611,35.701606],[139.762657,35.701573],[139.762738,35.701501],[139.76287,35.701344],[139.763152,35.701004],[139.763183,35.700983],[139.763213,35.700963],[139.763346,35.700897],[139.763497,35.700838],[139.763752,35.700737],[139.763858,35.700683],[139.763873,35.700661],[139.763875,35.700622],[139.76383,35.700518],[139.763661,35.700197],[139.763582,35.700042],[139.763548,35.699958],[139.763504,35.699866],[139.763404,35.699735],[139.762739,35.698506],[139.762404,35.697884],[139.762232,35.697583],[139.762061,35.697285],[139.761819,35.696868],[139.761815,35.696848],[139.761816,35.696837],[139.761819,35.696825],[139.761825,35.696813],[139.761841,35.696798],[139.761954,35.696756],[139.762192,35.696666],[139.762557,35.696529],[139.76268,35.696483],[139.763031,35.696349],[139.763279,35.696259],[139.763372,35.696245],[139.763458,35.696238],[139.764895,35.696145],[139.764908,35.696147],[139.764921,35.696152],[139.764936,35.696162],[139.764947,35.696171],[139.764957,35.696182],[139.764987,35.696228],[139.765039,35.696334],[139.765145,35.696543],[139.765253,35.696755],[139.765347,35.69695],[139.765623,35.697498],[139.765867,35.697992],[139.765875,35.698022],[139.765878,35.698046],[139.76587,35.698087],[139.765844,35.698156],[139.765775,35.698296],[139.765664,35.698597],[139.76556,35.698896],[139.765457,35.699145],[139.765434,35.699174],[139.765407,35.699199],[139.765487,35.700231],[139.765496,35.700294],[139.765516,35.700357],[139.765979,35.701361],[139.766088,35.701632],[139.766395,35.702364],[139.76655,35.702724],[139.766711,35.703107],[139.766796,35.703299],[139.766862,35.703495],[139.767175,35.704656],[139.767238,35.704864],[139.767301,35.705073],[139.767364,35.705281],[139.767428,35.70549],[139.767648,35.706133],[139.767869,35.706776],[139.76789,35.706794],[139.767924,35.7068],[139.767964,35.706793],[139.768644,35.706665],[139.768831,35.706632],[139.769029,35.706619],[139.76979,35.706583],[139.769838,35.706588],[139.769865,35.706616],[139.769885,35.70677],[139.769902,35.707095],[139.76992,35.707364],[139.769941,35.707406],[139.769993,35.707417],[139.771186,35.707316],[139.771974,35.707266],[139.77243,35.707245],[139.772598,35.707267],[139.772713,35.707339],[139.772896,35.707904],[139.772879,35.707952],[139.772806,35.707983],[139.770924,35.708126],[139.770035,35.708197],[139.76997,35.708182],[139.76994,35.708144],[139.76997,35.707342],[139.76995,35.706584],[139.769923,35.706557],[139.769861,35.706548],[139.769588,35.706559],[139.768826,35.70659],[139.767966,35.706753],[139.767932,35.706746],[139.767907,35.706721],[139.76785,35.706534],[139.767323,35.704965],[139.767299,35.704935],[139.767241,35.704917],[139.767182,35.704917],[139.766416,35.705045],[139.765655,35.705192],[139.764142,35.705481],[139.763355,35.705615],[139.762601,35.705804],[139.762572,35.705806],[139.762546,35.705803],[139.762526,35.705788],[139.762506,35.705767],[139.762307,35.70521],[139.762108,35.704682],[139.761978,35.70432],[139.761904,35.704279],[139.761826,35.704256],[139.761749,35.704256],[139.761676,35.704269],[139.761559,35.704347],[139.761312,35.704646],[139.761065,35.704954],[139.760904,35.705234],[139.760822,35.70543],[139.760763,35.705627],[139.760714,35.706024],[139.760665,35.706424],[139.760619,35.706824],[139.760521,35.70748],[139.7605,35.707809],[139.760467,35.708063],[139.760443,35.708104],[139.760404,35.708124],[139.759725,35.70831],[139.759071,35.708539],[139.758436,35.708764],[139.75774,35.709082],[139.757429,35.709247],[139.757134,35.709428],[139.756778,35.709573],[139.756602,35.709658],[139.756442,35.709757],[139.75617,35.70997],[139.755927,35.7102],[139.755671,35.71042],[139.755543,35.710544],[139.755436,35.71066],[139.755249,35.71094],[139.755129,35.7112],[139.755025,35.711376],[139.755008,35.711393],[139.754976,35.711407],[139.754928,35.711411],[139.754154,35.711323],[139.753842,35.711287],[139.75355,35.711249],[139.753053,35.711159],[139.752559,35.711088],[139.752135,35.711014],[139.751856,35.710961],[139.751841,35.710958],[139.751827,35.710955],[139.751818,35.710952],[139.75181,35.710948],[139.751801,35.710943],[139.751791,35.710935],[139.751779,35.710923],[139.75177,35.710909],[139.751764,35.710898],[139.751758,35.710881],[139.751758,35.710824],[139.751798,35.710485],[139.751849,35.710021],[139.751871,35.709776],[139.751882,35.709553],[139.751903,35.709151],[139.751896,35.708743],[139.751898,35.708282],[139.751899,35.7079],[139.751906,35.707815],[139.751891,35.707657],[139.7519,35.707166],[139.751903,35.707153],[139.75191,35.707137],[139.751917,35.707121],[139.751927,35.707106],[139.751935,35.707095],[139.751945,35.707084],[139.751972,35.707058],[139.751998,35.707037],[139.752208,35.706904],[139.752444,35.706751],[139.752471,35.706732]]},"properties":{"id":"F003:000003:SHP_003001","feed_id":"F003","feed_slug":"bunkyo-b-guru","municipality":"文京区","service_name":"Bーぐる","license":"CC BY 4.0","source_route_id":"000003","route_short_name":null,"route_long_name":"本郷・湯島ルート","route_desc":null,"route_type":3,"route_url":null,"route_color":"0000FF","route_text_color":"FFFFFF","directions":[],"geometry_source":"shapes.txt"}},{"type":"Feature","id":"F003:000003:SHP_003002","geometry":{"type":"LineString","coordinates":[[139.752472,35.706732],[139.752763,35.706549],[139.753017,35.706387],[139.753397,35.706147],[139.753956,35.70578],[139.754025,35.705745],[139.754107,35.705713],[139.75426,35.705669],[139.754759,35.705479],[139.755562,35.705204],[139.755953,35.705062],[139.756332,35.704933],[139.75689,35.704733],[139.757225,35.704618],[139.757393,35.70456],[139.757555,35.704506],[139.758048,35.704333],[139.758287,35.704272],[139.758428,35.704286],[139.758567,35.704308],[139.758839,35.70436],[139.760154,35.704641],[139.760725,35.704758],[139.760997,35.704833],[139.76114,35.704856],[139.761239,35.704858],[139.76133,35.70483],[139.761602,35.704562],[139.761807,35.704357],[139.762062,35.704183],[139.763358,35.703301],[139.763506,35.703267],[139.763672,35.703309],[139.763867,35.703587],[139.764064,35.703919],[139.76415,35.704058],[139.764303,35.704299],[139.764399,35.704897],[139.764502,35.70534],[139.764605,35.705755],[139.764805,35.70653],[139.764862,35.70678],[139.764896,35.706849],[139.764948,35.707099],[139.764991,35.70732],[139.764989,35.707329],[139.764984,35.707339],[139.764973,35.707345],[139.764959,35.70735],[139.76484,35.707357],[139.764559,35.707384],[139.764322,35.707408],[139.763965,35.707442],[139.763716,35.707456],[139.763512,35.707459],[139.763188,35.707465],[139.763165,35.707458],[139.76315,35.707447],[139.763144,35.707439],[139.763139,35.707431],[139.762933,35.706885],[139.762819,35.706569],[139.762812,35.706534],[139.762737,35.706336],[139.762506,35.705767],[139.762307,35.70521],[139.762108,35.704682],[139.761978,35.70432],[139.761861,35.704073],[139.761846,35.70401],[139.761838,35.703941],[139.761848,35.703865],[139.761859,35.703794],[139.761877,35.703648],[139.761889,35.703575],[139.761904,35.703507],[139.761922,35.703364],[139.761933,35.703219],[139.761976,35.702938],[139.762014,35.702651],[139.762023,35.702563],[139.762059,35.702376],[139.76208,35.702231],[139.762102,35.702089],[139.762116,35.70194],[139.762126,35.70189],[139.762144,35.701845],[139.76216,35.701827],[139.762262,35.701763],[139.762373,35.701701],[139.762523,35.701642],[139.762611,35.701606],[139.762657,35.701573],[139.762738,35.701501],[139.76287,35.701344],[139.763152,35.701004],[139.763183,35.700983],[139.763213,35.700963],[139.763346,35.700897],[139.763497,35.700838],[139.763752,35.700737],[139.763858,35.700683],[139.763873,35.700661],[139.763875,35.700622],[139.76383,35.700518],[139.763661,35.700197],[139.763582,35.700042],[139.763548,35.699958],[139.763504,35.699866],[139.763404,35.699735],[139.762739,35.698506],[139.762404,35.697884],[139.762232,35.697583],[139.762061,35.697285],[139.761819,35.696868],[139.761815,35.696848],[139.761816,35.696837],[139.761819,35.696825],[139.761825,35.696813],[139.761841,35.696798],[139.761954,35.696756],[139.762192,35.696666],[139.762557,35.696529],[139.76268,35.696483],[139.763031,35.696349],[139.763279,35.696259],[139.763372,35.696245],[139.763458,35.696238],[139.764895,35.696145],[139.764908,35.696147],[139.764921,35.696152],[139.764936,35.696162],[139.764947,35.696171],[139.764957,35.696182],[139.764987,35.696228],[139.765039,35.696334],[139.765145,35.696543],[139.765253,35.696755],[139.765347,35.69695],[139.765623,35.697498],[139.765867,35.697992],[139.765875,35.698022],[139.765878,35.698046],[139.76587,35.698087],[139.765844,35.698156],[139.765775,35.698296],[139.765664,35.698597],[139.76556,35.698896],[139.765457,35.699145],[139.765434,35.699174],[139.765407,35.699199],[139.765487,35.700231],[139.765496,35.700294],[139.765516,35.700357],[139.766027,35.701366],[139.766108,35.701646],[139.766401,35.702363],[139.766837,35.703362],[139.767177,35.704657],[139.767428,35.70549],[139.767648,35.706133],[139.767869,35.706776],[139.76789,35.706794],[139.767924,35.7068],[139.767964,35.706793],[139.768644,35.706665],[139.768831,35.706632],[139.769029,35.706619],[139.76979,35.706583],[139.769838,35.706588],[139.769865,35.706616],[139.769885,35.70677],[139.769902,35.707095],[139.76992,35.707364],[139.769941,35.707406],[139.769993,35.707417],[139.771186,35.707316],[139.771974,35.707266],[139.77243,35.707245],[139.772403,35.706639]]},"properties":{"id":"F003:000003:SHP_003002","feed_id":"F003","feed_slug":"bunkyo-b-guru","municipality":"文京区","service_name":"Bーぐる","license":"CC BY 4.0","source_route_id":"000003","route_short_name":null,"route_long_name":"本郷・湯島ルート","route_desc":null,"route_type":3,"route_url":null,"route_color":"0000FF","route_text_color":"FFFFFF","directions":[],"geometry_source":"shapes.txt"}},{"type":"Feature","id":"F025:000001:000001","geometry":{"type":"LineString","coordinates":[[139.61867,35.704216],[139.619732,35.704227],[139.620759,35.704255],[139.6211,35.704262],[139.621384,35.704321],[139.621795,35.704381],[139.622772,35.704419],[139.623294,35.704353],[139.624165,35.704173],[139.625008,35.703937],[139.625502,35.703804],[139.625533,35.703731],[139.625425,35.703424],[139.625288,35.70311],[139.625131,35.702825],[139.624953,35.702567],[139.624676,35.70217],[139.624445,35.701898],[139.624205,35.701671],[139.623632,35.701254],[139.623625,35.701184],[139.623953,35.700845],[139.624342,35.700512],[139.624349,35.700475],[139.623968,35.699915],[139.623909,35.699902],[139.623433,35.700107],[139.623407,35.700098],[139.623096,35.699671],[139.622911,35.699218],[139.622551,35.698319],[139.622509,35.698287],[139.621923,35.698374],[139.621103,35.698478],[139.62106,35.698515],[139.621097,35.699145],[139.621017,35.700005],[139.621009,35.700264],[139.620952,35.700402],[139.619997,35.701472],[139.619906,35.701499],[139.619386,35.701216],[139.619257,35.701216],[139.61863,35.701582],[139.618131,35.701957],[139.617144,35.702641],[139.617122,35.702706],[139.617036,35.702994],[139.617068,35.703094],[139.61863,35.704218]]},"properties":{"id":"F025:000001:000001","feed_id":"F025","feed_slug":"suginami-green-slow-mobility","municipality":"杉並区","service_name":"グリーンスローモビリティ","license":"CC BY 4.0","source_route_id":"000001","route_short_name":null,"route_long_name":"グリーンスローモビリティ","route_desc":null,"route_type":3,"route_url":null,"route_color":"347E42","route_text_color":"FFFFFF","directions":[],"geometry_source":"shapes.txt"}},{"type":"Feature","id":"F026:1:101","geometry":{"type":"LineString","coordinates":[[139.444369,35.746564],[139.444327,35.748097],[139.444282,35.749568],[139.444248,35.751308],[139.4442817,35.7527498],[139.4442243,35.7530902],[139.4440259,35.7537736],[139.44379,35.754505],[139.4436164,35.7551592],[139.4434643,35.7555087],[139.4426953,35.7550834],[139.442047,35.7551281],[139.4418179,35.7551427],[139.4418007,35.7554186],[139.4418576,35.7557351],[139.4408006,35.7561331],[139.4400899,35.7566403],[139.4401657,35.7568548],[139.4397829,35.7571606],[139.4390521,35.7577478],[139.4378727,35.7582591],[139.437455,35.758335],[139.437253,35.7583964],[139.4369705,35.7584055],[139.4366469,35.7584324],[139.4361928,35.7586039],[139.435762,35.758864],[139.4355219,35.7589912],[139.4348526,35.7589313],[139.4338949,35.7587548],[139.4334039,35.7587992],[139.4330416,35.7587783],[139.432771,35.7587574],[139.4320711,35.7586103],[139.4316583,35.7585568],[139.4313446,35.7584387],[139.430988,35.758142],[139.4303104,35.7577616],[139.4301425,35.7576206],[139.4300352,35.757415],[139.429901,35.757044],[139.4297238,35.7566764],[139.4296164,35.7565406],[139.4293936,35.7563678],[139.4290948,35.7562297],[139.4283266,35.7560373],[139.4278704,35.7559335],[139.4276341,35.7557557],[139.4274028,35.7554654],[139.4273803,35.7551417],[139.4275015,35.7545944],[139.4274781,35.7543694],[139.4273636,35.7541879],[139.4270487,35.7538555],[139.4267649,35.7532842],[139.4265976,35.752701],[139.4264013,35.7527213],[139.4257089,35.7527023],[139.4248175,35.7527281],[139.4236208,35.753098],[139.4232234,35.7531762],[139.4230768,35.7528011],[139.4227249,35.7518601],[139.4226402,35.7514005],[139.4226622,35.7508551],[139.4228002,35.7503145],[139.4229192,35.7496305],[139.4224075,35.7497783],[139.4220443,35.7498305],[139.421488,35.749974],[139.4207306,35.7502499],[139.4202093,35.7504996],[139.4195931,35.7487787],[139.419283,35.7478931],[139.4193532,35.7477463],[139.4192089,35.7475038],[139.419286,35.7464727],[139.4159212,35.7470488],[139.4159359,35.746519],[139.4162437,35.7465023],[139.4164013,35.7463637]]},"properties":{"id":"F026:1:101","feed_id":"F026","feed_slug":"higashiyamato-chokobus","municipality":"東大和市","service_name":"ちょこバス","license":"CC0 1.0","source_route_id":"1","route_short_name":null,"route_long_name":"ちょこバス循環ルート内回り","route_desc":null,"route_type":3,"route_url":null,"route_color":"00B0F0","route_text_color":"FFFFFF","directions":["0"],"geometry_source":"shapes.txt"}},{"type":"Feature","id":"F026:1:102","geometry":{"type":"LineString","coordinates":[[139.4163846,35.7463643],[139.4162749,35.7460976],[139.41594,35.7460834],[139.415946,35.744148],[139.4159684,35.7434037],[139.4160981,35.7427204],[139.416733,35.742721],[139.418893,35.742698],[139.421805,35.74263],[139.423519,35.742639],[139.4243544,35.7425933],[139.424117,35.743671],[139.4240452,35.7440179],[139.4261604,35.7443394],[139.4255967,35.7455418],[139.4259082,35.745565],[139.427191,35.7456632],[139.4273616,35.7444364],[139.4280739,35.7445113],[139.4291618,35.744743],[139.429372,35.744381],[139.430223,35.742914],[139.431213,35.741254],[139.432243,35.73942],[139.4326732,35.7386308],[139.4334167,35.7389634],[139.434069,35.739174],[139.4345747,35.7392396],[139.434485,35.740777],[139.4345287,35.742528],[139.43601,35.742581],[139.436812,35.7425748],[139.4368523,35.7443102],[139.437641,35.744324],[139.4378336,35.744314],[139.437919,35.745706],[139.4380551,35.7469388],[139.4391612,35.7468891],[139.4394782,35.7467466],[139.440616,35.746491],[139.4421819,35.7461241],[139.443957,35.746014],[139.4444259,35.7459363],[139.444369,35.746564],[139.444327,35.748097],[139.444282,35.749568],[139.444248,35.751308],[139.4442817,35.7527498],[139.4442243,35.7530902],[139.4440259,35.7537736],[139.44379,35.754505],[139.4436164,35.7551592],[139.4434643,35.7555087],[139.4426953,35.7550834],[139.442047,35.7551281],[139.4418179,35.7551427],[139.4418007,35.7554186],[139.4418576,35.7557351],[139.4408006,35.7561331],[139.4400899,35.7566403],[139.4401657,35.7568548],[139.4397829,35.7571606],[139.4390521,35.7577478],[139.4378727,35.7582591],[139.437455,35.758335],[139.437253,35.7583964],[139.4369705,35.7584055],[139.4366469,35.7584324],[139.4361928,35.7586039],[139.435762,35.758864],[139.4355219,35.7589912],[139.4348526,35.7589313],[139.4338949,35.7587548],[139.4334039,35.7587992],[139.4330416,35.7587783],[139.432771,35.7587574],[139.4320711,35.7586103],[139.4316583,35.7585568],[139.4313446,35.7584387],[139.430988,35.758142],[139.4303104,35.7577616],[139.4301425,35.7576206],[139.4300352,35.757415],[139.429901,35.757044],[139.4297238,35.7566764],[139.4296164,35.7565406],[139.4293936,35.7563678],[139.4290948,35.7562297],[139.4283266,35.7560373],[139.4278704,35.7559335],[139.4276341,35.7557557],[139.4274028,35.7554654],[139.4273803,35.7551417],[139.4275015,35.7545944],[139.4274781,35.7543694],[139.4273636,35.7541879],[139.4270487,35.7538555],[139.4267649,35.7532842],[139.4265976,35.752701],[139.4264013,35.7527213],[139.4257089,35.7527023],[139.4248175,35.7527281],[139.4236208,35.753098],[139.4232234,35.7531762],[139.4230768,35.7528011],[139.4227249,35.7518601],[139.4226402,35.7514005],[139.4226622,35.7508551],[139.4228002,35.7503145],[139.4229192,35.7496305],[139.4224075,35.7497783],[139.4220443,35.7498305],[139.421488,35.749974],[139.4207306,35.7502499],[139.4202093,35.7504996],[139.4195931,35.7487787],[139.419283,35.7478931],[139.4193532,35.7477463],[139.4192089,35.7475038],[139.419286,35.7464727],[139.4159212,35.7470488],[139.4159359,35.746519],[139.4162437,35.7465023],[139.4164013,35.7463637]]},"properties":{"id":"F026:1:102","feed_id":"F026","feed_slug":"higashiyamato-chokobus","municipality":"東大和市","service_name":"ちょこバス","license":"CC0 1.0","source_route_id":"1","route_short_name":null,"route_long_name":"ちょこバス循環ルート内回り","route_desc":null,"route_type":3,"route_url":null,"route_color":"00B0F0","route_text_color":"FFFFFF","directions":["0"],"geometry_source":"shapes.txt"}},{"type":"Feature","id":"F026:2:201","geometry":{"type":"LineString","coordinates":[[139.4163873,35.7463692],[139.4162749,35.7460976],[139.4158134,35.7460955],[139.4158029,35.7471149],[139.4192365,35.7465415],[139.4191538,35.7475115],[139.4193048,35.7477474],[139.4192305,35.7478963],[139.4196773,35.7492325],[139.4201989,35.7505539],[139.420752,35.7502764],[139.4214001,35.7500603],[139.4220455,35.7498552],[139.4224252,35.7498035],[139.4228692,35.7496799],[139.4227166,35.7503297],[139.4226089,35.7508979],[139.4225846,35.7514563],[139.4226743,35.7518966],[139.4231859,35.7532313],[139.423837,35.753077],[139.4248443,35.7527559],[139.4261896,35.7527596],[139.4265771,35.7527547],[139.4267547,35.7533391],[139.4268546,35.7535666],[139.4270403,35.7538838],[139.427345,35.7542014],[139.4274518,35.7543732],[139.4274781,35.7546103],[139.4273536,35.7551433],[139.4273794,35.7554804],[139.4276318,35.7557784],[139.4278789,35.7559577],[139.4281246,35.7560126],[139.4290896,35.7562452],[139.4293897,35.7563832],[139.4295666,35.7565252],[139.4296939,35.756703],[139.4298779,35.7570667],[139.4300176,35.7574238],[139.4301357,35.7576475],[139.4303155,35.7577929],[139.430899,35.7581374],[139.4310145,35.7582338],[139.4313418,35.7584695],[139.4316663,35.7585808],[139.432074,35.7586321],[139.4328103,35.7587851],[139.433281,35.7588325],[139.4338924,35.7587763],[139.4348443,35.7589508],[139.4355348,35.759011],[139.4358311,35.7588914],[139.4360549,35.7587556],[139.4362361,35.7586175],[139.436652,35.7584479],[139.4372866,35.7584296],[139.4379092,35.7582694],[139.4391043,35.7577497],[139.4397496,35.7572386],[139.4402016,35.7568513],[139.4401191,35.7566414],[139.4408047,35.7561609],[139.441367,35.755946],[139.4418839,35.7557398],[139.441818,35.7554243],[139.441854,35.7551785],[139.4422237,35.7551625],[139.4427006,35.7551214],[139.4434941,35.7555591],[139.4437264,35.7550263],[139.444306,35.753085],[139.444411,35.751157],[139.444432,35.749973],[139.444458,35.748327],[139.444517,35.746669],[139.4445084,35.7458758],[139.4437032,35.7459838],[139.4421767,35.7460898],[139.440913,35.746335],[139.4394486,35.7467099],[139.4392059,35.7468189],[139.4380888,35.7468843],[139.4380272,35.7460682],[139.4378685,35.7442569],[139.4375623,35.7442611],[139.4368931,35.7442793],[139.4368401,35.7425251],[139.43624,35.7425168],[139.434584,35.7424709],[139.434634,35.74101],[139.4346176,35.739203],[139.4341079,35.7391398],[139.4337859,35.7390397],[139.433449,35.7389253],[139.4326399,35.7385736],[139.432363,35.739011],[139.431028,35.741361],[139.429984,35.743149],[139.429352,35.744234],[139.4291078,35.7446955],[139.4280965,35.7444908],[139.4273398,35.7444124],[139.4271679,35.7456293],[139.4256656,35.7455117],[139.4262031,35.7443226],[139.4241249,35.7440002],[139.424273,35.743373],[139.4244318,35.7425393],[139.4235257,35.7425349],[139.4217997,35.7425578],[139.4187456,35.7426018],[139.4159467,35.7426568],[139.415846,35.743121],[139.415757,35.744231],[139.4157921,35.7465208],[139.4162437,35.7465023],[139.4164013,35.7463637]]},"properties":{"id":"F026:2:201","feed_id":"F026","feed_slug":"higashiyamato-chokobus","municipality":"東大和市","service_name":"ちょこバス","license":"CC0 1.0","source_route_id":"2","route_short_name":null,"route_long_name":"ちょこバス循環ルート外回り","route_desc":null,"route_type":3,"route_url":null,"route_color":"CC0099","route_text_color":"FFFFFF","directions":["0"],"geometry_source":"shapes.txt"}},{"type":"Feature","id":"F026:2:202","geometry":{"type":"LineString","coordinates":[[139.4163873,35.7463692],[139.4162749,35.7460976],[139.4158134,35.7460955],[139.4158029,35.7471149],[139.4192365,35.7465415],[139.4191538,35.7475115],[139.4193048,35.7477474],[139.4192305,35.7478963],[139.4196773,35.7492325],[139.4201989,35.7505539],[139.420752,35.7502764],[139.4214001,35.7500603],[139.4220455,35.7498552],[139.4224252,35.7498035],[139.4228692,35.7496799],[139.4227166,35.7503297],[139.4226089,35.7508979],[139.4225846,35.7514563],[139.4226743,35.7518966],[139.4231859,35.7532313],[139.423837,35.753077],[139.4248443,35.7527559],[139.4261896,35.7527596],[139.4265771,35.7527547],[139.4267547,35.7533391],[139.4268546,35.7535666],[139.4270403,35.7538838],[139.427345,35.7542014],[139.4274518,35.7543732],[139.4274781,35.7546103],[139.4273536,35.7551433],[139.4273794,35.7554804],[139.4276318,35.7557784],[139.4278789,35.7559577],[139.4281246,35.7560126],[139.4290896,35.7562452],[139.4293897,35.7563832],[139.4295666,35.7565252],[139.4296939,35.756703],[139.4298779,35.7570667],[139.4300176,35.7574238],[139.4301357,35.7576475],[139.4303155,35.7577929],[139.430899,35.7581374],[139.4310145,35.7582338],[139.4313418,35.7584695],[139.4316663,35.7585808],[139.432074,35.7586321],[139.4328103,35.7587851],[139.433281,35.7588325],[139.4338924,35.7587763],[139.4348443,35.7589508],[139.4355348,35.759011],[139.4358311,35.7588914],[139.4360549,35.7587556],[139.4362361,35.7586175],[139.436652,35.7584479],[139.4372866,35.7584296],[139.4379092,35.7582694],[139.4391043,35.7577497],[139.4397496,35.7572386],[139.4402016,35.7568513],[139.4401191,35.7566414],[139.4408047,35.7561609],[139.441367,35.755946],[139.4418839,35.7557398],[139.441818,35.7554243],[139.441854,35.7551785],[139.4422237,35.7551625],[139.4427006,35.7551214],[139.4434941,35.7555591],[139.4437264,35.7550263],[139.444306,35.753085],[139.444411,35.751157],[139.444432,35.749973],[139.444458,35.748327],[139.444517,35.746669]]},"properties":{"id":"F026:2:202","feed_id":"F026","feed_slug":"higashiyamato-chokobus","municipality":"東大和市","service_name":"ちょこバス","license":"CC0 1.0","source_route_id":"2","route_short_name":null,"route_long_name":"ちょこバス循環ルート外回り","route_desc":null,"route_type":3,"route_url":null,"route_color":"CC0099","route_text_color":"FFFFFF","directions":["0"],"geometry_source":"shapes.txt"}},{"type":"Feature","id":"F026:3:301","geometry":{"type":"LineString","coordinates":[[139.434359,35.73361],[139.4341579,35.7340757],[139.4350471,35.7342726],[139.4346301,35.7351706],[139.4346115,35.7363566],[139.4345859,35.7385828],[139.4345747,35.7392396],[139.434485,35.740777],[139.4345354,35.7424718],[139.431909,35.742438],[139.4303886,35.7424561],[139.429984,35.743149],[139.429352,35.744234],[139.4291078,35.7446955],[139.4280965,35.7444908],[139.4273398,35.7444124],[139.4271679,35.7456293],[139.4258562,35.7455259],[139.425848,35.745479]]},"properties":{"id":"F026:3:301","feed_id":"F026","feed_slug":"higashiyamato-chokobus","municipality":"東大和市","service_name":"ちょこバス","license":"CC0 1.0","source_route_id":"3","route_short_name":null,"route_long_name":"ちょこバス往復ルート","route_desc":null,"route_type":3,"route_url":null,"route_color":"009999","route_text_color":"FFFFFF","directions":["0"],"geometry_source":"shapes.txt"}},{"type":"Feature","id":"F026:3:302","geometry":{"type":"LineString","coordinates":[[139.425848,35.745479],[139.4258426,35.7455253],[139.4256656,35.7455117],[139.4262031,35.7443226],[139.4241249,35.7440002],[139.424273,35.743373],[139.4244318,35.7425393],[139.424675,35.741556],[139.425399,35.738063],[139.4253428,35.7374476],[139.4251753,35.7369352],[139.4249681,35.7363568],[139.423967,35.736597],[139.4212986,35.7373411],[139.4207637,35.7357624],[139.4206686,35.7351764],[139.4206314,35.7347085],[139.4198915,35.7347065],[139.4191295,35.7347093],[139.4190757,35.7321691],[139.4183728,35.7322394],[139.41826,35.732375],[139.4183486,35.7325347],[139.4190488,35.7325464],[139.4190919,35.734747],[139.4199184,35.7347502],[139.4206097,35.7347458],[139.4206196,35.7351421],[139.4207347,35.7357989],[139.4212789,35.7374006],[139.423408,35.736868],[139.4249402,35.736421],[139.425304,35.7374429],[139.4253142,35.7380975],[139.425185,35.738456],[139.424589,35.741304],[139.4243544,35.7425933],[139.424117,35.743671],[139.4240452,35.7440179],[139.4261604,35.7443394],[139.4255967,35.7455418],[139.4259082,35.745565],[139.427191,35.7456632],[139.4273616,35.7444364],[139.4280739,35.7445113],[139.4291618,35.744743],[139.429372,35.744381],[139.430223,35.742914],[139.4304624,35.7425148],[139.4317854,35.7425096],[139.4345857,35.7425163],[139.434634,35.74101],[139.4346176,35.739203],[139.434624,35.738641],[139.4346751,35.7360855],[139.4346927,35.7351793],[139.435311,35.7338462],[139.4345131,35.7335235],[139.434359,35.73361],[139.4341579,35.7340757],[139.4350471,35.7342726],[139.4346301,35.7351706],[139.4346115,35.7363566],[139.4345859,35.7385828],[139.4345747,35.7392396],[139.434485,35.740777],[139.4345354,35.7424718],[139.431909,35.742438],[139.4303886,35.7424561],[139.429984,35.743149],[139.429352,35.744234],[139.4291078,35.7446955],[139.4280965,35.7444908],[139.4273398,35.7444124],[139.4271679,35.7456293],[139.4258562,35.7455259],[139.425848,35.745479]]},"properties":{"id":"F026:3:302","feed_id":"F026","feed_slug":"higashiyamato-chokobus","municipality":"東大和市","service_name":"ちょこバス","license":"CC0 1.0","source_route_id":"3","route_short_name":null,"route_long_name":"ちょこバス往復ルート","route_desc":null,"route_type":3,"route_url":null,"route_color":"009999","route_text_color":"FFFFFF","directions":["0"],"geometry_source":"shapes.txt"}},{"type":"Feature","id":"F026:3:303","geometry":{"type":"LineString","coordinates":[[139.425848,35.745479],[139.4258426,35.7455253],[139.4256656,35.7455117],[139.4262031,35.7443226],[139.4241249,35.7440002],[139.424273,35.743373],[139.4244318,35.7425393],[139.424675,35.741556],[139.425399,35.738063],[139.4253428,35.7374476],[139.4251753,35.7369352],[139.4249681,35.7363568],[139.423967,35.736597],[139.4212986,35.7373411],[139.4207637,35.7357624],[139.4206686,35.7351764],[139.4206314,35.7347085],[139.4198915,35.7347065],[139.4191295,35.7347093],[139.4190757,35.7321691],[139.4183728,35.7322394],[139.41826,35.732375],[139.4183486,35.7325347],[139.4190488,35.7325464],[139.4190919,35.734747],[139.4199184,35.7347502],[139.4206097,35.7347458],[139.4206196,35.7351421],[139.4207347,35.7357989],[139.4212789,35.7374006],[139.423408,35.736868],[139.4249402,35.736421],[139.425304,35.7374429],[139.4253142,35.7380975],[139.425185,35.738456],[139.424589,35.741304],[139.4243544,35.7425933],[139.424117,35.743671],[139.4240452,35.7440179],[139.4261604,35.7443394],[139.4255967,35.7455418],[139.4259082,35.745565],[139.427191,35.7456632],[139.4273616,35.7444364],[139.4280739,35.7445113],[139.4291618,35.744743],[139.429372,35.744381],[139.430223,35.742914],[139.4304624,35.7425148],[139.4317854,35.7425096],[139.4345857,35.7425163],[139.434634,35.74101],[139.4346176,35.739203],[139.434624,35.738641],[139.4346751,35.7360855],[139.4346927,35.7351793],[139.435311,35.7338462],[139.4345131,35.7335235],[139.434359,35.73361]]},"properties":{"id":"F026:3:303","feed_id":"F026","feed_slug":"higashiyamato-chokobus","municipality":"東大和市","service_name":"ちょこバス","license":"CC0 1.0","source_route_id":"3","route_short_name":null,"route_long_name":"ちょこバス往復ルート","route_desc":null,"route_type":3,"route_url":null,"route_color":"009999","route_text_color":"FFFFFF","directions":["0"],"geometry_source":"shapes.txt"}},{"type":"Feature","id":"F015:東村山駅東口発～多摩北部医療センター行:fallback-unknown","geometry":{"type":"LineString","coordinates":[[139.466216,35.76111],[139.467812,35.760774],[139.468725,35.759415],[139.468709,35.75786],[139.467965,35.754545],[139.469333,35.75513],[139.47053,35.757411],[139.471129,35.759224],[139.474214,35.759743],[139.476356,35.760105],[139.480058,35.760804],[139.482514,35.761254],[139.484387,35.761749],[139.48611,35.76283],[139.487314,35.761721],[139.4889,35.760255],[139.492641,35.7607]]},"properties":{"id":"F015:東村山駅東口発～多摩北部医療センター行:fallback-unknown","feed_id":"F015","feed_slug":"higashimurayama-green-bus","municipality":"東村山市","service_name":"グリーンバス","license":"CC BY 4.0","source_route_id":"東村山駅東口発～多摩北部医療センター行","route_short_name":null,"route_long_name":"東村山駅東口発～多摩北部医療センター行","route_desc":null,"route_type":3,"route_url":null,"route_color":null,"route_text_color":null,"directions":[],"geometry_source":"stop_times.txt fallback"}},{"type":"Feature","id":"F015:東村山駅東口発～新秋津駅行:fallback-unknown","geometry":{"type":"LineString","coordinates":[[139.466216,35.76111],[139.467812,35.760774],[139.468725,35.759415],[139.468709,35.75786],[139.467965,35.754545],[139.469333,35.75513],[139.47053,35.757411],[139.471129,35.759224],[139.474214,35.759743],[139.476356,35.760105],[139.480058,35.760804],[139.482514,35.761254],[139.484387,35.761749],[139.48611,35.76283],[139.487314,35.761721],[139.4889,35.760255],[139.492641,35.7607],[139.491842,35.761466],[139.492236,35.763754],[139.490404,35.765074],[139.489131,35.765706],[139.48646,35.766842],[139.485484,35.767605],[139.486218,35.771001],[139.483301,35.772708],[139.485643,35.775092],[139.490306,35.776902],[139.492925,35.777566]]},"properties":{"id":"F015:東村山駅東口発～新秋津駅行:fallback-unknown","feed_id":"F015","feed_slug":"higashimurayama-green-bus","municipality":"東村山市","service_name":"グリーンバス","license":"CC BY 4.0","source_route_id":"東村山駅東口発～新秋津駅行","route_short_name":null,"route_long_name":"東村山駅東口発～新秋津駅行","route_desc":null,"route_type":3,"route_url":null,"route_color":null,"route_text_color":null,"directions":[],"geometry_source":"stop_times.txt fallback"}},{"type":"Feature","id":"F015:多摩北部医療センター発～東村山駅東口行:fallback-unknown","geometry":{"type":"LineString","coordinates":[[139.492641,35.7607],[139.491842,35.761466],[139.488689,35.760376],[139.487445,35.761525],[139.485862,35.762988],[139.484193,35.761617],[139.482305,35.761149],[139.480407,35.760799],[139.476762,35.760122],[139.474003,35.759652],[139.471973,35.759314],[139.470869,35.75697],[139.469689,35.755113],[139.467965,35.754545],[139.46881,35.757666],[139.468664,35.759156],[139.468312,35.760867],[139.466216,35.76111]]},"properties":{"id":"F015:多摩北部医療センター発～東村山駅東口行:fallback-unknown","feed_id":"F015","feed_slug":"higashimurayama-green-bus","municipality":"東村山市","service_name":"グリーンバス","license":"CC BY 4.0","source_route_id":"多摩北部医療センター発～東村山駅東口行","route_short_name":null,"route_long_name":"多摩北部医療センター発～東村山駅東口行","route_desc":null,"route_type":3,"route_url":null,"route_color":null,"route_text_color":null,"directions":[],"geometry_source":"stop_times.txt fallback"}},{"type":"Feature","id":"F015:新秋津駅発～東村山駅東口行:fallback-unknown","geometry":{"type":"LineString","coordinates":[[139.492925,35.777566],[139.491079,35.776936],[139.48655,35.775504],[139.483131,35.773263],[139.486195,35.770688],[139.485838,35.76827],[139.486295,35.766838],[139.488211,35.765982],[139.490203,35.765233],[139.491812,35.764133],[139.492641,35.7607],[139.491842,35.761466],[139.488689,35.760376],[139.487445,35.761525],[139.485862,35.762988],[139.484193,35.761617],[139.482305,35.761149],[139.480407,35.760799],[139.476762,35.760122],[139.474003,35.759652],[139.471973,35.759314],[139.470869,35.75697],[139.469689,35.755113],[139.467965,35.754545],[139.46881,35.757666],[139.468664,35.759156],[139.468312,35.760867],[139.466216,35.76111]]},"properties":{"id":"F015:新秋津駅発～東村山駅東口行:fallback-unknown","feed_id":"F015","feed_slug":"higashimurayama-green-bus","municipality":"東村山市","service_name":"グリーンバス","license":"CC BY 4.0","source_route_id":"新秋津駅発～東村山駅東口行","route_short_name":null,"route_long_name":"新秋津駅発～東村山駅東口行","route_desc":null,"route_type":3,"route_url":null,"route_color":null,"route_text_color":null,"directions":[],"geometry_source":"stop_times.txt fallback"}},{"type":"Feature","id":"F015:久米川町循環:fallback-unknown","geometry":{"type":"LineString","coordinates":[[139.466639,35.760951],[139.469388,35.764807],[139.472321,35.768881],[139.474407,35.770881],[139.476033,35.771482],[139.477367,35.772793],[139.476739,35.774204],[139.475056,35.774124],[139.473312,35.771152],[139.472369,35.768773],[139.474148,35.76757],[139.475732,35.766214],[139.477296,35.763003],[139.47739,35.760798],[139.471813,35.760765],[139.468312,35.760867],[139.466639,35.760951]]},"properties":{"id":"F015:久米川町循環:fallback-unknown","feed_id":"F015","feed_slug":"higashimurayama-green-bus","municipality":"東村山市","service_name":"グリーンバス","license":"CC BY 4.0","source_route_id":"久米川町循環","route_short_name":null,"route_long_name":"久米川町循環","route_desc":null,"route_type":3,"route_url":null,"route_color":null,"route_text_color":null,"directions":[],"geometry_source":"stop_times.txt fallback"}},{"type":"Feature","id":"F015:諏訪町循環:fallback-unknown","geometry":{"type":"LineString","coordinates":[[139.465456,35.761032],[139.466542,35.766189],[139.468007,35.770185],[139.461781,35.770029],[139.464018,35.770908],[139.466221,35.771702],[139.467633,35.772988],[139.469214,35.773207],[139.471491,35.772652],[139.470056,35.770241],[139.468525,35.769512],[139.467335,35.767359],[139.466406,35.765618],[139.465456,35.761032]]},"properties":{"id":"F015:諏訪町循環:fallback-unknown","feed_id":"F015","feed_slug":"higashimurayama-green-bus","municipality":"東村山市","service_name":"グリーンバス","license":"CC BY 4.0","source_route_id":"諏訪町循環","route_short_name":null,"route_long_name":"諏訪町循環","route_desc":null,"route_type":3,"route_url":null,"route_color":null,"route_text_color":null,"directions":[],"geometry_source":"stop_times.txt fallback"}},{"type":"Feature","id":"F015:東村山駅西口発～久米川駅南口行:fallback-unknown","geometry":{"type":"LineString","coordinates":[[139.465456,35.761032],[139.464379,35.758739],[139.462057,35.757273],[139.459431,35.756205],[139.456406,35.755014],[139.454264,35.75423],[139.451691,35.752575],[139.448773,35.752883],[139.449286,35.750318],[139.460877,35.7498],[139.463005,35.748533],[139.471732,35.74983]]},"properties":{"id":"F015:東村山駅西口発～久米川駅南口行:fallback-unknown","feed_id":"F015","feed_slug":"higashimurayama-green-bus","municipality":"東村山市","service_name":"グリーンバス","license":"CC BY 4.0","source_route_id":"東村山駅西口発～久米川駅南口行","route_short_name":null,"route_long_name":"東村山駅西口発～久米川駅南口行","route_desc":null,"route_type":3,"route_url":null,"route_color":null,"route_text_color":null,"directions":[],"geometry_source":"stop_times.txt fallback"}},{"type":"Feature","id":"F015:久米川駅南口発～東村山駅西口行:fallback-unknown","geometry":{"type":"LineString","coordinates":[[139.471374,35.749776],[139.463442,35.748494],[139.460727,35.750082],[139.449412,35.7498],[139.448424,35.75246],[139.451667,35.752808],[139.454037,35.75354],[139.456834,35.755219],[139.459098,35.756142],[139.461439,35.757086],[139.464404,35.758423],[139.465456,35.761032]]},"properties":{"id":"F015:久米川駅南口発～東村山駅西口行:fallback-unknown","feed_id":"F015","feed_slug":"higashimurayama-green-bus","municipality":"東村山市","service_name":"グリーンバス","license":"CC BY 4.0","source_route_id":"久米川駅南口発～東村山駅西口行","route_short_name":null,"route_long_name":"久米川駅南口発～東村山駅西口行","route_desc":null,"route_type":3,"route_url":null,"route_color":null,"route_text_color":null,"directions":[],"geometry_source":"stop_times.txt fallback"}},{"type":"Feature","id":"F008:8011:fallback-1","geometry":{"type":"LineString","coordinates":[[139.650747,35.792545],[139.653193,35.790817],[139.651932,35.786549],[139.649025,35.783946],[139.645275,35.782449],[139.647276,35.778263],[139.647008,35.775516],[139.646482,35.772922],[139.646021,35.770672],[139.649245,35.770254],[139.652672,35.770189],[139.654861,35.771421],[139.655505,35.774376],[139.654641,35.777192],[139.654706,35.780143],[139.652383,35.781422],[139.653659,35.784099],[139.651782,35.786614],[139.652426,35.790265],[139.650747,35.792545]]},"properties":{"id":"F008:8011:fallback-1","feed_id":"F008","feed_slug":"itabashi-rinringo","municipality":"板橋区","service_name":"りんりんGO","license":"CC BY 4.0","source_route_id":"8011","route_short_name":null,"route_long_name":"りんりんＧＯ（反時計回り）","route_desc":null,"route_type":3,"route_url":null,"route_color":null,"route_text_color":"000000","directions":["1"],"geometry_source":"stop_times.txt fallback"}},{"type":"Feature","id":"F008:8021:fallback-1","geometry":{"type":"LineString","coordinates":[[139.650747,35.792545],[139.653193,35.790817],[139.651932,35.786549],[139.649025,35.783946],[139.645275,35.782449],[139.647276,35.778263],[139.647008,35.775516],[139.646482,35.772922],[139.646021,35.770672],[139.649245,35.770254],[139.652672,35.770189],[139.654861,35.771421],[139.655505,35.774376],[139.654641,35.777192],[139.654706,35.780143],[139.652383,35.781422],[139.653659,35.784099],[139.651782,35.786614],[139.652426,35.790265],[139.650747,35.792545]]},"properties":{"id":"F008:8021:fallback-1","feed_id":"F008","feed_slug":"itabashi-rinringo","municipality":"板橋区","service_name":"りんりんGO","license":"CC BY 4.0","source_route_id":"8021","route_short_name":null,"route_long_name":"りんりんＧＯ（時計回り）","route_desc":null,"route_type":3,"route_url":null,"route_color":null,"route_text_color":"000000","directions":["1"],"geometry_source":"stop_times.txt fallback"}},{"type":"Feature","id":"F013:333001:fallback-0","geometry":{"type":"LineString","coordinates":[[139.51988,35.77157],[139.51764,35.77258],[139.51424,35.77122],[139.51107,35.77387],[139.50512,35.77411],[139.50312,35.77433],[139.50195,35.77578],[139.50122,35.77812],[139.49952,35.77822],[139.49705,35.77879],[139.49983,35.77828],[139.50127,35.78203],[139.50572,35.78043],[139.50816,35.78166],[139.50966,35.77896],[139.51018,35.77691],[139.51405,35.77595],[139.51596,35.7762],[139.5182,35.776],[139.51939,35.77452],[139.52046,35.77223]]},"properties":{"id":"F013:333001:fallback-0","feed_id":"F013","feed_slug":"kiyose-kiyobus","municipality":"清瀬市","service_name":"きよバス","license":"CC BY 4.0","source_route_id":"333001","route_short_name":null,"route_long_name":"志木街道経由","route_desc":null,"route_type":3,"route_url":null,"route_color":"CC0033","route_text_color":"FFFFFF","directions":["0"],"geometry_source":"stop_times.txt fallback"}},{"type":"Feature","id":"F013:333001:fallback-1","geometry":{"type":"LineString","coordinates":[[139.52046,35.77223],[139.51808,35.77599],[139.5155,35.776],[139.51356,35.77577],[139.5102,35.77655],[139.50951,35.77913],[139.50854,35.78181],[139.50564,35.78003],[139.50127,35.78203],[139.49952,35.77822],[139.49705,35.77879],[139.49983,35.77828],[139.50168,35.77816],[139.50208,35.77563],[139.50303,35.77443],[139.50574,35.7742],[139.51081,35.77422],[139.51428,35.7713],[139.51848,35.77233],[139.51988,35.77157]]},"properties":{"id":"F013:333001:fallback-1","feed_id":"F013","feed_slug":"kiyose-kiyobus","municipality":"清瀬市","service_name":"きよバス","license":"CC BY 4.0","source_route_id":"333001","route_short_name":null,"route_long_name":"志木街道経由","route_desc":null,"route_type":3,"route_url":null,"route_color":"CC0033","route_text_color":"FFFFFF","directions":["1"],"geometry_source":"stop_times.txt fallback"}},{"type":"Feature","id":"F013:333002:fallback-0","geometry":{"type":"LineString","coordinates":[[139.51988,35.77157],[139.51764,35.77258],[139.51424,35.77122],[139.51179,35.77229],[139.50943,35.77112],[139.5096,35.76988],[139.51121,35.7674],[139.50746,35.76595],[139.50434,35.764],[139.50218,35.76764],[139.50115,35.77021],[139.50047,35.772],[139.50118,35.77454],[139.50195,35.77578],[139.50122,35.77812],[139.49952,35.77822],[139.49705,35.77879],[139.49983,35.77828],[139.50127,35.78203],[139.50572,35.78043],[139.50816,35.78166],[139.50966,35.77896],[139.51018,35.77691],[139.51405,35.77595],[139.51596,35.7762],[139.5182,35.776],[139.51939,35.77452],[139.52046,35.77223]]},"properties":{"id":"F013:333002:fallback-0","feed_id":"F013","feed_slug":"kiyose-kiyobus","municipality":"清瀬市","service_name":"きよバス","license":"CC BY 4.0","source_route_id":"333002","route_short_name":null,"route_long_name":"緑蔭通り経由","route_desc":null,"route_type":3,"route_url":null,"route_color":"000080","route_text_color":"FFFFFF","directions":["0"],"geometry_source":"stop_times.txt fallback"}},{"type":"Feature","id":"F013:333002:fallback-1","geometry":{"type":"LineString","coordinates":[[139.52046,35.77223],[139.51808,35.77599],[139.5155,35.776],[139.51356,35.77577],[139.5102,35.77655],[139.50951,35.77913],[139.50854,35.78181],[139.50564,35.78003],[139.50127,35.78203],[139.49952,35.77822],[139.49705,35.77879],[139.49983,35.77828],[139.50168,35.77816],[139.50208,35.77563],[139.50139,35.77445],[139.50062,35.77171],[139.50125,35.77014],[139.50233,35.76741],[139.50459,35.76418],[139.50759,35.76626],[139.51141,35.76733],[139.5092,35.77003],[139.50873,35.77102],[139.5115,35.77223],[139.51428,35.7713],[139.51848,35.77233],[139.51988,35.77157]]},"properties":{"id":"F013:333002:fallback-1","feed_id":"F013","feed_slug":"kiyose-kiyobus","municipality":"清瀬市","service_name":"きよバス","license":"CC BY 4.0","source_route_id":"333002","route_short_name":null,"route_long_name":"緑蔭通り経由","route_desc":null,"route_type":3,"route_url":null,"route_color":"000080","route_text_color":"FFFFFF","directions":["1"],"geometry_source":"stop_times.txt fallback"}},{"type":"Feature","id":"F001:10:fallback-0","geometry":{"type":"LineString","coordinates":[[139.6991212,35.6647111],[139.700679,35.666404],[139.701484,35.6648027],[139.7023729,35.6612689],[139.7004791,35.6585271],[139.7009831,35.6551837],[139.6977363,35.6554852],[139.7037139,35.658305],[139.7064657,35.6606348],[139.7089925,35.6597183],[139.7132283,35.6582309],[139.7124478,35.6565082],[139.7103639,35.6554576],[139.7082257,35.6539368],[139.7090958,35.6519244],[139.7078231,35.649478],[139.7111988,35.6472718],[139.71318,35.64711],[139.7164524,35.6478092],[139.7182267,35.6489217],[139.7204967,35.6477976],[139.7193642,35.6454697],[139.716734,35.6455112],[139.7145597,35.6437047],[139.7129276,35.6433346],[139.7101495,35.6435462],[139.7080249,35.6454891],[139.7071635,35.6471454],[139.7074295,35.6500585],[139.7065037,35.6517746],[139.7051958,35.6506704],[139.7038723,35.6486576],[139.7001341,35.6498316],[139.6992196,35.6508544],[139.6981844,35.6526116],[139.7009831,35.6551837],[139.6977363,35.6554852],[139.70063873,35.660011],[139.7007282,35.661847],[139.7012295,35.6637201],[139.701386,35.6649217],[139.7005628,35.6662133],[139.6991212,35.6647111]]},"properties":{"id":"F001:10:fallback-0","feed_id":"F001","feed_slug":"shibuya-hachiko-bus","municipality":"渋谷区","service_name":"ハチ公バス","license":"CC BY 4.0","source_route_id":"10","route_short_name":null,"route_long_name":"ハチ公バス　恵比寿・代官山循環　夕やけこやけルート","route_desc":null,"route_type":3,"route_url":null,"route_color":"FF0000","route_text_color":"FFFFFF","directions":["0"],"geometry_source":"stop_times.txt fallback"}},{"type":"Feature","id":"F001:20:fallback-0","geometry":{"type":"LineString","coordinates":[[139.6992193,35.6647487],[139.700679,35.666404],[139.7018256,35.6681818],[139.6979425,35.6682614],[139.6913225,35.6676033],[139.68767,35.67007],[139.68753,35.67239],[139.6847404,35.6748055],[139.6818675,35.6756312],[139.682826,35.6767358],[139.6815063,35.6790094],[139.6857628,35.6810372],[139.6850061,35.6822701],[139.6843984,35.6834113],[139.6857775,35.684864],[139.6841436,35.6868608],[139.681511,35.6876746],[139.6805758,35.6869162],[139.6788277,35.6855995],[139.6770389,35.6853311],[139.6749201,35.6837767],[139.6748507,35.6821244],[139.674533,35.6807999],[139.6717159,35.6789412],[139.6701696,35.6788073],[139.6706444,35.6767385],[139.6672459,35.6742407],[139.6643322,35.6734035],[139.6638559,35.675247],[139.6672241,35.6764731],[139.671219,35.6779153],[139.6738056,35.6788503],[139.6776488,35.6802232],[139.680891,35.6814072],[139.6827166,35.6824418],[139.6843984,35.6834113],[139.6872864,35.6816284],[139.6825478,35.6791208],[139.6818675,35.6756312],[139.6832303,35.6763672],[139.6861977,35.6742426],[139.6878628,35.6721638],[139.6880071,35.6694884],[139.6895341,35.6677777],[139.6971426,35.668458],[139.7020266,35.6684539],[139.7005628,35.6662133],[139.6992193,35.6647487]]},"properties":{"id":"F001:20:fallback-0","feed_id":"F001","feed_slug":"shibuya-hachiko-bus","municipality":"渋谷区","service_name":"ハチ公バス","license":"CC BY 4.0","source_route_id":"20","route_short_name":null,"route_long_name":"ハチ公バス　本町・笹塚循環　春の小川ルート","route_desc":null,"route_type":3,"route_url":null,"route_color":"FFCC33","route_text_color":"000000","directions":["0"],"geometry_source":"stop_times.txt fallback"}},{"type":"Feature","id":"F001:30:fallback-0","geometry":{"type":"LineString","coordinates":[[139.70063873,35.660011],[139.7007282,35.661847],[139.7012295,35.6637201],[139.6994481,35.6649178],[139.700679,35.666404],[139.7018256,35.6681818],[139.7020715,35.6694501],[139.7038818,35.6693025],[139.7067353,35.667983],[139.7089515,35.6669539],[139.712895,35.6658019],[139.7151849,35.6683822],[139.7125738,35.6719322],[139.7107846,35.6725756],[139.7095592,35.6731888],[139.7109541,35.6748196],[139.7125225,35.6765645],[139.7102958,35.6779671],[139.7109386,35.6808103],[139.7081801,35.6811651],[139.7056919,35.6807995],[139.7016748,35.680303],[139.693676,35.6801111],[139.6949819,35.6820396],[139.6992205,35.6821969],[139.7019902,35.6821971],[139.7053052,35.6807123],[139.70742,35.6812417],[139.7113568,35.6802504],[139.7098532,35.6780394],[139.7103524,35.6764785],[139.7110715,35.6748147],[139.7093578,35.6727247],[139.7107807,35.6726863],[139.7130525,35.6714339],[139.7157899,35.6686469],[139.7147425,35.6674028],[139.7103382,35.6660888],[139.708162,35.6670996],[139.7067863,35.667731],[139.7048709,35.6686256],[139.702197,35.6695631],[139.7020266,35.6684539],[139.7005628,35.6662133],[139.6994481,35.6649178],[139.700679,35.666404],[139.701484,35.6648027],[139.7009116,35.6627234],[139.7004791,35.6585271]]},"properties":{"id":"F001:30:fallback-0","feed_id":"F001","feed_slug":"shibuya-hachiko-bus","municipality":"渋谷区","service_name":"ハチ公バス","license":"CC BY 4.0","source_route_id":"30","route_short_name":null,"route_long_name":"ハチ公バス　神宮の杜（もり）ルート（神宮前・千駄ヶ谷ルート）","route_desc":null,"route_type":3,"route_url":null,"route_color":"0066FF","route_text_color":"FFFFFF","directions":["0"],"geometry_source":"stop_times.txt fallback"}},{"type":"Feature","id":"F001:40:fallback-0","geometry":{"type":"LineString","coordinates":[[139.70063873,35.660011],[139.7023729,35.6612689],[139.6960069,35.6601656],[139.6930231,35.6587077],[139.6903045,35.6583399],[139.6878215,35.6613907],[139.6876486,35.6643472],[139.6877753,35.6658744],[139.6863045,35.6678097],[139.6835403,35.6679422],[139.6804123,35.6680853],[139.6797113,35.6691758],[139.681307,35.6682253],[139.679276,35.6657022],[139.679266,35.6641108],[139.6854183,35.6643443],[139.686617,35.6650257],[139.6895341,35.6677777],[139.6921705,35.6659908],[139.6930707,35.6648238],[139.6967879,35.6607594],[139.70063873,35.660011]]},"properties":{"id":"F001:40:fallback-0","feed_id":"F001","feed_slug":"shibuya-hachiko-bus","municipality":"渋谷区","service_name":"ハチ公バス","license":"CC BY 4.0","source_route_id":"40","route_short_name":null,"route_long_name":"ハチ公バス　丘を越えてルート（上原・富ヶ谷ルート）","route_desc":null,"route_type":3,"route_url":null,"route_color":"FF6600","route_text_color":"FFFFFF","directions":["0"],"geometry_source":"stop_times.txt fallback"}},{"type":"Feature","id":"F018:4:SHP0011","geometry":{"type":"LineString","coordinates":[[139.347127,35.770943],[139.347142,35.77116],[139.34756,35.771073],[139.347743,35.771064],[139.347866,35.771673],[139.347941,35.772104],[139.348102,35.772953],[139.348226,35.773301],[139.348928,35.773001],[139.349293,35.772788],[139.350581,35.772087],[139.351144,35.771665],[139.351541,35.771334],[139.352517,35.770629],[139.352893,35.771094],[139.35344,35.771834],[139.353644,35.772117],[139.353735,35.772226],[139.354126,35.772722],[139.354797,35.772431],[139.355205,35.772239],[139.355339,35.772435],[139.355537,35.772774],[139.355881,35.773036],[139.35638,35.772735],[139.356589,35.772962],[139.35698,35.773667],[139.357077,35.773823],[139.357415,35.774167],[139.35727,35.774211],[139.35737,35.774311],[139.357511,35.774224],[139.357141,35.773832],[139.356991,35.773562],[139.356648,35.772992],[139.356412,35.772692],[139.355902,35.773018],[139.355543,35.772796],[139.355355,35.772422],[139.355183,35.772209],[139.354776,35.772404],[139.354159,35.7727],[139.353756,35.772139],[139.353504,35.771791],[139.352909,35.771047],[139.35256,35.770581],[139.35153,35.771321],[139.351101,35.77163],[139.350548,35.772078],[139.349245,35.7728],[139.34888,35.773018],[139.348236,35.773275],[139.348113,35.772905],[139.348006,35.772087],[139.347807,35.771038],[139.347743,35.770659],[139.347169,35.770942]]},"properties":{"id":"F018:4:SHP0011","feed_id":"F018","feed_slug":"mizuho-community-bus","municipality":"瑞穂町","service_name":"コミュニティバス","license":"CC BY 4.0","source_route_id":"4","route_short_name":null,"route_long_name":"瑞穂町コミュニティバス　ふれあいセンターコース","route_desc":null,"route_type":3,"route_url":null,"route_color":"CCFF66","route_text_color":"000000","directions":["0"],"geometry_source":"shapes.txt"}},{"type":"Feature","id":"F018:5:R5_shape","geometry":{"type":"LineString","coordinates":[[139.34715095086455,35.770968813132924],[139.34708523674902,35.77102049875321],[139.3471080355238,35.77118371628095],[139.34760893801663,35.771064567518714],[139.34777389391246,35.77105586257932],[139.3479539783935,35.772090672368684],[139.34806133494843,35.77283202],[139.34821383724585,35.77329394891086],[139.34860978788493,35.773177964272456],[139.3488471159649,35.77306392227222],[139.34928292378652,35.77282036468837],[139.35062637023924,35.77206447181326],[139.35139556753217,35.77143751654198],[139.35206799709883,35.77095612],[139.3525497165945,35.77061283933674],[139.3527784795075,35.77091179422336],[139.35347888717754,35.77185037555511],[139.35412376972621,35.77271344],[139.35430105944081,35.77268765],[139.35520516642632,35.77224523],[139.3553556154784,35.77242632],[139.35553926222238,35.772751832421385],[139.3557052506087,35.77291401],[139.35588677834122,35.77303034786208],[139.35598425236756,35.77300054790331],[139.3564017,35.772708278481716],[139.35656768392153,35.772904844114116],[139.3566743402837,35.77304868629282],[139.35692346835833,35.77351787684781],[139.35714172542654,35.773865731105225],[139.35743556020046,35.77409725105473],[139.35726392115416,35.77421243770763],[139.35734373684238,35.77430412845544],[139.35757965223948,35.77421186464012],[139.3574807655461,35.77409897026089],[139.35719046245677,35.77386573110754],[139.35705979073725,35.77370355212852],[139.35676524963134,35.77315053651414],[139.35664799825338,35.772947667643145],[139.35641349552336,35.772679467333276],[139.3559176493558,35.77301930218976],[139.35570645563203,35.772894371501266],[139.35560827523167,35.77281585990853],[139.35551666204506,35.77267014638776],[139.35527156430467,35.77224205550251],[139.3551288849223,35.77223288619193],[139.3541760409331,35.772689631056025],[139.3540211375777,35.772514572447996],[139.35312949243732,35.77132554282103],[139.35260963093086,35.77063095674867],[139.35224019024378,35.77013820561123],[139.3516998450522,35.76941438096278],[139.35059019500616,35.76793117892213],[139.35017698987448,35.76741480263093],[139.3499749784669,35.767349467321026],[139.34945441061265,35.767605077078436],[139.34912314016273,35.767724284936655],[139.34753600858272,35.76856962399376],[139.34744277253876,35.768699146335884],[139.34750139823063,35.76897939528551],[139.34761200882792,35.76968956306528],[139.34766357118122,35.77007010062625],[139.34766074585232,35.77025234538238],[139.34771160186168,35.77069649358277],[139.34715095086455,35.770968813132924]]},"properties":{"id":"F018:5:R5_shape","feed_id":"F018","feed_slug":"mizuho-community-bus","municipality":"瑞穂町","service_name":"コミュニティバス","license":"CC BY 4.0","source_route_id":"5","route_short_name":null,"route_long_name":"瑞穂町コミュニティバス　箱根ケ崎駅東口循環コース","route_desc":null,"route_type":3,"route_url":null,"route_color":"800080","route_text_color":"FFFFFF","directions":["1"],"geometry_source":"shapes.txt"}},{"type":"Feature","id":"F018:1:SHP0007","geometry":{"type":"LineString","coordinates":[[139.3547281,35.78636484],[139.3548104,35.78655931],[139.3550169,35.78729256],[139.3554059,35.78865026],[139.355422,35.78870901],[139.3555722,35.78927907],[139.3556687,35.78957498],[139.3559316,35.79017768],[139.3560737,35.79043866],[139.3560845,35.79045836],[139.3561623,35.7906259],[139.356181,35.79069117],[139.356299,35.79108282],[139.3563259,35.79116549],[139.3563554,35.79125033],[139.3565029,35.79166804],[139.3566343,35.79200961],[139.3573532,35.79185297],[139.3582034,35.79166804],[139.3583322,35.79163976],[139.3584165,35.79162137],[139.3584727,35.79160913],[139.358941,35.79150705],[139.359574,35.79136782],[139.3598396,35.79133083],[139.3599388,35.7913243],[139.3601856,35.79133518],[139.3606737,35.79138957],[139.3607461,35.7913961],[139.3615723,35.79149617],[139.3618459,35.79152663],[139.3619987,35.79154186],[139.3627122,35.79161583],[139.3628302,35.79162453],[139.3630126,35.79161365],[139.3631333,35.79159407],[139.3638843,35.79143308],[139.364064,35.79140915],[139.364281,35.79140231],[139.3645468,35.79139392],[139.3647319,35.79138522],[139.3648365,35.79138957],[139.3653749,35.79143012],[139.365963,35.79147442],[139.3665934,35.79154186],[139.3666658,35.79154404],[139.3670091,35.79155056],[139.3671298,35.79155056],[139.3680364,35.79165281],[139.3680686,35.79165499],[139.3681732,35.79166804],[139.3689778,35.79175942],[139.3697745,35.79184862],[139.3702841,35.79192694],[139.3702975,35.79193129],[139.3704504,35.79166804],[139.3707803,35.79108282],[139.3708849,35.79090222],[139.3709119,35.79085347],[139.3711585,35.79040832],[139.3713516,35.7900406],[139.3711853,35.78986219],[139.3710271,35.78974034],[139.3707374,35.78960544],[139.3704423,35.78950535],[139.3694794,35.78917898],[139.3693024,35.78911806],[139.3690369,35.78902233],[139.3689778,35.78899622],[139.3686908,35.78886132],[139.3686753,35.78885238],[139.3685944,35.78880592],[139.3684521,35.78872424],[139.3675724,35.7882151],[139.367331,35.78804104],[139.3673122,35.78803016],[139.3666658,35.78749056],[139.3661937,35.78709673],[139.3660328,35.78695966],[139.3658211,35.78678434],[139.3656519,35.78664417],[139.3655875,35.78659195],[139.3653201,35.78637163],[139.3647212,35.78587828],[139.3644556,35.78572815],[139.3644047,35.78570639],[139.3640855,35.78557367],[139.3637717,35.7854453],[139.3636027,35.78537785],[139.3635517,35.78535609],[139.363313,35.78526906],[139.363018,35.78514503],[139.3625298,35.78496009],[139.3624815,35.78494268],[139.3624038,35.78491222],[139.3621683,35.78482371],[139.3620738,35.7847882],[139.3620417,35.78477515],[139.3617466,35.78464895],[139.3615723,35.7845728],[139.3614542,35.7845184],[139.3613309,35.7844466],[139.3612289,35.78437262],[139.3610573,35.78421596],[139.3609849,35.78412676],[139.3607944,35.78385478],[139.3606898,35.78372205],[139.3606201,35.78365025],[139.3604565,35.78353276],[139.3603465,35.78347619],[139.3599522,35.78333476],[139.3598396,35.78329342],[139.3594989,35.7831607],[139.3592897,35.78307802],[139.3586448,35.78268781],[139.3584974,35.78259861],[139.3584663,35.78257976],[139.3583322,35.7824862],[139.3582892,35.78245573],[139.3579566,35.78224468],[139.3578386,35.7821707],[139.3567979,35.78151136],[139.3566424,35.78142649],[139.3558388,35.78095373],[139.3556955,35.78086942],[139.3555158,35.7807715],[139.3555024,35.78076497],[139.3552986,35.7806714],[139.3548426,35.7804625],[139.3546012,35.78039722],[139.3544456,35.78020138],[139.3543088,35.78000335],[139.3542016,35.77987062],[139.3541238,35.77974658],[139.3539199,35.77948763],[139.3538529,35.77938753],[139.3534264,35.77880217],[139.3533996,35.7787543],[139.3530777,35.77830603],[139.3529758,35.77817982],[139.3528149,35.7779731],[139.352611,35.77768151],[139.3524367,35.77740297],[139.3521014,35.776946],[139.3518573,35.77661524],[139.3515998,35.7762823],[139.3512726,35.7759559],[139.3509829,35.77574482],[139.3509105,35.77570565],[139.3506396,35.77556421],[139.3505859,35.77553809],[139.3499985,35.77524215],[139.3497866,35.77512247],[139.349623,35.77500714],[139.3496123,35.77500061],[139.3493897,35.77484176],[139.3491831,35.77465897],[139.3490705,35.77450447],[139.3489578,35.77443919],[139.3484482,35.77366887],[139.348231,35.77332505],[139.3482041,35.77325759],[139.3481237,35.77299861],[139.3481022,35.77287892],[139.3479654,35.77209327],[139.3478635,35.77143821],[139.3478286,35.77126628],[139.3478099,35.77112482],[139.3477347,35.77063298],[139.3475577,35.77074179],[139.3474746,35.77079185],[139.3474317,35.77081361],[139.3472734,35.77089631],[139.3472117,35.77092678],[139.3471377,35.77095922]]},"properties":{"id":"F018:1:SHP0007","feed_id":"F018","feed_slug":"mizuho-community-bus","municipality":"瑞穂町","service_name":"コミュニティバス","license":"CC BY 4.0","source_route_id":"1","route_short_name":null,"route_long_name":"瑞穂町コミュニティバス　元狭山コース","route_desc":null,"route_type":3,"route_url":null,"route_color":"FF0000","route_text_color":"FFFFFF","directions":["1"],"geometry_source":"shapes.txt"}},{"type":"Feature","id":"F018:1:SHP0008","geometry":{"type":"LineString","coordinates":[[139.3471377,35.77095922],[139.3470776,35.77098554],[139.3471098,35.77117488],[139.3472654,35.77117052],[139.3475792,35.77109435],[139.3476275,35.77108347],[139.3476892,35.77107912],[139.3478099,35.77112482],[139.3478286,35.77126628],[139.3478635,35.77143821],[139.3479654,35.77209327],[139.3481022,35.77287892],[139.3481237,35.77299861],[139.3482041,35.77325759],[139.348231,35.77332505],[139.3484482,35.77366887],[139.3489578,35.77443919],[139.3490705,35.77450447],[139.3491831,35.77465897],[139.3493897,35.77484176],[139.3496123,35.77500061],[139.349623,35.77500714],[139.3497866,35.77512247],[139.3499985,35.77524215],[139.3505859,35.77553809],[139.3506396,35.77556421],[139.3509105,35.77570565],[139.3509829,35.77574482],[139.3512726,35.7759559],[139.3515998,35.7762823],[139.3518573,35.77661524],[139.3521014,35.776946],[139.3524367,35.77740297],[139.352611,35.77768151],[139.3528149,35.7779731],[139.3529758,35.77817982],[139.3530777,35.77830603],[139.3533996,35.7787543],[139.3534264,35.77880217],[139.3538529,35.77938753],[139.3539199,35.77948763],[139.3541238,35.77974658],[139.3542016,35.77987062],[139.3543088,35.78000335],[139.3544456,35.78020138],[139.3546012,35.78039722],[139.3548426,35.7804625],[139.3552986,35.7806714],[139.3555024,35.78076497],[139.3555158,35.7807715],[139.3556955,35.78086942],[139.3558388,35.78095373],[139.3566424,35.78142649],[139.3567979,35.78151136],[139.3578386,35.7821707],[139.3579566,35.78224468],[139.3582892,35.78245573],[139.3583322,35.7824862],[139.3584663,35.78257976],[139.3584974,35.78259861],[139.3586448,35.78268781],[139.3592897,35.78307802],[139.3594989,35.7831607],[139.3598396,35.78329342],[139.3599522,35.78333476],[139.3603465,35.78347619],[139.3604565,35.78353276],[139.3606201,35.78365025],[139.3606898,35.78372205],[139.3607944,35.78385478],[139.3609849,35.78412676],[139.3610573,35.78421596],[139.3612289,35.78437262],[139.3613309,35.7844466],[139.3614542,35.7845184],[139.3615723,35.7845728],[139.3617466,35.78464895],[139.3620417,35.78477515],[139.3620738,35.7847882],[139.3621683,35.78482371],[139.3624038,35.78491222],[139.3624815,35.78494268],[139.3625298,35.78496009],[139.363018,35.78514503],[139.363313,35.78526906],[139.3635517,35.78535609],[139.3636027,35.78537785],[139.3637717,35.7854453],[139.3640855,35.78557367],[139.3644047,35.78570639],[139.3644556,35.78572815],[139.3647212,35.78587828],[139.3653201,35.78637163],[139.3655875,35.78659195],[139.3656519,35.78664417],[139.3658211,35.78678434],[139.3660328,35.78695966],[139.3661937,35.78709673],[139.3666658,35.78749056],[139.3673122,35.78803016],[139.367331,35.78804104],[139.3675724,35.7882151],[139.3684521,35.78872424],[139.3685944,35.78880592],[139.3686753,35.78885238],[139.3686908,35.78886132],[139.3689778,35.78899622],[139.3690369,35.78902233],[139.3693024,35.78911806],[139.3694794,35.78917898],[139.3704423,35.78950535],[139.3707374,35.78960544],[139.3710271,35.78974034],[139.3711853,35.78986219],[139.3713516,35.7900406],[139.3711585,35.79040832],[139.3709119,35.79085347],[139.3708849,35.79090222],[139.3707803,35.79108282],[139.3704504,35.79166804],[139.3702975,35.79193129],[139.3702841,35.79192694],[139.3697745,35.79184862],[139.3689778,35.79175942],[139.3681732,35.79166804],[139.3680686,35.79165499],[139.3680364,35.79165281],[139.3671298,35.79155056],[139.3670091,35.79155056],[139.3666658,35.79154404],[139.3665934,35.79154186],[139.365963,35.79147442],[139.3653749,35.79143012],[139.3648365,35.79138957],[139.3647319,35.79138522],[139.3645468,35.79139392],[139.364281,35.79140231],[139.364064,35.79140915],[139.3638843,35.79143308],[139.3631333,35.79159407],[139.3630126,35.79161365],[139.3628302,35.79162453],[139.3627122,35.79161583],[139.3619987,35.79154186],[139.3618459,35.79152663],[139.3615723,35.79149617],[139.3607461,35.7913961],[139.3606737,35.79138957],[139.3601856,35.79133518],[139.3599388,35.7913243],[139.3598396,35.79133083],[139.359574,35.79136782],[139.358941,35.79150705],[139.3584727,35.79160913],[139.3584165,35.79162137],[139.3583322,35.79163976],[139.3582034,35.79166804],[139.3573532,35.79185297],[139.3566343,35.79200961],[139.3560496,35.79214014],[139.3559557,35.7921619],[139.3554622,35.79226197],[139.3551586,35.7923151],[139.3548158,35.7923751],[139.3546039,35.79241209],[139.3538475,35.79251869],[139.3533459,35.79258831],[139.3530723,35.79263835],[139.3530241,35.79264705],[139.3529114,35.79266228],[139.3525305,35.79271667],[139.3521202,35.79277541],[139.3513745,35.79288326],[139.3505859,35.79299731],[139.3505323,35.79300384],[139.3501595,35.79306258],[139.3499985,35.79308869],[139.3497974,35.79312132],[139.3492958,35.79318876],[139.3490142,35.79321052],[139.3486896,35.7932214],[139.348298,35.79321269],[139.3480915,35.79319964],[139.3476972,35.79316048],[139.3474907,35.7931409],[139.3471232,35.79310392],[139.3466324,35.79306258],[139.3466002,35.79305823],[139.3463695,35.79303865],[139.3451546,35.79293146],[139.3440762,35.79283632],[139.3442023,35.79243819],[139.3443847,35.79181163],[139.3444169,35.79166804],[139.344441,35.79157885],[139.3445107,35.79136129],[139.3445912,35.79108282],[139.3447226,35.79063025],[139.3447736,35.79047577],[139.3448735,35.79012141],[139.3448947,35.79004617],[139.3450391,35.78953364],[139.3450606,35.78945966],[139.3451893,35.78920727],[139.3455729,35.78862633],[139.3456587,35.78850883],[139.3458813,35.7881346],[139.3458894,35.78809543],[139.3459028,35.78803668],[139.3460798,35.78778864],[139.3465251,35.78720335],[139.3468949,35.78670734],[139.3469274,35.78666375],[139.3474531,35.78597837],[139.3474934,35.78592615],[139.3477294,35.78561718],[139.3478635,35.78544747],[139.3481371,35.78508194],[139.3481827,35.78495356],[139.3481988,35.78475339],[139.3481451,35.78438785],[139.3499985,35.7847077],[139.3505859,35.78480996],[139.3510285,35.78487741],[139.3513316,35.78491222],[139.3514764,35.7849231],[139.3517017,35.78492745],[139.3517849,35.78492528],[139.3519378,35.7849231],[139.3521121,35.78491222],[139.3526512,35.78485783],[139.3537456,35.78472945],[139.3539467,35.78470117],[139.3540165,35.78488829],[139.3542579,35.78537785],[139.3546575,35.78619813],[139.3547281,35.78636484],[139.3548104,35.78655931],[139.3550169,35.78729256],[139.3554059,35.78865026],[139.355422,35.78870901],[139.3555722,35.78927907],[139.3556687,35.78957498],[139.3559316,35.79017768],[139.3560737,35.79043866],[139.3560845,35.79045836],[139.3561623,35.7906259],[139.356181,35.79069117],[139.356299,35.79108282],[139.3563259,35.79116549],[139.3563554,35.79125033],[139.3565029,35.79166804],[139.3566343,35.79200961],[139.3573532,35.79185297],[139.3582034,35.79166804],[139.3583322,35.79163976],[139.3584165,35.79162137],[139.3584727,35.79160913],[139.358941,35.79150705],[139.359574,35.79136782],[139.3598396,35.79133083],[139.3599388,35.7913243],[139.3601856,35.79133518],[139.3606737,35.79138957],[139.3607461,35.7913961],[139.3615723,35.79149617],[139.3618459,35.79152663],[139.3619987,35.79154186],[139.3627122,35.79161583],[139.3628302,35.79162453],[139.3630126,35.79161365],[139.3631333,35.79159407],[139.3638843,35.79143308],[139.364064,35.79140915],[139.364281,35.79140231],[139.3645468,35.79139392],[139.3647319,35.79138522],[139.3648365,35.79138957],[139.3653749,35.79143012],[139.365963,35.79147442],[139.3665934,35.79154186],[139.3666658,35.79154404],[139.3670091,35.79155056],[139.3671298,35.79155056],[139.3680364,35.79165281],[139.3680686,35.79165499],[139.3681732,35.79166804],[139.3689778,35.79175942],[139.3697745,35.79184862],[139.3702841,35.79192694],[139.3702975,35.79193129],[139.3704504,35.79166804],[139.3707803,35.79108282],[139.3708849,35.79090222],[139.3709119,35.79085347],[139.3711585,35.79040832],[139.3713516,35.7900406],[139.3711853,35.78986219],[139.3710271,35.78974034],[139.3707374,35.78960544],[139.3704423,35.78950535],[139.3694794,35.78917898],[139.3693024,35.78911806],[139.3690369,35.78902233],[139.3689778,35.78899622],[139.3686908,35.78886132],[139.3686753,35.78885238],[139.3685944,35.78880592],[139.3684521,35.78872424],[139.3675724,35.7882151],[139.367331,35.78804104],[139.3673122,35.78803016],[139.3666658,35.78749056],[139.3661937,35.78709673],[139.3660328,35.78695966],[139.3658211,35.78678434],[139.3656519,35.78664417],[139.3655875,35.78659195],[139.3653201,35.78637163],[139.3647212,35.78587828],[139.3644556,35.78572815],[139.3644047,35.78570639],[139.3640855,35.78557367],[139.3637717,35.7854453],[139.3636027,35.78537785],[139.3635517,35.78535609],[139.363313,35.78526906],[139.363018,35.78514503],[139.3625298,35.78496009],[139.3624815,35.78494268],[139.3624038,35.78491222],[139.3621683,35.78482371],[139.3620738,35.7847882],[139.3620417,35.78477515],[139.3617466,35.78464895],[139.3615723,35.7845728],[139.3614542,35.7845184],[139.3613309,35.7844466],[139.3612289,35.78437262],[139.3610573,35.78421596],[139.3609849,35.78412676],[139.3607944,35.78385478],[139.3606898,35.78372205],[139.3606201,35.78365025],[139.3604565,35.78353276],[139.3603465,35.78347619],[139.3599522,35.78333476],[139.3598396,35.78329342],[139.3594989,35.7831607],[139.3592897,35.78307802],[139.3586448,35.78268781],[139.3584974,35.78259861],[139.3584663,35.78257976],[139.3583322,35.7824862],[139.3582892,35.78245573],[139.3579566,35.78224468],[139.3578386,35.7821707],[139.3567979,35.78151136],[139.3566424,35.78142649],[139.3558388,35.78095373],[139.3556955,35.78086942],[139.3555158,35.7807715],[139.3555024,35.78076497],[139.3552986,35.7806714],[139.3548426,35.7804625],[139.3546012,35.78039722],[139.3544456,35.78020138],[139.3543088,35.78000335],[139.3542016,35.77987062],[139.3541238,35.77974658],[139.3539199,35.77948763],[139.3538529,35.77938753],[139.3534264,35.77880217],[139.3533996,35.7787543],[139.3530777,35.77830603],[139.3529758,35.77817982],[139.3528149,35.7779731],[139.352611,35.77768151],[139.3524367,35.77740297],[139.3521014,35.776946],[139.3518573,35.77661524],[139.3515998,35.7762823],[139.3512726,35.7759559],[139.3509829,35.77574482],[139.3509105,35.77570565],[139.3506396,35.77556421],[139.3505859,35.77553809],[139.3499985,35.77524215],[139.3497866,35.77512247],[139.349623,35.77500714],[139.3496123,35.77500061],[139.3493897,35.77484176],[139.3491831,35.77465897],[139.3490705,35.77450447],[139.3489578,35.77443919],[139.3484482,35.77366887],[139.348231,35.77332505],[139.3482041,35.77325759],[139.3481237,35.77299861],[139.3481022,35.77287892],[139.3479654,35.77209327],[139.3478635,35.77143821],[139.3478286,35.77126628],[139.3478099,35.77112482],[139.3477347,35.77063298],[139.3475577,35.77074179],[139.3474746,35.77079185],[139.3474317,35.77081361],[139.3472734,35.77089631],[139.3472117,35.77092678],[139.3471377,35.77095922]]},"properties":{"id":"F018:1:SHP0008","feed_id":"F018","feed_slug":"mizuho-community-bus","municipality":"瑞穂町","service_name":"コミュニティバス","license":"CC BY 4.0","source_route_id":"1","route_short_name":null,"route_long_name":"瑞穂町コミュニティバス　元狭山コース","route_desc":null,"route_type":3,"route_url":null,"route_color":"FF0000","route_text_color":"FFFFFF","directions":["0"],"geometry_source":"shapes.txt"}},{"type":"Feature","id":"F018:1:SHP0009","geometry":{"type":"LineString","coordinates":[[139.3471377,35.77095922],[139.3470776,35.77098554],[139.3471098,35.77117488],[139.3472654,35.77117052],[139.3475792,35.77109435],[139.3476275,35.77108347],[139.3476892,35.77107912],[139.3478099,35.77112482],[139.3478286,35.77126628],[139.3478635,35.77143821],[139.3479654,35.77209327],[139.3481022,35.77287892],[139.3481237,35.77299861],[139.3482041,35.77325759],[139.348231,35.77332505],[139.3483758,35.77325759],[139.3487835,35.77307043],[139.3491831,35.77285062],[139.3492663,35.77278751],[139.3497759,35.772522],[139.3499985,35.77239795],[139.3500468,35.77236966],[139.3505859,35.77207804],[139.3506208,35.77205845],[139.351294,35.77149697],[139.351522,35.77132504],[139.3517795,35.771127],[139.3518814,35.77106606],[139.3520504,35.77094636],[139.3525466,35.77059163],[139.3527505,35.77085061],[139.352788,35.77089849],[139.3529087,35.77107694],[139.3530214,35.77122275],[139.3530938,35.77131633],[139.3531206,35.77137727],[139.3532869,35.77158184],[139.3534747,35.77182994],[139.3537007,35.77212552],[139.3538341,35.77230002],[139.3541399,35.77273746],[139.3537053,35.77295944],[139.3534371,35.77308566],[139.3531662,35.77322712],[139.3530938,35.77325759],[139.3528873,35.77334681],[139.3522355,35.77357747],[139.351581,35.77379508],[139.3517876,35.77415195],[139.3522757,35.77500061],[139.3523186,35.77507024],[139.3524286,35.7752835],[139.3525225,35.77546411],[139.3525332,35.77552504],[139.3525171,35.77578834],[139.3525305,35.77598201],[139.3525761,35.77637587],[139.3525838,35.77651379],[139.3525869,35.77656954],[139.3526566,35.77708309],[139.3526566,35.77746608],[139.3526325,35.77759882],[139.352611,35.77768151],[139.3525815,35.77779901],[139.3525305,35.77803185],[139.3525171,35.77831256],[139.3525279,35.77841919],[139.3525413,35.77855628],[139.3525976,35.77910682],[139.3526781,35.77986626],[139.3527144,35.78026286],[139.3527459,35.78060616],[139.352788,35.78106527],[139.3528014,35.78118278],[139.3528631,35.78151136],[139.3529356,35.78183777],[139.3530026,35.78213153],[139.3530107,35.7821707],[139.3530858,35.78246009],[139.3531528,35.7827016],[139.3531609,35.78273424],[139.3532789,35.78305191],[139.3533491,35.78321294],[139.3534023,35.78333476],[139.3534034,35.78333732],[139.3537295,35.78406583],[139.3537349,35.78407671],[139.3537885,35.7842399],[139.3539467,35.78470117],[139.3542069,35.78466853],[139.3552503,35.78454451],[139.3553737,35.78453363],[139.3561596,35.7844466],[139.3563741,35.78443354],[139.3565914,35.78442702],[139.356747,35.78443354],[139.3569079,35.78445748],[139.3571654,35.78450752],[139.3572861,35.78454451],[139.3572915,35.78427036],[139.3572861,35.78420073],[139.3572459,35.78407671],[139.3572083,35.78401579],[139.356747,35.78339786],[139.3567014,35.78333476],[139.3566826,35.7832956],[139.3564278,35.78293224],[139.3561596,35.78257976],[139.3561274,35.78253189],[139.3558645,35.7821707],[139.355371,35.78148307],[139.3552127,35.78127635],[139.3546012,35.78039722],[139.3548426,35.7804625],[139.3552986,35.7806714],[139.3555024,35.78076497],[139.3555158,35.7807715],[139.3556955,35.78086942],[139.3558388,35.78095373],[139.3566424,35.78142649],[139.3567979,35.78151136],[139.3578386,35.7821707],[139.3579566,35.78224468],[139.3582892,35.78245573],[139.3583322,35.7824862],[139.3584663,35.78257976],[139.3584974,35.78259861],[139.3586448,35.78268781],[139.3592897,35.78307802],[139.3594989,35.7831607],[139.3598396,35.78329342],[139.3599522,35.78333476],[139.3603465,35.78347619],[139.3604565,35.78353276],[139.3606201,35.78365025],[139.3606898,35.78372205],[139.3607944,35.78385478],[139.3609849,35.78412676],[139.3610573,35.78421596],[139.3612289,35.78437262],[139.3613309,35.7844466],[139.3614542,35.7845184],[139.3615723,35.7845728],[139.3617466,35.78464895],[139.3620417,35.78477515],[139.3620738,35.7847882],[139.3621683,35.78482371],[139.3624038,35.78491222],[139.3624815,35.78494268],[139.3625298,35.78496009],[139.363018,35.78514503],[139.363313,35.78526906],[139.3635517,35.78535609],[139.3636027,35.78537785],[139.3637717,35.7854453],[139.3640855,35.78557367],[139.3644047,35.78570639],[139.3644556,35.78572815],[139.3647212,35.78587828],[139.3653201,35.78637163],[139.3655875,35.78659195],[139.3656519,35.78664417],[139.3658211,35.78678434],[139.3660328,35.78695966],[139.3661937,35.78709673],[139.3666658,35.78749056],[139.3673122,35.78803016],[139.367331,35.78804104],[139.3675724,35.7882151],[139.3684521,35.78872424],[139.3685944,35.78880592],[139.3686753,35.78885238],[139.3686908,35.78886132],[139.3689778,35.78899622],[139.3690369,35.78902233],[139.3693024,35.78911806],[139.3694794,35.78917898],[139.3704423,35.78950535],[139.3707374,35.78960544],[139.3710271,35.78974034],[139.3711853,35.78986219],[139.3713516,35.7900406],[139.3711585,35.79040832],[139.3709119,35.79085347],[139.3708849,35.79090222],[139.3707803,35.79108282],[139.3704504,35.79166804],[139.3702975,35.79193129],[139.3702841,35.79192694],[139.3697745,35.79184862],[139.3689778,35.79175942],[139.3681732,35.79166804],[139.3680686,35.79165499],[139.3680364,35.79165281],[139.3671298,35.79155056],[139.3670091,35.79155056],[139.3666658,35.79154404],[139.3665934,35.79154186],[139.365963,35.79147442],[139.3653749,35.79143012],[139.3648365,35.79138957],[139.3647319,35.79138522],[139.3645468,35.79139392],[139.364281,35.79140231],[139.364064,35.79140915],[139.3638843,35.79143308],[139.3631333,35.79159407],[139.3630126,35.79161365],[139.3628302,35.79162453],[139.3627122,35.79161583],[139.3619987,35.79154186],[139.3618459,35.79152663],[139.3615723,35.79149617],[139.3607461,35.7913961],[139.3606737,35.79138957],[139.3601856,35.79133518],[139.3599388,35.7913243],[139.3598396,35.79133083],[139.359574,35.79136782],[139.358941,35.79150705],[139.3584727,35.79160913],[139.3584165,35.79162137],[139.3583322,35.79163976],[139.3582034,35.79166804],[139.3573532,35.79185297],[139.3566343,35.79200961],[139.3560496,35.79214014],[139.3559557,35.7921619],[139.3554622,35.79226197],[139.3551586,35.7923151],[139.3548158,35.7923751],[139.3546039,35.79241209],[139.3538475,35.79251869],[139.3533459,35.79258831],[139.3530723,35.79263835],[139.3530241,35.79264705],[139.3529114,35.79266228],[139.3525305,35.79271667],[139.3521202,35.79277541],[139.3513745,35.79288326],[139.3505859,35.79299731],[139.3505323,35.79300384],[139.3501595,35.79306258],[139.3499985,35.79308869],[139.3497974,35.79312132],[139.3492958,35.79318876],[139.3490142,35.79321052],[139.3486896,35.7932214],[139.348298,35.79321269],[139.3480915,35.79319964],[139.3476972,35.79316048],[139.3474907,35.7931409],[139.3471232,35.79310392],[139.3466324,35.79306258],[139.3466002,35.79305823],[139.3463695,35.79303865],[139.3451546,35.79293146],[139.3440762,35.79283632],[139.3442023,35.79243819],[139.3443847,35.79181163],[139.3444169,35.79166804],[139.344441,35.79157885],[139.3445107,35.79136129],[139.3445912,35.79108282],[139.3447226,35.79063025],[139.3447736,35.79047577],[139.3448735,35.79012141],[139.3448947,35.79004617],[139.3450391,35.78953364],[139.3450606,35.78945966],[139.3451893,35.78920727],[139.3455729,35.78862633],[139.3456587,35.78850883],[139.3458813,35.7881346],[139.3458894,35.78809543],[139.3459028,35.78803668],[139.3460798,35.78778864],[139.3465251,35.78720335],[139.3468949,35.78670734],[139.3469274,35.78666375],[139.3474531,35.78597837],[139.3474934,35.78592615],[139.3477294,35.78561718],[139.3478635,35.78544747],[139.3481371,35.78508194],[139.3481827,35.78495356],[139.3481988,35.78475339],[139.3481451,35.78438785],[139.3499985,35.7847077],[139.3505859,35.78480996],[139.3510285,35.78487741],[139.3513316,35.78491222],[139.3514764,35.7849231],[139.3517017,35.78492745],[139.3517849,35.78492528],[139.3519378,35.7849231],[139.3521121,35.78491222],[139.3526512,35.78485783],[139.3537456,35.78472945],[139.3539467,35.78470117],[139.3540165,35.78488829],[139.3542579,35.78537785],[139.3546575,35.78619813],[139.3547281,35.78636484],[139.3548104,35.78655931],[139.3550169,35.78729256],[139.3554059,35.78865026],[139.355422,35.78870901],[139.3555722,35.78927907],[139.3556687,35.78957498],[139.3559316,35.79017768],[139.3560737,35.79043866],[139.3560845,35.79045836],[139.3561623,35.7906259],[139.356181,35.79069117],[139.356299,35.79108282],[139.3563259,35.79116549],[139.3563554,35.79125033],[139.3565029,35.79166804],[139.3566343,35.79200961],[139.3573532,35.79185297],[139.3582034,35.79166804],[139.3583322,35.79163976],[139.3584165,35.79162137],[139.3584727,35.79160913],[139.358941,35.79150705],[139.359574,35.79136782],[139.3598396,35.79133083],[139.3599388,35.7913243],[139.3601856,35.79133518],[139.3606737,35.79138957],[139.3607461,35.7913961],[139.3615723,35.79149617],[139.3618459,35.79152663],[139.3619987,35.79154186],[139.3627122,35.79161583],[139.3628302,35.79162453],[139.3630126,35.79161365],[139.3631333,35.79159407],[139.3638843,35.79143308],[139.364064,35.79140915],[139.364281,35.79140231],[139.3645468,35.79139392],[139.3647319,35.79138522],[139.3648365,35.79138957],[139.3653749,35.79143012],[139.365963,35.79147442],[139.3665934,35.79154186],[139.3666658,35.79154404],[139.3670091,35.79155056],[139.3671298,35.79155056],[139.3680364,35.79165281],[139.3680686,35.79165499],[139.3681732,35.79166804],[139.3689778,35.79175942],[139.3697745,35.79184862],[139.3702841,35.79192694],[139.3702975,35.79193129],[139.3704504,35.79166804],[139.3707803,35.79108282],[139.3708849,35.79090222],[139.3709119,35.79085347],[139.3711585,35.79040832],[139.3713516,35.7900406],[139.3711853,35.78986219],[139.3710271,35.78974034],[139.3707374,35.78960544],[139.3704423,35.78950535],[139.3694794,35.78917898],[139.3693024,35.78911806],[139.3690369,35.78902233],[139.3689778,35.78899622],[139.3686908,35.78886132],[139.3686753,35.78885238],[139.3685944,35.78880592],[139.3684521,35.78872424],[139.3675724,35.7882151],[139.367331,35.78804104],[139.3673122,35.78803016],[139.3666658,35.78749056],[139.3661937,35.78709673],[139.3660328,35.78695966],[139.3658211,35.78678434],[139.3656519,35.78664417],[139.3655875,35.78659195],[139.3653201,35.78637163],[139.3647212,35.78587828],[139.3644556,35.78572815],[139.3644047,35.78570639],[139.3640855,35.78557367],[139.3637717,35.7854453],[139.3636027,35.78537785],[139.3635517,35.78535609],[139.363313,35.78526906],[139.363018,35.78514503],[139.3625298,35.78496009],[139.3624815,35.78494268],[139.3624038,35.78491222],[139.3621683,35.78482371],[139.3620738,35.7847882],[139.3620417,35.78477515],[139.3617466,35.78464895],[139.3615723,35.7845728],[139.3614542,35.7845184],[139.3613309,35.7844466],[139.3612289,35.78437262],[139.3610573,35.78421596],[139.3609849,35.78412676],[139.3607944,35.78385478],[139.3606898,35.78372205],[139.3606201,35.78365025],[139.3604565,35.78353276],[139.3603465,35.78347619],[139.3599522,35.78333476],[139.3598396,35.78329342],[139.3594989,35.7831607],[139.3592897,35.78307802],[139.3586448,35.78268781],[139.3584974,35.78259861],[139.3584663,35.78257976],[139.3583322,35.7824862],[139.3582892,35.78245573],[139.3579566,35.78224468],[139.3578386,35.7821707],[139.3567979,35.78151136],[139.3566424,35.78142649],[139.3558388,35.78095373],[139.3556955,35.78086942],[139.3555158,35.7807715],[139.3555024,35.78076497],[139.3552986,35.7806714],[139.3548426,35.7804625],[139.3546012,35.78039722],[139.3552127,35.78127635],[139.355371,35.78148307],[139.3558645,35.7821707],[139.3561274,35.78253189],[139.3561596,35.78257976],[139.3564278,35.78293224],[139.3566826,35.7832956],[139.3567014,35.78333476],[139.356747,35.78339786],[139.3572083,35.78401579],[139.3572459,35.78407671],[139.3572861,35.78420073],[139.3572915,35.78427036],[139.3572861,35.78454451],[139.3571654,35.78450752],[139.3569079,35.78445748],[139.356747,35.78443354],[139.3565914,35.78442702],[139.3563741,35.78443354],[139.3561596,35.7844466],[139.3553737,35.78453363],[139.3552503,35.78454451],[139.3542069,35.78466853],[139.3539467,35.78470117],[139.3537885,35.7842399],[139.3537349,35.78407671],[139.3537295,35.78406583],[139.3534034,35.78333732],[139.3534023,35.78333476],[139.3533491,35.78321294],[139.3532789,35.78305191],[139.3531609,35.78273424],[139.3531528,35.7827016],[139.3530858,35.78246009],[139.3530107,35.7821707],[139.3530026,35.78213153],[139.3529356,35.78183777],[139.3528631,35.78151136],[139.3528014,35.78118278],[139.352788,35.78106527],[139.3527459,35.78060616],[139.3527144,35.78026286],[139.3526781,35.77986626],[139.3525976,35.77910682],[139.3525413,35.77855628],[139.3525279,35.77841919],[139.3525171,35.77831256],[139.3525305,35.77803185],[139.3525815,35.77779901],[139.352611,35.77768151],[139.3526325,35.77759882],[139.3526566,35.77746608],[139.3526566,35.77708309],[139.3525869,35.77656954],[139.3525838,35.77651379],[139.3525761,35.77637587],[139.3525305,35.77598201],[139.3525171,35.77578834],[139.3525332,35.77552504],[139.3525225,35.77546411],[139.3524286,35.7752835],[139.3523186,35.77507024],[139.3522757,35.77500061],[139.3517876,35.77415195],[139.351581,35.77379508],[139.3522355,35.77357747],[139.3528873,35.77334681],[139.3530938,35.77325759],[139.3531662,35.77322712],[139.3534371,35.77308566],[139.3537053,35.77295944],[139.3541399,35.77273746],[139.3538341,35.77230002],[139.3537007,35.77212552],[139.3534747,35.77182994],[139.3532869,35.77158184],[139.3531206,35.77137727],[139.3530938,35.77131633],[139.3530214,35.77122275],[139.3529087,35.77107694],[139.352788,35.77089849],[139.3527505,35.77085061],[139.3525466,35.77059163],[139.3520504,35.77094636],[139.3518814,35.77106606],[139.3517795,35.771127],[139.351522,35.77132504],[139.351294,35.77149697],[139.3506208,35.77205845],[139.3505859,35.77207804],[139.3500468,35.77236966],[139.3499985,35.77239795],[139.3497759,35.772522],[139.3492663,35.77278751],[139.3491831,35.77285062],[139.3487835,35.77307043],[139.3483758,35.77325759],[139.348231,35.77332505],[139.3482041,35.77325759],[139.3481237,35.77299861],[139.3481022,35.77287892],[139.3479654,35.77209327],[139.3478635,35.77143821],[139.3478286,35.77126628],[139.3478099,35.77112482],[139.3477347,35.77063298],[139.3475577,35.77074179],[139.3474746,35.77079185],[139.3474317,35.77081361],[139.3472734,35.77089631],[139.3472117,35.77092678],[139.3471377,35.77095922]]},"properties":{"id":"F018:1:SHP0009","feed_id":"F018","feed_slug":"mizuho-community-bus","municipality":"瑞穂町","service_name":"コミュニティバス","license":"CC BY 4.0","source_route_id":"1","route_short_name":null,"route_long_name":"瑞穂町コミュニティバス　元狭山コース","route_desc":null,"route_type":3,"route_url":null,"route_color":"FF0000","route_text_color":"FFFFFF","directions":["0"],"geometry_source":"shapes.txt"}},{"type":"Feature","id":"F018:1:SHP0010","geometry":{"type":"LineString","coordinates":[[139.3471377,35.77095922],[139.3470776,35.77098554],[139.3471098,35.77117488],[139.3472654,35.77117052],[139.3475792,35.77109435],[139.3476275,35.77108347],[139.3476892,35.77107912],[139.3478099,35.77112482],[139.3478286,35.77126628],[139.3478635,35.77143821],[139.3479654,35.77209327],[139.3481022,35.77287892],[139.3481237,35.77299861],[139.3482041,35.77325759],[139.348231,35.77332505],[139.3484482,35.77366887],[139.3489578,35.77443919],[139.3490705,35.77450447],[139.3491831,35.77465897],[139.3493897,35.77484176],[139.3496123,35.77500061],[139.349623,35.77500714],[139.3497866,35.77512247],[139.3499985,35.77524215],[139.3505859,35.77553809],[139.3506396,35.77556421],[139.3509105,35.77570565],[139.3509829,35.77574482],[139.3512726,35.7759559],[139.3515998,35.7762823],[139.3518573,35.77661524],[139.3521014,35.776946],[139.3524367,35.77740297],[139.352611,35.77768151],[139.3528149,35.7779731],[139.3529758,35.77817982],[139.3530777,35.77830603],[139.3533996,35.7787543],[139.3534264,35.77880217],[139.3538529,35.77938753],[139.3539199,35.77948763],[139.3541238,35.77974658],[139.3542016,35.77987062],[139.3543088,35.78000335],[139.3544456,35.78020138],[139.3546012,35.78039722],[139.3548426,35.7804625],[139.3552986,35.7806714],[139.3555024,35.78076497],[139.3555158,35.7807715],[139.3556955,35.78086942],[139.3558388,35.78095373],[139.3566424,35.78142649],[139.3567979,35.78151136],[139.3578386,35.7821707],[139.3579566,35.78224468],[139.3582892,35.78245573],[139.3583322,35.7824862],[139.3584663,35.78257976],[139.3584974,35.78259861],[139.3586448,35.78268781],[139.3592897,35.78307802],[139.3594989,35.7831607],[139.3598396,35.78329342],[139.3599522,35.78333476],[139.3603465,35.78347619],[139.3604565,35.78353276],[139.3606201,35.78365025],[139.3606898,35.78372205],[139.3607944,35.78385478],[139.3609849,35.78412676],[139.3610573,35.78421596],[139.3612289,35.78437262],[139.3613309,35.7844466],[139.3614542,35.7845184],[139.3615723,35.7845728],[139.3617466,35.78464895],[139.3620417,35.78477515],[139.3620738,35.7847882],[139.3621683,35.78482371],[139.3624038,35.78491222],[139.3624815,35.78494268],[139.3625298,35.78496009],[139.363018,35.78514503],[139.363313,35.78526906],[139.3635517,35.78535609],[139.3636027,35.78537785],[139.3637717,35.7854453],[139.3640855,35.78557367],[139.3644047,35.78570639],[139.3644556,35.78572815],[139.3647212,35.78587828],[139.3653201,35.78637163],[139.3655875,35.78659195],[139.3656519,35.78664417],[139.3658211,35.78678434],[139.3660328,35.78695966],[139.3661937,35.78709673],[139.3666658,35.78749056],[139.3673122,35.78803016],[139.367331,35.78804104],[139.3675724,35.7882151],[139.3684521,35.78872424],[139.3685944,35.78880592],[139.3686753,35.78885238],[139.3686908,35.78886132],[139.3689778,35.78899622],[139.3690369,35.78902233],[139.3693024,35.78911806],[139.3694794,35.78917898],[139.3704423,35.78950535],[139.3707374,35.78960544],[139.3710271,35.78974034],[139.3711853,35.78986219],[139.3713516,35.7900406],[139.3711585,35.79040832],[139.3709119,35.79085347],[139.3708849,35.79090222],[139.3707803,35.79108282],[139.3704504,35.79166804],[139.3702975,35.79193129],[139.3702841,35.79192694],[139.3697745,35.79184862],[139.3689778,35.79175942],[139.3681732,35.79166804],[139.3680686,35.79165499],[139.3680364,35.79165281],[139.3671298,35.79155056],[139.3670091,35.79155056],[139.3666658,35.79154404],[139.3665934,35.79154186],[139.365963,35.79147442],[139.3653749,35.79143012],[139.3648365,35.79138957],[139.3647319,35.79138522],[139.3645468,35.79139392],[139.364281,35.79140231],[139.364064,35.79140915],[139.3638843,35.79143308],[139.3631333,35.79159407],[139.3630126,35.79161365],[139.3628302,35.79162453],[139.3627122,35.79161583],[139.3619987,35.79154186],[139.3618459,35.79152663],[139.3615723,35.79149617],[139.3607461,35.7913961],[139.3606737,35.79138957],[139.3601856,35.79133518],[139.3599388,35.7913243],[139.3598396,35.79133083],[139.359574,35.79136782],[139.358941,35.79150705],[139.3584727,35.79160913],[139.3584165,35.79162137],[139.3583322,35.79163976],[139.3582034,35.79166804],[139.3573532,35.79185297],[139.3566343,35.79200961],[139.3560496,35.79214014],[139.3559557,35.7921619],[139.3554622,35.79226197],[139.3551586,35.7923151],[139.3548158,35.7923751],[139.3546039,35.79241209],[139.3538475,35.79251869],[139.3533459,35.79258831],[139.3530723,35.79263835],[139.3530241,35.79264705],[139.3529114,35.79266228],[139.3525305,35.79271667],[139.3521202,35.79277541],[139.3513745,35.79288326],[139.3505859,35.79299731],[139.3505323,35.79300384],[139.3501595,35.79306258],[139.3499985,35.79308869],[139.3497974,35.79312132],[139.3492958,35.79318876],[139.3490142,35.79321052],[139.3486896,35.7932214],[139.348298,35.79321269],[139.3480915,35.79319964],[139.3476972,35.79316048],[139.3474907,35.7931409],[139.3471232,35.79310392],[139.3466324,35.79306258],[139.3466002,35.79305823],[139.3463695,35.79303865],[139.3451546,35.79293146],[139.3440762,35.79283632],[139.3442023,35.79243819],[139.3443847,35.79181163],[139.3444169,35.79166804],[139.344441,35.79157885],[139.3445107,35.79136129],[139.3445912,35.79108282],[139.3447226,35.79063025],[139.3447736,35.79047577],[139.3448735,35.79012141],[139.3448947,35.79004617],[139.3450391,35.78953364],[139.3450606,35.78945966],[139.3451893,35.78920727],[139.3455729,35.78862633],[139.3456587,35.78850883],[139.3458813,35.7881346],[139.3458894,35.78809543],[139.3459028,35.78803668],[139.3460798,35.78778864],[139.3465251,35.78720335],[139.3468949,35.78670734],[139.3469274,35.78666375],[139.3474531,35.78597837],[139.3474934,35.78592615],[139.3477294,35.78561718],[139.3478635,35.78544747]]},"properties":{"id":"F018:1:SHP0010","feed_id":"F018","feed_slug":"mizuho-community-bus","municipality":"瑞穂町","service_name":"コミュニティバス","license":"CC BY 4.0","source_route_id":"1","route_short_name":null,"route_long_name":"瑞穂町コミュニティバス　元狭山コース","route_desc":null,"route_type":3,"route_url":null,"route_color":"FF0000","route_text_color":"FFFFFF","directions":["0"],"geometry_source":"shapes.txt"}},{"type":"Feature","id":"F018:2:SHP0004","geometry":{"type":"LineString","coordinates":[[139.3461795,35.77147177],[139.3462005,35.77147303],[139.3462515,35.77145344],[139.3462729,35.77142297],[139.3462864,35.7713925],[139.346281,35.7713011],[139.3462729,35.77117923],[139.3462569,35.77115311],[139.3462461,35.77114223],[139.3461925,35.77113788],[139.3460879,35.77114658],[139.3459833,35.77121405],[139.3459162,35.77123146],[139.34553,35.77130545],[139.3455085,35.77137509],[139.3451867,35.77139686],[139.3448031,35.77142297],[139.3447092,35.7714295],[139.3443739,35.77139903],[139.3442962,35.77136204],[139.3441942,35.77182559],[139.3440655,35.77240231],[139.343867,35.77325759],[139.3438107,35.77350349],[139.343698,35.77396263],[139.3436229,35.77398874],[139.3436095,35.7740475],[139.3434888,35.77462633],[139.3434271,35.77498755],[139.3434244,35.77500061],[139.3433681,35.77532484],[139.3433386,35.77545105],[139.3433279,35.77552286],[139.3431723,35.77615174],[139.3431535,35.77620832],[139.3430999,35.77631712],[139.3430382,35.77641069],[139.3429846,35.77647815],[139.3428853,35.77658042],[139.3426171,35.77684808],[139.3424171,35.77709607],[139.3423328,35.7772006],[139.3423282,35.77720761],[139.3422657,35.77730287],[139.342204,35.77737251],[139.3417507,35.77800791],[139.3417105,35.77804708],[139.3416649,35.7780906],[139.3416435,35.77811236],[139.3413296,35.77837784],[139.3405813,35.77892186],[139.3402138,35.77919386],[139.3399242,35.77945717],[139.3395996,35.77983362],[139.3395111,35.77994243],[139.3392026,35.78024707],[139.3390337,35.78037981],[139.3388379,35.78052126],[139.338347,35.78089989],[139.3376926,35.78139168],[139.3375927,35.78146213],[139.3372393,35.78171156],[139.3371803,35.78177031],[139.3367929,35.78203147],[139.3366089,35.78215547],[139.3365821,35.7821707],[139.3359759,35.78255147],[139.3358579,35.7826298],[139.3358284,35.78264938],[139.3355307,35.78286043],[139.33541,35.78294529],[139.3351498,35.78313241],[139.3349487,35.78327601],[139.3348628,35.78333476],[139.3348226,35.78336087],[139.3347663,35.78339568],[139.334608,35.78349795],[139.3342915,35.7837177],[139.3340421,35.78388089],[139.3338409,35.78400926],[139.3337792,35.7840506],[139.3337068,35.78409847],[139.3336585,35.78412893],[139.3334064,35.78429212],[139.3333313,35.78433998],[139.3333098,35.78435522],[139.332996,35.78455104],[139.3329477,35.78458585],[139.3328987,35.78461587],[139.3327806,35.78468808],[139.3326205,35.78478603],[139.332355,35.78494051],[139.3319365,35.78518637],[139.3317729,35.78528646],[139.3313169,35.7855889],[139.3310916,35.78574121],[139.3308529,35.78590004],[139.3307,35.78600448],[139.3304881,35.78614591],[139.3300965,35.78641353],[139.3300134,35.78646793],[139.3296862,35.78668333],[139.3295493,35.78677908],[139.3290612,35.78712067],[139.3287045,35.78736218],[139.3286347,35.78740788],[139.3286133,35.78742311],[139.3282753,35.78764286],[139.3280366,35.78782345],[139.3278891,35.7879453],[139.3276262,35.78818464],[139.3271944,35.78855235],[139.3266231,35.78898098],[139.3254939,35.7897708],[139.3249977,35.79013416],[139.3249226,35.79019073],[139.3246919,35.79033434],[139.3249896,35.79038003],[139.3249977,35.79038003],[139.3256414,35.79051493],[139.3261135,35.79059979],[139.3276101,35.79085653],[139.3283907,35.79098926],[139.3286133,35.79102842],[139.3289512,35.79108282],[139.3295681,35.79118507],[139.3301904,35.79128732],[139.3310112,35.7914048],[139.331215,35.79143743],[139.331266,35.79144614],[139.3326232,35.79166587],[139.3326339,35.79166804],[139.3330228,35.79173113],[139.3331409,35.79174854],[139.3333313,35.79178117],[139.3342808,35.79193129],[139.3348575,35.7919922],[139.3353966,35.79203571],[139.3356085,35.79205964],[139.3361999,35.7921235],[139.3363944,35.79214449],[139.3368343,35.79219235],[139.3380412,35.79230983],[139.3383309,35.79233594],[139.3385623,35.79235242],[139.3388064,35.7923698],[139.3388808,35.7923751],[139.3392348,35.79239903],[139.3395996,35.79242514],[139.3400288,35.7924556],[139.3404016,35.79248606],[139.3406859,35.79250999],[139.3409944,35.79253609],[139.3416649,35.79260136],[139.3418956,35.79261877],[139.342424,35.79266663],[139.3426037,35.79268621],[139.3440762,35.79283632],[139.3442023,35.79243819],[139.3443847,35.79181163],[139.3444169,35.79166804],[139.344441,35.79157885],[139.3445107,35.79136129],[139.3445912,35.79108282],[139.3447226,35.79063025],[139.3447736,35.79047577],[139.3448735,35.79012141],[139.3448947,35.79004617],[139.3450391,35.78953364],[139.3450606,35.78945966],[139.3451893,35.78920727],[139.3455729,35.78862633],[139.3456587,35.78850883],[139.3458813,35.7881346],[139.3458894,35.78809543],[139.3459028,35.78803668],[139.3460798,35.78778864],[139.3465251,35.78720335],[139.3468949,35.78670734],[139.3469274,35.78666375],[139.3474531,35.78597837],[139.3474934,35.78592615],[139.3477294,35.78561718],[139.3478635,35.78544747],[139.3481371,35.78508194],[139.3481827,35.78495356],[139.3481988,35.78475339],[139.3481451,35.78438785],[139.3480432,35.78437262],[139.3478742,35.78435086],[139.347437,35.78426166],[139.3471795,35.78419638],[139.3470374,35.78415939],[139.3468979,35.78410935],[139.3465948,35.78401361],[139.3461227,35.78382649],[139.3459296,35.78373946],[139.3458867,35.78371988],[139.3457794,35.78366984],[139.3453529,35.78345008],[139.3451115,35.78333476],[139.3450874,35.78332171],[139.3449479,35.78325861],[139.3440145,35.78281692],[139.3438536,35.78274077],[139.3434513,35.78255147],[139.3426466,35.7821707],[139.3424374,35.7820706],[139.3422469,35.78198574],[139.3420377,35.78188782],[139.3419144,35.78182906],[139.3416649,35.78170938],[139.3414718,35.78161799],[139.3412706,35.78152006],[139.3410882,35.78141997],[139.3409085,35.78131551],[139.3405652,35.78109791],[139.340415,35.78097387],[139.3401334,35.78069099],[139.3400636,35.78062135],[139.3396586,35.78014262],[139.3395996,35.78006428],[139.3395111,35.77994243],[139.3395996,35.77983362],[139.3399242,35.77945717],[139.3402138,35.77919386],[139.3405813,35.77892186],[139.3413296,35.77837784],[139.3416435,35.77811236],[139.3416649,35.7780906],[139.3417105,35.77804708],[139.3417507,35.77800791],[139.342204,35.77737251],[139.3422657,35.77730287],[139.3423282,35.77720761],[139.3423328,35.7772006],[139.3424171,35.77709607],[139.3426171,35.77684808],[139.3428853,35.77658042],[139.3429846,35.77647815],[139.3430382,35.77641069],[139.3430999,35.77631712],[139.3431535,35.77620832],[139.3431723,35.77615174],[139.3433279,35.77552286],[139.3433386,35.77545105],[139.3433681,35.77532484],[139.3434244,35.77500061],[139.3434271,35.77498755],[139.3434888,35.77462633],[139.3436095,35.7740475],[139.3436229,35.77398874],[139.343698,35.77396263],[139.3438107,35.77350349],[139.343867,35.77325759],[139.3440655,35.77240231],[139.3441942,35.77182559],[139.3442962,35.77136204],[139.3443739,35.77139903],[139.3447092,35.7714295],[139.3448031,35.77142297],[139.3451867,35.77139686],[139.3455085,35.77137509],[139.3455434,35.77144474],[139.3459457,35.77145779],[139.3461795,35.77147177]]},"properties":{"id":"F018:2:SHP0004","feed_id":"F018","feed_slug":"mizuho-community-bus","municipality":"瑞穂町","service_name":"コミュニティバス","license":"CC BY 4.0","source_route_id":"2","route_short_name":null,"route_long_name":"瑞穂町コミュニティバス　元狭山・長岡コース","route_desc":null,"route_type":3,"route_url":null,"route_color":"0000CC","route_text_color":"FFFFFF","directions":["0"],"geometry_source":"shapes.txt"}},{"type":"Feature","id":"F018:2:SHP0005","geometry":{"type":"LineString","coordinates":[[139.3461795,35.77147177],[139.3462005,35.77147303],[139.3462515,35.77145344],[139.3462729,35.77142297],[139.3462864,35.7713925],[139.346281,35.7713011],[139.3462729,35.77117923],[139.3462569,35.77115311],[139.3462461,35.77114223],[139.3461925,35.77113788],[139.3460879,35.77114658],[139.3459833,35.77121405],[139.3459162,35.77123146],[139.34553,35.77130545],[139.3455085,35.77137509],[139.3451867,35.77139686],[139.3448031,35.77142297],[139.3447092,35.7714295],[139.3443739,35.77139903],[139.3442962,35.77136204],[139.3441942,35.77182559],[139.3440655,35.77240231],[139.343867,35.77325759],[139.3438107,35.77350349],[139.343698,35.77396263],[139.3436229,35.77398874],[139.3436095,35.7740475],[139.3434888,35.77462633],[139.3434271,35.77498755],[139.3434244,35.77500061],[139.3433681,35.77532484],[139.3433386,35.77545105],[139.3433279,35.77552286],[139.3431723,35.77615174],[139.3431535,35.77620832],[139.3430999,35.77631712],[139.3430382,35.77641069],[139.3429846,35.77647815],[139.3428853,35.77658042],[139.3426171,35.77684808],[139.3424171,35.77709607],[139.3423328,35.7772006],[139.3423282,35.77720761],[139.3422657,35.77730287],[139.342204,35.77737251],[139.3417507,35.77800791],[139.3417105,35.77804708],[139.3416649,35.7780906],[139.3416435,35.77811236],[139.3413296,35.77837784],[139.3405813,35.77892186],[139.3402138,35.77919386],[139.3399242,35.77945717],[139.3395996,35.77983362],[139.3395111,35.77994243],[139.3395996,35.78006428],[139.3396586,35.78014262],[139.3400636,35.78062135],[139.3401334,35.78069099],[139.340415,35.78097387],[139.3405652,35.78109791],[139.3409085,35.78131551],[139.3410882,35.78141997],[139.3412706,35.78152006],[139.3414718,35.78161799],[139.3416649,35.78170938],[139.3419144,35.78182906],[139.3420377,35.78188782],[139.3422469,35.78198574],[139.3424374,35.7820706],[139.3426466,35.7821707],[139.3434513,35.78255147],[139.3438536,35.78274077],[139.3440145,35.78281692],[139.3449479,35.78325861],[139.3450874,35.78332171],[139.3451115,35.78333476],[139.3453529,35.78345008],[139.3457794,35.78366984],[139.3458867,35.78371988],[139.3459296,35.78373946],[139.3461227,35.78382649],[139.3465948,35.78401361],[139.3468979,35.78410935],[139.3470374,35.78415939],[139.3471795,35.78419638],[139.347437,35.78426166],[139.3478742,35.78435086],[139.3480432,35.78437262],[139.3481451,35.78438785],[139.3481988,35.78475339],[139.3481827,35.78495356],[139.3481371,35.78508194],[139.3478635,35.78544747],[139.3477294,35.78561718],[139.3474934,35.78592615],[139.3474531,35.78597837],[139.3469274,35.78666375],[139.3468949,35.78670734],[139.3465251,35.78720335],[139.3460798,35.78778864],[139.3459028,35.78803668],[139.3458894,35.78809543],[139.3458813,35.7881346],[139.3456587,35.78850883],[139.3455729,35.78862633],[139.3451893,35.78920727],[139.3450606,35.78945966],[139.3450391,35.78953364],[139.3448947,35.79004617],[139.3448735,35.79012141],[139.3447736,35.79047577],[139.3447226,35.79063025],[139.3445912,35.79108282],[139.3445107,35.79136129],[139.344441,35.79157885],[139.3444169,35.79166804],[139.3443847,35.79181163],[139.3442023,35.79243819],[139.3440762,35.79283632],[139.3426037,35.79268621],[139.342424,35.79266663],[139.3418956,35.79261877],[139.3416649,35.79260136],[139.3409944,35.79253609],[139.3406859,35.79250999],[139.3404016,35.79248606],[139.3400288,35.7924556],[139.3395996,35.79242514],[139.3392348,35.79239903],[139.3388808,35.7923751],[139.3388064,35.7923698],[139.3385623,35.79235242],[139.3383309,35.79233594],[139.3380412,35.79230983],[139.3368343,35.79219235],[139.3363944,35.79214449],[139.3361999,35.7921235],[139.3356085,35.79205964],[139.3353966,35.79203571],[139.3348575,35.7919922],[139.3342808,35.79193129],[139.3333313,35.79178117],[139.3331409,35.79174854],[139.3330228,35.79173113],[139.3326339,35.79166804],[139.3326232,35.79166587],[139.331266,35.79144614],[139.331215,35.79143743],[139.3310112,35.7914048],[139.3301904,35.79128732],[139.3295681,35.79118507],[139.3289512,35.79108282],[139.3286133,35.79102842],[139.3283907,35.79098926],[139.3276101,35.79085653],[139.3261135,35.79059979],[139.3256414,35.79051493],[139.3249977,35.79038003],[139.3249896,35.79038003],[139.3246919,35.79033434],[139.3249226,35.79019073],[139.3249977,35.79013416],[139.3254939,35.7897708],[139.3266231,35.78898098],[139.3271944,35.78855235],[139.3276262,35.78818464],[139.3278891,35.7879453],[139.3280366,35.78782345],[139.3282753,35.78764286],[139.3286133,35.78742311],[139.3286347,35.78740788],[139.3287045,35.78736218],[139.3290612,35.78712067],[139.3295493,35.78677908],[139.3296862,35.78668333],[139.3300134,35.78646793],[139.3300965,35.78641353],[139.3304881,35.78614591],[139.3307,35.78600448],[139.3308529,35.78590004],[139.3310916,35.78574121],[139.3313169,35.7855889],[139.3317729,35.78528646],[139.3319365,35.78518637],[139.332355,35.78494051],[139.3326205,35.78478603],[139.3327806,35.78468808],[139.3328987,35.78461587],[139.3329477,35.78458585],[139.332996,35.78455104],[139.3333098,35.78435522],[139.3333313,35.78433998],[139.3334064,35.78429212],[139.3336585,35.78412893],[139.3337068,35.78409847],[139.3337792,35.7840506],[139.3338409,35.78400926],[139.3340421,35.78388089],[139.3342915,35.7837177],[139.334608,35.78349795],[139.3347663,35.78339568],[139.3348226,35.78336087],[139.3348628,35.78333476],[139.3349487,35.78327601],[139.3351498,35.78313241],[139.33541,35.78294529],[139.3355307,35.78286043],[139.3358284,35.78264938],[139.3358579,35.7826298],[139.3359759,35.78255147],[139.3365821,35.7821707],[139.3366089,35.78215547],[139.3367929,35.78203147],[139.3371803,35.78177031],[139.3372393,35.78171156],[139.3375927,35.78146213],[139.3376926,35.78139168],[139.338347,35.78089989],[139.3388379,35.78052126],[139.3390337,35.78037981],[139.3392026,35.78024707],[139.3395111,35.77994243],[139.3395996,35.77983362],[139.3399242,35.77945717],[139.3402138,35.77919386],[139.3405813,35.77892186],[139.3413296,35.77837784],[139.3416435,35.77811236],[139.3416649,35.7780906],[139.3417105,35.77804708],[139.3417507,35.77800791],[139.342204,35.77737251],[139.3422657,35.77730287],[139.3423282,35.77720761],[139.3423328,35.7772006],[139.3424171,35.77709607],[139.3426171,35.77684808],[139.3428853,35.77658042],[139.3429846,35.77647815],[139.3430382,35.77641069],[139.3430999,35.77631712],[139.3431535,35.77620832],[139.3431723,35.77615174],[139.3433279,35.77552286],[139.3433386,35.77545105],[139.3433681,35.77532484],[139.3434244,35.77500061],[139.3434271,35.77498755],[139.3434888,35.77462633],[139.3436095,35.7740475],[139.3436229,35.77398874],[139.343698,35.77396263],[139.3438107,35.77350349],[139.343867,35.77325759],[139.3440655,35.77240231],[139.3441942,35.77182559],[139.3442962,35.77136204],[139.3443739,35.77139903],[139.3447092,35.7714295],[139.3448031,35.77142297],[139.3451867,35.77139686],[139.3455085,35.77137509],[139.3455434,35.77144474],[139.3459457,35.77145779],[139.3461795,35.77147177]]},"properties":{"id":"F018:2:SHP0005","feed_id":"F018","feed_slug":"mizuho-community-bus","municipality":"瑞穂町","service_name":"コミュニティバス","license":"CC BY 4.0","source_route_id":"2","route_short_name":null,"route_long_name":"瑞穂町コミュニティバス　元狭山・長岡コース","route_desc":null,"route_type":3,"route_url":null,"route_color":"0000CC","route_text_color":"FFFFFF","directions":["0","1"],"geometry_source":"shapes.txt"}},{"type":"Feature","id":"F018:2:SHP0006","geometry":{"type":"LineString","coordinates":[[139.3461795,35.77147177],[139.3462005,35.77147303],[139.3462515,35.77145344],[139.3462729,35.77142297],[139.3462864,35.7713925],[139.346281,35.7713011],[139.3462729,35.77117923],[139.3462569,35.77115311],[139.3462461,35.77114223],[139.3461925,35.77113788],[139.3460879,35.77114658],[139.3459833,35.77121405],[139.3459162,35.77123146],[139.34553,35.77130545],[139.3455085,35.77137509],[139.3451867,35.77139686],[139.3448031,35.77142297],[139.3447092,35.7714295],[139.3443739,35.77139903],[139.3442962,35.77136204],[139.3441942,35.77182559],[139.3440655,35.77240231],[139.343867,35.77325759],[139.3438107,35.77350349],[139.343698,35.77396263],[139.3436229,35.77398874],[139.3436095,35.7740475],[139.3434888,35.77462633],[139.3434271,35.77498755],[139.3434244,35.77500061],[139.3433681,35.77532484],[139.3433386,35.77545105],[139.3428317,35.77550328],[139.3425286,35.77552504],[139.3416649,35.77561643],[139.3411419,35.7756556],[139.3414691,35.77516381],[139.3414986,35.77515293],[139.3416649,35.7751377],[139.3422328,35.7750884],[139.3424669,35.77506807],[139.3432742,35.77500061],[139.3434271,35.77498755],[139.3434244,35.77500061],[139.3433681,35.77532484],[139.3433386,35.77545105],[139.3433279,35.77552286],[139.3431723,35.77615174],[139.3431535,35.77620832],[139.3430999,35.77631712],[139.3430382,35.77641069],[139.3429846,35.77647815],[139.3428853,35.77658042],[139.3426171,35.77684808],[139.3424171,35.77709607],[139.3423328,35.7772006],[139.3423282,35.77720761],[139.3422657,35.77730287],[139.342204,35.77737251],[139.3417507,35.77800791],[139.3417105,35.77804708],[139.3416649,35.7780906],[139.3416435,35.77811236],[139.3413296,35.77837784],[139.3405813,35.77892186],[139.3402138,35.77919386],[139.3399242,35.77945717],[139.3395996,35.77983362],[139.3395111,35.77994243],[139.3395996,35.78006428],[139.3396586,35.78014262],[139.3400636,35.78062135],[139.3401334,35.78069099],[139.340415,35.78097387],[139.3405652,35.78109791],[139.3409085,35.78131551],[139.3410882,35.78141997],[139.3412706,35.78152006],[139.3414718,35.78161799],[139.3416649,35.78170938],[139.3419144,35.78182906],[139.3420377,35.78188782],[139.3422469,35.78198574],[139.3424374,35.7820706],[139.3426466,35.7821707],[139.3434513,35.78255147],[139.3438536,35.78274077],[139.3440145,35.78281692],[139.3449479,35.78325861],[139.3450874,35.78332171],[139.3451115,35.78333476],[139.3453529,35.78345008],[139.3457794,35.78366984],[139.3458867,35.78371988],[139.3459296,35.78373946],[139.3461227,35.78382649],[139.3465948,35.78401361],[139.3468979,35.78410935],[139.3470374,35.78415939],[139.3471795,35.78419638],[139.347437,35.78426166],[139.3478742,35.78435086],[139.3480432,35.78437262],[139.3481451,35.78438785],[139.3481988,35.78475339],[139.3481827,35.78495356],[139.3481371,35.78508194],[139.3478635,35.78544747],[139.3477294,35.78561718],[139.3474934,35.78592615],[139.3474531,35.78597837],[139.3469274,35.78666375],[139.3468949,35.78670734],[139.3465251,35.78720335],[139.3460798,35.78778864],[139.3459028,35.78803668],[139.3458894,35.78809543],[139.3458813,35.7881346],[139.3456587,35.78850883],[139.3455729,35.78862633],[139.3451893,35.78920727],[139.3450606,35.78945966],[139.3450391,35.78953364],[139.3448947,35.79004617],[139.3448735,35.79012141],[139.3447736,35.79047577],[139.3447226,35.79063025],[139.3445912,35.79108282],[139.3445107,35.79136129],[139.344441,35.79157885],[139.3444169,35.79166804],[139.3443847,35.79181163],[139.3442023,35.79243819],[139.3440762,35.79283632],[139.3426037,35.79268621],[139.342424,35.79266663],[139.3418956,35.79261877],[139.3416649,35.79260136],[139.3409944,35.79253609],[139.3406859,35.79250999],[139.3404016,35.79248606],[139.3400288,35.7924556],[139.3395996,35.79242514],[139.3392348,35.79239903],[139.3388808,35.7923751],[139.3388064,35.7923698],[139.3385623,35.79235242],[139.3383309,35.79233594],[139.3380412,35.79230983],[139.3368343,35.79219235],[139.3363944,35.79214449],[139.3361999,35.7921235],[139.3356085,35.79205964],[139.3353966,35.79203571],[139.3348575,35.7919922],[139.3342808,35.79193129],[139.3333313,35.79178117],[139.3331409,35.79174854],[139.3330228,35.79173113],[139.3326339,35.79166804],[139.3326232,35.79166587],[139.331266,35.79144614],[139.331215,35.79143743],[139.3310112,35.7914048],[139.3301904,35.79128732],[139.3295681,35.79118507],[139.3289512,35.79108282],[139.3286133,35.79102842],[139.3283907,35.79098926],[139.3276101,35.79085653],[139.3261135,35.79059979],[139.3256414,35.79051493],[139.3249977,35.79038003],[139.3249896,35.79038003],[139.3246919,35.79033434],[139.3249226,35.79019073],[139.3249977,35.79013416],[139.3254939,35.7897708],[139.3266231,35.78898098],[139.3271944,35.78855235],[139.3276262,35.78818464],[139.3278891,35.7879453],[139.3280366,35.78782345],[139.3282753,35.78764286],[139.3286133,35.78742311],[139.3286347,35.78740788],[139.3287045,35.78736218],[139.3290612,35.78712067],[139.3295493,35.78677908],[139.3296862,35.78668333],[139.3300134,35.78646793],[139.3300965,35.78641353],[139.3304881,35.78614591],[139.3307,35.78600448],[139.3308529,35.78590004],[139.3310916,35.78574121],[139.3313169,35.7855889],[139.3317729,35.78528646],[139.3319365,35.78518637],[139.332355,35.78494051],[139.3326205,35.78478603],[139.3327806,35.78468808],[139.3328987,35.78461587],[139.3329477,35.78458585],[139.332996,35.78455104],[139.3333098,35.78435522],[139.3333313,35.78433998],[139.3334064,35.78429212],[139.3336585,35.78412893],[139.3337068,35.78409847],[139.3337792,35.7840506],[139.3338409,35.78400926],[139.3340421,35.78388089],[139.3342915,35.7837177],[139.334608,35.78349795],[139.3347663,35.78339568],[139.3348226,35.78336087],[139.3348628,35.78333476],[139.3349487,35.78327601],[139.3351498,35.78313241],[139.33541,35.78294529],[139.3355307,35.78286043],[139.3358284,35.78264938],[139.3358579,35.7826298],[139.3359759,35.78255147],[139.3365821,35.7821707],[139.3366089,35.78215547],[139.3367929,35.78203147],[139.3371803,35.78177031],[139.3372393,35.78171156],[139.3375927,35.78146213],[139.3376926,35.78139168],[139.338347,35.78089989],[139.3388379,35.78052126],[139.3390337,35.78037981],[139.3392026,35.78024707],[139.3395111,35.77994243],[139.3395996,35.77983362],[139.3399242,35.77945717],[139.3402138,35.77919386],[139.3405813,35.77892186],[139.3413296,35.77837784],[139.3416435,35.77811236],[139.3416649,35.7780906],[139.3417105,35.77804708],[139.3417507,35.77800791],[139.342204,35.77737251],[139.3422657,35.77730287],[139.3423282,35.77720761],[139.3423328,35.7772006],[139.3424171,35.77709607],[139.3426171,35.77684808],[139.3428853,35.77658042],[139.3429846,35.77647815],[139.3430382,35.77641069],[139.3430999,35.77631712],[139.3431535,35.77620832],[139.3431723,35.77615174],[139.3433279,35.77552286],[139.3433386,35.77545105],[139.3428317,35.77550328],[139.3425286,35.77552504],[139.3416649,35.77561643],[139.3411419,35.7756556],[139.3414691,35.77516381],[139.3414986,35.77515293],[139.3416649,35.7751377],[139.3422328,35.7750884],[139.3424669,35.77506807],[139.3432742,35.77500061],[139.3434271,35.77498755],[139.3434888,35.77462633],[139.3436095,35.7740475],[139.3436229,35.77398874],[139.343698,35.77396263],[139.3438107,35.77350349],[139.343867,35.77325759],[139.3440655,35.77240231],[139.3441942,35.77182559],[139.3442962,35.77136204],[139.3443739,35.77139903],[139.3447092,35.7714295],[139.3448031,35.77142297],[139.3451867,35.77139686],[139.3455085,35.77137509],[139.3455434,35.77144474],[139.3459457,35.77145779],[139.3461795,35.77147177]]},"properties":{"id":"F018:2:SHP0006","feed_id":"F018","feed_slug":"mizuho-community-bus","municipality":"瑞穂町","service_name":"コミュニティバス","license":"CC BY 4.0","source_route_id":"2","route_short_name":null,"route_long_name":"瑞穂町コミュニティバス　元狭山・長岡コース","route_desc":null,"route_type":3,"route_url":null,"route_color":"0000CC","route_text_color":"FFFFFF","directions":["0","1"],"geometry_source":"shapes.txt"}},{"type":"Feature","id":"F018:3:R3_shape","geometry":{"type":"LineString","coordinates":[[139.34715095086455,35.770968813132924],[139.34708523674902,35.77102049875321],[139.3471080355238,35.77118371628095],[139.34760893801663,35.771064567518714],[139.34777389391246,35.77105586257932],[139.3479539783935,35.772090672368684],[139.34806133494843,35.77283202],[139.34821383724585,35.77329394891086],[139.34860978788493,35.773177964272456],[139.3488471159649,35.77306392227222],[139.34928292378652,35.77282036468837],[139.35062637023924,35.77206447181326],[139.35070909821,35.77221741658096],[139.35110126863734,35.77287474109042],[139.35153120033462,35.77370386200909],[139.35168408623605,35.77378057170041],[139.35225405564142,35.773581996813775],[139.35315387263546,35.773243189762084],[139.35408014139796,35.772793027773076],[139.35408885858058,35.77259771470924],[139.35375894687309,35.77216573926002],[139.35316886090214,35.771377949280655],[139.3526051445625,35.77062221819041],[139.35259927106168,35.77053008446632],[139.35282637923817,35.77022985488423],[139.3531357162754,35.769834312586156],[139.35366628800688,35.769178248139795],[139.3542458054196,35.76866832506619],[139.35464324477175,35.76844433912315],[139.35530107540438,35.76809326770098],[139.3563132731071,35.76761828624708],[139.3574644766903,35.76722273096472],[139.3584257708772,35.76681446501596],[139.3591462520616,35.76653169593166],[139.36023872076518,35.76637919084015],[139.3614486592923,35.76599157241273],[139.36239820649712,35.76559442042902],[139.3638939880136,35.7647381540123],[139.36390181937443,35.76463012716374],[139.36347501262443,35.76376908442142],[139.36294052522524,35.76283018769998],[139.36254700154163,35.762320223924135],[139.361828478204,35.76152111523101],[139.36159353871176,35.76148616397254],[139.3601584497982,35.76219948435706],[139.3586019756186,35.762962046952694],[139.35842772882856,35.76268561885961],[139.35812426525814,35.762297982437],[139.3572138746924,35.761452801403124],[139.3563211045158,35.76061237750427],[139.35606854453394,35.76035500584064],[139.35578465928688,35.75997371295564],[139.35558300286246,35.75964008018498],[139.3552560453822,35.758866364523534],[139.35528541281872,35.758821879616654],[139.3563974598046,35.75822768596137],[139.35726282031075,35.75774152422451],[139.35794638106117,35.75734181137666],[139.3590173136853,35.75850637616309],[139.36015481248555,35.759747182933886],[139.36112393801127,35.760806857908136],[139.36160556400742,35.761345427931026],[139.36214396703699,35.76192688881183],[139.3627519614059,35.76260720189605],[139.36308479237852,35.763160057678306],[139.36387678728178,35.76466704425227],[139.36385720899074,35.76473058944255],[139.36237121663586,35.765575735660946],[139.36140992244293,35.76596812193242],[139.3603801042751,35.76632237993011],[139.35921519588146,35.76649394826112],[139.35875314816082,35.766636921588976],[139.35748839049032,35.76718657220057],[139.3562882411447,35.7675948362411],[139.35582815120225,35.767769578967815],[139.35463387541213,35.768416123694834],[139.35414441803673,35.76869094333824],[139.3538292075513,35.76893875675608],[139.3531067685607,35.769807686176414],[139.35257228116234,35.77050822383094],[139.35249592582736,35.770485984635634],[139.3516618905799,35.76935813156298],[139.35051460263796,35.76783312168265],[139.3501602355429,35.767391498778636],[139.34996249480363,35.76735178436923],[139.34947695318638,35.76759165910009],[139.3491754475047,35.767696504781725],[139.34759156360357,35.76854797369536],[139.347456473329,35.76863057841042],[139.34749954556688,35.76896099638229],[139.34760918400158,35.76963294793332],[139.34765225624596,35.770001486333825],[139.34765812973325,35.77024294159233],[139.34770903329186,35.77066866356181],[139.3473096361436,35.770894231738254],[139.34715095086455,35.770968813132924]]},"properties":{"id":"F018:3:R3_shape","feed_id":"F018","feed_slug":"mizuho-community-bus","municipality":"瑞穂町","service_name":"コミュニティバス","license":"CC BY 4.0","source_route_id":"3","route_short_name":null,"route_long_name":"瑞穂町コミュニティバス　石畑・殿ケ谷コース","route_desc":null,"route_type":3,"route_url":null,"route_color":"FFC000","route_text_color":"000000","directions":["0"],"geometry_source":"shapes.txt"}},{"type":"Feature","id":"F016:かわせみ号:わさび田公園前経由:fallback-0","geometry":{"type":"LineString","coordinates":[[139.472560598716,35.5352270385355],[139.469505294533,35.5354265877337],[139.468463721445,35.535296366369],[139.466797222096,35.5346453535985],[139.465373753536,35.5340985022464],[139.463637756655,35.5349316958456],[139.461901808758,35.5345323890634],[139.460721376162,35.5339595054304],[139.460964462131,35.5326749340192],[139.462040840017,35.5306526204116],[139.462700565906,35.5291510705485],[139.463950480858,35.5286216493386],[139.465686389806,35.5300017486873],[139.468325020262,35.5308697767756],[139.467734733597,35.5323539693206],[139.46988727625,35.533673322677],[139.470407978791,35.5358519111372],[139.472560598716,35.5352270385355]]},"properties":{"id":"F016:かわせみ号:わさび田公園前経由:fallback-0","feed_id":"F016","feed_slug":"machida-community-bus","municipality":"町田市","service_name":"市民バス・コミュニティバス","license":"CC0 1.0","source_route_id":"かわせみ号:わさび田公園前経由","route_short_name":null,"route_long_name":"かわせみ号：わさび田公園前経由","route_desc":null,"route_type":3,"route_url":null,"route_color":"00B0F0","route_text_color":"FFFFFF","directions":["0"],"geometry_source":"stop_times.txt fallback"}},{"type":"Feature","id":"F016:かわせみ号:南中学校東経由:fallback-0","geometry":{"type":"LineString","coordinates":[[139.472560598716,35.5352270385355],[139.469505294533,35.5354265877337],[139.468463721445,35.535296366369],[139.466797222096,35.5346453535985],[139.465373753536,35.5340985022464],[139.463637756655,35.5349316958456],[139.461901808758,35.5345323890634],[139.460721376162,35.5339595054304],[139.460964462131,35.5326749340192],[139.462040840017,35.5306526204116],[139.462700565906,35.5291510705485],[139.464089391753,35.5277710541616],[139.465929548531,35.5268857858299],[139.467064,35.52769],[139.468325020262,35.5308697767756],[139.467734733597,35.5323539693206],[139.46988727625,35.533673322677],[139.470407978791,35.5358519111372],[139.472560598716,35.5352270385355]]},"properties":{"id":"F016:かわせみ号:南中学校東経由:fallback-0","feed_id":"F016","feed_slug":"machida-community-bus","municipality":"町田市","service_name":"市民バス・コミュニティバス","license":"CC0 1.0","source_route_id":"かわせみ号:南中学校東経由","route_short_name":null,"route_long_name":"かわせみ号：南中学校東経由","route_desc":null,"route_type":3,"route_url":null,"route_color":"00B0F0","route_text_color":"FFFFFF","directions":["0"],"geometry_source":"stop_times.txt fallback"}},{"type":"Feature","id":"F016:まちっこ:公共施設巡回ﾙｰﾄ:fallback-1","geometry":{"type":"LineString","coordinates":[[139.444437656561,35.5435152907645],[139.438986580482,35.5472907633261],[139.438222634348,35.5503633143133],[139.440514024662,35.5524204355605],[139.442076307797,35.5545382945111],[139.437701579582,35.5570465769125],[139.443083212287,35.5533926167113],[139.44468037066,35.551587306513],[139.446242806311,35.5498687911847],[139.449749609993,35.5459196754339],[139.451832860297,35.5435588849949],[139.448985994987,35.5406598296934],[139.444437656561,35.5435152907645]]},"properties":{"id":"F016:まちっこ:公共施設巡回ﾙｰﾄ:fallback-1","feed_id":"F016","feed_slug":"machida-community-bus","municipality":"町田市","service_name":"市民バス・コミュニティバス","license":"CC0 1.0","source_route_id":"まちっこ:公共施設巡回ﾙｰﾄ","route_short_name":null,"route_long_name":"まちっこ：公共施設巡回ルート","route_desc":null,"route_type":3,"route_url":null,"route_color":"ED7D31","route_text_color":"FFFFFF","directions":["1"],"geometry_source":"stop_times.txt fallback"}},{"type":"Feature","id":"F016:まちっこ:相原ﾙｰﾄ(往路):fallback-1","geometry":{"type":"LineString","coordinates":[[139.285524815525,35.6125050516639],[139.288406487761,35.6131821350668],[139.290941010763,35.6127655824304],[139.295385151008,35.6108995908045],[139.298787685009,35.6097452970094],[139.301808363271,35.6071762218332],[139.304551237775,35.6058569985727],[139.309620271154,35.6053450377202],[139.316216916143,35.6057444730917],[139.319480501452,35.606395527949],[139.323403806655,35.6056925860579],[139.327188246185,35.6047032144023],[139.330799053182,35.6046251938952],[139.333507154039,35.6046773431469],[139.3363888133,35.6056842506463],[139.33829836651,35.6058492132615],[139.341249521583,35.6054153125736],[139.344374296473,35.6043912051482],[139.348748986795,35.6028203174118],[139.359720374537,35.6003382488584],[139.368469762304,35.5970228818325],[139.37808715196,35.5932041222577],[139.394995726714,35.5859137245284],[139.414403498251,35.5934828327621],[139.412355343424,35.5863915621846],[139.420063349835,35.5781461665076],[139.421625907314,35.5733637597414],[139.437701579582,35.5570465769125],[139.443083212287,35.5533926167113],[139.44468037066,35.551587306513],[139.446242806311,35.5498687911847],[139.449749609993,35.5459196754339],[139.451832860297,35.5435588849949],[139.448985994987,35.5406598296934]]},"properties":{"id":"F016:まちっこ:相原ﾙｰﾄ(往路):fallback-1","feed_id":"F016","feed_slug":"machida-community-bus","municipality":"町田市","service_name":"市民バス・コミュニティバス","license":"CC0 1.0","source_route_id":"まちっこ:相原ﾙｰﾄ(往路)","route_short_name":null,"route_long_name":"まちっこ：相原ルート（往路）","route_desc":null,"route_type":3,"route_url":null,"route_color":"ED7D31","route_text_color":"FFFFFF","directions":["1"],"geometry_source":"stop_times.txt fallback"}},{"type":"Feature","id":"F016:まちっこ:相原ﾙｰﾄ(復路):fallback-0","geometry":{"type":"LineString","coordinates":[[139.448985994987,35.5406598296934],[139.451832860297,35.5435588849949],[139.449749609993,35.5459196754339],[139.446242806311,35.5498687911847],[139.44468037066,35.551587306513],[139.443083212287,35.5533926167113],[139.442076307797,35.5545382945111],[139.437701579582,35.5570465769125],[139.421625907314,35.5733637597414],[139.420063349835,35.5781461665076],[139.412355343424,35.5863915621846],[139.414403498251,35.5934828327621],[139.394995726714,35.5859137245284],[139.37808715196,35.5932041222577],[139.368469762304,35.5970228818325],[139.359720374537,35.6003382488584],[139.348748986795,35.6028203174118],[139.344374296473,35.6043912051482],[139.341249521583,35.6054153125736],[139.33829836651,35.6058492132615],[139.3363888133,35.6056842506463],[139.333507154039,35.6046773431469],[139.330799053182,35.6046251938952],[139.327188246185,35.6047032144023],[139.323403806655,35.6056925860579],[139.319480501452,35.606395527949],[139.316216916143,35.6057444730917],[139.309620271154,35.6053450377202],[139.304551237775,35.6058569985727],[139.301808363271,35.6071762218332],[139.298787685009,35.6097452970094],[139.295385151008,35.6108995908045],[139.290941010763,35.6127655824304],[139.288406487761,35.6131821350668],[139.285524815525,35.6125050516639]]},"properties":{"id":"F016:まちっこ:相原ﾙｰﾄ(復路):fallback-0","feed_id":"F016","feed_slug":"machida-community-bus","municipality":"町田市","service_name":"市民バス・コミュニティバス","license":"CC0 1.0","source_route_id":"まちっこ:相原ﾙｰﾄ(復路)","route_short_name":null,"route_long_name":"まちっこ：相原ルート（復路）","route_desc":null,"route_type":3,"route_url":null,"route_color":"ED7D31","route_text_color":"FFFFFF","directions":["0"],"geometry_source":"stop_times.txt fallback"}},{"type":"Feature","id":"F016:玉ちゃんﾊﾞｽ:東ﾙｰﾄ1:fallback-0","geometry":{"type":"LineString","coordinates":[[139.463567193202,35.5632184451408],[139.467455693544,35.5646853974598],[139.468045984083,35.56310572962],[139.469643127016,35.5616910005497],[139.470302848846,35.5602936057231],[139.47096257344,35.5588267742536],[139.470754336193,35.5568565040798],[139.469921049424,35.5574640525314],[139.468601645495,35.5592606905099],[139.46724762418,35.5584968515009],[139.466449117472,35.5575767948157],[139.468601645495,35.5592606905099],[139.469921049424,35.5574640525314],[139.471900184155,35.5540443506251],[139.472907088019,35.5529160319833],[139.475198519418,35.5539402833119],[139.475615104438,35.5551033581],[139.475337287032,35.5566917138502],[139.473392964465,35.5577766096711],[139.471969478689,35.5576637373033],[139.47096257344,35.5588267742536],[139.470302848846,35.5602936057231],[139.469643127016,35.5616910005497],[139.468045984083,35.56310572962],[139.468566736925,35.564017099341],[139.465164260476,35.5637045440481],[139.463567193202,35.5632184451408]]},"properties":{"id":"F016:玉ちゃんﾊﾞｽ:東ﾙｰﾄ1:fallback-0","feed_id":"F016","feed_slug":"machida-community-bus","municipality":"町田市","service_name":"市民バス・コミュニティバス","license":"CC0 1.0","source_route_id":"玉ちゃんﾊﾞｽ:東ﾙｰﾄ1","route_short_name":null,"route_long_name":"玉ちゃんバス：東ルート1","route_desc":null,"route_type":3,"route_url":null,"route_color":"FFD966","route_text_color":"FFFFFF","directions":["0"],"geometry_source":"stop_times.txt fallback"}},{"type":"Feature","id":"F016:玉ちゃんﾊﾞｽ:東ﾙｰﾄ2:fallback-0","geometry":{"type":"LineString","coordinates":[[139.463567193202,35.5632184451408],[139.467455693544,35.5646853974598],[139.468045984083,35.56310572962],[139.469643127016,35.5616910005497],[139.470302848846,35.5602936057231],[139.47096257344,35.5588267742536],[139.470754336193,35.5568565040798],[139.471900184155,35.5540443506251],[139.472907088019,35.5529160319833],[139.475198519418,35.5539402833119],[139.475615104438,35.5551033581],[139.475337287032,35.5566917138502],[139.473392964465,35.5577766096711],[139.471969478689,35.5576637373033],[139.47096257344,35.5588267742536],[139.470302848846,35.5602936057231],[139.469643127016,35.5616910005497],[139.468045984083,35.56310572962],[139.468566736925,35.564017099341],[139.465164260476,35.5637045440481],[139.463567193202,35.5632184451408]]},"properties":{"id":"F016:玉ちゃんﾊﾞｽ:東ﾙｰﾄ2:fallback-0","feed_id":"F016","feed_slug":"machida-community-bus","municipality":"町田市","service_name":"市民バス・コミュニティバス","license":"CC0 1.0","source_route_id":"玉ちゃんﾊﾞｽ:東ﾙｰﾄ2","route_short_name":null,"route_long_name":"玉ちゃんバス：東ルート2","route_desc":null,"route_type":3,"route_url":null,"route_color":"FFD966","route_text_color":"FFFFFF","directions":["0"],"geometry_source":"stop_times.txt fallback"}},{"type":"Feature","id":"F016:玉ちゃんﾊﾞｽ:南ﾙｰﾄ:fallback-0","geometry":{"type":"LineString","coordinates":[[139.463567193202,35.5632184451408],[139.465164260476,35.5637045440481],[139.463636704629,35.5613870556468],[139.462595236564,35.5586182420059],[139.462421697168,35.5571861067175],[139.463046688306,35.5560751370966],[139.463324405211,35.5570125391026],[139.463671547194,35.5582884465671],[139.463740949828,35.5591911247167],[139.462317373586,35.5613523022725],[139.463567193202,35.5632184451408]]},"properties":{"id":"F016:玉ちゃんﾊﾞｽ:南ﾙｰﾄ:fallback-0","feed_id":"F016","feed_slug":"machida-community-bus","municipality":"町田市","service_name":"市民バス・コミュニティバス","license":"CC0 1.0","source_route_id":"玉ちゃんﾊﾞｽ:南ﾙｰﾄ","route_short_name":null,"route_long_name":"玉ちゃんバス：南ルート","route_desc":null,"route_type":3,"route_url":null,"route_color":"FFD966","route_text_color":"FFFFFF","directions":["0"],"geometry_source":"stop_times.txt fallback"}},{"type":"Feature","id":"F016:玉ちゃんﾊﾞｽ:北ﾙｰﾄ1:fallback-0","geometry":{"type":"LineString","coordinates":[[139.462976953451,35.5635222147501],[139.461727141434,35.5614651211278],[139.461310569888,35.5599635427505],[139.460199571758,35.5594948159229],[139.458845502451,35.5599374385207],[139.457144246275,35.5602324990388],[139.455234584334,35.5627929243438],[139.454922074263,35.5637129514958],[139.456901049396,35.5643032154943],[139.458046819975,35.563435287959],[139.454609562119,35.5646850561246],[139.454748352871,35.5668549547422],[139.455650984218,35.5686082538233],[139.456067540541,35.5704917336819],[139.457109048965,35.5722450364484],[139.458845030273,35.5718024240172],[139.458845109046,35.5698234798522],[139.459539542891,35.5686083571468],[139.462004601668,35.5688514508841],[139.463914198019,35.5679401457592],[139.462976953451,35.5635222147501]]},"properties":{"id":"F016:玉ちゃんﾊﾞｽ:北ﾙｰﾄ1:fallback-0","feed_id":"F016","feed_slug":"machida-community-bus","municipality":"町田市","service_name":"市民バス・コミュニティバス","license":"CC0 1.0","source_route_id":"玉ちゃんﾊﾞｽ:北ﾙｰﾄ1","route_short_name":null,"route_long_name":"玉ちゃんバス：北ルート1","route_desc":null,"route_type":3,"route_url":null,"route_color":"FFD966","route_text_color":"FFFFFF","directions":["0"],"geometry_source":"stop_times.txt fallback"}},{"type":"Feature","id":"F016:玉ちゃんﾊﾞｽ:北ﾙｰﾄ2:fallback-0","geometry":{"type":"LineString","coordinates":[[139.462976953451,35.5635222147501],[139.461727141434,35.5614651211278],[139.461310569888,35.5599635427505],[139.460199571758,35.5594948159229],[139.458845502451,35.5599374385207],[139.457144246275,35.5602324990388],[139.455234584334,35.5627929243438],[139.454922074263,35.5637129514958],[139.454609562119,35.5646850561246],[139.454748352871,35.5668549547422],[139.455650984218,35.5686082538233],[139.456067540541,35.5704917336819],[139.457109048965,35.5722450364484],[139.458845030273,35.5718024240172],[139.458845109046,35.5698234798522],[139.459539542891,35.5686083571468],[139.462004601668,35.5688514508841],[139.463914198019,35.5679401457592],[139.462976953451,35.5635222147501]]},"properties":{"id":"F016:玉ちゃんﾊﾞｽ:北ﾙｰﾄ2:fallback-0","feed_id":"F016","feed_slug":"machida-community-bus","municipality":"町田市","service_name":"市民バス・コミュニティバス","license":"CC0 1.0","source_route_id":"玉ちゃんﾊﾞｽ:北ﾙｰﾄ2","route_short_name":null,"route_long_name":"玉ちゃんバス：北ルート2","route_desc":null,"route_type":3,"route_url":null,"route_color":"FFD966","route_text_color":"FFFFFF","directions":["0"],"geometry_source":"stop_times.txt fallback"}},{"type":"Feature","id":"F016:小山田桜台多摩南部地域病院間ﾊﾞｽ(往路):fallback-1","geometry":{"type":"LineString","coordinates":[[139.402277,35.588364],[139.406617,35.588264],[139.408903,35.592016],[139.411129,35.596051],[139.408833,35.596962],[139.408253,35.602031],[139.407502,35.60844],[139.412003,35.616009],[139.414905,35.622367]]},"properties":{"id":"F016:小山田桜台多摩南部地域病院間ﾊﾞｽ(往路):fallback-1","feed_id":"F016","feed_slug":"machida-community-bus","municipality":"町田市","service_name":"市民バス・コミュニティバス","license":"CC0 1.0","source_route_id":"小山田桜台多摩南部地域病院間ﾊﾞｽ(往路)","route_short_name":null,"route_long_name":"小山田桜台多摩南部地域病院間バス（往路）","route_desc":null,"route_type":3,"route_url":null,"route_color":"00B050","route_text_color":"FFFFFF","directions":["1"],"geometry_source":"stop_times.txt fallback"}},{"type":"Feature","id":"F016:小山田桜台多摩南部地域病院間ﾊﾞｽ(復路):fallback-0","geometry":{"type":"LineString","coordinates":[[139.414905,35.622367],[139.412159,35.615882],[139.407701,35.608423],[139.408506,35.601725],[139.40872,35.597076],[139.410866,35.596413],[139.410625,35.59291],[139.402277,35.588364]]},"properties":{"id":"F016:小山田桜台多摩南部地域病院間ﾊﾞｽ(復路):fallback-0","feed_id":"F016","feed_slug":"machida-community-bus","municipality":"町田市","service_name":"市民バス・コミュニティバス","license":"CC0 1.0","source_route_id":"小山田桜台多摩南部地域病院間ﾊﾞｽ(復路)","route_short_name":null,"route_long_name":"小山田桜台多摩南部地域病院間バス（復路）","route_desc":null,"route_type":3,"route_url":null,"route_color":"00B050","route_text_color":"FFFFFF","directions":["0"],"geometry_source":"stop_times.txt fallback"}},{"type":"Feature","id":"F016:玉ちゃんﾊﾞｽ:北ﾙｰﾄ｢金井小学校｣始発:fallback-0","geometry":{"type":"LineString","coordinates":[[139.458845109046,35.5698234798522],[139.459539542891,35.5686083571468],[139.462004601668,35.5688514508841],[139.463914198019,35.5679401457592],[139.462976953451,35.5635222147501]]},"properties":{"id":"F016:玉ちゃんﾊﾞｽ:北ﾙｰﾄ｢金井小学校｣始発:fallback-0","feed_id":"F016","feed_slug":"machida-community-bus","municipality":"町田市","service_name":"市民バス・コミュニティバス","license":"CC0 1.0","source_route_id":"玉ちゃんﾊﾞｽ:北ﾙｰﾄ｢金井小学校｣始発","route_short_name":null,"route_long_name":"玉ちゃんバス：北ルート「金井小学校」始発","route_desc":null,"route_type":3,"route_url":null,"route_color":"FFD966","route_text_color":"FFFFFF","directions":["0"],"geometry_source":"stop_times.txt fallback"}},{"type":"Feature","id":"F016:玉ちゃんﾊﾞｽ:北ﾙｰﾄ｢有楽入口｣止まり:fallback-0","geometry":{"type":"LineString","coordinates":[[139.462976953451,35.5635222147501],[139.461727141434,35.5614651211278],[139.461310569888,35.5599635427505],[139.460199571758,35.5594948159229],[139.458845502451,35.5599374385207],[139.457144246275,35.5602324990388],[139.455234584334,35.5627929243438],[139.454922074263,35.5637129514958],[139.454609562119,35.5646850561246],[139.454748352871,35.5668549547422],[139.455650984218,35.5686082538233],[139.456067540541,35.5704917336819],[139.457109048965,35.5722450364484],[139.458845030273,35.5718024240172]]},"properties":{"id":"F016:玉ちゃんﾊﾞｽ:北ﾙｰﾄ｢有楽入口｣止まり:fallback-0","feed_id":"F016","feed_slug":"machida-community-bus","municipality":"町田市","service_name":"市民バス・コミュニティバス","license":"CC0 1.0","source_route_id":"玉ちゃんﾊﾞｽ:北ﾙｰﾄ｢有楽入口｣止まり","route_short_name":null,"route_long_name":"玉ちゃんバス：北ルート「有楽入口」止まり","route_desc":null,"route_type":3,"route_url":null,"route_color":"FFD966","route_text_color":"FFFFFF","directions":["0"],"geometry_source":"stop_times.txt fallback"}},{"type":"Feature","id":"F016:玉ちゃんﾊﾞｽ:東ﾙｰﾄ｢昭和薬科大学｣始発:fallback-0","geometry":{"type":"LineString","coordinates":[[139.471900184155,35.5540443506251],[139.472907088019,35.5529160319833],[139.475198519418,35.5539402833119],[139.475615104438,35.5551033581],[139.475337287032,35.5566917138502],[139.473392964465,35.5577766096711],[139.471969478689,35.5576637373033],[139.47096257344,35.5588267742536],[139.470302848846,35.5602936057231],[139.469643127016,35.5616910005497],[139.468045984083,35.56310572962],[139.468566736925,35.564017099341],[139.465164260476,35.5637045440481],[139.463567193202,35.5632184451408]]},"properties":{"id":"F016:玉ちゃんﾊﾞｽ:東ﾙｰﾄ｢昭和薬科大学｣始発:fallback-0","feed_id":"F016","feed_slug":"machida-community-bus","municipality":"町田市","service_name":"市民バス・コミュニティバス","license":"CC0 1.0","source_route_id":"玉ちゃんﾊﾞｽ:東ﾙｰﾄ｢昭和薬科大学｣始発","route_short_name":null,"route_long_name":"玉ちゃんバス：東ルート「昭和薬科大学」始発","route_desc":null,"route_type":3,"route_url":null,"route_color":"FFD966","route_text_color":"FFFFFF","directions":["0"],"geometry_source":"stop_times.txt fallback"}},{"type":"Feature","id":"F016:玉ちゃんﾊﾞｽ:東ﾙｰﾄ｢東玉川学園二丁目｣止まり:fallback-0","geometry":{"type":"LineString","coordinates":[[139.463567193202,35.5632184451408],[139.467455693544,35.5646853974598],[139.468045984083,35.56310572962],[139.469643127016,35.5616910005497],[139.470302848846,35.5602936057231],[139.47096257344,35.5588267742536],[139.470754336193,35.5568565040798],[139.471900184155,35.5540443506251],[139.472907088019,35.5529160319833],[139.475198519418,35.5539402833119],[139.475615104438,35.5551033581],[139.475337287032,35.5566917138502],[139.473392964465,35.5577766096711],[139.471969478689,35.5576637373033]]},"properties":{"id":"F016:玉ちゃんﾊﾞｽ:東ﾙｰﾄ｢東玉川学園二丁目｣止まり:fallback-0","feed_id":"F016","feed_slug":"machida-community-bus","municipality":"町田市","service_name":"市民バス・コミュニティバス","license":"CC0 1.0","source_route_id":"玉ちゃんﾊﾞｽ:東ﾙｰﾄ｢東玉川学園二丁目｣止まり","route_short_name":null,"route_long_name":"玉ちゃんバス：東ルート「東玉川学園二丁目」止まり","route_desc":null,"route_type":3,"route_url":null,"route_color":"FFD966","route_text_color":"FFFFFF","directions":["0"],"geometry_source":"stop_times.txt fallback"}},{"type":"Feature","id":"F028:1:SHP0007","geometry":{"type":"LineString","coordinates":[[139.131441128767,34.2078647586229],[139.131725728512,34.2077761975954],[139.13328140974,34.2073325791206],[139.133332371712,34.2073237067511],[139.133386015892,34.2073126162893],[139.133404791355,34.2072593820723],[139.133455753326,34.2071151905253],[139.133552312851,34.2069177590224],[139.133600592613,34.2068423357516],[139.133742749691,34.2066249392653],[139.133852720261,34.2064385994199],[139.133901000023,34.205480280215],[139.133890271187,34.2051053821927],[139.133850038052,34.2048924223693],[139.13371860981,34.2044443194078],[139.133579134941,34.2040694213854],[139.133415520191,34.2033240620038],[139.133332371712,34.2030268055838],[139.133128523827,34.2022592628872],[139.133136570454,34.202177184622],[139.133166074753,34.2021039796827],[139.13325458765,34.202015246423],[139.133332371712,34.2019753164561],[139.133498668671,34.2018932381909],[139.133694469929,34.2018111599256],[139.134032428265,34.2017357366549],[139.134174585342,34.2017401733179],[139.135199189186,34.2017756666217],[139.135631024837,34.2017911949422],[139.136258661747,34.201709116677],[139.136368632317,34.2017113350084],[139.136459827423,34.2017690116273],[139.136559069157,34.2018976748539],[139.136866766228,34.2022137893012],[139.137245714664,34.2026031042686],[139.137342274189,34.2026696542134],[139.137495160103,34.2026962741913],[139.137626588345,34.2026851825338],[139.137736558914,34.202645252567],[139.137870669365,34.2025897942797],[139.137959182262,34.2025653926332],[139.138045012951,34.2025698292962],[139.138227403164,34.2026075409316],[139.138323962688,34.2026297242465],[139.138433933258,34.2026186325891],[139.138527810574,34.2025764842907],[139.138605594635,34.2025077160144],[139.13864582777,34.2024456027326],[139.138653874397,34.2023923627768],[139.13870215416,34.2021239446661],[139.13878262043,34.2019730981246],[139.138908684254,34.2018732732074],[139.139123260975,34.2017601383013],[139.139302968979,34.2016758417046],[139.139466583729,34.2016270384117],[139.140357077122,34.2015316501575],[139.140646755695,34.2014517902238],[139.140839874744,34.2013830219475],[139.140955209732,34.2013918952735],[139.14104372263,34.2014251702459],[139.141118824482,34.2014850651962],[139.14115101099,34.2015627067984],[139.141148328781,34.2016625317156],[139.141086637974,34.2017601383013],[139.140874743462,34.2019841897821],[139.140767455101,34.2020751413733],[139.140099585056,34.2023590878044],[139.140040576458,34.2023967994398],[139.140011072159,34.2024367294066],[139.139997661114,34.2025010610199],[139.140024483204,34.2025787026222],[139.140064716339,34.2026186325891],[139.140139818192,34.202640815904],[139.140220284462,34.2026341609095],[139.140649437904,34.2025232443349],[139.140705764294,34.2025188076719],[139.140754044056,34.2025254626664],[139.1407969594,34.2025520826443],[139.140845239162,34.2025942309426],[139.140885472298,34.2026474708985],[139.140898883343,34.2027428591527],[139.140829145908,34.2029447273185],[139.140829145908,34.2030401155727],[139.140855967999,34.2030889188656],[139.141032993793,34.2031976171087],[139.141094684601,34.2032508570646],[139.141108095646,34.2033107520149],[139.141092002392,34.2033706469652],[139.141054451466,34.2034305419155],[139.140872061253,34.2035658601365],[139.140357077122,34.2038608982251],[139.140284657478,34.2039451948218],[139.140319526196,34.2039962164462],[139.140386581421,34.2040361464131],[139.140464365482,34.2040361464131],[139.140601158142,34.2039185748439],[139.140711128712,34.2038498065676],[139.14123415947,34.203576951794],[139.141346812248,34.2035148385122],[139.141432642937,34.203415013595],[139.141515791416,34.2031621238048],[139.141564071178,34.2030778272081],[139.141620397568,34.2030378972412],[139.141665995121,34.2030157139263],[139.141845703125,34.2029336356611],[139.142816662788,34.2025387726553],[139.143269956112,34.202321376169],[139.143615961075,34.2021394729866],[139.143779575825,34.2020307747434],[139.14392977953,34.2018843648649],[139.144088029861,34.2016935883565],[139.144165813923,34.201551615141],[139.144329428673,34.2012920703563],[139.144409894943,34.201232175406],[139.144852459431,34.2010103422567],[139.144932925701,34.2009327006544],[139.145010709763,34.200755234135],[139.145017867063,34.2007239454926],[139.145048260689,34.2005910776045],[139.145187735558,34.200107481339],[139.145233333111,34.2000010014274],[139.145254790783,34.199954416466],[139.14534330368,34.1998301899024],[139.145348668098,34.1996904350184],[139.145442545414,34.1992556420458],[139.145485460758,34.1990959221783],[139.145485460758,34.1989606039572],[139.145391583443,34.1988053207527],[139.145085811615,34.198545775968],[139.144986569881,34.1983594361226],[139.144967794418,34.1981730962772],[139.144959747791,34.1980688234598],[139.144959747791,34.1980532934658],[139.144876599312,34.1979556763601],[139.144774675369,34.1979024306662],[139.14439111948,34.1979024306662],[139.144270420074,34.197871370678],[139.144085347652,34.1977205078784],[139.143843948841,34.1974831208261],[139.143637418747,34.1972590451973],[139.14360255003,34.1971303681036],[139.143591821194,34.1970194395744],[139.143648147583,34.1967887082339],[139.14370983839,34.1966644682813],[139.143717885017,34.1966267525814],[139.143731296062,34.1965601954639],[139.143725931644,34.1964492669348],[139.14365619421,34.1961431041945],[139.143503308296,34.1955906801195],[139.143495261669,34.1952778616674],[139.143471121788,34.1951957745559],[139.143184125423,34.1949472946506],[139.143149256706,34.1948585518274],[139.143149256706,34.194727656163],[139.143444299698,34.1941463906705],[139.143508672714,34.1940554292766],[139.143693745136,34.1939156593299],[139.143763482571,34.1938313536478],[139.14379298687,34.1936915837011],[139.143814444542,34.1931879681789],[139.143843948841,34.1930570725146],[139.143913686275,34.1928707125857],[139.144074618816,34.1925978284041],[139.144109487534,34.1925201784337],[139.144114851952,34.1924092499046],[139.144093394279,34.1922916656637],[139.144058525562,34.1921607699994],[139.144020974636,34.1920609343232],[139.143953919411,34.1919899400645],[139.143878817558,34.1919455686529],[139.143731296062,34.191907852953],[139.143468439579,34.1918723558237],[139.143143892288,34.1917725201475],[139.14297491312,34.1917503344417],[139.142848849297,34.1917725201475],[139.142655730247,34.1918590444002],[139.142250716686,34.1921119614466],[139.141952991486,34.1922894470931],[139.141845703125,34.1923205070813],[139.141757190228,34.1923426927871],[139.141665995121,34.1923360370754],[139.141585528851,34.1923315999342],[139.141432642937,34.1922894470931],[139.141293168068,34.192178518564],[139.141199290752,34.1919855029234],[139.141086637974,34.1916682473301],[139.14104372263,34.1915417888069],[139.140982031822,34.1914153302837],[139.14088010788,34.1912777789076],[139.140719175339,34.1911180418257],[139.140571653843,34.1910204247201],[139.140477776527,34.1909693975967],[139.140351712704,34.1909183704733],[139.140134453773,34.1908584690676],[139.139994978905,34.1908407205029],[139.139842092991,34.19082962765],[139.139648973942,34.1908362833618],[139.139278829098,34.1909117147616],[139.139144718647,34.1909006219087],[139.139048159122,34.1908540319264],[139.138975739479,34.1907985676619],[139.138927459717,34.1907120434092],[139.138927459717,34.1905988963095],[139.138956964016,34.1905301206214],[139.139077663422,34.1904036620982],[139.13957118988,34.1899510736995],[139.139619469643,34.1898445823115],[139.139619469643,34.1897380909236],[139.139576554298,34.1896382552474],[139.139504134655,34.1895739167005],[139.139418303967,34.1895362010006],[139.138627052307,34.1894940481595],[139.138187170029,34.1894674253125],[139.13717597723,34.1893365296482],[139.137009680271,34.189332092507],[139.136867523193,34.1893653710658],[139.136744141579,34.1894141796186],[139.136618077755,34.1894829553066],[139.136475920677,34.1896205066827],[139.136025309563,34.1901352150578],[139.135883152485,34.190261673581],[139.135703444481,34.1903637278278],[139.135577380657,34.19041031781],[139.134925603867,34.1905633991802],[139.134837090969,34.1903082635632],[139.13443166945,34.1903975664885],[139.13434356451,34.1904169735217],[139.13431674242,34.1904280663746],[139.134303331375,34.1904857492098],[139.134367704391,34.1906965134151],[139.134925603867,34.1905633991802],[139.135577380657,34.19041031781],[139.135703444481,34.1903637278278],[139.135883152485,34.190261673581],[139.136025309563,34.1901352150578],[139.136475920677,34.1896205066827],[139.136618077755,34.1894829553066],[139.136744141579,34.1894141796186],[139.136867523193,34.1893653710658],[139.137009680271,34.189332092507],[139.13717597723,34.1893365296482],[139.138187170029,34.1894674253125],[139.138627052307,34.1894940481595],[139.139418303967,34.1895362010006],[139.139504134655,34.1895739167005],[139.139576554298,34.1896382552474],[139.139619469643,34.1897380909236],[139.139619469643,34.1898445823115],[139.13957118988,34.1899510736995],[139.139077663422,34.1904036620982],[139.138956964016,34.1905301206214],[139.138927459717,34.1905988963095],[139.138927459717,34.1907120434092],[139.138975739479,34.1907985676619],[139.139048159122,34.1908540319264],[139.139144718647,34.1909006219087],[139.139278829098,34.1909117147616],[139.139648973942,34.1908362833618],[139.139842092991,34.19082962765],[139.139994978905,34.1908407205029],[139.140134453773,34.1908584690676],[139.140351712704,34.1909183704733],[139.140477776527,34.1909693975967],[139.140571653843,34.1910204247201],[139.140719175339,34.1911180418257],[139.14088010788,34.1912777789076],[139.140982031822,34.1914153302837],[139.14104372263,34.1915417888069],[139.141086637974,34.1916682473301],[139.141199290752,34.1919855029234],[139.141293168068,34.192178518564],[139.141432642937,34.1922894470931],[139.141585528851,34.1923315999342],[139.141665995121,34.1923360370754],[139.141757190228,34.1923426927871],[139.141845703125,34.1923205070813],[139.141952991486,34.1922894470931],[139.142250716686,34.1921119614466],[139.142655730247,34.1918590444002],[139.142848849297,34.1917725201475],[139.14297491312,34.1917503344417],[139.143143892288,34.1917725201475],[139.143468439579,34.1918723558237],[139.143731296062,34.191907852953],[139.143878817558,34.1919455686529],[139.143953919411,34.1919899400645],[139.144020974636,34.1920609343232],[139.144058525562,34.1921607699994],[139.144093394279,34.1922916656637],[139.144114851952,34.1924092499046],[139.144109487534,34.1925201784337],[139.144074618816,34.1925978284041],[139.143913686275,34.1928707125857],[139.143843948841,34.1930570725146],[139.143814444542,34.1931879681789],[139.14379298687,34.1936915837011],[139.143763482571,34.1938313536478],[139.143693745136,34.1939156593299],[139.143508672714,34.1940554292766],[139.143444299698,34.1941463906705],[139.143149256706,34.194727656163],[139.143149256706,34.1948585518274],[139.143184125423,34.1949472946506],[139.143471121788,34.1951957745559],[139.143495261669,34.1952778616674],[139.143503308296,34.1955906801195],[139.14365619421,34.1961431041945],[139.143725931644,34.1964492669348],[139.143731296062,34.1965601954639],[139.143717885017,34.1966267525814],[139.14370983839,34.1966644682813],[139.143648147583,34.1967887082339],[139.143591821194,34.1970194395744],[139.14360255003,34.1971303681036],[139.143637418747,34.1972590451973],[139.143843948841,34.1974831208261],[139.144085347652,34.1977205078784],[139.144270420074,34.197871370678],[139.14439111948,34.1979024306662],[139.144774675369,34.1979024306662],[139.144876599312,34.1979556763601],[139.144959747791,34.1980532934658],[139.144959747791,34.1980688234598],[139.144967794418,34.1981730962772],[139.144986569881,34.1983594361226],[139.145085811615,34.198545775968],[139.145391583443,34.1988053207527],[139.145485460758,34.1989606039572],[139.145485460758,34.1990959221783],[139.145442545414,34.1992556420458],[139.145348668098,34.1996904350184],[139.14534330368,34.1998301899024],[139.145523011684,34.1997414566427],[139.145691990852,34.1996460683885],[139.146046042442,34.1994131435818],[139.146563708782,34.1990981405098],[139.1472235322,34.1987409891394],[139.14733082056,34.1986877491836],[139.14744079113,34.1986478192167],[139.147566854954,34.1986167625758],[139.148215949535,34.198559085957],[139.148384928703,34.1985324659791],[139.148486852646,34.1984814443547],[139.148728251457,34.1981730962772],[139.148752391338,34.1981442548596],[139.148867726326,34.1980666048893],[139.149667024612,34.1978491849722],[139.14989233017,34.1978136878429],[139.14999961853,34.1978114692723],[139.150576293468,34.1977981578488],[139.150796234608,34.1977582235783],[139.151128828526,34.1975851750729],[139.151667952538,34.1974320937027],[139.151761829853,34.1974343122733],[139.15182352066,34.1974365308439],[139.151981770992,34.1974609351203],[139.152330458164,34.1975696450788],[139.152432382107,34.1975829565023],[139.152520895004,34.1975696450788],[139.152773022652,34.1974409679851],[139.15283203125,34.1974054708557],[139.153027832508,34.1972812309031],[139.153084158897,34.1972191109268],[139.153231680393,34.1968818881983],[139.153293371201,34.1968330796455],[139.15340334177,34.196777615381],[139.153910279274,34.1965557583228],[139.154098033905,34.1964936383465],[139.154205322266,34.1965047311994],[139.154291152954,34.1965535397522],[139.154344797134,34.1966334082931],[139.154358208179,34.196750992534],[139.154352843761,34.1967753968104],[139.154331386089,34.1969218224688],[139.154240190983,34.1974343122733],[139.154218733311,34.1976251093434],[139.154116809368,34.1979312720837],[139.154055118561,34.1980244520482],[139.153934419155,34.1981730962772],[139.153848588467,34.1982817945204],[139.153416752815,34.1987542991284],[139.153258502483,34.1988585607085],[139.15283203125,34.1990338088965],[139.152665734291,34.1991092321672],[139.152512848377,34.1992245854049],[139.152410924435,34.1993665586204],[139.152335822582,34.1995063135045],[139.152193665504,34.2000010014274],[139.152164161205,34.2001318829855],[139.152185618877,34.2003093495049],[139.15226072073,34.2004357944],[139.152429699898,34.2006576275493],[139.152500016642,34.2007486539235],[139.152553081512,34.2008173474168],[139.152762293816,34.2012809786988],[139.15283203125,34.2014074235939],[139.152904450893,34.2015360868205],[139.15304929018,34.2017312999919],[139.153161942959,34.2019109848428],[139.153253138065,34.2021416913181],[139.153309464455,34.2021882762794],[139.153400659561,34.2022082412629],[139.153515994549,34.2021993679369],[139.153446257114,34.2020662680473],[139.153400659561,34.2019997181025],[139.153369559866,34.2019496661842]]},"properties":{"id":"F028:1:SHP0007","feed_id":"F028","feed_slug":"kozushima-village-bus","municipality":"神津島村","service_name":"村営バス","license":"CC BY 4.0","source_route_id":"1","route_short_name":null,"route_long_name":"内回りルート：空港・多幸湾キャンプ場・天上山方面","route_desc":null,"route_type":3,"route_url":null,"route_color":null,"route_text_color":"000000","directions":["1"],"geometry_source":"shapes.txt"}},{"type":"Feature","id":"F028:1:SHP0008","geometry":{"type":"LineString","coordinates":[[139.131441128767,34.2078647586229],[139.131725728512,34.2077761975954],[139.13328140974,34.2073325791206],[139.133332371712,34.2073237067511],[139.133386015892,34.2073126162893],[139.133404791355,34.2072593820723],[139.133455753326,34.2071151905253],[139.133552312851,34.2069177590224],[139.133600592613,34.2068423357516],[139.133742749691,34.2066249392653],[139.133852720261,34.2064385994199],[139.133901000023,34.205480280215],[139.133890271187,34.2051053821927],[139.133850038052,34.2048924223693],[139.13371860981,34.2044443194078],[139.133579134941,34.2040694213854],[139.133415520191,34.2033240620038],[139.133332371712,34.2030268055838],[139.133128523827,34.2022592628872],[139.133136570454,34.202177184622],[139.133166074753,34.2021039796827],[139.13325458765,34.202015246423],[139.133332371712,34.2019753164561],[139.133498668671,34.2018932381909],[139.133694469929,34.2018111599256],[139.134032428265,34.2017357366549],[139.134174585342,34.2017401733179],[139.135199189186,34.2017756666217],[139.135631024837,34.2017911949422],[139.136258661747,34.201709116677],[139.136368632317,34.2017113350084],[139.136459827423,34.2017690116273],[139.136559069157,34.2018976748539],[139.136866766228,34.2022137893012],[139.137245714664,34.2026031042686],[139.137342274189,34.2026696542134],[139.137495160103,34.2026962741913],[139.137626588345,34.2026851825338],[139.137736558914,34.202645252567],[139.137870669365,34.2025897942797],[139.137959182262,34.2025653926332],[139.138045012951,34.2025698292962],[139.138227403164,34.2026075409316],[139.138323962688,34.2026297242465],[139.138433933258,34.2026186325891],[139.138527810574,34.2025764842907],[139.138605594635,34.2025077160144],[139.13864582777,34.2024456027326],[139.138653874397,34.2023923627768],[139.13870215416,34.2021239446661],[139.13878262043,34.2019730981246],[139.138908684254,34.2018732732074],[139.139123260975,34.2017601383013],[139.139302968979,34.2016758417046],[139.139466583729,34.2016270384117],[139.140357077122,34.2015316501575],[139.140646755695,34.2014517902238],[139.140839874744,34.2013830219475],[139.140955209732,34.2013918952735],[139.14104372263,34.2014251702459],[139.141118824482,34.2014850651962],[139.14115101099,34.2015627067984],[139.141148328781,34.2016625317156],[139.141086637974,34.2017601383013],[139.140874743462,34.2019841897821],[139.140767455101,34.2020751413733],[139.140099585056,34.2023590878044],[139.140040576458,34.2023967994398],[139.140011072159,34.2024367294066],[139.139997661114,34.2025010610199],[139.140024483204,34.2025787026222],[139.140064716339,34.2026186325891],[139.140139818192,34.202640815904],[139.140220284462,34.2026341609095],[139.140649437904,34.2025232443349],[139.140705764294,34.2025188076719],[139.140754044056,34.2025254626664],[139.1407969594,34.2025520826443],[139.140845239162,34.2025942309426],[139.140885472298,34.2026474708985],[139.140898883343,34.2027428591527],[139.140829145908,34.2029447273185],[139.140829145908,34.2030401155727],[139.140855967999,34.2030889188656],[139.141032993793,34.2031976171087],[139.141094684601,34.2032508570646],[139.141108095646,34.2033107520149],[139.141092002392,34.2033706469652],[139.141054451466,34.2034305419155],[139.140872061253,34.2035658601365],[139.140357077122,34.2038608982251],[139.140284657478,34.2039451948218],[139.140319526196,34.2039962164462],[139.140386581421,34.2040361464131],[139.140464365482,34.2040361464131],[139.140601158142,34.2039185748439],[139.140711128712,34.2038498065676],[139.14123415947,34.203576951794],[139.141346812248,34.2035148385122],[139.141432642937,34.203415013595],[139.141515791416,34.2031621238048],[139.141564071178,34.2030778272081],[139.141620397568,34.2030378972412],[139.141665995121,34.2030157139263],[139.141845703125,34.2029336356611],[139.142816662788,34.2025387726553],[139.143269956112,34.202321376169],[139.143615961075,34.2021394729866],[139.143779575825,34.2020307747434],[139.14392977953,34.2018843648649],[139.144088029861,34.2016935883565],[139.144165813923,34.201551615141],[139.144329428673,34.2012920703563],[139.144409894943,34.201232175406],[139.144852459431,34.2010103422567],[139.144932925701,34.2009327006544],[139.145010709763,34.200755234135],[139.145017867063,34.2007239454926],[139.145048260689,34.2005910776045],[139.145187735558,34.200107481339],[139.145233333111,34.2000010014274],[139.145254790783,34.199954416466],[139.14534330368,34.1998301899024],[139.145523011684,34.1997414566427],[139.145691990852,34.1996460683885],[139.146046042442,34.1994131435818],[139.146563708782,34.1990981405098],[139.1472235322,34.1987409891394],[139.14733082056,34.1986877491836],[139.14744079113,34.1986478192167],[139.147566854954,34.1986167625758],[139.148215949535,34.198559085957],[139.148384928703,34.1985324659791],[139.148486852646,34.1984814443547],[139.148728251457,34.1981730962772],[139.148752391338,34.1981442548596],[139.148867726326,34.1980666048893],[139.149667024612,34.1978491849722],[139.14989233017,34.1978136878429],[139.14999961853,34.1978114692723],[139.150576293468,34.1977981578488],[139.150796234608,34.1977582235783],[139.151128828526,34.1975851750729],[139.151667952538,34.1974320937027],[139.151761829853,34.1974343122733],[139.15182352066,34.1974365308439],[139.151981770992,34.1974609351203],[139.152330458164,34.1975696450788],[139.152432382107,34.1975829565023],[139.152520895004,34.1975696450788],[139.152773022652,34.1974409679851],[139.15283203125,34.1974054708557],[139.153027832508,34.1972812309031],[139.153084158897,34.1972191109268],[139.153231680393,34.1968818881983],[139.153293371201,34.1968330796455],[139.15340334177,34.196777615381],[139.153910279274,34.1965557583228],[139.154098033905,34.1964936383465],[139.154205322266,34.1965047311994],[139.154291152954,34.1965535397522],[139.154344797134,34.1966334082931],[139.154358208179,34.196750992534],[139.154352843761,34.1967753968104],[139.154331386089,34.1969218224688],[139.154240190983,34.1974343122733],[139.154218733311,34.1976251093434],[139.154116809368,34.1979312720837],[139.154055118561,34.1980244520482],[139.153934419155,34.1981730962772],[139.153848588467,34.1982817945204],[139.153416752815,34.1987542991284],[139.153258502483,34.1988585607085],[139.15283203125,34.1990338088965],[139.152665734291,34.1991092321672],[139.152512848377,34.1992245854049],[139.152410924435,34.1993665586204],[139.152335822582,34.1995063135045],[139.152193665504,34.2000010014274],[139.152164161205,34.2001318829855],[139.152185618877,34.2003093495049],[139.15226072073,34.2004357944],[139.152429699898,34.2006576275493],[139.152500016642,34.2007486539235],[139.152553081512,34.2008173474168],[139.152762293816,34.2012809786988],[139.15283203125,34.2014074235939],[139.152904450893,34.2015360868205],[139.15304929018,34.2017312999919],[139.153161942959,34.2019109848428],[139.153253138065,34.2021416913181],[139.153309464455,34.2021882762794],[139.153400659561,34.2022082412629],[139.153515994549,34.2021993679369],[139.153446257114,34.2020662680473],[139.153400659561,34.2019997181025],[139.153369559866,34.2019496661842]]},"properties":{"id":"F028:1:SHP0008","feed_id":"F028","feed_slug":"kozushima-village-bus","municipality":"神津島村","service_name":"村営バス","license":"CC BY 4.0","source_route_id":"1","route_short_name":null,"route_long_name":"内回りルート：空港・多幸湾キャンプ場・天上山方面","route_desc":null,"route_type":3,"route_url":null,"route_color":null,"route_text_color":"000000","directions":["1"],"geometry_source":"shapes.txt"}},{"type":"Feature","id":"F028:1:SHP0009","geometry":{"type":"LineString","coordinates":[[139.131441128767,34.2078647586229],[139.131725728512,34.2077761975954],[139.13328140974,34.2073325791206],[139.133332371712,34.2073237067511],[139.133386015892,34.2073126162893],[139.133404791355,34.2072593820723],[139.133455753326,34.2071151905253],[139.133552312851,34.2069177590224],[139.133600592613,34.2068423357516],[139.133742749691,34.2066249392653],[139.133852720261,34.2064385994199],[139.133901000023,34.205480280215],[139.133890271187,34.2051053821927],[139.133850038052,34.2048924223693],[139.13371860981,34.2044443194078],[139.133579134941,34.2040694213854],[139.133415520191,34.2033240620038],[139.133332371712,34.2030268055838],[139.133128523827,34.2022592628872],[139.133136570454,34.202177184622],[139.133166074753,34.2021039796827],[139.13325458765,34.202015246423],[139.133332371712,34.2019753164561],[139.133498668671,34.2018932381909],[139.133694469929,34.2018111599256],[139.134032428265,34.2017357366549],[139.134174585342,34.2017401733179],[139.135199189186,34.2017756666217],[139.135631024837,34.2017911949422],[139.136258661747,34.201709116677],[139.136368632317,34.2017113350084],[139.136459827423,34.2017690116273],[139.136559069157,34.2018976748539],[139.136866766228,34.2022137893012],[139.137245714664,34.2026031042686],[139.137342274189,34.2026696542134],[139.137495160103,34.2026962741913],[139.137626588345,34.2026851825338],[139.137736558914,34.202645252567],[139.137870669365,34.2025897942797],[139.137959182262,34.2025653926332],[139.138045012951,34.2025698292962],[139.138227403164,34.2026075409316],[139.138323962688,34.2026297242465],[139.138433933258,34.2026186325891],[139.138527810574,34.2025764842907],[139.138605594635,34.2025077160144],[139.13864582777,34.2024456027326],[139.138653874397,34.2023923627768],[139.13870215416,34.2021239446661],[139.13878262043,34.2019730981246],[139.138908684254,34.2018732732074],[139.139123260975,34.2017601383013],[139.139302968979,34.2016758417046],[139.139466583729,34.2016270384117],[139.140357077122,34.2015316501575],[139.140646755695,34.2014517902238],[139.140839874744,34.2013830219475],[139.140955209732,34.2013918952735],[139.14104372263,34.2014251702459],[139.141118824482,34.2014850651962],[139.14115101099,34.2015627067984],[139.141148328781,34.2016625317156],[139.141086637974,34.2017601383013],[139.140874743462,34.2019841897821],[139.140767455101,34.2020751413733],[139.140099585056,34.2023590878044],[139.140040576458,34.2023967994398],[139.140011072159,34.2024367294066],[139.139997661114,34.2025010610199],[139.140024483204,34.2025787026222],[139.140064716339,34.2026186325891],[139.140139818192,34.202640815904],[139.140220284462,34.2026341609095],[139.140649437904,34.2025232443349],[139.140705764294,34.2025188076719],[139.140754044056,34.2025254626664],[139.1407969594,34.2025520826443],[139.140845239162,34.2025942309426],[139.140885472298,34.2026474708985],[139.140898883343,34.2027428591527],[139.140829145908,34.2029447273185],[139.140829145908,34.2030401155727],[139.140855967999,34.2030889188656],[139.141032993793,34.2031976171087],[139.141094684601,34.2032508570646],[139.141108095646,34.2033107520149],[139.141092002392,34.2033706469652],[139.141054451466,34.2034305419155],[139.140872061253,34.2035658601365],[139.140357077122,34.2038608982251],[139.140284657478,34.2039451948218],[139.140319526196,34.2039962164462],[139.140386581421,34.2040361464131],[139.140464365482,34.2040361464131],[139.140601158142,34.2039185748439],[139.140711128712,34.2038498065676],[139.14123415947,34.203576951794],[139.141346812248,34.2035148385122],[139.141432642937,34.203415013595],[139.141515791416,34.2031621238048],[139.141564071178,34.2030778272081],[139.141620397568,34.2030378972412],[139.141665995121,34.2030157139263],[139.141845703125,34.2029336356611],[139.142816662788,34.2025387726553],[139.143269956112,34.202321376169],[139.143615961075,34.2021394729866],[139.143779575825,34.2020307747434],[139.14392977953,34.2018843648649],[139.144088029861,34.2016935883565],[139.144165813923,34.201551615141],[139.144329428673,34.2012920703563],[139.144409894943,34.201232175406],[139.144852459431,34.2010103422567],[139.144932925701,34.2009327006544],[139.145010709763,34.200755234135],[139.145017867063,34.2007239454926],[139.145048260689,34.2005910776045],[139.145187735558,34.200107481339],[139.145233333111,34.2000010014274],[139.145254790783,34.199954416466],[139.14534330368,34.1998301899024],[139.145348668098,34.1996904350184],[139.145442545414,34.1992556420458],[139.145485460758,34.1990959221783],[139.145485460758,34.1989606039572],[139.145391583443,34.1988053207527],[139.145085811615,34.198545775968],[139.144986569881,34.1983594361226],[139.144967794418,34.1981730962772],[139.144959747791,34.1980688234598],[139.144959747791,34.1980532934658],[139.144876599312,34.1979556763601],[139.144774675369,34.1979024306662],[139.14439111948,34.1979024306662],[139.144270420074,34.197871370678],[139.144085347652,34.1977205078784],[139.143843948841,34.1974831208261],[139.143637418747,34.1972590451973],[139.14360255003,34.1971303681036],[139.143591821194,34.1970194395744],[139.143648147583,34.1967887082339],[139.14370983839,34.1966644682813],[139.143717885017,34.1966267525814],[139.143731296062,34.1965601954639],[139.143725931644,34.1964492669348],[139.14365619421,34.1961431041945],[139.143503308296,34.1955906801195],[139.143495261669,34.1952778616674],[139.143471121788,34.1951957745559],[139.143184125423,34.1949472946506],[139.143149256706,34.1948585518274],[139.143149256706,34.194727656163],[139.143444299698,34.1941463906705],[139.143508672714,34.1940554292766],[139.143693745136,34.1939156593299],[139.143763482571,34.1938313536478],[139.14379298687,34.1936915837011],[139.143814444542,34.1931879681789],[139.143843948841,34.1930570725146],[139.143913686275,34.1928707125857],[139.144074618816,34.1925978284041],[139.144109487534,34.1925201784337],[139.144114851952,34.1924092499046],[139.144093394279,34.1922916656637],[139.144058525562,34.1921607699994],[139.144020974636,34.1920609343232],[139.143953919411,34.1919899400645],[139.143878817558,34.1919455686529],[139.143731296062,34.191907852953],[139.143468439579,34.1918723558237],[139.143143892288,34.1917725201475],[139.14297491312,34.1917503344417],[139.142848849297,34.1917725201475],[139.142655730247,34.1918590444002],[139.142250716686,34.1921119614466],[139.141952991486,34.1922894470931],[139.141845703125,34.1923205070813],[139.141757190228,34.1923426927871],[139.141665995121,34.1923360370754],[139.141585528851,34.1923315999342],[139.141432642937,34.1922894470931],[139.141293168068,34.192178518564],[139.141199290752,34.1919855029234],[139.141086637974,34.1916682473301],[139.14104372263,34.1915417888069],[139.140982031822,34.1914153302837],[139.14088010788,34.1912777789076],[139.140719175339,34.1911180418257],[139.140571653843,34.1910204247201],[139.140477776527,34.1909693975967],[139.140351712704,34.1909183704733],[139.140134453773,34.1908584690676],[139.139994978905,34.1908407205029],[139.139842092991,34.19082962765],[139.139648973942,34.1908362833618],[139.139278829098,34.1909117147616],[139.139144718647,34.1909006219087],[139.139048159122,34.1908540319264],[139.138975739479,34.1907985676619],[139.138927459717,34.1907120434092],[139.138927459717,34.1905988963095],[139.138956964016,34.1905301206214],[139.139077663422,34.1904036620982],[139.13957118988,34.1899510736995],[139.139619469643,34.1898445823115],[139.139619469643,34.1897380909236],[139.139576554298,34.1896382552474],[139.139504134655,34.1895739167005],[139.139418303967,34.1895362010006],[139.138627052307,34.1894940481595],[139.138187170029,34.1894674253125],[139.13717597723,34.1893365296482],[139.137009680271,34.189332092507],[139.136867523193,34.1893653710658],[139.136744141579,34.1894141796186],[139.136618077755,34.1894829553066],[139.136475920677,34.1896205066827],[139.136025309563,34.1901352150578],[139.135883152485,34.190261673581],[139.135703444481,34.1903637278278],[139.135577380657,34.19041031781],[139.134925603867,34.1905633991802],[139.134837090969,34.1903082635632],[139.13443166945,34.1903975664885],[139.13434356451,34.1904169735217],[139.13431674242,34.1904280663746],[139.134303331375,34.1904857492098],[139.134367704391,34.1906965134151],[139.134925603867,34.1905633991802],[139.135577380657,34.19041031781],[139.135703444481,34.1903637278278],[139.135883152485,34.190261673581],[139.136025309563,34.1901352150578],[139.136475920677,34.1896205066827],[139.136618077755,34.1894829553066],[139.136744141579,34.1894141796186],[139.136867523193,34.1893653710658],[139.137009680271,34.189332092507],[139.13717597723,34.1893365296482],[139.138187170029,34.1894674253125],[139.138627052307,34.1894940481595],[139.139418303967,34.1895362010006],[139.139504134655,34.1895739167005],[139.139576554298,34.1896382552474],[139.139619469643,34.1897380909236],[139.139619469643,34.1898445823115],[139.13957118988,34.1899510736995],[139.139077663422,34.1904036620982],[139.138956964016,34.1905301206214],[139.138927459717,34.1905988963095],[139.138927459717,34.1907120434092],[139.138975739479,34.1907985676619],[139.139048159122,34.1908540319264],[139.139144718647,34.1909006219087],[139.139278829098,34.1909117147616],[139.139648973942,34.1908362833618],[139.139842092991,34.19082962765],[139.139994978905,34.1908407205029],[139.140134453773,34.1908584690676],[139.140351712704,34.1909183704733],[139.140477776527,34.1909693975967],[139.140571653843,34.1910204247201],[139.140719175339,34.1911180418257],[139.14088010788,34.1912777789076],[139.140982031822,34.1914153302837],[139.14104372263,34.1915417888069],[139.141086637974,34.1916682473301],[139.141199290752,34.1919855029234],[139.141293168068,34.192178518564],[139.141432642937,34.1922894470931],[139.141585528851,34.1923315999342],[139.141665995121,34.1923360370754],[139.141757190228,34.1923426927871],[139.141845703125,34.1923205070813],[139.141952991486,34.1922894470931],[139.142250716686,34.1921119614466],[139.142655730247,34.1918590444002],[139.142848849297,34.1917725201475],[139.14297491312,34.1917503344417],[139.143143892288,34.1917725201475],[139.143468439579,34.1918723558237],[139.143731296062,34.191907852953],[139.143878817558,34.1919455686529],[139.143953919411,34.1919899400645],[139.144020974636,34.1920609343232],[139.144058525562,34.1921607699994],[139.144093394279,34.1922916656637],[139.144114851952,34.1924092499046],[139.144109487534,34.1925201784337],[139.144074618816,34.1925978284041],[139.143913686275,34.1928707125857],[139.143843948841,34.1930570725146],[139.143814444542,34.1931879681789],[139.14379298687,34.1936915837011],[139.143763482571,34.1938313536478],[139.143693745136,34.1939156593299],[139.143508672714,34.1940554292766],[139.143444299698,34.1941463906705],[139.143149256706,34.194727656163],[139.143149256706,34.1948585518274],[139.143184125423,34.1949472946506],[139.143471121788,34.1951957745559],[139.143495261669,34.1952778616674],[139.143503308296,34.1955906801195],[139.14365619421,34.1961431041945],[139.143725931644,34.1964492669348],[139.143731296062,34.1965601954639],[139.143717885017,34.1966267525814],[139.14370983839,34.1966644682813],[139.143648147583,34.1967887082339],[139.143591821194,34.1970194395744],[139.14360255003,34.1971303681036],[139.143637418747,34.1972590451973],[139.143843948841,34.1974831208261],[139.144085347652,34.1977205078784],[139.144270420074,34.197871370678],[139.14439111948,34.1979024306662],[139.144774675369,34.1979024306662],[139.144876599312,34.1979556763601],[139.144959747791,34.1980532934658],[139.144959747791,34.1980688234598],[139.144967794418,34.1981730962772],[139.144986569881,34.1983594361226],[139.145085811615,34.198545775968],[139.145391583443,34.1988053207527],[139.145485460758,34.1989606039572],[139.145485460758,34.1990959221783],[139.145442545414,34.1992556420458],[139.145348668098,34.1996904350184],[139.14534330368,34.1998301899024],[139.145523011684,34.1997414566427],[139.145691990852,34.1996460683885],[139.146046042442,34.1994131435818],[139.146563708782,34.1990981405098],[139.1472235322,34.1987409891394],[139.14733082056,34.1986877491836],[139.14744079113,34.1986478192167],[139.147566854954,34.1986167625758],[139.148215949535,34.198559085957],[139.148384928703,34.1985324659791],[139.148486852646,34.1984814443547],[139.148728251457,34.1981730962772],[139.148752391338,34.1981442548596],[139.148867726326,34.1980666048893],[139.149667024612,34.1978491849722],[139.14989233017,34.1978136878429],[139.14999961853,34.1978114692723],[139.150576293468,34.1977981578488],[139.150796234608,34.1977582235783],[139.151128828526,34.1975851750729],[139.151667952538,34.1974320937027],[139.151761829853,34.1974343122733],[139.15182352066,34.1974365308439],[139.151981770992,34.1974609351203],[139.152330458164,34.1975696450788],[139.152432382107,34.1975829565023],[139.152520895004,34.1975696450788],[139.152773022652,34.1974409679851],[139.15283203125,34.1974054708557],[139.153027832508,34.1972812309031],[139.153084158897,34.1972191109268],[139.153231680393,34.1968818881983],[139.153293371201,34.1968330796455],[139.15340334177,34.196777615381],[139.153910279274,34.1965557583228],[139.154098033905,34.1964936383465],[139.154205322266,34.1965047311994],[139.154291152954,34.1965535397522],[139.154344797134,34.1966334082931],[139.154358208179,34.196750992534],[139.154352843761,34.1967753968104],[139.154331386089,34.1969218224688],[139.154240190983,34.1974343122733],[139.154218733311,34.1976251093434],[139.154116809368,34.1979312720837],[139.154055118561,34.1980244520482],[139.153934419155,34.1981730962772],[139.153848588467,34.1982817945204],[139.153416752815,34.1987542991284],[139.153258502483,34.1988585607085],[139.15283203125,34.1990338088965],[139.152665734291,34.1991092321672],[139.152512848377,34.1992245854049],[139.152410924435,34.1993665586204],[139.152335822582,34.1995063135045],[139.152193665504,34.2000010014274],[139.152164161205,34.2001318829855],[139.152185618877,34.2003093495049],[139.15226072073,34.2004357944],[139.152429699898,34.2006576275493],[139.152500016642,34.2007486539235]]},"properties":{"id":"F028:1:SHP0009","feed_id":"F028","feed_slug":"kozushima-village-bus","municipality":"神津島村","service_name":"村営バス","license":"CC BY 4.0","source_route_id":"1","route_short_name":null,"route_long_name":"内回りルート：空港・多幸湾キャンプ場・天上山方面","route_desc":null,"route_type":3,"route_url":null,"route_color":null,"route_text_color":"000000","directions":["1"],"geometry_source":"shapes.txt"}},{"type":"Feature","id":"F028:1:SHP0010","geometry":{"type":"LineString","coordinates":[[139.131441128767,34.2078647586229],[139.131725728512,34.2077761975954],[139.13328140974,34.2073325791206],[139.133332371712,34.2073237067511],[139.133386015892,34.2073126162893],[139.133404791355,34.2072593820723],[139.133455753326,34.2071151905253],[139.133552312851,34.2069177590224],[139.133600592613,34.2068423357516],[139.133742749691,34.2066249392653],[139.133852720261,34.2064385994199],[139.133901000023,34.205480280215],[139.133890271187,34.2051053821927],[139.133850038052,34.2048924223693],[139.13371860981,34.2044443194078],[139.133579134941,34.2040694213854],[139.133415520191,34.2033240620038],[139.133332371712,34.2030268055838],[139.133128523827,34.2022592628872],[139.133136570454,34.202177184622],[139.133166074753,34.2021039796827],[139.13325458765,34.202015246423],[139.133332371712,34.2019753164561],[139.133498668671,34.2018932381909],[139.133694469929,34.2018111599256],[139.134032428265,34.2017357366549],[139.134174585342,34.2017401733179],[139.135199189186,34.2017756666217],[139.135631024837,34.2017911949422],[139.136258661747,34.201709116677],[139.136368632317,34.2017113350084],[139.136459827423,34.2017690116273],[139.136559069157,34.2018976748539],[139.136866766228,34.2022137893012],[139.137245714664,34.2026031042686],[139.137342274189,34.2026696542134],[139.137495160103,34.2026962741913],[139.137626588345,34.2026851825338],[139.137736558914,34.202645252567],[139.137870669365,34.2025897942797],[139.137959182262,34.2025653926332],[139.138045012951,34.2025698292962],[139.138227403164,34.2026075409316],[139.138323962688,34.2026297242465],[139.138433933258,34.2026186325891],[139.138527810574,34.2025764842907],[139.138605594635,34.2025077160144],[139.13864582777,34.2024456027326],[139.138653874397,34.2023923627768],[139.13870215416,34.2021239446661],[139.13878262043,34.2019730981246],[139.138908684254,34.2018732732074],[139.139123260975,34.2017601383013],[139.139302968979,34.2016758417046],[139.139466583729,34.2016270384117],[139.140357077122,34.2015316501575],[139.140646755695,34.2014517902238],[139.140839874744,34.2013830219475],[139.140955209732,34.2013918952735],[139.14104372263,34.2014251702459],[139.141118824482,34.2014850651962],[139.14115101099,34.2015627067984],[139.141148328781,34.2016625317156],[139.141086637974,34.2017601383013],[139.140874743462,34.2019841897821],[139.140767455101,34.2020751413733],[139.140099585056,34.2023590878044],[139.140040576458,34.2023967994398],[139.140011072159,34.2024367294066],[139.139997661114,34.2025010610199],[139.140024483204,34.2025787026222],[139.140064716339,34.2026186325891],[139.140139818192,34.202640815904],[139.140220284462,34.2026341609095],[139.140649437904,34.2025232443349],[139.140705764294,34.2025188076719],[139.140754044056,34.2025254626664],[139.1407969594,34.2025520826443],[139.140845239162,34.2025942309426],[139.140885472298,34.2026474708985],[139.140898883343,34.2027428591527],[139.140829145908,34.2029447273185],[139.140829145908,34.2030401155727],[139.140855967999,34.2030889188656],[139.141032993793,34.2031976171087],[139.141094684601,34.2032508570646],[139.141108095646,34.2033107520149],[139.141092002392,34.2033706469652],[139.141054451466,34.2034305419155],[139.140872061253,34.2035658601365],[139.140357077122,34.2038608982251],[139.140284657478,34.2039451948218],[139.140319526196,34.2039962164462],[139.140386581421,34.2040361464131],[139.140464365482,34.2040361464131],[139.140601158142,34.2039185748439],[139.140711128712,34.2038498065676],[139.14123415947,34.203576951794],[139.141346812248,34.2035148385122],[139.141432642937,34.203415013595],[139.141515791416,34.2031621238048],[139.141564071178,34.2030778272081],[139.141620397568,34.2030378972412],[139.141665995121,34.2030157139263],[139.141845703125,34.2029336356611],[139.142816662788,34.2025387726553],[139.143269956112,34.202321376169],[139.143615961075,34.2021394729866],[139.143779575825,34.2020307747434],[139.14392977953,34.2018843648649],[139.144088029861,34.2016935883565],[139.144165813923,34.201551615141],[139.144329428673,34.2012920703563],[139.144409894943,34.201232175406],[139.144852459431,34.2010103422567],[139.144932925701,34.2009327006544],[139.145010709763,34.200755234135],[139.145017867063,34.2007239454926],[139.145048260689,34.2005910776045],[139.145187735558,34.200107481339],[139.145233333111,34.2000010014274],[139.145254790783,34.199954416466],[139.14534330368,34.1998301899024],[139.145523011684,34.1997414566427],[139.145691990852,34.1996460683885],[139.146046042442,34.1994131435818],[139.146563708782,34.1990981405098],[139.1472235322,34.1987409891394],[139.14733082056,34.1986877491836],[139.14744079113,34.1986478192167],[139.147566854954,34.1986167625758],[139.148215949535,34.198559085957],[139.148384928703,34.1985324659791],[139.148486852646,34.1984814443547],[139.148728251457,34.1981730962772],[139.148752391338,34.1981442548596],[139.148867726326,34.1980666048893],[139.149667024612,34.1978491849722],[139.14989233017,34.1978136878429],[139.14999961853,34.1978114692723],[139.150576293468,34.1977981578488],[139.150796234608,34.1977582235783],[139.151128828526,34.1975851750729],[139.151667952538,34.1974320937027],[139.151761829853,34.1974343122733],[139.15182352066,34.1974365308439],[139.151981770992,34.1974609351203],[139.152330458164,34.1975696450788],[139.152432382107,34.1975829565023],[139.152520895004,34.1975696450788],[139.152773022652,34.1974409679851],[139.15283203125,34.1974054708557],[139.153027832508,34.1972812309031],[139.153084158897,34.1972191109268],[139.153231680393,34.1968818881983],[139.153293371201,34.1968330796455],[139.15340334177,34.196777615381],[139.153910279274,34.1965557583228],[139.154098033905,34.1964936383465],[139.154205322266,34.1965047311994],[139.154291152954,34.1965535397522],[139.154344797134,34.1966334082931],[139.154358208179,34.196750992534],[139.154352843761,34.1967753968104],[139.154331386089,34.1969218224688],[139.154240190983,34.1974343122733],[139.154218733311,34.1976251093434],[139.154116809368,34.1979312720837],[139.154055118561,34.1980244520482],[139.153934419155,34.1981730962772],[139.153848588467,34.1982817945204],[139.153416752815,34.1987542991284],[139.153258502483,34.1988585607085],[139.15283203125,34.1990338088965],[139.152665734291,34.1991092321672],[139.152512848377,34.1992245854049],[139.152410924435,34.1993665586204],[139.152335822582,34.1995063135045],[139.152193665504,34.2000010014274],[139.152164161205,34.2001318829855],[139.152185618877,34.2003093495049],[139.15226072073,34.2004357944],[139.152429699898,34.2006576275493],[139.152500016642,34.2007486539235]]},"properties":{"id":"F028:1:SHP0010","feed_id":"F028","feed_slug":"kozushima-village-bus","municipality":"神津島村","service_name":"村営バス","license":"CC BY 4.0","source_route_id":"1","route_short_name":null,"route_long_name":"内回りルート：空港・多幸湾キャンプ場・天上山方面","route_desc":null,"route_type":3,"route_url":null,"route_color":null,"route_text_color":"000000","directions":["1"],"geometry_source":"shapes.txt"}},{"type":"Feature","id":"F028:1:SHP0011","geometry":{"type":"LineString","coordinates":[[139.153369559866,34.2019496661842],[139.153400659561,34.2019997181025],[139.153446257114,34.2020662680473],[139.153515994549,34.2021993679369],[139.153400659561,34.2022082412629],[139.153309464455,34.2021882762794],[139.153253138065,34.2021416913181],[139.153161942959,34.2019109848428],[139.15304929018,34.2017312999919],[139.152904450893,34.2015360868205],[139.15283203125,34.2014074235939],[139.152762293816,34.2012809786988],[139.152553081512,34.2008173474168],[139.152500016642,34.2007486539235],[139.152429699898,34.2006576275493],[139.152319729328,34.2007774174499],[139.152300953865,34.2008373124002],[139.152359962463,34.2009482289749],[139.152432382107,34.2010369622346],[139.152638912201,34.2016935883565],[139.152759611607,34.2021106346772],[139.152542352676,34.2023014111856],[139.152317047119,34.2024810960365],[139.152266085148,34.2025897942797],[139.152244627476,34.2028471207328],[139.152244627476,34.2029536006445],[139.152317047119,34.2030711722136],[139.152362644672,34.2031732154623],[139.152381420135,34.203270822048],[139.152378737926,34.2034438519044],[139.152346551418,34.20358582512],[139.152263402939,34.2037810382914],[139.152220487595,34.2038542432306],[139.152193665504,34.2038941731975],[139.152115881443,34.2039385398274],[139.152022004128,34.2039385398274],[139.151847660542,34.2039074831865],[139.151627719402,34.20388308154],[139.151571393013,34.2039074831865],[139.15149897337,34.2040006531092],[139.151466786861,34.2040428014075],[139.151399731636,34.2041648096396],[139.151346087456,34.2043067828552],[139.151305854321,34.2044465377393],[139.151120781898,34.2046572792311],[139.151072502136,34.2047504491538],[139.151059091091,34.2048436190765],[139.151080548763,34.2049190423472],[139.151136875153,34.2050255222589],[139.151316583157,34.205169713806],[139.151431918144,34.2052029887783],[139.151541888714,34.2052096437728],[139.151751101017,34.2052029887783],[139.152019321918,34.2052872853751],[139.152467250824,34.2054070752757],[139.152582585812,34.2054181669332],[139.152714014053,34.2054026386127],[139.15283203125,34.2053383069994],[139.152987599373,34.2052695387231],[139.153119027615,34.2052695387231],[139.153215587139,34.2052983770325],[139.153293371201,34.2053383069994],[139.153341650963,34.2054070752757],[139.15337651968,34.2054913718724],[139.153373837471,34.2056045067786],[139.153341650963,34.2056777117178],[139.153250455856,34.2057575716516],[139.153145849705,34.2057930649555],[139.152958095074,34.2058396499168],[139.152861535549,34.2059061998616],[139.15283203125,34.2059505664915],[139.152762293816,34.2060725747236],[139.152687191963,34.2061435613314],[139.152555763721,34.2062256395966],[139.152475297451,34.206258914569],[139.151992499828,34.2064519094089],[139.151458740234,34.2067802224698],[139.151276350021,34.2068600824036],[139.151185154915,34.206880047387],[139.15095448494,34.2069377240058],[139.150847196579,34.2069465973318],[139.15054410696,34.2069221956854],[139.150458276272,34.2069465973318],[139.150391221046,34.2069732173097],[139.150283932686,34.2070796972214],[139.150251746178,34.2071506838291],[139.150219559669,34.2072593820723],[139.150173962116,34.2074279570927],[139.150069355965,34.2075832235588],[139.150034487247,34.2076497663301],[139.14999961853,34.2077673252259],[139.149954020977,34.2079137193225],[139.149849414825,34.2080512410497],[139.149715304375,34.208142182837],[139.149334430695,34.2082486512709],[139.149251282215,34.2082819226565],[139.149181544781,34.2083351568735],[139.149119853973,34.2083773006286],[139.14896696806,34.2084238805684],[139.148824810982,34.2084394072151],[139.148722887039,34.2084704605083],[139.148460030556,34.2086212907897],[139.148395657539,34.2087366315931],[139.148376882076,34.2087965200872],[139.148331284523,34.2088896799669],[139.148261547089,34.2089473503686],[139.147974550724,34.2091092711119],[139.147711694241,34.2092734099475],[139.147556126118,34.2094175859518],[139.147102832794,34.2099787633223],[139.147030413151,34.2100941041258],[139.14697676897,34.2102072268368],[139.146813154221,34.2106242282031],[139.146807789803,34.2106907709743],[139.146756827831,34.2107950213158],[139.14673268795,34.2108815269184],[139.14670613332,34.2109327663204],[139.146684408188,34.2109746867981],[139.146574437618,34.2111388256337],[139.146440327168,34.2112430759753],[139.146333038807,34.2112896559151],[139.1462418437,34.2113162730236],[139.146105051041,34.2113428901321],[139.145791232586,34.2116090612169],[139.145662486553,34.2117354924822],[139.14550691843,34.2119329027035],[139.145421087742,34.2120393711374],[139.145112633705,34.2124408458571],[139.144753217697,34.2127092350343],[139.144707620144,34.2127358521427],[139.144613742828,34.2129443528259],[139.144503772259,34.2132260505573],[139.14447426796,34.2132815028666],[139.144447445869,34.213319210437],[139.144377708435,34.2133879713006],[139.14431065321,34.2134323331481],[139.144238233566,34.2134589502565],[139.144144356251,34.2134766949955],[139.142805933952,34.2135587644133],[139.142738878727,34.2135587644133],[139.142610132694,34.2135454558591],[139.142433106899,34.2135055301964],[139.142360687256,34.2134789130879],[139.142151474953,34.2133436094531],[139.142028093338,34.213188342987],[139.141845703125,34.2129576613801],[139.141770601273,34.2128667195928],[139.141665995121,34.2127802139902],[139.141598939896,34.2127425064199],[139.141494333744,34.2127003626648],[139.141384363174,34.2126759636487],[139.141218066216,34.2126715274639],[139.141108095646,34.2126826179258],[139.141046404839,34.2127003626648],[139.140904247761,34.2127580330665],[139.140756726265,34.2128689376852],[139.140585064888,34.2130929650149],[139.140520691872,34.21313510877],[139.140209555626,34.2127868682673],[139.140107631683,34.2126826179258],[139.140048623085,34.2126449103554],[139.139852821827,34.2126160751546],[139.139772355556,34.2125739313995],[139.139699935913,34.2125029524435],[139.139686524868,34.2124430639494],[139.139699935913,34.2123765211782],[139.139756262302,34.212309978407],[139.139962792397,34.2121658024027],[139.139978885651,34.2121059139086],[139.139973521233,34.2120371530451],[139.139823317528,34.2118863227636],[139.139732122421,34.2118109076229],[139.139691889286,34.211757673406],[139.13968116045,34.211704439189],[139.139689207077,34.2116356783254],[139.139758944511,34.2115669174619],[139.140048623085,34.2113983424415],[139.140147864819,34.2112719111762],[139.140147864819,34.2111743151117],[139.140129089355,34.2110279210151],[139.140056669712,34.2105865206327],[139.140027165413,34.2103136952708],[139.140013754368,34.2102316258529],[139.140024483204,34.2099987261537],[139.140011072159,34.2099077843664],[139.139992296696,34.2097813531011],[139.139831364155,34.20966823039],[139.139772355556,34.2096393951892],[139.139429032803,34.2094530754298],[139.139332473278,34.2092933727789],[139.13927346468,34.2092534471162],[139.139155447483,34.2092201757306],[139.138967692852,34.2091469786822],[139.138704836369,34.2090360740636],[139.138393700123,34.2090538188026],[139.138256907463,34.2089983664932],[139.137446880341,34.2085724927575],[139.137334227562,34.2084882052473],[139.137305157115,34.2084412175136],[139.137275218964,34.2083928272752],[139.137208163738,34.2083351568735],[139.13706600666,34.2082087256082],[139.13684874773,34.20795808117],[139.136626124382,34.2077651071335],[139.136483967304,34.2076919100852],[139.136231839657,34.2076054044826],[139.13603335619,34.2075521702656],[139.135177731514,34.2072593820723],[139.135145545006,34.2072482904148],[139.134866595268,34.2071506838291],[139.134539365768,34.2070796972214],[139.133960008621,34.2069221956854],[139.133796393871,34.2069044490334],[139.133552312851,34.2069177590224],[139.133455753326,34.2071151905253],[139.133404791355,34.2072593820723],[139.133386015892,34.2073126162893],[139.133332371712,34.2073237067511],[139.13328140974,34.2073325791206],[139.131725728512,34.2077761975954],[139.131441128767,34.2078647586229]]},"properties":{"id":"F028:1:SHP0011","feed_id":"F028","feed_slug":"kozushima-village-bus","municipality":"神津島村","service_name":"村営バス","license":"CC BY 4.0","source_route_id":"1","route_short_name":null,"route_long_name":"内回りルート：空港・多幸湾キャンプ場・天上山方面","route_desc":null,"route_type":3,"route_url":null,"route_color":null,"route_text_color":"000000","directions":["0"],"geometry_source":"shapes.txt"}},{"type":"Feature","id":"F028:1:SHP0012","geometry":{"type":"LineString","coordinates":[[139.152220487595,34.2038542432306],[139.152193665504,34.2038941731975],[139.152115881443,34.2039385398274],[139.152022004128,34.2039385398274],[139.151847660542,34.2039074831865],[139.151627719402,34.20388308154],[139.151571393013,34.2039074831865],[139.15149897337,34.2040006531092],[139.151466786861,34.2040428014075],[139.151399731636,34.2041648096396],[139.151346087456,34.2043067828552],[139.151305854321,34.2044465377393],[139.151120781898,34.2046572792311],[139.151072502136,34.2047504491538],[139.151059091091,34.2048436190765],[139.151080548763,34.2049190423472],[139.151136875153,34.2050255222589],[139.151316583157,34.205169713806],[139.151431918144,34.2052029887783],[139.151541888714,34.2052096437728],[139.151751101017,34.2052029887783],[139.152019321918,34.2052872853751],[139.152467250824,34.2054070752757],[139.152582585812,34.2054181669332],[139.152714014053,34.2054026386127],[139.15283203125,34.2053383069994],[139.152987599373,34.2052695387231],[139.153119027615,34.2052695387231],[139.153215587139,34.2052983770325],[139.153293371201,34.2053383069994],[139.153341650963,34.2054070752757],[139.15337651968,34.2054913718724],[139.153373837471,34.2056045067786],[139.153341650963,34.2056777117178],[139.153250455856,34.2057575716516],[139.153145849705,34.2057930649555],[139.152958095074,34.2058396499168],[139.152861535549,34.2059061998616],[139.15283203125,34.2059505664915],[139.152762293816,34.2060725747236],[139.152687191963,34.2061435613314],[139.152555763721,34.2062256395966],[139.152475297451,34.206258914569],[139.151992499828,34.2064519094089],[139.151458740234,34.2067802224698],[139.151276350021,34.2068600824036],[139.151185154915,34.206880047387],[139.15095448494,34.2069377240058],[139.150847196579,34.2069465973318],[139.15054410696,34.2069221956854],[139.150458276272,34.2069465973318],[139.150391221046,34.2069732173097],[139.150283932686,34.2070796972214],[139.150251746178,34.2071506838291],[139.150219559669,34.2072593820723],[139.150173962116,34.2074279570927],[139.150069355965,34.2075832235588],[139.150034487247,34.2076497663301],[139.14999961853,34.2077673252259],[139.149954020977,34.2079137193225],[139.149849414825,34.2080512410497],[139.149715304375,34.208142182837],[139.149334430695,34.2082486512709],[139.149251282215,34.2082819226565],[139.149181544781,34.2083351568735],[139.149119853973,34.2083773006286],[139.14896696806,34.2084238805684],[139.148824810982,34.2084394072151],[139.148722887039,34.2084704605083],[139.148460030556,34.2086212907897],[139.148395657539,34.2087366315931],[139.148376882076,34.2087965200872],[139.148331284523,34.2088896799669],[139.148261547089,34.2089473503686],[139.147974550724,34.2091092711119],[139.147711694241,34.2092734099475],[139.147556126118,34.2094175859518],[139.147102832794,34.2099787633223],[139.147030413151,34.2100941041258],[139.14697676897,34.2102072268368],[139.146813154221,34.2106242282031],[139.146807789803,34.2106907709743],[139.146756827831,34.2107950213158],[139.14673268795,34.2108815269184],[139.14670613332,34.2109327663204],[139.146684408188,34.2109746867981],[139.146574437618,34.2111388256337],[139.146440327168,34.2112430759753],[139.146333038807,34.2112896559151],[139.1462418437,34.2113162730236],[139.146105051041,34.2113428901321],[139.145791232586,34.2116090612169],[139.145662486553,34.2117354924822],[139.14550691843,34.2119329027035],[139.145421087742,34.2120393711374],[139.145112633705,34.2124408458571],[139.144753217697,34.2127092350343],[139.144707620144,34.2127358521427],[139.144613742828,34.2129443528259],[139.144503772259,34.2132260505573],[139.14447426796,34.2132815028666],[139.144447445869,34.213319210437],[139.144377708435,34.2133879713006],[139.14431065321,34.2134323331481],[139.144238233566,34.2134589502565],[139.144144356251,34.2134766949955],[139.142805933952,34.2135587644133],[139.142738878727,34.2135587644133],[139.142610132694,34.2135454558591],[139.142433106899,34.2135055301964],[139.142360687256,34.2134789130879],[139.142151474953,34.2133436094531],[139.142028093338,34.213188342987],[139.141845703125,34.2129576613801],[139.141770601273,34.2128667195928],[139.141665995121,34.2127802139902],[139.141598939896,34.2127425064199],[139.141494333744,34.2127003626648],[139.141384363174,34.2126759636487],[139.141218066216,34.2126715274639],[139.141108095646,34.2126826179258],[139.141046404839,34.2127003626648],[139.140904247761,34.2127580330665],[139.140756726265,34.2128689376852],[139.140585064888,34.2130929650149],[139.140520691872,34.21313510877],[139.140209555626,34.2127868682673],[139.140107631683,34.2126826179258],[139.140048623085,34.2126449103554],[139.139852821827,34.2126160751546],[139.139772355556,34.2125739313995],[139.139699935913,34.2125029524435],[139.139686524868,34.2124430639494],[139.139699935913,34.2123765211782],[139.139756262302,34.212309978407],[139.139962792397,34.2121658024027],[139.139978885651,34.2121059139086],[139.139973521233,34.2120371530451],[139.139823317528,34.2118863227636],[139.139732122421,34.2118109076229],[139.139691889286,34.211757673406],[139.13968116045,34.211704439189],[139.139689207077,34.2116356783254],[139.139758944511,34.2115669174619],[139.140048623085,34.2113983424415],[139.140147864819,34.2112719111762],[139.140147864819,34.2111743151117],[139.140129089355,34.2110279210151],[139.140056669712,34.2105865206327],[139.140027165413,34.2103136952708],[139.140013754368,34.2102316258529],[139.140024483204,34.2099987261537],[139.140011072159,34.2099077843664],[139.139992296696,34.2097813531011],[139.139831364155,34.20966823039],[139.139772355556,34.2096393951892],[139.139429032803,34.2094530754298],[139.139332473278,34.2092933727789],[139.13927346468,34.2092534471162],[139.139155447483,34.2092201757306],[139.138967692852,34.2091469786822],[139.138704836369,34.2090360740636],[139.138393700123,34.2090538188026],[139.138256907463,34.2089983664932],[139.137446880341,34.2085724927575],[139.137334227562,34.2084882052473],[139.137305157115,34.2084412175136],[139.137275218964,34.2083928272752],[139.137208163738,34.2083351568735],[139.13706600666,34.2082087256082],[139.13684874773,34.20795808117],[139.136626124382,34.2077651071335],[139.136483967304,34.2076919100852],[139.136231839657,34.2076054044826],[139.13603335619,34.2075521702656],[139.135177731514,34.2072593820723],[139.135145545006,34.2072482904148],[139.134866595268,34.2071506838291],[139.134539365768,34.2070796972214],[139.133960008621,34.2069221956854],[139.133796393871,34.2069044490334],[139.133552312851,34.2069177590224],[139.133455753326,34.2071151905253],[139.133404791355,34.2072593820723],[139.133386015892,34.2073126162893],[139.133332371712,34.2073237067511],[139.13328140974,34.2073325791206],[139.131725728512,34.2077761975954],[139.131441128767,34.2078647586229]]},"properties":{"id":"F028:1:SHP0012","feed_id":"F028","feed_slug":"kozushima-village-bus","municipality":"神津島村","service_name":"村営バス","license":"CC BY 4.0","source_route_id":"1","route_short_name":null,"route_long_name":"内回りルート：空港・多幸湾キャンプ場・天上山方面","route_desc":null,"route_type":3,"route_url":null,"route_color":null,"route_text_color":"000000","directions":["0"],"geometry_source":"shapes.txt"}},{"type":"Feature","id":"F028:1:SHP0013","geometry":{"type":"LineString","coordinates":[[139.153369559866,34.2019496661842],[139.153400659561,34.2019997181025],[139.153446257114,34.2020662680473],[139.153515994549,34.2021993679369],[139.153400659561,34.2022082412629],[139.153309464455,34.2021882762794],[139.153253138065,34.2021416913181],[139.153161942959,34.2019109848428],[139.15304929018,34.2017312999919],[139.152904450893,34.2015360868205],[139.15283203125,34.2014074235939],[139.152762293816,34.2012809786988],[139.152553081512,34.2008173474168],[139.152500016642,34.2007486539235],[139.152429699898,34.2006576275493],[139.152319729328,34.2007774174499],[139.152300953865,34.2008373124002],[139.152359962463,34.2009482289749],[139.152432382107,34.2010369622346],[139.152638912201,34.2016935883565],[139.152759611607,34.2021106346772],[139.152542352676,34.2023014111856],[139.152317047119,34.2024810960365],[139.152266085148,34.2025897942797],[139.152244627476,34.2028471207328],[139.152244627476,34.2029536006445],[139.152317047119,34.2030711722136],[139.152362644672,34.2031732154623],[139.152381420135,34.203270822048],[139.152378737926,34.2034438519044],[139.152346551418,34.20358582512],[139.152263402939,34.2037810382914],[139.152220487595,34.2038542432306],[139.152193665504,34.2038941731975],[139.152115881443,34.2039385398274],[139.152022004128,34.2039385398274],[139.151847660542,34.2039074831865],[139.151627719402,34.20388308154],[139.151571393013,34.2039074831865],[139.15149897337,34.2040006531092],[139.151466786861,34.2040428014075],[139.151399731636,34.2041648096396],[139.151346087456,34.2043067828552],[139.151305854321,34.2044465377393],[139.151120781898,34.2046572792311],[139.151072502136,34.2047504491538],[139.151059091091,34.2048436190765],[139.151080548763,34.2049190423472],[139.151136875153,34.2050255222589],[139.151316583157,34.205169713806],[139.151431918144,34.2052029887783],[139.151541888714,34.2052096437728],[139.151751101017,34.2052029887783],[139.152019321918,34.2052872853751],[139.152467250824,34.2054070752757],[139.152582585812,34.2054181669332],[139.152714014053,34.2054026386127],[139.15283203125,34.2053383069994],[139.152987599373,34.2052695387231],[139.153119027615,34.2052695387231],[139.153215587139,34.2052983770325],[139.153293371201,34.2053383069994],[139.153341650963,34.2054070752757],[139.15337651968,34.2054913718724],[139.153373837471,34.2056045067786],[139.153341650963,34.2056777117178],[139.153250455856,34.2057575716516],[139.153145849705,34.2057930649555],[139.152958095074,34.2058396499168],[139.152861535549,34.2059061998616],[139.15283203125,34.2059505664915],[139.152762293816,34.2060725747236],[139.152687191963,34.2061435613314],[139.152555763721,34.2062256395966],[139.152475297451,34.206258914569],[139.151992499828,34.2064519094089],[139.151458740234,34.2067802224698],[139.151276350021,34.2068600824036],[139.151185154915,34.206880047387],[139.15095448494,34.2069377240058],[139.150847196579,34.2069465973318],[139.15054410696,34.2069221956854],[139.150458276272,34.2069465973318],[139.150391221046,34.2069732173097],[139.150283932686,34.2070796972214],[139.150251746178,34.2071506838291],[139.150219559669,34.2072593820723],[139.150173962116,34.2074279570927],[139.150069355965,34.2075832235588],[139.150034487247,34.2076497663301],[139.14999961853,34.2077673252259],[139.149954020977,34.2079137193225],[139.149849414825,34.2080512410497],[139.149715304375,34.208142182837],[139.149334430695,34.2082486512709],[139.149251282215,34.2082819226565],[139.149181544781,34.2083351568735],[139.149119853973,34.2083773006286],[139.14896696806,34.2084238805684],[139.148824810982,34.2084394072151],[139.148722887039,34.2084704605083],[139.148460030556,34.2086212907897],[139.148395657539,34.2087366315931],[139.148376882076,34.2087965200872],[139.148331284523,34.2088896799669],[139.148261547089,34.2089473503686],[139.147974550724,34.2091092711119],[139.147711694241,34.2092734099475],[139.147556126118,34.2094175859518],[139.147102832794,34.2099787633223],[139.147030413151,34.2100941041258],[139.14697676897,34.2102072268368],[139.146813154221,34.2106242282031],[139.146807789803,34.2106907709743],[139.146756827831,34.2107950213158],[139.14673268795,34.2108815269184],[139.14670613332,34.2109327663204],[139.146684408188,34.2109746867981],[139.146574437618,34.2111388256337],[139.146440327168,34.2112430759753],[139.146333038807,34.2112896559151],[139.1462418437,34.2113162730236],[139.146105051041,34.2113428901321],[139.145791232586,34.2116090612169],[139.145662486553,34.2117354924822],[139.14550691843,34.2119329027035],[139.145421087742,34.2120393711374],[139.145112633705,34.2124408458571],[139.144753217697,34.2127092350343],[139.144707620144,34.2127358521427],[139.144613742828,34.2129443528259],[139.144503772259,34.2132260505573],[139.14447426796,34.2132815028666],[139.144447445869,34.213319210437],[139.144377708435,34.2133879713006],[139.14431065321,34.2134323331481],[139.144238233566,34.2134589502565],[139.144144356251,34.2134766949955],[139.142805933952,34.2135587644133],[139.142738878727,34.2135587644133],[139.142610132694,34.2135454558591],[139.142433106899,34.2135055301964],[139.142360687256,34.2134789130879],[139.142151474953,34.2133436094531],[139.142028093338,34.213188342987],[139.141845703125,34.2129576613801],[139.141770601273,34.2128667195928],[139.141665995121,34.2127802139902],[139.141598939896,34.2127425064199],[139.141494333744,34.2127003626648],[139.141384363174,34.2126759636487],[139.141218066216,34.2126715274639],[139.141108095646,34.2126826179258],[139.141046404839,34.2127003626648],[139.140904247761,34.2127580330665],[139.140756726265,34.2128689376852],[139.140585064888,34.2130929650149],[139.140520691872,34.21313510877],[139.140209555626,34.2127868682673],[139.140107631683,34.2126826179258],[139.140048623085,34.2126449103554],[139.139852821827,34.2126160751546],[139.139772355556,34.2125739313995],[139.139699935913,34.2125029524435],[139.139686524868,34.2124430639494],[139.139699935913,34.2123765211782],[139.139756262302,34.212309978407],[139.139962792397,34.2121658024027],[139.139978885651,34.2121059139086],[139.139973521233,34.2120371530451],[139.139823317528,34.2118863227636],[139.139732122421,34.2118109076229],[139.139691889286,34.211757673406],[139.13968116045,34.211704439189],[139.139689207077,34.2116356783254],[139.139758944511,34.2115669174619],[139.140048623085,34.2113983424415],[139.140147864819,34.2112719111762],[139.140147864819,34.2111743151117],[139.140129089355,34.2110279210151],[139.140056669712,34.2105865206327],[139.140027165413,34.2103136952708],[139.140013754368,34.2102316258529],[139.140024483204,34.2099987261537],[139.140011072159,34.2099077843664],[139.139992296696,34.2097813531011],[139.139831364155,34.20966823039],[139.139772355556,34.2096393951892],[139.139429032803,34.2094530754298],[139.139332473278,34.2092933727789],[139.13927346468,34.2092534471162],[139.139155447483,34.2092201757306],[139.138967692852,34.2091469786822],[139.138704836369,34.2090360740636],[139.138393700123,34.2090538188026],[139.138256907463,34.2089983664932],[139.137446880341,34.2085724927575],[139.137334227562,34.2084882052473],[139.137305157115,34.2084412175136],[139.137275218964,34.2083928272752],[139.137208163738,34.2083351568735],[139.13706600666,34.2082087256082],[139.13684874773,34.20795808117],[139.136626124382,34.2077651071335],[139.136483967304,34.2076919100852],[139.136231839657,34.2076054044826],[139.13603335619,34.2075521702656],[139.135177731514,34.2072593820723],[139.135145545006,34.2072482904148],[139.134866595268,34.2071506838291],[139.134539365768,34.2070796972214],[139.133960008621,34.2069221956854],[139.133796393871,34.2069044490334],[139.133552312851,34.2069177590224],[139.133455753326,34.2071151905253],[139.133404791355,34.2072593820723],[139.133386015892,34.2073126162893],[139.133332371712,34.2073237067511],[139.13328140974,34.2073325791206],[139.131725728512,34.2077761975954],[139.131441128767,34.2078647586229]]},"properties":{"id":"F028:1:SHP0013","feed_id":"F028","feed_slug":"kozushima-village-bus","municipality":"神津島村","service_name":"村営バス","license":"CC BY 4.0","source_route_id":"1","route_short_name":null,"route_long_name":"内回りルート：空港・多幸湾キャンプ場・天上山方面","route_desc":null,"route_type":3,"route_url":null,"route_color":null,"route_text_color":"000000","directions":["0"],"geometry_source":"shapes.txt"}},{"type":"Feature","id":"F028:1:SHP0028","geometry":{"type":"LineString","coordinates":[[139.131441128767,34.2078647586229],[139.131725728512,34.2077761975954],[139.13328140974,34.2073325791206],[139.133332371712,34.2073237067511],[139.133386015892,34.2073126162893],[139.133404791355,34.2072593820723],[139.133455753326,34.2071151905253],[139.133552312851,34.2069177590224],[139.133600592613,34.2068423357516],[139.133742749691,34.2066249392653],[139.133852720261,34.2064385994199],[139.133901000023,34.205480280215],[139.133890271187,34.2051053821927],[139.133850038052,34.2048924223693],[139.13371860981,34.2044443194078],[139.133579134941,34.2040694213854],[139.133415520191,34.2033240620038],[139.133332371712,34.2030268055838],[139.133128523827,34.2022592628872],[139.133136570454,34.202177184622],[139.133166074753,34.2021039796827],[139.13325458765,34.202015246423],[139.133332371712,34.2019753164561],[139.133498668671,34.2018932381909],[139.133694469929,34.2018111599256],[139.134032428265,34.2017357366549],[139.134174585342,34.2017401733179],[139.135199189186,34.2017756666217],[139.135631024837,34.2017911949422],[139.136258661747,34.201709116677],[139.136368632317,34.2017113350084],[139.136459827423,34.2017690116273],[139.136559069157,34.2018976748539],[139.136866766228,34.2022137893012]]},"properties":{"id":"F028:1:SHP0028","feed_id":"F028","feed_slug":"kozushima-village-bus","municipality":"神津島村","service_name":"村営バス","license":"CC BY 4.0","source_route_id":"1","route_short_name":null,"route_long_name":"内回りルート：空港・多幸湾キャンプ場・天上山方面","route_desc":null,"route_type":3,"route_url":null,"route_color":null,"route_text_color":"000000","directions":["1"],"geometry_source":"shapes.txt"}},{"type":"Feature","id":"F028:2:SHP0014","geometry":{"type":"LineString","coordinates":[[139.131441128767,34.2078647586229],[139.131725728512,34.2077761975954],[139.13328140974,34.2073325791206],[139.133332371712,34.2073237067511],[139.133386015892,34.2073126162893],[139.133404791355,34.2072593820723],[139.133455753326,34.2071151905253],[139.133552312851,34.2069177590224],[139.133796393871,34.2069044490334],[139.133960008621,34.2069221956854],[139.134539365768,34.2070796972214],[139.134866595268,34.2071506838291],[139.135145545006,34.2072482904148],[139.135177731514,34.2072593820723],[139.13603335619,34.2075521702656],[139.136231839657,34.2076054044826],[139.136483967304,34.2076919100852],[139.136626124382,34.2077651071335],[139.13684874773,34.20795808117],[139.13706600666,34.2082087256082],[139.137208163738,34.2083351568735],[139.137275218964,34.2083928272752],[139.137305157115,34.2084412175136],[139.137334227562,34.2084882052473],[139.137446880341,34.2085724927575],[139.138256907463,34.2089983664932],[139.138393700123,34.2090538188026],[139.138704836369,34.2090360740636],[139.138967692852,34.2091469786822],[139.139155447483,34.2092201757306],[139.13927346468,34.2092534471162],[139.139332473278,34.2092933727789],[139.139429032803,34.2094530754298],[139.139772355556,34.2096393951892],[139.139831364155,34.20966823039],[139.139992296696,34.2097813531011],[139.140011072159,34.2099077843664],[139.140024483204,34.2099987261537],[139.140013754368,34.2102316258529],[139.140027165413,34.2103136952708],[139.140056669712,34.2105865206327],[139.140129089355,34.2110279210151],[139.140147864819,34.2111743151117],[139.140147864819,34.2112719111762],[139.140048623085,34.2113983424415],[139.139758944511,34.2115669174619],[139.139689207077,34.2116356783254],[139.13968116045,34.211704439189],[139.139691889286,34.211757673406],[139.139732122421,34.2118109076229],[139.139823317528,34.2118863227636],[139.139973521233,34.2120371530451],[139.139978885651,34.2121059139086],[139.139962792397,34.2121658024027],[139.139756262302,34.212309978407],[139.139699935913,34.2123765211782],[139.139686524868,34.2124430639494],[139.139699935913,34.2125029524435],[139.139772355556,34.2125739313995],[139.139852821827,34.2126160751546],[139.140048623085,34.2126449103554],[139.140107631683,34.2126826179258],[139.140209555626,34.2127868682673],[139.140520691872,34.21313510877],[139.140585064888,34.2130929650149],[139.140756726265,34.2128689376852],[139.140904247761,34.2127580330665],[139.141046404839,34.2127003626648],[139.141108095646,34.2126826179258],[139.141218066216,34.2126715274639],[139.141384363174,34.2126759636487],[139.141494333744,34.2127003626648],[139.141598939896,34.2127425064199],[139.141665995121,34.2127802139902],[139.141770601273,34.2128667195928],[139.141845703125,34.2129576613801],[139.142028093338,34.213188342987],[139.142151474953,34.2133436094531],[139.142360687256,34.2134789130879],[139.142433106899,34.2135055301964],[139.142610132694,34.2135454558591],[139.142738878727,34.2135587644133],[139.142805933952,34.2135587644133],[139.144144356251,34.2134766949955],[139.144238233566,34.2134589502565],[139.14431065321,34.2134323331481],[139.144377708435,34.2133879713006],[139.144447445869,34.213319210437],[139.14447426796,34.2132815028666],[139.144503772259,34.2132260505573],[139.144613742828,34.2129443528259],[139.144707620144,34.2127358521427],[139.144753217697,34.2127092350343],[139.145112633705,34.2124408458571],[139.145421087742,34.2120393711374],[139.14550691843,34.2119329027035],[139.145662486553,34.2117354924822],[139.145791232586,34.2116090612169],[139.146105051041,34.2113428901321],[139.1462418437,34.2113162730236],[139.146333038807,34.2112896559151],[139.146440327168,34.2112430759753],[139.146574437618,34.2111388256337],[139.146684408188,34.2109746867981],[139.14670613332,34.2109327663204],[139.14673268795,34.2108815269184],[139.146756827831,34.2107950213158],[139.146807789803,34.2106907709743],[139.146813154221,34.2106242282031],[139.14697676897,34.2102072268368],[139.147030413151,34.2100941041258],[139.147102832794,34.2099787633223],[139.147556126118,34.2094175859518],[139.147711694241,34.2092734099475],[139.147974550724,34.2091092711119],[139.148261547089,34.2089473503686],[139.148331284523,34.2088896799669],[139.148376882076,34.2087965200872],[139.148395657539,34.2087366315931],[139.148460030556,34.2086212907897],[139.148722887039,34.2084704605083],[139.148824810982,34.2084394072151],[139.14896696806,34.2084238805684],[139.149119853973,34.2083773006286],[139.149181544781,34.2083351568735],[139.149251282215,34.2082819226565],[139.149334430695,34.2082486512709],[139.149715304375,34.208142182837],[139.149849414825,34.2080512410497],[139.149954020977,34.2079137193225],[139.14999961853,34.2077673252259],[139.150034487247,34.2076497663301],[139.150069355965,34.2075832235588],[139.150173962116,34.2074279570927],[139.150219559669,34.2072593820723],[139.150251746178,34.2071506838291],[139.150283932686,34.2070796972214],[139.150391221046,34.2069732173097],[139.150458276272,34.2069465973318],[139.15054410696,34.2069221956854],[139.150847196579,34.2069465973318],[139.15095448494,34.2069377240058],[139.151185154915,34.206880047387],[139.151276350021,34.2068600824036],[139.151458740234,34.2067802224698],[139.151992499828,34.2064519094089],[139.152475297451,34.206258914569],[139.152555763721,34.2062256395966],[139.152687191963,34.2061435613314],[139.152762293816,34.2060725747236],[139.15283203125,34.2059505664915],[139.152861535549,34.2059061998616],[139.152958095074,34.2058396499168],[139.153145849705,34.2057930649555],[139.153250455856,34.2057575716516],[139.153341650963,34.2056777117178],[139.153373837471,34.2056045067786],[139.15337651968,34.2054913718724],[139.153341650963,34.2054070752757],[139.153293371201,34.2053383069994],[139.153215587139,34.2052983770325],[139.153119027615,34.2052695387231],[139.152987599373,34.2052695387231],[139.15283203125,34.2053383069994],[139.152714014053,34.2054026386127],[139.152582585812,34.2054181669332],[139.152467250824,34.2054070752757],[139.152019321918,34.2052872853751],[139.151751101017,34.2052029887783],[139.151541888714,34.2052096437728],[139.151431918144,34.2052029887783],[139.151316583157,34.205169713806],[139.151136875153,34.2050255222589],[139.151080548763,34.2049190423472],[139.151059091091,34.2048436190765],[139.151072502136,34.2047504491538],[139.151120781898,34.2046572792311],[139.151305854321,34.2044465377393],[139.151346087456,34.2043067828552],[139.151399731636,34.2041648096396],[139.151466786861,34.2040428014075],[139.15149897337,34.2040006531092],[139.151571393013,34.2039074831865],[139.151627719402,34.20388308154],[139.151847660542,34.2039074831865],[139.152022004128,34.2039385398274],[139.152115881443,34.2039385398274],[139.152193665504,34.2038941731975],[139.152220487595,34.2038542432306],[139.152263402939,34.2037810382914],[139.152346551418,34.20358582512],[139.152378737926,34.2034438519044],[139.152381420135,34.203270822048],[139.152362644672,34.2031732154623],[139.152317047119,34.2030711722136],[139.152244627476,34.2029536006445],[139.152244627476,34.2028471207328],[139.152266085148,34.2025897942797],[139.152317047119,34.2024810960365],[139.152542352676,34.2023014111856],[139.152759611607,34.2021106346772],[139.152638912201,34.2016935883565],[139.152432382107,34.2010369622346],[139.152359962463,34.2009482289749],[139.152300953865,34.2008373124002],[139.152319729328,34.2007774174499],[139.152429699898,34.2006576275493],[139.152500016642,34.2007486539235],[139.152553081512,34.2008173474168],[139.152762293816,34.2012809786988],[139.15283203125,34.2014074235939],[139.152904450893,34.2015360868205],[139.15304929018,34.2017312999919],[139.153161942959,34.2019109848428],[139.153253138065,34.2021416913181],[139.153309464455,34.2021882762794],[139.153400659561,34.2022082412629],[139.153515994549,34.2021993679369],[139.153446257114,34.2020662680473],[139.153400659561,34.2019997181025],[139.153369559866,34.2019496661842]]},"properties":{"id":"F028:2:SHP0014","feed_id":"F028","feed_slug":"kozushima-village-bus","municipality":"神津島村","service_name":"村営バス","license":"CC BY 4.0","source_route_id":"2","route_short_name":null,"route_long_name":"外回りルート：天上山・多幸湾キャンプ場・空港方面","route_desc":null,"route_type":3,"route_url":null,"route_color":null,"route_text_color":"000000","directions":["1"],"geometry_source":"shapes.txt"}},{"type":"Feature","id":"F028:2:SHP0015","geometry":{"type":"LineString","coordinates":[[139.153369559866,34.2019496661842],[139.153400659561,34.2019997181025],[139.153446257114,34.2020662680473],[139.153515994549,34.2021993679369],[139.153400659561,34.2022082412629],[139.153309464455,34.2021882762794],[139.153253138065,34.2021416913181],[139.153161942959,34.2019109848428],[139.15304929018,34.2017312999919],[139.152904450893,34.2015360868205],[139.15283203125,34.2014074235939],[139.152762293816,34.2012809786988],[139.152553081512,34.2008173474168],[139.152500016642,34.2007486539235],[139.152429699898,34.2006576275493],[139.15226072073,34.2004357944],[139.152185618877,34.2003093495049],[139.152164161205,34.2001318829855],[139.152193665504,34.2000010014274],[139.152335822582,34.1995063135045],[139.152410924435,34.1993665586204],[139.152512848377,34.1992245854049],[139.152665734291,34.1991092321672],[139.15283203125,34.1990338088965],[139.153258502483,34.1988585607085],[139.153416752815,34.1987542991284],[139.153848588467,34.1982817945204],[139.153934419155,34.1981730962772],[139.154055118561,34.1980244520482],[139.154116809368,34.1979312720837],[139.154218733311,34.1976251093434],[139.154240190983,34.1974343122733],[139.154331386089,34.1969218224688],[139.154352843761,34.1967753968104],[139.154358208179,34.196750992534],[139.154344797134,34.1966334082931],[139.154291152954,34.1965535397522],[139.154205322266,34.1965047311994],[139.154098033905,34.1964936383465],[139.153910279274,34.1965557583228],[139.15340334177,34.196777615381],[139.153293371201,34.1968330796455],[139.153231680393,34.1968818881983],[139.153084158897,34.1972191109268],[139.153027832508,34.1972812309031],[139.15283203125,34.1974054708557],[139.152773022652,34.1974409679851],[139.152520895004,34.1975696450788],[139.152432382107,34.1975829565023],[139.152330458164,34.1975696450788],[139.151981770992,34.1974609351203],[139.15182352066,34.1974365308439],[139.151761829853,34.1974343122733],[139.151667952538,34.1974320937027],[139.151128828526,34.1975851750729],[139.150796234608,34.1977582235783],[139.150576293468,34.1977981578488],[139.14999961853,34.1978114692723],[139.14989233017,34.1978136878429],[139.149667024612,34.1978491849722],[139.148867726326,34.1980666048893],[139.148752391338,34.1981442548596],[139.148728251457,34.1981730962772],[139.148486852646,34.1984814443547],[139.148384928703,34.1985324659791],[139.148215949535,34.198559085957],[139.147566854954,34.1986167625758],[139.14744079113,34.1986478192167],[139.14733082056,34.1986877491836],[139.1472235322,34.1987409891394],[139.146563708782,34.1990981405098],[139.146046042442,34.1994131435818],[139.145691990852,34.1996460683885],[139.145523011684,34.1997414566427],[139.14534330368,34.1998301899024],[139.145348668098,34.1996904350184],[139.145442545414,34.1992556420458],[139.145485460758,34.1990959221783],[139.145485460758,34.1989606039572],[139.145391583443,34.1988053207527],[139.145085811615,34.198545775968],[139.144986569881,34.1983594361226],[139.144967794418,34.1981730962772],[139.144959747791,34.1980688234598],[139.144959747791,34.1980532934658],[139.144876599312,34.1979556763601],[139.144774675369,34.1979024306662],[139.14439111948,34.1979024306662],[139.144270420074,34.197871370678],[139.144085347652,34.1977205078784],[139.143843948841,34.1974831208261],[139.143637418747,34.1972590451973],[139.14360255003,34.1971303681036],[139.143591821194,34.1970194395744],[139.143648147583,34.1967887082339],[139.14370983839,34.1966644682813],[139.143717885017,34.1966267525814],[139.143731296062,34.1965601954639],[139.143725931644,34.1964492669348],[139.14365619421,34.1961431041945],[139.143503308296,34.1955906801195],[139.143495261669,34.1952778616674],[139.143471121788,34.1951957745559],[139.143184125423,34.1949472946506],[139.143149256706,34.1948585518274],[139.143149256706,34.194727656163],[139.143444299698,34.1941463906705],[139.143508672714,34.1940554292766],[139.143693745136,34.1939156593299],[139.143763482571,34.1938313536478],[139.14379298687,34.1936915837011],[139.143814444542,34.1931879681789],[139.143843948841,34.1930570725146],[139.143913686275,34.1928707125857],[139.144074618816,34.1925978284041],[139.144109487534,34.1925201784337],[139.144114851952,34.1924092499046],[139.144093394279,34.1922916656637],[139.144058525562,34.1921607699994],[139.144020974636,34.1920609343232],[139.143953919411,34.1919899400645],[139.143878817558,34.1919455686529],[139.143731296062,34.191907852953],[139.143468439579,34.1918723558237],[139.143143892288,34.1917725201475],[139.14297491312,34.1917503344417],[139.142848849297,34.1917725201475],[139.142655730247,34.1918590444002],[139.142250716686,34.1921119614466],[139.141952991486,34.1922894470931],[139.141845703125,34.1923205070813],[139.141757190228,34.1923426927871],[139.141665995121,34.1923360370754],[139.141585528851,34.1923315999342],[139.141432642937,34.1922894470931],[139.141293168068,34.192178518564],[139.141199290752,34.1919855029234],[139.141086637974,34.1916682473301],[139.14104372263,34.1915417888069],[139.140982031822,34.1914153302837],[139.14088010788,34.1912777789076],[139.140719175339,34.1911180418257],[139.140571653843,34.1910204247201],[139.140477776527,34.1909693975967],[139.140351712704,34.1909183704733],[139.140134453773,34.1908584690676],[139.139994978905,34.1908407205029],[139.139842092991,34.19082962765],[139.139648973942,34.1908362833618],[139.139278829098,34.1909117147616],[139.139144718647,34.1909006219087],[139.139048159122,34.1908540319264],[139.138975739479,34.1907985676619],[139.138927459717,34.1907120434092],[139.138927459717,34.1905988963095],[139.138956964016,34.1905301206214],[139.139077663422,34.1904036620982],[139.13957118988,34.1899510736995],[139.139619469643,34.1898445823115],[139.139619469643,34.1897380909236],[139.139576554298,34.1896382552474],[139.139504134655,34.1895739167005],[139.139418303967,34.1895362010006],[139.138627052307,34.1894940481595],[139.138187170029,34.1894674253125],[139.13717597723,34.1893365296482],[139.137009680271,34.189332092507],[139.136867523193,34.1893653710658],[139.136744141579,34.1894141796186],[139.136618077755,34.1894829553066],[139.136475920677,34.1896205066827],[139.136025309563,34.1901352150578],[139.135883152485,34.190261673581],[139.135703444481,34.1903637278278],[139.135577380657,34.19041031781],[139.134925603867,34.1905633991802],[139.134837090969,34.1903082635632],[139.13443166945,34.1903975664885],[139.13434356451,34.1904169735217],[139.13431674242,34.1904280663746],[139.134303331375,34.1904857492098],[139.134367704391,34.1906965134151],[139.134925603867,34.1905633991802],[139.135577380657,34.19041031781],[139.135703444481,34.1903637278278],[139.135883152485,34.190261673581],[139.136025309563,34.1901352150578],[139.136475920677,34.1896205066827],[139.136618077755,34.1894829553066],[139.136744141579,34.1894141796186],[139.136867523193,34.1893653710658],[139.137009680271,34.189332092507],[139.13717597723,34.1893365296482],[139.138187170029,34.1894674253125],[139.138627052307,34.1894940481595],[139.139418303967,34.1895362010006],[139.139504134655,34.1895739167005],[139.139576554298,34.1896382552474],[139.139619469643,34.1897380909236],[139.139619469643,34.1898445823115],[139.13957118988,34.1899510736995],[139.139077663422,34.1904036620982],[139.138956964016,34.1905301206214],[139.138927459717,34.1905988963095],[139.138927459717,34.1907120434092],[139.138975739479,34.1907985676619],[139.139048159122,34.1908540319264],[139.139144718647,34.1909006219087],[139.139278829098,34.1909117147616],[139.139648973942,34.1908362833618],[139.139842092991,34.19082962765],[139.139994978905,34.1908407205029],[139.140134453773,34.1908584690676],[139.140351712704,34.1909183704733],[139.140477776527,34.1909693975967],[139.140571653843,34.1910204247201],[139.140719175339,34.1911180418257],[139.14088010788,34.1912777789076],[139.140982031822,34.1914153302837],[139.14104372263,34.1915417888069],[139.141086637974,34.1916682473301],[139.141199290752,34.1919855029234],[139.141293168068,34.192178518564],[139.141432642937,34.1922894470931],[139.141585528851,34.1923315999342],[139.141665995121,34.1923360370754],[139.141757190228,34.1923426927871],[139.141845703125,34.1923205070813],[139.141952991486,34.1922894470931],[139.142250716686,34.1921119614466],[139.142655730247,34.1918590444002],[139.142848849297,34.1917725201475],[139.14297491312,34.1917503344417],[139.143143892288,34.1917725201475],[139.143468439579,34.1918723558237],[139.143731296062,34.191907852953],[139.143878817558,34.1919455686529],[139.143953919411,34.1919899400645],[139.144020974636,34.1920609343232],[139.144058525562,34.1921607699994],[139.144093394279,34.1922916656637],[139.144114851952,34.1924092499046],[139.144109487534,34.1925201784337],[139.144074618816,34.1925978284041],[139.143913686275,34.1928707125857],[139.143843948841,34.1930570725146],[139.143814444542,34.1931879681789],[139.14379298687,34.1936915837011],[139.143763482571,34.1938313536478],[139.143693745136,34.1939156593299],[139.143508672714,34.1940554292766],[139.143444299698,34.1941463906705],[139.143149256706,34.194727656163],[139.143149256706,34.1948585518274],[139.143184125423,34.1949472946506],[139.143471121788,34.1951957745559],[139.143495261669,34.1952778616674],[139.143503308296,34.1955906801195],[139.14365619421,34.1961431041945],[139.143725931644,34.1964492669348],[139.143731296062,34.1965601954639],[139.143717885017,34.1966267525814],[139.14370983839,34.1966644682813],[139.143648147583,34.1967887082339],[139.143591821194,34.1970194395744],[139.14360255003,34.1971303681036],[139.143637418747,34.1972590451973],[139.143843948841,34.1974831208261],[139.144085347652,34.1977205078784],[139.144270420074,34.197871370678],[139.14439111948,34.1979024306662],[139.144774675369,34.1979024306662],[139.144876599312,34.1979556763601],[139.144959747791,34.1980532934658],[139.144959747791,34.1980688234598],[139.144967794418,34.1981730962772],[139.144986569881,34.1983594361226],[139.145085811615,34.198545775968],[139.145391583443,34.1988053207527],[139.145485460758,34.1989606039572],[139.145485460758,34.1990959221783],[139.145442545414,34.1992556420458],[139.145348668098,34.1996904350184],[139.14534330368,34.1998301899024],[139.145254790783,34.199954416466],[139.145233333111,34.2000010014274],[139.145187735558,34.200107481339],[139.145048260689,34.2005910776045],[139.145017867063,34.2007239454926],[139.145010709763,34.200755234135],[139.144932925701,34.2009327006544],[139.144852459431,34.2010103422567],[139.144409894943,34.201232175406],[139.144329428673,34.2012920703563],[139.144165813923,34.201551615141],[139.144088029861,34.2016935883565],[139.14392977953,34.2018843648649],[139.143779575825,34.2020307747434],[139.143615961075,34.2021394729866],[139.143269956112,34.202321376169],[139.142816662788,34.2025387726553],[139.141845703125,34.2029336356611],[139.141665995121,34.2030157139263],[139.141620397568,34.2030378972412],[139.141564071178,34.2030778272081],[139.141515791416,34.2031621238048],[139.141432642937,34.203415013595],[139.141346812248,34.2035148385122],[139.14123415947,34.203576951794],[139.140711128712,34.2038498065676],[139.140601158142,34.2039185748439],[139.140464365482,34.2040361464131],[139.140386581421,34.2040361464131],[139.140319526196,34.2039962164462],[139.140284657478,34.2039451948218],[139.140357077122,34.2038608982251],[139.140872061253,34.2035658601365],[139.141054451466,34.2034305419155],[139.141092002392,34.2033706469652],[139.141108095646,34.2033107520149],[139.141094684601,34.2032508570646],[139.141032993793,34.2031976171087],[139.140855967999,34.2030889188656],[139.140829145908,34.2030401155727],[139.140829145908,34.2029447273185],[139.140898883343,34.2027428591527],[139.140885472298,34.2026474708985],[139.140845239162,34.2025942309426],[139.1407969594,34.2025520826443],[139.140754044056,34.2025254626664],[139.140705764294,34.2025188076719],[139.140649437904,34.2025232443349],[139.140220284462,34.2026341609095],[139.140139818192,34.202640815904],[139.140064716339,34.2026186325891],[139.140024483204,34.2025787026222],[139.139997661114,34.2025010610199],[139.140011072159,34.2024367294066],[139.140040576458,34.2023967994398],[139.140099585056,34.2023590878044],[139.140767455101,34.2020751413733],[139.140874743462,34.2019841897821],[139.141086637974,34.2017601383013],[139.141148328781,34.2016625317156],[139.14115101099,34.2015627067984],[139.141118824482,34.2014850651962],[139.14104372263,34.2014251702459],[139.140955209732,34.2013918952735],[139.140839874744,34.2013830219475],[139.140646755695,34.2014517902238],[139.140357077122,34.2015316501575],[139.139466583729,34.2016270384117],[139.139302968979,34.2016758417046],[139.139123260975,34.2017601383013],[139.138908684254,34.2018732732074],[139.13878262043,34.2019730981246],[139.13870215416,34.2021239446661],[139.138653874397,34.2023923627768],[139.13864582777,34.2024456027326],[139.138605594635,34.2025077160144],[139.138527810574,34.2025764842907],[139.138433933258,34.2026186325891],[139.138323962688,34.2026297242465],[139.138227403164,34.2026075409316],[139.138045012951,34.2025698292962],[139.137959182262,34.2025653926332],[139.137870669365,34.2025897942797],[139.137736558914,34.202645252567],[139.137626588345,34.2026851825338],[139.137495160103,34.2026962741913],[139.137342274189,34.2026696542134],[139.137245714664,34.2026031042686],[139.136866766228,34.2022137893012],[139.136559069157,34.2018976748539],[139.136459827423,34.2017690116273],[139.136368632317,34.2017113350084],[139.136258661747,34.201709116677],[139.135631024837,34.2017911949422],[139.135199189186,34.2017756666217],[139.134174585342,34.2017401733179],[139.134032428265,34.2017357366549],[139.133694469929,34.2018111599256],[139.133498668671,34.2018932381909],[139.133332371712,34.2019753164561],[139.13325458765,34.202015246423],[139.133166074753,34.2021039796827],[139.133136570454,34.202177184622],[139.133128523827,34.2022592628872],[139.133332371712,34.2030268055838],[139.133415520191,34.2033240620038],[139.133579134941,34.2040694213854],[139.13371860981,34.2044443194078],[139.133850038052,34.2048924223693],[139.133890271187,34.2051053821927],[139.133901000023,34.205480280215],[139.133852720261,34.2064385994199],[139.133742749691,34.2066249392653],[139.133600592613,34.2068423357516],[139.133552312851,34.2069177590224],[139.133455753326,34.2071151905253],[139.133404791355,34.2072593820723],[139.133386015892,34.2073126162893],[139.133332371712,34.2073237067511],[139.13328140974,34.2073325791206],[139.131725728512,34.2077761975954],[139.131441128767,34.2078647586229]]},"properties":{"id":"F028:2:SHP0015","feed_id":"F028","feed_slug":"kozushima-village-bus","municipality":"神津島村","service_name":"村営バス","license":"CC BY 4.0","source_route_id":"2","route_short_name":null,"route_long_name":"外回りルート：天上山・多幸湾キャンプ場・空港方面","route_desc":null,"route_type":3,"route_url":null,"route_color":null,"route_text_color":"000000","directions":["0"],"geometry_source":"shapes.txt"}},{"type":"Feature","id":"F028:2:SHP0016","geometry":{"type":"LineString","coordinates":[[139.153369559866,34.2019496661842],[139.153400659561,34.2019997181025],[139.153446257114,34.2020662680473],[139.153515994549,34.2021993679369],[139.153400659561,34.2022082412629],[139.153309464455,34.2021882762794],[139.153253138065,34.2021416913181],[139.153161942959,34.2019109848428],[139.15304929018,34.2017312999919],[139.152904450893,34.2015360868205],[139.15283203125,34.2014074235939],[139.152762293816,34.2012809786988],[139.152553081512,34.2008173474168],[139.152500016642,34.2007486539235],[139.152429699898,34.2006576275493],[139.15226072073,34.2004357944],[139.152185618877,34.2003093495049],[139.152164161205,34.2001318829855],[139.152193665504,34.2000010014274],[139.152335822582,34.1995063135045],[139.152410924435,34.1993665586204],[139.152512848377,34.1992245854049],[139.152665734291,34.1991092321672],[139.15283203125,34.1990338088965],[139.153258502483,34.1988585607085],[139.153416752815,34.1987542991284],[139.153848588467,34.1982817945204],[139.153934419155,34.1981730962772],[139.154055118561,34.1980244520482],[139.154116809368,34.1979312720837],[139.154218733311,34.1976251093434],[139.154240190983,34.1974343122733],[139.154331386089,34.1969218224688],[139.154352843761,34.1967753968104],[139.154358208179,34.196750992534],[139.154344797134,34.1966334082931],[139.154291152954,34.1965535397522],[139.154205322266,34.1965047311994],[139.154098033905,34.1964936383465],[139.153910279274,34.1965557583228],[139.15340334177,34.196777615381],[139.153293371201,34.1968330796455],[139.153231680393,34.1968818881983],[139.153084158897,34.1972191109268],[139.153027832508,34.1972812309031],[139.15283203125,34.1974054708557],[139.152773022652,34.1974409679851],[139.152520895004,34.1975696450788],[139.152432382107,34.1975829565023],[139.152330458164,34.1975696450788],[139.151981770992,34.1974609351203],[139.15182352066,34.1974365308439],[139.151761829853,34.1974343122733],[139.151667952538,34.1974320937027],[139.151128828526,34.1975851750729],[139.150796234608,34.1977582235783],[139.150576293468,34.1977981578488],[139.14999961853,34.1978114692723],[139.14989233017,34.1978136878429],[139.149667024612,34.1978491849722],[139.148867726326,34.1980666048893],[139.148752391338,34.1981442548596],[139.148728251457,34.1981730962772],[139.148486852646,34.1984814443547],[139.148384928703,34.1985324659791],[139.148215949535,34.198559085957],[139.147566854954,34.1986167625758],[139.14744079113,34.1986478192167],[139.14733082056,34.1986877491836],[139.1472235322,34.1987409891394],[139.146563708782,34.1990981405098],[139.146046042442,34.1994131435818],[139.145691990852,34.1996460683885],[139.145523011684,34.1997414566427],[139.14534330368,34.1998301899024],[139.145254790783,34.199954416466],[139.145233333111,34.2000010014274],[139.145187735558,34.200107481339],[139.145048260689,34.2005910776045],[139.145017867063,34.2007239454926],[139.145010709763,34.200755234135],[139.144932925701,34.2009327006544],[139.144852459431,34.2010103422567],[139.144409894943,34.201232175406],[139.144329428673,34.2012920703563],[139.144165813923,34.201551615141],[139.144088029861,34.2016935883565],[139.14392977953,34.2018843648649],[139.143779575825,34.2020307747434],[139.143615961075,34.2021394729866],[139.143269956112,34.202321376169],[139.142816662788,34.2025387726553],[139.141845703125,34.2029336356611],[139.141665995121,34.2030157139263],[139.141620397568,34.2030378972412],[139.141564071178,34.2030778272081],[139.141515791416,34.2031621238048],[139.141432642937,34.203415013595],[139.141346812248,34.2035148385122],[139.14123415947,34.203576951794],[139.140711128712,34.2038498065676],[139.140601158142,34.2039185748439],[139.140464365482,34.2040361464131],[139.140386581421,34.2040361464131],[139.140319526196,34.2039962164462],[139.140284657478,34.2039451948218],[139.140357077122,34.2038608982251],[139.140872061253,34.2035658601365],[139.141054451466,34.2034305419155],[139.141092002392,34.2033706469652],[139.141108095646,34.2033107520149],[139.141094684601,34.2032508570646],[139.141032993793,34.2031976171087],[139.140855967999,34.2030889188656],[139.140829145908,34.2030401155727],[139.140829145908,34.2029447273185],[139.140898883343,34.2027428591527],[139.140885472298,34.2026474708985],[139.140845239162,34.2025942309426],[139.1407969594,34.2025520826443],[139.140754044056,34.2025254626664],[139.140705764294,34.2025188076719],[139.140649437904,34.2025232443349],[139.140220284462,34.2026341609095],[139.140139818192,34.202640815904],[139.140064716339,34.2026186325891],[139.140024483204,34.2025787026222],[139.139997661114,34.2025010610199],[139.140011072159,34.2024367294066],[139.140040576458,34.2023967994398],[139.140099585056,34.2023590878044],[139.140767455101,34.2020751413733],[139.140874743462,34.2019841897821],[139.141086637974,34.2017601383013],[139.141148328781,34.2016625317156],[139.14115101099,34.2015627067984],[139.141118824482,34.2014850651962],[139.14104372263,34.2014251702459],[139.140955209732,34.2013918952735],[139.140839874744,34.2013830219475],[139.140646755695,34.2014517902238],[139.140357077122,34.2015316501575],[139.139466583729,34.2016270384117],[139.139302968979,34.2016758417046],[139.139123260975,34.2017601383013],[139.138908684254,34.2018732732074],[139.13878262043,34.2019730981246],[139.13870215416,34.2021239446661],[139.138653874397,34.2023923627768],[139.13864582777,34.2024456027326],[139.138605594635,34.2025077160144],[139.138527810574,34.2025764842907],[139.138433933258,34.2026186325891],[139.138323962688,34.2026297242465],[139.138227403164,34.2026075409316],[139.138045012951,34.2025698292962],[139.137959182262,34.2025653926332],[139.137870669365,34.2025897942797],[139.137736558914,34.202645252567],[139.137626588345,34.2026851825338],[139.137495160103,34.2026962741913],[139.137342274189,34.2026696542134],[139.137245714664,34.2026031042686],[139.136866766228,34.2022137893012],[139.136559069157,34.2018976748539],[139.136459827423,34.2017690116273],[139.136368632317,34.2017113350084],[139.136258661747,34.201709116677],[139.135631024837,34.2017911949422],[139.135199189186,34.2017756666217],[139.134174585342,34.2017401733179],[139.134032428265,34.2017357366549],[139.133694469929,34.2018111599256],[139.133498668671,34.2018932381909],[139.133332371712,34.2019753164561],[139.13325458765,34.202015246423],[139.133166074753,34.2021039796827],[139.133136570454,34.202177184622],[139.133128523827,34.2022592628872],[139.133332371712,34.2030268055838],[139.133415520191,34.2033240620038],[139.133579134941,34.2040694213854],[139.13371860981,34.2044443194078],[139.133850038052,34.2048924223693],[139.133890271187,34.2051053821927],[139.133901000023,34.205480280215],[139.133852720261,34.2064385994199],[139.133742749691,34.2066249392653],[139.133600592613,34.2068423357516],[139.133552312851,34.2069177590224],[139.133455753326,34.2071151905253],[139.133404791355,34.2072593820723],[139.133386015892,34.2073126162893],[139.133332371712,34.2073237067511],[139.13328140974,34.2073325791206],[139.131725728512,34.2077761975954],[139.131441128767,34.2078647586229]]},"properties":{"id":"F028:2:SHP0016","feed_id":"F028","feed_slug":"kozushima-village-bus","municipality":"神津島村","service_name":"村営バス","license":"CC BY 4.0","source_route_id":"2","route_short_name":null,"route_long_name":"外回りルート：天上山・多幸湾キャンプ場・空港方面","route_desc":null,"route_type":3,"route_url":null,"route_color":null,"route_text_color":"000000","directions":["0"],"geometry_source":"shapes.txt"}},{"type":"Feature","id":"F028:3:SHP0003","geometry":{"type":"LineString","coordinates":[[139.131441128767,34.2078647586229],[139.131725728512,34.2077761975954],[139.13328140974,34.2073325791206],[139.133332371712,34.2073237067511],[139.133386015892,34.2073126162893],[139.133332371712,34.2074434837393],[139.133249223232,34.2076475482377],[139.133058786392,34.2079824801861],[139.132970273495,34.2081488371141],[139.132954180241,34.2082065075158],[139.132948815823,34.2082663960099],[139.132943451405,34.2083351568735],[139.132938086987,34.2084127901066],[139.132876396179,34.208783211533],[139.132887125015,34.2088453181194],[139.132908582687,34.2088941161517],[139.133112430573,34.2089362599067],[139.133332371712,34.2090005845856],[139.133431613445,34.2090338559712],[139.133469164371,34.2090560368949],[139.133509397507,34.2091536329594],[139.133439660072,34.209905566274],[139.133372604847,34.2101007584029],[139.133343100548,34.2101939182826],[139.133332371712,34.2102493705919],[139.133217036724,34.2107817127616],[139.133187532425,34.2108327288862],[139.133053421974,34.2109813410752],[139.132527709007,34.2115247737067],[139.132447242737,34.2115979707551],[139.132385551929,34.2116245878636],[139.132157564163,34.2116622954339],[139.131798148155,34.211704439189],[139.131765961647,34.2117133115585],[139.13173109293,34.2117244020204],[139.131637215614,34.2117798543297],[139.131516516209,34.2119817007357],[139.131465554237,34.2121569300332],[139.131476283073,34.2124319734876],[139.131449460983,34.2132925933285],[139.13154065609,34.2138604249762],[139.131529927254,34.2141753940932],[139.131532609463,34.2146301030298],[139.131524562836,34.2146833372468],[139.131492376328,34.2147343533714],[139.131269752979,34.2149716892553],[139.131178557873,34.2150892481511],[139.131047129631,34.2151957165851],[139.130953252316,34.2152600412639],[139.130896925926,34.2152777860029],[139.130859375,34.2152800040953],[139.130760133266,34.21528444028],[139.130709171295,34.2152977488343],[139.130676984787,34.215319929758],[139.13061529398,34.2153687277902],[139.130604565144,34.2154263981919],[139.13061529398,34.2155794465657],[139.130628705025,34.215652643614],[139.130693078041,34.2157790748793],[139.130789637566,34.2159321232531],[139.130859375,34.2159875755625],[139.130988121033,34.216056336426],[139.131157100201,34.2161317515667],[139.131849110126,34.2163446884346],[139.132849574089,34.2164821953345],[139.133166074753,34.2166197022344],[139.133222401142,34.2166507521796],[139.133278727531,34.2166684950054],[139.133286774158,34.2166707128586],[139.133332371712,34.2166840199779],[139.133402109146,34.2167061985102],[139.133917093277,34.2168170911714],[139.134053885937,34.2168392697036],[139.134102165699,34.2169080231536],[139.134169813266,34.2170540785862],[139.134247004986,34.2172207404582],[139.134265780449,34.2173759901839],[139.134279191494,34.2174979721112],[139.134287238121,34.2175622898548],[139.134306013584,34.2179193642239],[139.134314060211,34.2180102962061],[139.134284555912,34.2180613068302],[139.134056568146,34.2182121208495],[139.133707880974,34.2185980273105],[139.133536219597,34.2188020698071],[139.13347452879,34.2188774768168],[139.133473571035,34.2188790302456],[139.133404791355,34.2189905873312],[139.133361876011,34.2191391834972],[139.133332371712,34.2191946298278],[139.133273363113,34.219245640452],[139.133206307888,34.2192833439568],[139.133096337318,34.2193121760487],[139.131709635258,34.2195583577566],[139.13162112236,34.2195849719953],[139.131503105164,34.2196515075921],[139.131419956684,34.2197136074823],[139.131339490414,34.2198001037581],[139.131226837635,34.220006364108],[139.131162464619,34.2200950782369],[139.131060540676,34.2201970994852],[139.130904972553,34.2202991207336],[139.130859375,34.2203212992658],[139.13080573082,34.220343477798],[139.129598736763,34.2207205128462],[139.129491448402,34.2207914841494],[139.129417860572,34.2208734966473],[139.129368066788,34.2209289910493],[139.1289255023,34.2214479687038],[139.128807485104,34.2216076541359],[139.12876188755,34.2216985861181],[139.128609001637,34.2221266317904],[139.128590226173,34.222221999479],[139.128584861755,34.2223617242322],[139.1285982728,34.2224748347466],[139.128617048264,34.2225147561047],[139.128893315792,34.2227121450416],[139.128992557526,34.2227631556658],[139.12914276123,34.222805294877],[139.12922590971,34.2228097305835],[139.129319787025,34.2227942056109],[139.129456579685,34.2227520663997],[139.129727482796,34.2226833129497],[139.129968881607,34.222656698711],[139.13009762764,34.2226522630046],[139.130859375,34.2227210164545],[139.131272435188,34.2227986413174],[139.131366312504,34.2227986413174],[139.131438732147,34.2227764627851],[139.131465554237,34.2227698092254],[139.131516516209,34.2227365414271],[139.131570160389,34.2226677879771],[139.13162112236,34.2224925775724],[139.13167744875,34.2224415669482],[139.131739139557,34.2224127348563],[139.131846427917,34.2223839027644],[139.13194835186,34.2223417635532],[139.132042229176,34.222290752929],[139.132141470909,34.2221931673871],[139.132200479507,34.2221155425243],[139.132280945778,34.2220467890743],[139.132479429245,34.2220090855695],[139.13254648447,34.2219802534776],[139.132624268532,34.2219115000276],[139.13273692131,34.2219780356244],[139.132817387581,34.2220401355146],[139.132959544659,34.2221266317904],[139.13306415081,34.222162117442],[139.13331091404,34.2222042566532],[139.133332371712,34.2222064745065],[139.133369922638,34.2222153459194],[139.13344502449,34.2222486137177],[139.134104847908,34.2229671981624],[139.134187996387,34.2230159909333],[139.134287238121,34.2230470408785],[139.134504497051,34.2230270801995],[139.134708344936,34.2230292980527],[139.134799540043,34.2230647837043],[139.134877324104,34.2231047050623],[139.135062396526,34.2234240759266],[139.135150909424,34.2235305328814],[139.135266244411,34.2236148113039],[139.135403037071,34.2236791290474],[139.135545194149,34.2237168325522],[139.135708808899,34.2237744967361],[139.135845601559,34.2238454680392],[139.136036038399,34.2239674499666],[139.136261343956,34.2241182639858],[139.136800467968,34.2250009695691],[139.137041866779,34.2254290152414],[139.137100875378,34.2255310254875],[139.13742005825,34.2265843921589],[139.137481749058,34.2269214694937],[139.13755685091,34.2272430235302],[139.137664139271,34.2274625673207],[139.137731194496,34.2275446190404],[139.137733876705,34.2276311059881],[139.137733876705,34.2276776758831],[139.137744385475,34.2278528941376]]},"properties":{"id":"F028:3:SHP0003","feed_id":"F028","feed_slug":"kozushima-village-bus","municipality":"神津島村","service_name":"村営バス","license":"CC BY 4.0","source_route_id":"3","route_short_name":null,"route_long_name":"西海岸ルート：温泉保養センター・赤崎遊歩道方面","route_desc":null,"route_type":3,"route_url":null,"route_color":null,"route_text_color":"000000","directions":["1"],"geometry_source":"shapes.txt"}},{"type":"Feature","id":"F028:3:SHP0004","geometry":{"type":"LineString","coordinates":[[139.131441128767,34.2078647586229],[139.131725728512,34.2077761975954],[139.13328140974,34.2073325791206],[139.133332371712,34.2073237067511],[139.133386015892,34.2073126162893],[139.133332371712,34.2074434837393],[139.133249223232,34.2076475482377],[139.133058786392,34.2079824801861],[139.132970273495,34.2081488371141],[139.132954180241,34.2082065075158],[139.132948815823,34.2082663960099],[139.132943451405,34.2083351568735],[139.132938086987,34.2084127901066],[139.132876396179,34.208783211533],[139.132887125015,34.2088453181194],[139.132908582687,34.2088941161517],[139.133112430573,34.2089362599067],[139.133332371712,34.2090005845856],[139.133431613445,34.2090338559712],[139.133469164371,34.2090560368949],[139.133509397507,34.2091536329594],[139.133439660072,34.209905566274],[139.133372604847,34.2101007584029],[139.133343100548,34.2101939182826],[139.133332371712,34.2102493705919],[139.133217036724,34.2107817127616],[139.133187532425,34.2108327288862],[139.133053421974,34.2109813410752],[139.132527709007,34.2115247737067],[139.132447242737,34.2115979707551],[139.132385551929,34.2116245878636],[139.132157564163,34.2116622954339],[139.131798148155,34.211704439189],[139.131765961647,34.2117133115585],[139.13173109293,34.2117244020204],[139.131637215614,34.2117798543297],[139.131516516209,34.2119817007357],[139.131465554237,34.2121569300332],[139.131476283073,34.2124319734876],[139.131449460983,34.2132925933285],[139.13154065609,34.2138604249762],[139.131529927254,34.2141753940932],[139.131532609463,34.2146301030298],[139.131524562836,34.2146833372468],[139.131492376328,34.2147343533714],[139.131269752979,34.2149716892553],[139.131178557873,34.2150892481511],[139.131047129631,34.2151957165851],[139.130953252316,34.2152600412639],[139.130896925926,34.2152777860029],[139.130859375,34.2152800040953],[139.130760133266,34.21528444028],[139.130709171295,34.2152977488343],[139.130676984787,34.215319929758],[139.13061529398,34.2153687277902],[139.130604565144,34.2154263981919],[139.13061529398,34.2155794465657],[139.130628705025,34.215652643614],[139.130693078041,34.2157790748793],[139.130789637566,34.2159321232531],[139.130859375,34.2159875755625],[139.130988121033,34.216056336426],[139.131157100201,34.2161317515667],[139.131849110126,34.2163446884346],[139.132849574089,34.2164821953345],[139.133166074753,34.2166197022344],[139.133222401142,34.2166507521796],[139.133278727531,34.2166684950054],[139.133286774158,34.2166707128586],[139.133332371712,34.2166840199779],[139.133402109146,34.2167061985102],[139.133917093277,34.2168170911714],[139.134053885937,34.2168392697036],[139.134102165699,34.2169080231536],[139.134169813266,34.2170540785862],[139.134247004986,34.2172207404582],[139.134265780449,34.2173759901839],[139.134279191494,34.2174979721112],[139.134287238121,34.2175622898548],[139.134306013584,34.2179193642239],[139.134314060211,34.2180102962061],[139.134284555912,34.2180613068302],[139.134056568146,34.2182121208495],[139.133707880974,34.2185980273105],[139.133536219597,34.2188020698071],[139.13347452879,34.2188774768168],[139.133473571035,34.2188790302456],[139.133404791355,34.2189905873312],[139.133361876011,34.2191391834972],[139.133332371712,34.2191946298278],[139.133273363113,34.219245640452],[139.133206307888,34.2192833439568],[139.133096337318,34.2193121760487],[139.131709635258,34.2195583577566],[139.13162112236,34.2195849719953],[139.131503105164,34.2196515075921],[139.131419956684,34.2197136074823],[139.131339490414,34.2198001037581],[139.131226837635,34.220006364108],[139.131162464619,34.2200950782369],[139.131060540676,34.2201970994852],[139.130904972553,34.2202991207336],[139.130859375,34.2203212992658],[139.13080573082,34.220343477798],[139.129598736763,34.2207205128462],[139.129491448402,34.2207914841494],[139.129417860572,34.2208734966473],[139.129368066788,34.2209289910493],[139.1289255023,34.2214479687038],[139.128807485104,34.2216076541359],[139.12876188755,34.2216985861181],[139.128609001637,34.2221266317904],[139.128590226173,34.222221999479],[139.128584861755,34.2223617242322],[139.1285982728,34.2224748347466],[139.128617048264,34.2225147561047],[139.128893315792,34.2227121450416],[139.128992557526,34.2227631556658],[139.12914276123,34.222805294877],[139.12922590971,34.2228097305835],[139.129319787025,34.2227942056109],[139.129456579685,34.2227520663997],[139.129727482796,34.2226833129497],[139.129968881607,34.222656698711],[139.13009762764,34.2226522630046],[139.130859375,34.2227210164545],[139.131272435188,34.2227986413174],[139.131366312504,34.2227986413174],[139.131438732147,34.2227764627851],[139.131465554237,34.2227698092254],[139.131516516209,34.2227365414271],[139.131570160389,34.2226677879771],[139.13162112236,34.2224925775724],[139.13167744875,34.2224415669482],[139.131739139557,34.2224127348563],[139.131846427917,34.2223839027644],[139.13194835186,34.2223417635532],[139.132042229176,34.222290752929],[139.132141470909,34.2221931673871],[139.132200479507,34.2221155425243],[139.132280945778,34.2220467890743],[139.132479429245,34.2220090855695],[139.13254648447,34.2219802534776],[139.132624268532,34.2219115000276],[139.13273692131,34.2219780356244],[139.132817387581,34.2220401355146],[139.132959544659,34.2221266317904],[139.13306415081,34.222162117442],[139.13331091404,34.2222042566532],[139.133332371712,34.2222064745065],[139.133369922638,34.2222153459194],[139.13344502449,34.2222486137177],[139.134104847908,34.2229671981624],[139.134187996387,34.2230159909333],[139.134287238121,34.2230470408785],[139.134504497051,34.2230270801995],[139.134708344936,34.2230292980527],[139.134799540043,34.2230647837043],[139.134877324104,34.2231047050623],[139.135062396526,34.2234240759266],[139.135150909424,34.2235305328814],[139.135266244411,34.2236148113039],[139.135403037071,34.2236791290474],[139.135545194149,34.2237168325522],[139.135708808899,34.2237744967361],[139.135845601559,34.2238454680392],[139.136036038399,34.2239674499666],[139.136261343956,34.2241182639858],[139.136800467968,34.2250009695691],[139.137041866779,34.2254290152414],[139.137100875378,34.2255310254875],[139.13742005825,34.2265843921589],[139.137481749058,34.2269214694937],[139.13755685091,34.2272430235302],[139.137664139271,34.2274625673207],[139.137731194496,34.2275446190404],[139.137733876705,34.2276311059881],[139.137733876705,34.2276776758831],[139.137744385475,34.2278528941376],[139.137749969959,34.2279460071825],[139.137607812881,34.228462711255],[139.137513935566,34.2286379027645],[139.137430787086,34.2287465658528],[139.137256443501,34.2289195397483],[139.137114286423,34.2290392909067],[139.13701236248,34.2290792079595],[139.136894345284,34.2291679125213],[139.136779010296,34.2292610523112],[139.136706590652,34.2293785858556],[139.13668513298,34.2294783784876],[139.13668513298,34.2295759535056],[139.13676828146,34.2298864194719],[139.13684874773,34.2301237041747],[139.136808514595,34.2304940457202],[139.136779010296,34.2307113718966],[139.136738777161,34.2308998690905],[139.136706590652,34.2309442213714],[139.13652151823,34.2311038895826],[139.136258661747,34.231518583409],[139.13619697094,34.2316294641113],[139.136183559895,34.2317070806029],[139.136202335358,34.2319709766742],[139.13616746664,34.2322969659388],[139.136170148849,34.2323790176585],[139.136194288731,34.2324388932377],[139.136328399181,34.2326872660107],[139.136379361153,34.2328757632046],[139.136406183243,34.2331063950653],[139.136408865452,34.2332571928203],[139.136400818825,34.2333148507855],[139.136390089989,34.2333348093119],[139.136347174644,34.2334279491018],[139.136269390583,34.2335565707164],[139.13619697094,34.2336386224361],[139.135749042034,34.2339158241917],[139.135668575764,34.2339912230692],[139.135577380657,34.234126497526],[139.135381579399,34.2345123623698],[139.135360121727,34.2345700141155],[139.135338664055,34.2347584909766],[139.135341346264,34.2348915334667],[139.1353520751,34.2349314462138],[139.13540571928,34.2350157064575],[139.135496914387,34.2351154883251],[139.135521054268,34.2351797921954],[139.135555922985,34.235441442426],[139.135566651821,34.2355944412897],[139.135590791702,34.2356742667838],[139.135644435883,34.2357829181507],[139.135730266571,34.2359070911415],[139.135829508305,34.2360157425085],[139.136287544659,34.2362847885543],[139.13644105196,34.2363749572319],[139.136669039726,34.2365479124691],[139.137052595615,34.2368672144455],[139.137135744095,34.2369448225647],[139.137232303619,34.237022430684],[139.137323498726,34.2370800824297],[139.138069152832,34.2373816454074],[139.138133525848,34.2374304276538],[139.138254225254,34.2375745570181],[139.138275682926,34.237643295638],[139.138275682926,34.2377075995082],[139.138055741787,34.2384681590769],[139.138050377369,34.238521376073],[139.138071835041,34.2387054181844],[139.138066470623,34.2387630699301],[139.138018190861,34.2388384606745],[139.137959182262,34.2388961124203],[139.137886762619,34.2389848074137],[139.137835800648,34.2390668502826],[139.137800931931,34.2391732842747],[139.137787520885,34.2392863703914],[139.137811660767,34.2396544546141],[139.137779474258,34.2397320627334],[139.137664139271,34.2398695399732],[139.13763999939,34.2399227569692],[139.137626588345,34.2399737565905],[139.137629270554,34.2399914955892],[139.137629270554,34.240038]]},"properties":{"id":"F028:3:SHP0004","feed_id":"F028","feed_slug":"kozushima-village-bus","municipality":"神津島村","service_name":"村営バス","license":"CC BY 4.0","source_route_id":"3","route_short_name":null,"route_long_name":"西海岸ルート：温泉保養センター・赤崎遊歩道方面","route_desc":null,"route_type":3,"route_url":null,"route_color":null,"route_text_color":"000000","directions":["1"],"geometry_source":"shapes.txt"}},{"type":"Feature","id":"F028:3:SHP0005","geometry":{"type":"LineString","coordinates":[[139.137744385475,34.2278528941376],[139.137733876705,34.2276776758831],[139.137733876705,34.2276311059881],[139.137731194496,34.2275446190404],[139.137664139271,34.2274625673207],[139.13755685091,34.2272430235302],[139.137481749058,34.2269214694937],[139.13742005825,34.2265843921589],[139.137100875378,34.2255310254875],[139.137041866779,34.2254290152414],[139.136800467968,34.2250009695691],[139.136261343956,34.2241182639858],[139.136036038399,34.2239674499666],[139.135845601559,34.2238454680392],[139.135708808899,34.2237744967361],[139.135545194149,34.2237168325522],[139.135403037071,34.2236791290474],[139.135266244411,34.2236148113039],[139.135150909424,34.2235305328814],[139.135062396526,34.2234240759266],[139.134877324104,34.2231047050623],[139.134799540043,34.2230647837043],[139.134708344936,34.2230292980527],[139.134504497051,34.2230270801995],[139.134287238121,34.2230470408785],[139.134187996387,34.2230159909333],[139.134104847908,34.2229671981624],[139.13344502449,34.2222486137177],[139.133369922638,34.2222153459194],[139.133332371712,34.2222064745065],[139.13331091404,34.2222042566532],[139.13306415081,34.222162117442],[139.132959544659,34.2221266317904],[139.132817387581,34.2220401355146],[139.13273692131,34.2219780356244],[139.132624268532,34.2219115000276],[139.13254648447,34.2219802534776],[139.132479429245,34.2220090855695],[139.132280945778,34.2220467890743],[139.132200479507,34.2221155425243],[139.132141470909,34.2221931673871],[139.132042229176,34.222290752929],[139.13194835186,34.2223417635532],[139.131846427917,34.2223839027644],[139.131739139557,34.2224127348563],[139.13167744875,34.2224415669482],[139.13162112236,34.2224925775724],[139.131570160389,34.2226677879771],[139.131516516209,34.2227365414271],[139.131465554237,34.2227698092254],[139.131438732147,34.2227764627851],[139.131366312504,34.2227986413174],[139.131272435188,34.2227986413174],[139.130859375,34.2227210164545],[139.13009762764,34.2226522630046],[139.129968881607,34.222656698711],[139.129727482796,34.2226833129497],[139.129456579685,34.2227520663997],[139.129319787025,34.2227942056109],[139.12922590971,34.2228097305835],[139.12914276123,34.222805294877],[139.128992557526,34.2227631556658],[139.128893315792,34.2227121450416],[139.128617048264,34.2225147561047],[139.1285982728,34.2224748347466],[139.128584861755,34.2223617242322],[139.128590226173,34.222221999479],[139.128609001637,34.2221266317904],[139.12876188755,34.2216985861181],[139.128807485104,34.2216076541359],[139.1289255023,34.2214479687038],[139.129368066788,34.2209289910493],[139.129417860572,34.2208734966473],[139.129491448402,34.2207914841494],[139.129598736763,34.2207205128462],[139.13080573082,34.220343477798],[139.130859375,34.2203212992658],[139.130904972553,34.2202991207336],[139.131060540676,34.2201970994852],[139.131162464619,34.2200950782369],[139.131226837635,34.220006364108],[139.131339490414,34.2198001037581],[139.131419956684,34.2197136074823],[139.131503105164,34.2196515075921],[139.13162112236,34.2195849719953],[139.131709635258,34.2195583577566],[139.133096337318,34.2193121760487],[139.133206307888,34.2192833439568],[139.133273363113,34.219245640452],[139.133332371712,34.2191946298278],[139.133361876011,34.2191391834972],[139.133404791355,34.2189905873312],[139.133473571035,34.2188790302456],[139.13347452879,34.2188774768168],[139.133536219597,34.2188020698071],[139.133707880974,34.2185980273105],[139.134056568146,34.2182121208495],[139.134284555912,34.2180613068302],[139.134314060211,34.2180102962061],[139.134306013584,34.2179193642239],[139.134287238121,34.2175622898548],[139.134279191494,34.2174979721112],[139.134265780449,34.2173759901839],[139.134247004986,34.2172207404582],[139.134169813266,34.2170540785862],[139.134102165699,34.2169080231536],[139.134053885937,34.2168392697036],[139.133917093277,34.2168170911714],[139.133402109146,34.2167061985102],[139.133332371712,34.2166840199779],[139.133286774158,34.2166707128586],[139.133278727531,34.2166684950054],[139.133222401142,34.2166507521796],[139.133166074753,34.2166197022344],[139.132849574089,34.2164821953345],[139.131849110126,34.2163446884346],[139.131157100201,34.2161317515667],[139.130988121033,34.216056336426],[139.130859375,34.2159875755625],[139.130789637566,34.2159321232531],[139.130693078041,34.2157790748793],[139.130628705025,34.215652643614],[139.13061529398,34.2155794465657],[139.130604565144,34.2154263981919],[139.13061529398,34.2153687277902],[139.130676984787,34.215319929758],[139.130709171295,34.2152977488343],[139.130760133266,34.21528444028],[139.130859375,34.2152800040953],[139.130896925926,34.2152777860029],[139.130953252316,34.2152600412639],[139.131047129631,34.2151957165851],[139.131178557873,34.2150892481511],[139.131269752979,34.2149716892553],[139.131492376328,34.2147343533714],[139.131524562836,34.2146833372468],[139.131532609463,34.2146301030298],[139.131529927254,34.2141753940932],[139.13154065609,34.2138604249762],[139.131449460983,34.2132925933285],[139.131476283073,34.2124319734876],[139.131465554237,34.2121569300332],[139.131516516209,34.2119817007357],[139.131637215614,34.2117798543297],[139.13173109293,34.2117244020204],[139.131765961647,34.2117133115585],[139.131798148155,34.211704439189],[139.132157564163,34.2116622954339],[139.132385551929,34.2116245878636],[139.132447242737,34.2115979707551],[139.132527709007,34.2115247737067],[139.133053421974,34.2109813410752],[139.133187532425,34.2108327288862],[139.133217036724,34.2107817127616],[139.133332371712,34.2102493705919],[139.133343100548,34.2101939182826],[139.133372604847,34.2101007584029],[139.133439660072,34.209905566274],[139.133509397507,34.2091536329594],[139.133469164371,34.2090560368949],[139.133431613445,34.2090338559712],[139.133332371712,34.2090005845856],[139.133112430573,34.2089362599067],[139.132908582687,34.2088941161517],[139.132887125015,34.2088453181194],[139.132876396179,34.208783211533],[139.132938086987,34.2084127901066],[139.132943451405,34.2083351568735],[139.132948815823,34.2082663960099],[139.132954180241,34.2082065075158],[139.132970273495,34.2081488371141],[139.133058786392,34.2079824801861],[139.133249223232,34.2076475482377],[139.133332371712,34.2074434837393],[139.133386015892,34.2073126162893],[139.133332371712,34.2073237067511],[139.13328140974,34.2073325791206],[139.131725728512,34.2077761975954],[139.131441128767,34.2078647586229]]},"properties":{"id":"F028:3:SHP0005","feed_id":"F028","feed_slug":"kozushima-village-bus","municipality":"神津島村","service_name":"村営バス","license":"CC BY 4.0","source_route_id":"3","route_short_name":null,"route_long_name":"西海岸ルート：温泉保養センター・赤崎遊歩道方面","route_desc":null,"route_type":3,"route_url":null,"route_color":null,"route_text_color":"000000","directions":["0"],"geometry_source":"shapes.txt"}},{"type":"Feature","id":"F028:3:SHP0006","geometry":{"type":"LineString","coordinates":[[139.137629270554,34.240038],[139.137629270554,34.2399914955892],[139.137626588345,34.2399737565905],[139.13763999939,34.2399227569692],[139.137664139271,34.2398695399732],[139.137779474258,34.2397320627334],[139.137811660767,34.2396544546141],[139.137787520885,34.2392863703914],[139.137800931931,34.2391732842747],[139.137835800648,34.2390668502826],[139.137886762619,34.2389848074137],[139.137959182262,34.2388961124203],[139.138018190861,34.2388384606745],[139.138066470623,34.2387630699301],[139.138071835041,34.2387054181844],[139.138050377369,34.238521376073],[139.138055741787,34.2384681590769],[139.138275682926,34.2377075995082],[139.138275682926,34.237643295638],[139.138254225254,34.2375745570181],[139.138133525848,34.2374304276538],[139.138069152832,34.2373816454074],[139.137323498726,34.2370800824297],[139.137232303619,34.237022430684],[139.137135744095,34.2369448225647],[139.137052595615,34.2368672144455],[139.136669039726,34.2365479124691],[139.13644105196,34.2363749572319],[139.136287544659,34.2362847885543],[139.135829508305,34.2360157425085],[139.135730266571,34.2359070911415],[139.135644435883,34.2357829181507],[139.135590791702,34.2356742667838],[139.135566651821,34.2355944412897],[139.135555922985,34.235441442426],[139.135521054268,34.2351797921954],[139.135496914387,34.2351154883251],[139.13540571928,34.2350157064575],[139.1353520751,34.2349314462138],[139.135341346264,34.2348915334667],[139.135338664055,34.2347584909766],[139.135360121727,34.2345700141155],[139.135381579399,34.2345123623698],[139.135577380657,34.234126497526],[139.135668575764,34.2339912230692],[139.135749042034,34.2339158241917],[139.13619697094,34.2336386224361],[139.136269390583,34.2335565707164],[139.136347174644,34.2334279491018],[139.136390089989,34.2333348093119],[139.136400818825,34.2333148507855],[139.136408865452,34.2332571928203],[139.136406183243,34.2331063950653],[139.136379361153,34.2328757632046],[139.136328399181,34.2326872660107],[139.136194288731,34.2324388932377],[139.136170148849,34.2323790176585],[139.13616746664,34.2322969659388],[139.136202335358,34.2319709766742],[139.136183559895,34.2317070806029],[139.13619697094,34.2316294641113],[139.136258661747,34.231518583409],[139.13652151823,34.2311038895826],[139.136706590652,34.2309442213714],[139.136738777161,34.2308998690905],[139.136779010296,34.2307113718966],[139.136808514595,34.2304940457202],[139.13684874773,34.2301237041747],[139.13676828146,34.2298864194719],[139.13668513298,34.2295759535056],[139.13668513298,34.2294783784876],[139.136706590652,34.2293785858556],[139.136779010296,34.2292610523112],[139.136894345284,34.2291679125213],[139.13701236248,34.2290792079595],[139.137114286423,34.2290392909067],[139.137256443501,34.2289195397483],[139.137430787086,34.2287465658528],[139.137513935566,34.2286379027645],[139.137607812881,34.228462711255],[139.137749969959,34.2279460071825],[139.137744385475,34.2278528941376],[139.137733876705,34.2276776758831],[139.137733876705,34.2276311059881],[139.137731194496,34.2275446190404],[139.137664139271,34.2274625673207],[139.13755685091,34.2272430235302],[139.137481749058,34.2269214694937],[139.13742005825,34.2265843921589],[139.137100875378,34.2255310254875],[139.137041866779,34.2254290152414],[139.136800467968,34.2250009695691],[139.136261343956,34.2241182639858],[139.136036038399,34.2239674499666],[139.135845601559,34.2238454680392],[139.135708808899,34.2237744967361],[139.135545194149,34.2237168325522],[139.135403037071,34.2236791290474],[139.135266244411,34.2236148113039],[139.135150909424,34.2235305328814],[139.135062396526,34.2234240759266],[139.134877324104,34.2231047050623],[139.134799540043,34.2230647837043],[139.134708344936,34.2230292980527],[139.134504497051,34.2230270801995],[139.134287238121,34.2230470408785],[139.134187996387,34.2230159909333],[139.134104847908,34.2229671981624],[139.13344502449,34.2222486137177],[139.133369922638,34.2222153459194],[139.133332371712,34.2222064745065],[139.13331091404,34.2222042566532],[139.13306415081,34.222162117442],[139.132959544659,34.2221266317904],[139.132817387581,34.2220401355146],[139.13273692131,34.2219780356244],[139.132624268532,34.2219115000276],[139.13254648447,34.2219802534776],[139.132479429245,34.2220090855695],[139.132280945778,34.2220467890743],[139.132200479507,34.2221155425243],[139.132141470909,34.2221931673871],[139.132042229176,34.222290752929],[139.13194835186,34.2223417635532],[139.131846427917,34.2223839027644],[139.131739139557,34.2224127348563],[139.13167744875,34.2224415669482],[139.13162112236,34.2224925775724],[139.131570160389,34.2226677879771],[139.131516516209,34.2227365414271],[139.131465554237,34.2227698092254],[139.131438732147,34.2227764627851],[139.131366312504,34.2227986413174],[139.131272435188,34.2227986413174],[139.130859375,34.2227210164545],[139.13009762764,34.2226522630046],[139.129968881607,34.222656698711],[139.129727482796,34.2226833129497],[139.129456579685,34.2227520663997],[139.129319787025,34.2227942056109],[139.12922590971,34.2228097305835],[139.12914276123,34.222805294877],[139.128992557526,34.2227631556658],[139.128893315792,34.2227121450416],[139.128617048264,34.2225147561047],[139.1285982728,34.2224748347466],[139.128584861755,34.2223617242322],[139.128590226173,34.222221999479],[139.128609001637,34.2221266317904],[139.12876188755,34.2216985861181],[139.128807485104,34.2216076541359],[139.1289255023,34.2214479687038],[139.129368066788,34.2209289910493],[139.129417860572,34.2208734966473],[139.129491448402,34.2207914841494],[139.129598736763,34.2207205128462],[139.13080573082,34.220343477798],[139.130859375,34.2203212992658],[139.130904972553,34.2202991207336],[139.131060540676,34.2201970994852],[139.131162464619,34.2200950782369],[139.131226837635,34.220006364108],[139.131339490414,34.2198001037581],[139.131419956684,34.2197136074823],[139.131503105164,34.2196515075921],[139.13162112236,34.2195849719953],[139.131709635258,34.2195583577566],[139.133096337318,34.2193121760487],[139.133206307888,34.2192833439568],[139.133273363113,34.219245640452],[139.133332371712,34.2191946298278],[139.133361876011,34.2191391834972],[139.133404791355,34.2189905873312],[139.133473571035,34.2188790302456],[139.13347452879,34.2188774768168],[139.133536219597,34.2188020698071],[139.133707880974,34.2185980273105],[139.134056568146,34.2182121208495],[139.134284555912,34.2180613068302],[139.134314060211,34.2180102962061],[139.134306013584,34.2179193642239],[139.134287238121,34.2175622898548],[139.134279191494,34.2174979721112],[139.134265780449,34.2173759901839],[139.134247004986,34.2172207404582],[139.134169813266,34.2170540785862],[139.134102165699,34.2169080231536],[139.134053885937,34.2168392697036],[139.133917093277,34.2168170911714],[139.133402109146,34.2167061985102],[139.133332371712,34.2166840199779],[139.133286774158,34.2166707128586],[139.133278727531,34.2166684950054],[139.133222401142,34.2166507521796],[139.133166074753,34.2166197022344],[139.132849574089,34.2164821953345],[139.131849110126,34.2163446884346],[139.131157100201,34.2161317515667],[139.130988121033,34.216056336426],[139.130859375,34.2159875755625],[139.130789637566,34.2159321232531],[139.130693078041,34.2157790748793],[139.130628705025,34.215652643614],[139.13061529398,34.2155794465657],[139.130604565144,34.2154263981919],[139.13061529398,34.2153687277902],[139.130676984787,34.215319929758],[139.130709171295,34.2152977488343],[139.130760133266,34.21528444028],[139.130859375,34.2152800040953],[139.130896925926,34.2152777860029],[139.130953252316,34.2152600412639],[139.131047129631,34.2151957165851],[139.131178557873,34.2150892481511],[139.131269752979,34.2149716892553],[139.131492376328,34.2147343533714],[139.131524562836,34.2146833372468],[139.131532609463,34.2146301030298],[139.131529927254,34.2141753940932],[139.13154065609,34.2138604249762],[139.131449460983,34.2132925933285],[139.131476283073,34.2124319734876],[139.131465554237,34.2121569300332],[139.131516516209,34.2119817007357],[139.131637215614,34.2117798543297],[139.13173109293,34.2117244020204],[139.131765961647,34.2117133115585],[139.131798148155,34.211704439189],[139.132157564163,34.2116622954339],[139.132385551929,34.2116245878636],[139.132447242737,34.2115979707551],[139.132527709007,34.2115247737067],[139.133053421974,34.2109813410752],[139.133187532425,34.2108327288862],[139.133217036724,34.2107817127616],[139.133332371712,34.2102493705919],[139.133343100548,34.2101939182826],[139.133372604847,34.2101007584029],[139.133439660072,34.209905566274],[139.133509397507,34.2091536329594],[139.133469164371,34.2090560368949],[139.133431613445,34.2090338559712],[139.133332371712,34.2090005845856],[139.133112430573,34.2089362599067],[139.132908582687,34.2088941161517],[139.132887125015,34.2088453181194],[139.132876396179,34.208783211533],[139.132938086987,34.2084127901066],[139.132943451405,34.2083351568735],[139.132948815823,34.2082663960099],[139.132954180241,34.2082065075158],[139.132970273495,34.2081488371141],[139.133058786392,34.2079824801861],[139.133249223232,34.2076475482377],[139.133332371712,34.2074434837393],[139.133386015892,34.2073126162893],[139.133332371712,34.2073237067511],[139.13328140974,34.2073325791206],[139.131725728512,34.2077761975954],[139.131441128767,34.2078647586229]]},"properties":{"id":"F028:3:SHP0006","feed_id":"F028","feed_slug":"kozushima-village-bus","municipality":"神津島村","service_name":"村営バス","license":"CC BY 4.0","source_route_id":"3","route_short_name":null,"route_long_name":"西海岸ルート：温泉保養センター・赤崎遊歩道方面","route_desc":null,"route_type":3,"route_url":null,"route_color":null,"route_text_color":"000000","directions":["0"],"geometry_source":"shapes.txt"}},{"type":"Feature","id":"F028:3:SHP0017","geometry":{"type":"LineString","coordinates":[[139.131441128767,34.2078647586229],[139.131725728512,34.2077761975954],[139.13328140974,34.2073325791206],[139.133332371712,34.2073237067511],[139.133386015892,34.2073126162893],[139.133332371712,34.2074434837393],[139.133249223232,34.2076475482377],[139.133058786392,34.2079824801861],[139.132970273495,34.2081488371141],[139.132954180241,34.2082065075158],[139.132948815823,34.2082663960099],[139.132943451405,34.2083351568735],[139.132938086987,34.2084127901066],[139.132876396179,34.208783211533],[139.132887125015,34.2088453181194],[139.132908582687,34.2088941161517],[139.133112430573,34.2089362599067],[139.133332371712,34.2090005845856],[139.133431613445,34.2090338559712],[139.133469164371,34.2090560368949],[139.133509397507,34.2091536329594],[139.133439660072,34.209905566274],[139.133372604847,34.2101007584029],[139.133343100548,34.2101939182826],[139.133332371712,34.2102493705919],[139.133217036724,34.2107817127616],[139.133187532425,34.2108327288862],[139.133053421974,34.2109813410752],[139.132527709007,34.2115247737067],[139.132447242737,34.2115979707551],[139.132385551929,34.2116245878636],[139.132157564163,34.2116622954339],[139.131798148155,34.211704439189],[139.131765961647,34.2117133115585],[139.13173109293,34.2117244020204],[139.131637215614,34.2117798543297],[139.131516516209,34.2119817007357],[139.131465554237,34.2121569300332],[139.131476283073,34.2124319734876],[139.131449460983,34.2132925933285],[139.13154065609,34.2138604249762],[139.131529927254,34.2141753940932],[139.131532609463,34.2146301030298],[139.131524562836,34.2146833372468],[139.131492376328,34.2147343533714],[139.131269752979,34.2149716892553],[139.131178557873,34.2150892481511],[139.131047129631,34.2151957165851],[139.130953252316,34.2152600412639],[139.130896925926,34.2152777860029],[139.130859375,34.2152800040953],[139.130760133266,34.21528444028],[139.130709171295,34.2152977488343],[139.130676984787,34.215319929758],[139.13061529398,34.2153687277902],[139.130604565144,34.2154263981919],[139.13061529398,34.2155794465657],[139.130628705025,34.215652643614],[139.130693078041,34.2157790748793],[139.130789637566,34.2159321232531],[139.130859375,34.2159875755625],[139.130988121033,34.216056336426],[139.131157100201,34.2161317515667],[139.131849110126,34.2163446884346],[139.132849574089,34.2164821953345],[139.133166074753,34.2166197022344],[139.133222401142,34.2166507521796],[139.133278727531,34.2166684950054],[139.133286774158,34.2166707128586],[139.133332371712,34.2166840199779],[139.133402109146,34.2167061985102],[139.133917093277,34.2168170911714],[139.134053885937,34.2168392697036],[139.134102165699,34.2169080231536],[139.134169813266,34.2170540785862],[139.134247004986,34.2172207404582],[139.134265780449,34.2173759901839],[139.134279191494,34.2174979721112],[139.134287238121,34.2175622898548],[139.134306013584,34.2179193642239],[139.134314060211,34.2180102962061],[139.134284555912,34.2180613068302],[139.134056568146,34.2182121208495],[139.133707880974,34.2185980273105],[139.133536219597,34.2188020698071],[139.13347452879,34.2188774768168],[139.133473571035,34.2188790302456],[139.133404791355,34.2189905873312],[139.133361876011,34.2191391834972],[139.133332371712,34.2191946298278],[139.133273363113,34.219245640452],[139.133206307888,34.2192833439568],[139.133096337318,34.2193121760487],[139.131709635258,34.2195583577566],[139.13162112236,34.2195849719953],[139.131503105164,34.2196515075921],[139.131419956684,34.2197136074823],[139.131339490414,34.2198001037581],[139.131226837635,34.220006364108],[139.131162464619,34.2200950782369],[139.131060540676,34.2201970994852],[139.130904972553,34.2202991207336],[139.130859375,34.2203212992658],[139.13080573082,34.220343477798],[139.129598736763,34.2207205128462],[139.129491448402,34.2207914841494],[139.129417860572,34.2208734966473],[139.129368066788,34.2209289910493],[139.1289255023,34.2214479687038],[139.128807485104,34.2216076541359],[139.12876188755,34.2216985861181],[139.128609001637,34.2221266317904],[139.128590226173,34.222221999479],[139.128584861755,34.2223617242322],[139.1285982728,34.2224748347466],[139.128617048264,34.2225147561047],[139.128893315792,34.2227121450416],[139.128992557526,34.2227631556658],[139.12914276123,34.222805294877],[139.12922590971,34.2228097305835],[139.129319787025,34.2227942056109],[139.129456579685,34.2227520663997],[139.129727482796,34.2226833129497],[139.129968881607,34.222656698711],[139.13009762764,34.2226522630046],[139.130859375,34.2227210164545],[139.131272435188,34.2227986413174],[139.131366312504,34.2227986413174],[139.131438732147,34.2227764627851],[139.131465554237,34.2227698092254],[139.131516516209,34.2227365414271],[139.131570160389,34.2226677879771],[139.13162112236,34.2224925775724],[139.13167744875,34.2224415669482],[139.131739139557,34.2224127348563],[139.131846427917,34.2223839027644],[139.13194835186,34.2223417635532],[139.132042229176,34.222290752929],[139.132141470909,34.2221931673871],[139.132200479507,34.2221155425243],[139.132280945778,34.2220467890743],[139.132479429245,34.2220090855695],[139.13254648447,34.2219802534776],[139.132624268532,34.2219115000276],[139.13273692131,34.2219780356244],[139.132817387581,34.2220401355146],[139.132959544659,34.2221266317904],[139.13306415081,34.222162117442],[139.13331091404,34.2222042566532],[139.133332371712,34.2222064745065],[139.133369922638,34.2222153459194],[139.13344502449,34.2222486137177],[139.134104847908,34.2229671981624],[139.134187996387,34.2230159909333],[139.134287238121,34.2230470408785],[139.134504497051,34.2230270801995],[139.134708344936,34.2230292980527],[139.134799540043,34.2230647837043],[139.134877324104,34.2231047050623],[139.135062396526,34.2234240759266],[139.135150909424,34.2235305328814],[139.135266244411,34.2236148113039],[139.135403037071,34.2236791290474],[139.135545194149,34.2237168325522],[139.135708808899,34.2237744967361],[139.135845601559,34.2238454680392],[139.136036038399,34.2239674499666],[139.136261343956,34.2241182639858],[139.136800467968,34.2250009695691],[139.137041866779,34.2254290152414],[139.137100875378,34.2255310254875],[139.13742005825,34.2265843921589],[139.137481749058,34.2269214694937],[139.13755685091,34.2272430235302],[139.137664139271,34.2274625673207],[139.137731194496,34.2275446190404],[139.137733876705,34.2276311059881],[139.137733876705,34.2276776758831],[139.137744385475,34.2278528941376],[139.137749969959,34.2279460071825],[139.137607812881,34.228462711255],[139.137513935566,34.2286379027645],[139.137430787086,34.2287465658528],[139.137256443501,34.2289195397483],[139.137114286423,34.2290392909067],[139.13701236248,34.2290792079595],[139.136894345284,34.2291679125213],[139.136779010296,34.2292610523112],[139.136706590652,34.2293785858556],[139.13668513298,34.2294783784876],[139.13668513298,34.2295759535056],[139.13676828146,34.2298864194719],[139.13684874773,34.2301237041747],[139.136808514595,34.2304940457202],[139.136779010296,34.2307113718966],[139.136738777161,34.2308998690905],[139.136706590652,34.2309442213714],[139.13652151823,34.2311038895826],[139.136258661747,34.231518583409],[139.13619697094,34.2316294641113],[139.136183559895,34.2317070806029],[139.136202335358,34.2319709766742],[139.13616746664,34.2322969659388],[139.136170148849,34.2323790176585],[139.136194288731,34.2324388932377],[139.136328399181,34.2326872660107],[139.136379361153,34.2328757632046],[139.136406183243,34.2331063950653],[139.136408865452,34.2332571928203],[139.136400818825,34.2333148507855],[139.136390089989,34.2333348093119],[139.136347174644,34.2334279491018],[139.136269390583,34.2335565707164],[139.13619697094,34.2336386224361],[139.135749042034,34.2339158241917],[139.135668575764,34.2339912230692],[139.135577380657,34.234126497526],[139.135381579399,34.2345123623698],[139.135360121727,34.2345700141155],[139.135338664055,34.2347584909766],[139.135341346264,34.2348915334667],[139.1353520751,34.2349314462138],[139.13540571928,34.2350157064575],[139.135496914387,34.2351154883251],[139.135521054268,34.2351797921954],[139.135555922985,34.235441442426],[139.135566651821,34.2355944412897],[139.135590791702,34.2356742667838],[139.135644435883,34.2357829181507],[139.135730266571,34.2359070911415],[139.135829508305,34.2360157425085],[139.136287544659,34.2362847885543],[139.13644105196,34.2363749572319],[139.136669039726,34.2365479124691],[139.137052595615,34.2368672144455],[139.137135744095,34.2369448225647],[139.137232303619,34.237022430684],[139.137323498726,34.2370800824297],[139.138069152832,34.2373816454074],[139.138133525848,34.2374304276538],[139.138254225254,34.2375745570181],[139.138275682926,34.237643295638],[139.138275682926,34.2377075995082],[139.138055741787,34.2384681590769],[139.138050377369,34.238521376073],[139.138071835041,34.2387054181844],[139.138066470623,34.2387630699301],[139.138018190861,34.2388384606745],[139.137959182262,34.2388961124203],[139.137886762619,34.2389848074137],[139.137835800648,34.2390668502826],[139.137800931931,34.2391732842747],[139.137787520885,34.2392863703914],[139.137811660767,34.2396544546141],[139.137779474258,34.2397320627334],[139.137664139271,34.2398695399732],[139.13763999939,34.2399227569692],[139.137626588345,34.2399737565905],[139.137629270554,34.2399914955892],[139.137629270554,34.240038]]},"properties":{"id":"F028:3:SHP0017","feed_id":"F028","feed_slug":"kozushima-village-bus","municipality":"神津島村","service_name":"村営バス","license":"CC BY 4.0","source_route_id":"3","route_short_name":null,"route_long_name":"西海岸ルート：温泉保養センター・赤崎遊歩道方面","route_desc":null,"route_type":3,"route_url":null,"route_color":null,"route_text_color":"000000","directions":["1"],"geometry_source":"shapes.txt"}},{"type":"Feature","id":"F028:3:SHP0018","geometry":{"type":"LineString","coordinates":[[139.131441128767,34.2078647586229],[139.131725728512,34.2077761975954],[139.13328140974,34.2073325791206],[139.133332371712,34.2073237067511],[139.133386015892,34.2073126162893],[139.133332371712,34.2074434837393],[139.133249223232,34.2076475482377],[139.133058786392,34.2079824801861],[139.132970273495,34.2081488371141],[139.132954180241,34.2082065075158],[139.132948815823,34.2082663960099],[139.132943451405,34.2083351568735],[139.132938086987,34.2084127901066],[139.132876396179,34.208783211533],[139.132887125015,34.2088453181194],[139.132908582687,34.2088941161517],[139.133112430573,34.2089362599067],[139.133332371712,34.2090005845856],[139.133431613445,34.2090338559712],[139.133469164371,34.2090560368949],[139.133509397507,34.2091536329594],[139.133439660072,34.209905566274],[139.133372604847,34.2101007584029],[139.133343100548,34.2101939182826],[139.133332371712,34.2102493705919],[139.133217036724,34.2107817127616],[139.133187532425,34.2108327288862],[139.133053421974,34.2109813410752],[139.132527709007,34.2115247737067],[139.132447242737,34.2115979707551],[139.132385551929,34.2116245878636],[139.132157564163,34.2116622954339],[139.131798148155,34.211704439189],[139.131765961647,34.2117133115585],[139.13173109293,34.2117244020204],[139.131637215614,34.2117798543297],[139.131516516209,34.2119817007357],[139.131465554237,34.2121569300332],[139.131476283073,34.2124319734876],[139.131449460983,34.2132925933285],[139.13154065609,34.2138604249762],[139.131529927254,34.2141753940932],[139.131532609463,34.2146301030298],[139.131524562836,34.2146833372468],[139.131492376328,34.2147343533714],[139.131269752979,34.2149716892553],[139.131178557873,34.2150892481511],[139.131047129631,34.2151957165851],[139.130953252316,34.2152600412639],[139.130896925926,34.2152777860029],[139.130859375,34.2152800040953],[139.130760133266,34.21528444028],[139.130709171295,34.2152977488343],[139.130676984787,34.215319929758],[139.13061529398,34.2153687277902],[139.130604565144,34.2154263981919],[139.13061529398,34.2155794465657],[139.130628705025,34.215652643614],[139.130693078041,34.2157790748793],[139.130789637566,34.2159321232531],[139.130859375,34.2159875755625],[139.130988121033,34.216056336426],[139.131157100201,34.2161317515667],[139.131849110126,34.2163446884346],[139.132849574089,34.2164821953345],[139.133166074753,34.2166197022344],[139.133222401142,34.2166507521796],[139.133278727531,34.2166684950054],[139.133286774158,34.2166707128586],[139.133332371712,34.2166840199779],[139.133402109146,34.2167061985102],[139.133917093277,34.2168170911714],[139.134053885937,34.2168392697036],[139.134102165699,34.2169080231536],[139.134169813266,34.2170540785862],[139.134247004986,34.2172207404582],[139.134265780449,34.2173759901839],[139.134279191494,34.2174979721112],[139.134287238121,34.2175622898548],[139.134306013584,34.2179193642239],[139.134314060211,34.2180102962061],[139.134284555912,34.2180613068302],[139.134056568146,34.2182121208495],[139.133707880974,34.2185980273105],[139.133536219597,34.2188020698071],[139.13347452879,34.2188774768168],[139.133473571035,34.2188790302456],[139.133404791355,34.2189905873312],[139.133361876011,34.2191391834972],[139.133332371712,34.2191946298278],[139.133273363113,34.219245640452],[139.133206307888,34.2192833439568],[139.133096337318,34.2193121760487],[139.131709635258,34.2195583577566],[139.13162112236,34.2195849719953],[139.131503105164,34.2196515075921],[139.131419956684,34.2197136074823],[139.131339490414,34.2198001037581],[139.131226837635,34.220006364108],[139.131162464619,34.2200950782369],[139.131060540676,34.2201970994852],[139.130904972553,34.2202991207336],[139.130859375,34.2203212992658],[139.13080573082,34.220343477798],[139.129598736763,34.2207205128462],[139.129491448402,34.2207914841494],[139.129417860572,34.2208734966473]]},"properties":{"id":"F028:3:SHP0018","feed_id":"F028","feed_slug":"kozushima-village-bus","municipality":"神津島村","service_name":"村営バス","license":"CC BY 4.0","source_route_id":"3","route_short_name":null,"route_long_name":"西海岸ルート：温泉保養センター・赤崎遊歩道方面","route_desc":null,"route_type":3,"route_url":null,"route_color":null,"route_text_color":"000000","directions":["1"],"geometry_source":"shapes.txt"}},{"type":"Feature","id":"F028:3:SHP0019","geometry":{"type":"LineString","coordinates":[[139.131441128767,34.2078647586229],[139.131725728512,34.2077761975954],[139.13328140974,34.2073325791206],[139.133332371712,34.2073237067511],[139.133386015892,34.2073126162893],[139.133332371712,34.2074434837393],[139.133249223232,34.2076475482377],[139.133058786392,34.2079824801861],[139.132970273495,34.2081488371141],[139.132954180241,34.2082065075158],[139.132948815823,34.2082663960099],[139.132943451405,34.2083351568735],[139.132938086987,34.2084127901066],[139.132876396179,34.208783211533],[139.132887125015,34.2088453181194],[139.132908582687,34.2088941161517],[139.133112430573,34.2089362599067],[139.133332371712,34.2090005845856],[139.133431613445,34.2090338559712],[139.133469164371,34.2090560368949],[139.133509397507,34.2091536329594],[139.133439660072,34.209905566274],[139.133372604847,34.2101007584029],[139.133343100548,34.2101939182826],[139.133332371712,34.2102493705919],[139.133217036724,34.2107817127616],[139.133187532425,34.2108327288862],[139.133053421974,34.2109813410752],[139.132527709007,34.2115247737067],[139.132447242737,34.2115979707551],[139.132385551929,34.2116245878636],[139.132157564163,34.2116622954339],[139.131798148155,34.211704439189],[139.131765961647,34.2117133115585],[139.13173109293,34.2117244020204],[139.131637215614,34.2117798543297],[139.131516516209,34.2119817007357],[139.131465554237,34.2121569300332],[139.131476283073,34.2124319734876],[139.131449460983,34.2132925933285],[139.13154065609,34.2138604249762],[139.131529927254,34.2141753940932],[139.131532609463,34.2146301030298],[139.131524562836,34.2146833372468],[139.131492376328,34.2147343533714],[139.131269752979,34.2149716892553],[139.131178557873,34.2150892481511],[139.131047129631,34.2151957165851],[139.130953252316,34.2152600412639],[139.130896925926,34.2152777860029],[139.130859375,34.2152800040953],[139.130760133266,34.21528444028],[139.130709171295,34.2152977488343],[139.130676984787,34.215319929758],[139.13061529398,34.2153687277902],[139.130604565144,34.2154263981919],[139.13061529398,34.2155794465657],[139.130628705025,34.215652643614],[139.130693078041,34.2157790748793],[139.130789637566,34.2159321232531],[139.130859375,34.2159875755625],[139.130988121033,34.216056336426],[139.131157100201,34.2161317515667],[139.131849110126,34.2163446884346],[139.132849574089,34.2164821953345],[139.133166074753,34.2166197022344],[139.133222401142,34.2166507521796],[139.133278727531,34.2166684950054],[139.133286774158,34.2166707128586],[139.133332371712,34.2166840199779],[139.133402109146,34.2167061985102],[139.133917093277,34.2168170911714],[139.134053885937,34.2168392697036],[139.134102165699,34.2169080231536],[139.134169813266,34.2170540785862],[139.134247004986,34.2172207404582],[139.134265780449,34.2173759901839],[139.134279191494,34.2174979721112],[139.134287238121,34.2175622898548],[139.134306013584,34.2179193642239],[139.134314060211,34.2180102962061],[139.134284555912,34.2180613068302],[139.134056568146,34.2182121208495],[139.133707880974,34.2185980273105],[139.133536219597,34.2188020698071],[139.13347452879,34.2188774768168],[139.133473571035,34.2188790302456],[139.133404791355,34.2189905873312],[139.133361876011,34.2191391834972],[139.133332371712,34.2191946298278],[139.133273363113,34.219245640452],[139.133206307888,34.2192833439568],[139.133096337318,34.2193121760487],[139.131709635258,34.2195583577566],[139.13162112236,34.2195849719953],[139.131503105164,34.2196515075921],[139.131419956684,34.2197136074823],[139.131339490414,34.2198001037581],[139.131226837635,34.220006364108],[139.131162464619,34.2200950782369],[139.131060540676,34.2201970994852],[139.130904972553,34.2202991207336],[139.130859375,34.2203212992658],[139.13080573082,34.220343477798],[139.129598736763,34.2207205128462],[139.129491448402,34.2207914841494],[139.129417860572,34.2208734966473],[139.129368066788,34.2209289910493],[139.1289255023,34.2214479687038],[139.128807485104,34.2216076541359],[139.12876188755,34.2216985861181],[139.128609001637,34.2221266317904],[139.128590226173,34.222221999479],[139.128584861755,34.2223617242322],[139.1285982728,34.2224748347466],[139.128617048264,34.2225147561047],[139.128893315792,34.2227121450416],[139.128992557526,34.2227631556658],[139.12914276123,34.222805294877],[139.12922590971,34.2228097305835],[139.129319787025,34.2227942056109],[139.129456579685,34.2227520663997],[139.129727482796,34.2226833129497],[139.129968881607,34.222656698711],[139.13009762764,34.2226522630046],[139.130859375,34.2227210164545],[139.131272435188,34.2227986413174],[139.131366312504,34.2227986413174],[139.131438732147,34.2227764627851],[139.131465554237,34.2227698092254],[139.131516516209,34.2227365414271],[139.131570160389,34.2226677879771],[139.13162112236,34.2224925775724],[139.13167744875,34.2224415669482],[139.131739139557,34.2224127348563],[139.131846427917,34.2223839027644],[139.13194835186,34.2223417635532],[139.132042229176,34.222290752929],[139.132141470909,34.2221931673871],[139.132200479507,34.2221155425243],[139.132280945778,34.2220467890743],[139.132479429245,34.2220090855695],[139.13254648447,34.2219802534776],[139.132624268532,34.2219115000276],[139.13273692131,34.2219780356244],[139.132817387581,34.2220401355146],[139.132959544659,34.2221266317904],[139.13306415081,34.222162117442],[139.13331091404,34.2222042566532],[139.133332371712,34.2222064745065],[139.133369922638,34.2222153459194],[139.13344502449,34.2222486137177],[139.134104847908,34.2229671981624],[139.134187996387,34.2230159909333],[139.134287238121,34.2230470408785],[139.134504497051,34.2230270801995],[139.134708344936,34.2230292980527],[139.134799540043,34.2230647837043],[139.134877324104,34.2231047050623],[139.135062396526,34.2234240759266],[139.135150909424,34.2235305328814],[139.135266244411,34.2236148113039],[139.135403037071,34.2236791290474],[139.135545194149,34.2237168325522],[139.135708808899,34.2237744967361],[139.135845601559,34.2238454680392],[139.136036038399,34.2239674499666],[139.136261343956,34.2241182639858],[139.136800467968,34.2250009695691],[139.137041866779,34.2254290152414],[139.137100875378,34.2255310254875],[139.13742005825,34.2265843921589],[139.137481749058,34.2269214694937],[139.13755685091,34.2272430235302],[139.137664139271,34.2274625673207],[139.137731194496,34.2275446190404],[139.137733876705,34.2276311059881],[139.137733876705,34.2276776758831],[139.137744385475,34.2278528941376],[139.137749969959,34.2279460071825],[139.137607812881,34.228462711255],[139.137513935566,34.2286379027645],[139.137430787086,34.2287465658528],[139.137256443501,34.2289195397483],[139.137114286423,34.2290392909067],[139.13701236248,34.2290792079595],[139.136894345284,34.2291679125213],[139.136779010296,34.2292610523112],[139.136706590652,34.2293785858556],[139.13668513298,34.2294783784876],[139.13668513298,34.2295759535056],[139.13676828146,34.2298864194719],[139.13684874773,34.2301237041747],[139.136808514595,34.2304940457202],[139.136779010296,34.2307113718966],[139.136738777161,34.2308998690905],[139.136706590652,34.2309442213714],[139.13652151823,34.2311038895826],[139.136258661747,34.231518583409],[139.13619697094,34.2316294641113],[139.136183559895,34.2317070806029],[139.136202335358,34.2319709766742],[139.13616746664,34.2322969659388],[139.136170148849,34.2323790176585],[139.136194288731,34.2324388932377],[139.136328399181,34.2326872660107],[139.136379361153,34.2328757632046],[139.136406183243,34.2331063950653],[139.136408865452,34.2332571928203],[139.136400818825,34.2333148507855],[139.136390089989,34.2333348093119],[139.136347174644,34.2334279491018],[139.136269390583,34.2335565707164],[139.13619697094,34.2336386224361],[139.135749042034,34.2339158241917],[139.135668575764,34.2339912230692],[139.135577380657,34.234126497526],[139.135381579399,34.2345123623698],[139.135360121727,34.2345700141155],[139.135338664055,34.2347584909766],[139.135341346264,34.2348915334667],[139.1353520751,34.2349314462138],[139.13540571928,34.2350157064575],[139.135496914387,34.2351154883251],[139.135521054268,34.2351797921954],[139.135555922985,34.235441442426],[139.135566651821,34.2355944412897],[139.135590791702,34.2356742667838],[139.135644435883,34.2357829181507],[139.135730266571,34.2359070911415],[139.135829508305,34.2360157425085],[139.136287544659,34.2362847885543],[139.13644105196,34.2363749572319],[139.136669039726,34.2365479124691],[139.137052595615,34.2368672144455],[139.137135744095,34.2369448225647],[139.137232303619,34.237022430684],[139.137323498726,34.2370800824297],[139.138069152832,34.2373816454074],[139.138133525848,34.2374304276538],[139.138254225254,34.2375745570181],[139.138275682926,34.237643295638],[139.138275682926,34.2377075995082],[139.138055741787,34.2384681590769],[139.138050377369,34.238521376073],[139.138071835041,34.2387054181844],[139.138066470623,34.2387630699301],[139.138018190861,34.2388384606745],[139.137959182262,34.2388961124203],[139.137886762619,34.2389848074137],[139.137835800648,34.2390668502826],[139.137800931931,34.2391732842747],[139.137787520885,34.2392863703914],[139.137811660767,34.2396544546141],[139.137779474258,34.2397320627334],[139.137664139271,34.2398695399732],[139.13763999939,34.2399227569692],[139.137626588345,34.2399737565905],[139.137629270554,34.2399914955892],[139.137629270554,34.240038]]},"properties":{"id":"F028:3:SHP0019","feed_id":"F028","feed_slug":"kozushima-village-bus","municipality":"神津島村","service_name":"村営バス","license":"CC BY 4.0","source_route_id":"3","route_short_name":null,"route_long_name":"西海岸ルート：温泉保養センター・赤崎遊歩道方面","route_desc":null,"route_type":3,"route_url":null,"route_color":null,"route_text_color":"000000","directions":["1"],"geometry_source":"shapes.txt"}},{"type":"Feature","id":"F028:3:SHP0020","geometry":{"type":"LineString","coordinates":[[139.137629270554,34.240038],[139.137629270554,34.2399914955892],[139.137626588345,34.2399737565905],[139.13763999939,34.2399227569692],[139.137664139271,34.2398695399732],[139.137779474258,34.2397320627334],[139.137811660767,34.2396544546141],[139.137787520885,34.2392863703914],[139.137800931931,34.2391732842747],[139.137835800648,34.2390668502826],[139.137886762619,34.2389848074137],[139.137959182262,34.2388961124203],[139.138018190861,34.2388384606745],[139.138066470623,34.2387630699301],[139.138071835041,34.2387054181844],[139.138050377369,34.238521376073],[139.138055741787,34.2384681590769],[139.138275682926,34.2377075995082],[139.138275682926,34.237643295638],[139.138254225254,34.2375745570181],[139.138133525848,34.2374304276538],[139.138069152832,34.2373816454074],[139.137323498726,34.2370800824297],[139.137232303619,34.237022430684],[139.137135744095,34.2369448225647],[139.137052595615,34.2368672144455],[139.136669039726,34.2365479124691],[139.13644105196,34.2363749572319],[139.136287544659,34.2362847885543],[139.135829508305,34.2360157425085],[139.135730266571,34.2359070911415],[139.135644435883,34.2357829181507],[139.135590791702,34.2356742667838],[139.135566651821,34.2355944412897],[139.135555922985,34.235441442426],[139.135521054268,34.2351797921954],[139.135496914387,34.2351154883251],[139.13540571928,34.2350157064575],[139.1353520751,34.2349314462138],[139.135341346264,34.2348915334667],[139.135338664055,34.2347584909766],[139.135360121727,34.2345700141155],[139.135381579399,34.2345123623698],[139.135577380657,34.234126497526],[139.135668575764,34.2339912230692],[139.135749042034,34.2339158241917],[139.13619697094,34.2336386224361],[139.136269390583,34.2335565707164],[139.136347174644,34.2334279491018],[139.136390089989,34.2333348093119],[139.136400818825,34.2333148507855],[139.136408865452,34.2332571928203],[139.136406183243,34.2331063950653],[139.136379361153,34.2328757632046],[139.136328399181,34.2326872660107],[139.136194288731,34.2324388932377],[139.136170148849,34.2323790176585],[139.13616746664,34.2322969659388],[139.136202335358,34.2319709766742],[139.136183559895,34.2317070806029],[139.13619697094,34.2316294641113],[139.136258661747,34.231518583409],[139.13652151823,34.2311038895826],[139.136706590652,34.2309442213714],[139.136738777161,34.2308998690905],[139.136779010296,34.2307113718966],[139.136808514595,34.2304940457202],[139.13684874773,34.2301237041747],[139.13676828146,34.2298864194719],[139.13668513298,34.2295759535056],[139.13668513298,34.2294783784876],[139.136706590652,34.2293785858556],[139.136779010296,34.2292610523112],[139.136894345284,34.2291679125213],[139.13701236248,34.2290792079595],[139.137114286423,34.2290392909067],[139.137256443501,34.2289195397483],[139.137430787086,34.2287465658528],[139.137513935566,34.2286379027645],[139.137607812881,34.228462711255],[139.137749969959,34.2279460071825],[139.137744385475,34.2278528941376],[139.137733876705,34.2276776758831],[139.137733876705,34.2276311059881],[139.137731194496,34.2275446190404],[139.137664139271,34.2274625673207],[139.13755685091,34.2272430235302],[139.137481749058,34.2269214694937],[139.13742005825,34.2265843921589],[139.137100875378,34.2255310254875],[139.137041866779,34.2254290152414],[139.136800467968,34.2250009695691],[139.136261343956,34.2241182639858],[139.136036038399,34.2239674499666],[139.135845601559,34.2238454680392],[139.135708808899,34.2237744967361],[139.135545194149,34.2237168325522],[139.135403037071,34.2236791290474],[139.135266244411,34.2236148113039],[139.135150909424,34.2235305328814],[139.135062396526,34.2234240759266],[139.134877324104,34.2231047050623],[139.134799540043,34.2230647837043],[139.134708344936,34.2230292980527],[139.134504497051,34.2230270801995],[139.134287238121,34.2230470408785],[139.134187996387,34.2230159909333],[139.134104847908,34.2229671981624],[139.13344502449,34.2222486137177],[139.133369922638,34.2222153459194],[139.133332371712,34.2222064745065],[139.13331091404,34.2222042566532],[139.13306415081,34.222162117442],[139.132959544659,34.2221266317904],[139.132817387581,34.2220401355146],[139.13273692131,34.2219780356244],[139.132624268532,34.2219115000276],[139.13254648447,34.2219802534776],[139.132479429245,34.2220090855695],[139.132280945778,34.2220467890743],[139.132200479507,34.2221155425243],[139.132141470909,34.2221931673871],[139.132042229176,34.222290752929],[139.13194835186,34.2223417635532],[139.131846427917,34.2223839027644],[139.131739139557,34.2224127348563],[139.13167744875,34.2224415669482],[139.13162112236,34.2224925775724],[139.131570160389,34.2226677879771],[139.131516516209,34.2227365414271],[139.131465554237,34.2227698092254],[139.131438732147,34.2227764627851],[139.131366312504,34.2227986413174],[139.131272435188,34.2227986413174],[139.130859375,34.2227210164545],[139.13009762764,34.2226522630046],[139.129968881607,34.222656698711],[139.129727482796,34.2226833129497],[139.129456579685,34.2227520663997],[139.129319787025,34.2227942056109],[139.12922590971,34.2228097305835],[139.12914276123,34.222805294877],[139.128992557526,34.2227631556658],[139.128893315792,34.2227121450416],[139.128617048264,34.2225147561047],[139.1285982728,34.2224748347466],[139.128584861755,34.2223617242322],[139.128590226173,34.222221999479],[139.128609001637,34.2221266317904],[139.12876188755,34.2216985861181],[139.128807485104,34.2216076541359],[139.1289255023,34.2214479687038],[139.129368066788,34.2209289910493],[139.129417860572,34.2208734966473],[139.129491448402,34.2207914841494],[139.129598736763,34.2207205128462],[139.13080573082,34.220343477798],[139.130859375,34.2203212992658],[139.130904972553,34.2202991207336],[139.131060540676,34.2201970994852],[139.131162464619,34.2200950782369],[139.131226837635,34.220006364108],[139.131339490414,34.2198001037581],[139.131419956684,34.2197136074823],[139.131503105164,34.2196515075921],[139.13162112236,34.2195849719953],[139.131709635258,34.2195583577566],[139.133096337318,34.2193121760487],[139.133206307888,34.2192833439568],[139.133273363113,34.219245640452],[139.133332371712,34.2191946298278],[139.133361876011,34.2191391834972],[139.133404791355,34.2189905873312],[139.133473571035,34.2188790302456],[139.13347452879,34.2188774768168],[139.133536219597,34.2188020698071],[139.133707880974,34.2185980273105],[139.134056568146,34.2182121208495],[139.134284555912,34.2180613068302],[139.134314060211,34.2180102962061],[139.134306013584,34.2179193642239],[139.134287238121,34.2175622898548],[139.134279191494,34.2174979721112],[139.134265780449,34.2173759901839],[139.134247004986,34.2172207404582],[139.134169813266,34.2170540785862],[139.134102165699,34.2169080231536],[139.134053885937,34.2168392697036],[139.133917093277,34.2168170911714],[139.133402109146,34.2167061985102],[139.133332371712,34.2166840199779],[139.133286774158,34.2166707128586],[139.133278727531,34.2166684950054],[139.133222401142,34.2166507521796],[139.133166074753,34.2166197022344],[139.132849574089,34.2164821953345],[139.131849110126,34.2163446884346],[139.131157100201,34.2161317515667],[139.130988121033,34.216056336426],[139.130859375,34.2159875755625],[139.130789637566,34.2159321232531],[139.130693078041,34.2157790748793],[139.130628705025,34.215652643614],[139.13061529398,34.2155794465657],[139.130604565144,34.2154263981919],[139.13061529398,34.2153687277902],[139.130676984787,34.215319929758],[139.130709171295,34.2152977488343],[139.130760133266,34.21528444028],[139.130859375,34.2152800040953],[139.130896925926,34.2152777860029],[139.130953252316,34.2152600412639],[139.131047129631,34.2151957165851],[139.131178557873,34.2150892481511],[139.131269752979,34.2149716892553],[139.131492376328,34.2147343533714],[139.131524562836,34.2146833372468],[139.131532609463,34.2146301030298],[139.131529927254,34.2141753940932],[139.13154065609,34.2138604249762],[139.131449460983,34.2132925933285],[139.131476283073,34.2124319734876],[139.131465554237,34.2121569300332],[139.131516516209,34.2119817007357],[139.131637215614,34.2117798543297],[139.13173109293,34.2117244020204],[139.131765961647,34.2117133115585],[139.131798148155,34.211704439189],[139.132157564163,34.2116622954339],[139.132385551929,34.2116245878636],[139.132447242737,34.2115979707551],[139.132527709007,34.2115247737067],[139.133053421974,34.2109813410752],[139.133187532425,34.2108327288862],[139.133217036724,34.2107817127616],[139.133332371712,34.2102493705919],[139.133343100548,34.2101939182826],[139.133372604847,34.2101007584029],[139.133439660072,34.209905566274],[139.133509397507,34.2091536329594],[139.133469164371,34.2090560368949],[139.133431613445,34.2090338559712],[139.133332371712,34.2090005845856],[139.133112430573,34.2089362599067],[139.132908582687,34.2088941161517],[139.132887125015,34.2088453181194],[139.132876396179,34.208783211533],[139.132938086987,34.2084127901066],[139.132943451405,34.2083351568735],[139.132948815823,34.2082663960099],[139.132954180241,34.2082065075158],[139.132970273495,34.2081488371141],[139.133058786392,34.2079824801861],[139.133249223232,34.2076475482377],[139.133332371712,34.2074434837393],[139.133386015892,34.2073126162893],[139.133332371712,34.2073237067511],[139.13328140974,34.2073325791206],[139.131725728512,34.2077761975954],[139.131441128767,34.2078647586229]]},"properties":{"id":"F028:3:SHP0020","feed_id":"F028","feed_slug":"kozushima-village-bus","municipality":"神津島村","service_name":"村営バス","license":"CC BY 4.0","source_route_id":"3","route_short_name":null,"route_long_name":"西海岸ルート：温泉保養センター・赤崎遊歩道方面","route_desc":null,"route_type":3,"route_url":null,"route_color":null,"route_text_color":"000000","directions":["0"],"geometry_source":"shapes.txt"}},{"type":"Feature","id":"F028:3:SHP0021","geometry":{"type":"LineString","coordinates":[[139.129417860572,34.2208734966473],[139.129491448402,34.2207914841494],[139.129598736763,34.2207205128462],[139.13080573082,34.220343477798],[139.130859375,34.2203212992658],[139.130904972553,34.2202991207336],[139.131060540676,34.2201970994852],[139.131162464619,34.2200950782369],[139.131226837635,34.220006364108],[139.131339490414,34.2198001037581],[139.131419956684,34.2197136074823],[139.131503105164,34.2196515075921],[139.13162112236,34.2195849719953],[139.131709635258,34.2195583577566],[139.133096337318,34.2193121760487],[139.133206307888,34.2192833439568],[139.133273363113,34.219245640452],[139.133332371712,34.2191946298278],[139.133361876011,34.2191391834972],[139.133404791355,34.2189905873312],[139.133473571035,34.2188790302456],[139.13347452879,34.2188774768168],[139.133536219597,34.2188020698071],[139.133707880974,34.2185980273105],[139.134056568146,34.2182121208495],[139.134284555912,34.2180613068302],[139.134314060211,34.2180102962061],[139.134306013584,34.2179193642239],[139.134287238121,34.2175622898548],[139.134279191494,34.2174979721112],[139.134265780449,34.2173759901839],[139.134247004986,34.2172207404582],[139.134169813266,34.2170540785862],[139.134102165699,34.2169080231536],[139.134053885937,34.2168392697036],[139.133917093277,34.2168170911714],[139.133402109146,34.2167061985102],[139.133332371712,34.2166840199779],[139.133286774158,34.2166707128586],[139.133278727531,34.2166684950054],[139.133222401142,34.2166507521796],[139.133166074753,34.2166197022344],[139.132849574089,34.2164821953345],[139.131849110126,34.2163446884346],[139.131157100201,34.2161317515667],[139.130988121033,34.216056336426],[139.130859375,34.2159875755625],[139.130789637566,34.2159321232531],[139.130693078041,34.2157790748793],[139.130628705025,34.215652643614],[139.13061529398,34.2155794465657],[139.130604565144,34.2154263981919],[139.13061529398,34.2153687277902],[139.130676984787,34.215319929758],[139.130709171295,34.2152977488343],[139.130760133266,34.21528444028],[139.130859375,34.2152800040953],[139.130896925926,34.2152777860029],[139.130953252316,34.2152600412639],[139.131047129631,34.2151957165851],[139.131178557873,34.2150892481511],[139.131269752979,34.2149716892553],[139.131492376328,34.2147343533714],[139.131524562836,34.2146833372468],[139.131532609463,34.2146301030298],[139.131529927254,34.2141753940932],[139.13154065609,34.2138604249762],[139.131449460983,34.2132925933285],[139.131476283073,34.2124319734876],[139.131465554237,34.2121569300332],[139.131516516209,34.2119817007357],[139.131637215614,34.2117798543297],[139.13173109293,34.2117244020204],[139.131765961647,34.2117133115585],[139.131798148155,34.211704439189],[139.132157564163,34.2116622954339],[139.132385551929,34.2116245878636],[139.132447242737,34.2115979707551],[139.132527709007,34.2115247737067],[139.133053421974,34.2109813410752],[139.133187532425,34.2108327288862],[139.133217036724,34.2107817127616],[139.133332371712,34.2102493705919],[139.133343100548,34.2101939182826],[139.133372604847,34.2101007584029],[139.133439660072,34.209905566274],[139.133509397507,34.2091536329594],[139.133469164371,34.2090560368949],[139.133431613445,34.2090338559712],[139.133332371712,34.2090005845856],[139.133112430573,34.2089362599067],[139.132908582687,34.2088941161517],[139.132887125015,34.2088453181194],[139.132876396179,34.208783211533],[139.132938086987,34.2084127901066],[139.132943451405,34.2083351568735],[139.132948815823,34.2082663960099],[139.132954180241,34.2082065075158],[139.132970273495,34.2081488371141],[139.133058786392,34.2079824801861],[139.133249223232,34.2076475482377],[139.133332371712,34.2074434837393],[139.133386015892,34.2073126162893],[139.133332371712,34.2073237067511],[139.13328140974,34.2073325791206],[139.131725728512,34.2077761975954],[139.131441128767,34.2078647586229]]},"properties":{"id":"F028:3:SHP0021","feed_id":"F028","feed_slug":"kozushima-village-bus","municipality":"神津島村","service_name":"村営バス","license":"CC BY 4.0","source_route_id":"3","route_short_name":null,"route_long_name":"西海岸ルート：温泉保養センター・赤崎遊歩道方面","route_desc":null,"route_type":3,"route_url":null,"route_color":null,"route_text_color":"000000","directions":["0"],"geometry_source":"shapes.txt"}},{"type":"Feature","id":"F028:3:SHP0026","geometry":{"type":"LineString","coordinates":[[139.131441128767,34.2078647586229],[139.131725728512,34.2077761975954],[139.13328140974,34.2073325791206],[139.133332371712,34.2073237067511],[139.133386015892,34.2073126162893],[139.133332371712,34.2074434837393],[139.133249223232,34.2076475482377],[139.133058786392,34.2079824801861],[139.132970273495,34.2081488371141],[139.132954180241,34.2082065075158],[139.132948815823,34.2082663960099],[139.132943451405,34.2083351568735],[139.132938086987,34.2084127901066],[139.132876396179,34.208783211533],[139.132887125015,34.2088453181194],[139.132908582687,34.2088941161517],[139.133112430573,34.2089362599067],[139.133332371712,34.2090005845856],[139.133431613445,34.2090338559712],[139.133469164371,34.2090560368949],[139.133509397507,34.2091536329594],[139.133439660072,34.209905566274],[139.133372604847,34.2101007584029],[139.133343100548,34.2101939182826],[139.133332371712,34.2102493705919],[139.133217036724,34.2107817127616],[139.133187532425,34.2108327288862],[139.133053421974,34.2109813410752],[139.132527709007,34.2115247737067],[139.132447242737,34.2115979707551],[139.132385551929,34.2116245878636],[139.132157564163,34.2116622954339],[139.131798148155,34.211704439189],[139.131765961647,34.2117133115585],[139.13173109293,34.2117244020204],[139.131637215614,34.2117798543297],[139.131516516209,34.2119817007357],[139.131465554237,34.2121569300332],[139.131476283073,34.2124319734876],[139.131449460983,34.2132925933285],[139.13154065609,34.2138604249762],[139.131529927254,34.2141753940932],[139.131532609463,34.2146301030298],[139.131524562836,34.2146833372468],[139.131492376328,34.2147343533714],[139.131269752979,34.2149716892553],[139.131178557873,34.2150892481511],[139.131047129631,34.2151957165851],[139.130953252316,34.2152600412639],[139.130896925926,34.2152777860029],[139.130859375,34.2152800040953],[139.130760133266,34.21528444028],[139.130709171295,34.2152977488343],[139.130676984787,34.215319929758],[139.13061529398,34.2153687277902],[139.130604565144,34.2154263981919],[139.13061529398,34.2155794465657],[139.130628705025,34.215652643614],[139.130693078041,34.2157790748793],[139.130789637566,34.2159321232531],[139.130859375,34.2159875755625],[139.130988121033,34.216056336426],[139.131157100201,34.2161317515667],[139.131849110126,34.2163446884346],[139.132849574089,34.2164821953345],[139.133166074753,34.2166197022344],[139.133222401142,34.2166507521796],[139.133278727531,34.2166684950054],[139.133286774158,34.2166707128586],[139.133332371712,34.2166840199779],[139.133402109146,34.2167061985102],[139.133917093277,34.2168170911714],[139.134053885937,34.2168392697036],[139.134102165699,34.2169080231536],[139.134169813266,34.2170540785862],[139.134247004986,34.2172207404582],[139.134265780449,34.2173759901839],[139.134279191494,34.2174979721112],[139.134287238121,34.2175622898548],[139.134306013584,34.2179193642239],[139.134314060211,34.2180102962061],[139.134284555912,34.2180613068302],[139.134056568146,34.2182121208495],[139.133707880974,34.2185980273105],[139.133536219597,34.2188020698071],[139.13347452879,34.2188774768168],[139.133473571035,34.2188790302456],[139.133404791355,34.2189905873312],[139.133361876011,34.2191391834972],[139.133332371712,34.2191946298278],[139.133273363113,34.219245640452],[139.133206307888,34.2192833439568],[139.133096337318,34.2193121760487],[139.131709635258,34.2195583577566],[139.13162112236,34.2195849719953],[139.131503105164,34.2196515075921],[139.131419956684,34.2197136074823],[139.131339490414,34.2198001037581],[139.131226837635,34.220006364108],[139.131162464619,34.2200950782369],[139.131060540676,34.2201970994852],[139.130904972553,34.2202991207336],[139.130859375,34.2203212992658],[139.13080573082,34.220343477798],[139.129598736763,34.2207205128462],[139.129491448402,34.2207914841494],[139.129417860572,34.2208734966473],[139.129368066788,34.2209289910493],[139.1289255023,34.2214479687038],[139.128807485104,34.2216076541359],[139.12876188755,34.2216985861181],[139.128609001637,34.2221266317904],[139.128590226173,34.222221999479],[139.128584861755,34.2223617242322],[139.1285982728,34.2224748347466],[139.128617048264,34.2225147561047],[139.128893315792,34.2227121450416],[139.128992557526,34.2227631556658],[139.12914276123,34.222805294877],[139.12922590971,34.2228097305835],[139.129319787025,34.2227942056109],[139.129456579685,34.2227520663997],[139.129727482796,34.2226833129497],[139.129968881607,34.222656698711],[139.13009762764,34.2226522630046],[139.130859375,34.2227210164545],[139.131272435188,34.2227986413174],[139.131366312504,34.2227986413174],[139.131438732147,34.2227764627851],[139.131465554237,34.2227698092254],[139.131516516209,34.2227365414271],[139.131570160389,34.2226677879771],[139.13162112236,34.2224925775724],[139.13167744875,34.2224415669482],[139.131739139557,34.2224127348563],[139.131846427917,34.2223839027644],[139.13194835186,34.2223417635532],[139.132042229176,34.222290752929],[139.132141470909,34.2221931673871],[139.132200479507,34.2221155425243],[139.132280945778,34.2220467890743],[139.132479429245,34.2220090855695],[139.13254648447,34.2219802534776],[139.132624268532,34.2219115000276],[139.13273692131,34.2219780356244],[139.132817387581,34.2220401355146],[139.132959544659,34.2221266317904],[139.13306415081,34.222162117442],[139.13331091404,34.2222042566532],[139.133332371712,34.2222064745065],[139.133369922638,34.2222153459194],[139.13344502449,34.2222486137177],[139.134104847908,34.2229671981624],[139.134187996387,34.2230159909333],[139.134287238121,34.2230470408785],[139.134504497051,34.2230270801995],[139.134708344936,34.2230292980527],[139.134799540043,34.2230647837043],[139.134877324104,34.2231047050623],[139.135062396526,34.2234240759266],[139.135150909424,34.2235305328814],[139.135266244411,34.2236148113039],[139.135403037071,34.2236791290474],[139.135545194149,34.2237168325522],[139.135708808899,34.2237744967361],[139.135845601559,34.2238454680392],[139.136036038399,34.2239674499666],[139.136261343956,34.2241182639858],[139.136800467968,34.2250009695691],[139.137041866779,34.2254290152414],[139.137100875378,34.2255310254875],[139.13742005825,34.2265843921589],[139.137481749058,34.2269214694937],[139.13755685091,34.2272430235302],[139.137664139271,34.2274625673207],[139.137731194496,34.2275446190404],[139.137733876705,34.2276311059881],[139.137733876705,34.2276776758831],[139.137744385475,34.2278528941376],[139.137749969959,34.2279460071825],[139.137607812881,34.228462711255],[139.137513935566,34.2286379027645],[139.137430787086,34.2287465658528],[139.137256443501,34.2289195397483],[139.137114286423,34.2290392909067],[139.13701236248,34.2290792079595],[139.136894345284,34.2291679125213],[139.136779010296,34.2292610523112],[139.136706590652,34.2293785858556],[139.13668513298,34.2294783784876],[139.13668513298,34.2295759535056],[139.13676828146,34.2298864194719],[139.13684874773,34.2301237041747],[139.136808514595,34.2304940457202],[139.136779010296,34.2307113718966],[139.136738777161,34.2308998690905],[139.136706590652,34.2309442213714],[139.13652151823,34.2311038895826],[139.136258661747,34.231518583409],[139.13619697094,34.2316294641113],[139.136183559895,34.2317070806029],[139.136202335358,34.2319709766742],[139.13616746664,34.2322969659388],[139.136170148849,34.2323790176585],[139.136194288731,34.2324388932377],[139.136328399181,34.2326872660107],[139.136379361153,34.2328757632046],[139.136406183243,34.2331063950653],[139.136408865452,34.2332571928203],[139.136400818825,34.2333148507855],[139.136390089989,34.2333348093119],[139.136347174644,34.2334279491018],[139.136269390583,34.2335565707164],[139.13619697094,34.2336386224361],[139.135749042034,34.2339158241917],[139.135668575764,34.2339912230692],[139.135577380657,34.234126497526],[139.135381579399,34.2345123623698],[139.135360121727,34.2345700141155],[139.135338664055,34.2347584909766],[139.135341346264,34.2348915334667],[139.1353520751,34.2349314462138],[139.13540571928,34.2350157064575],[139.135496914387,34.2351154883251],[139.135521054268,34.2351797921954],[139.135555922985,34.235441442426],[139.135566651821,34.2355944412897],[139.135590791702,34.2356742667838],[139.135644435883,34.2357829181507],[139.135730266571,34.2359070911415],[139.135829508305,34.2360157425085],[139.136287544659,34.2362847885543],[139.13644105196,34.2363749572319],[139.136669039726,34.2365479124691],[139.137052595615,34.2368672144455],[139.137135744095,34.2369448225647],[139.137232303619,34.237022430684],[139.137323498726,34.2370800824297],[139.138069152832,34.2373816454074],[139.138133525848,34.2374304276538],[139.138254225254,34.2375745570181],[139.138275682926,34.237643295638],[139.138275682926,34.2377075995082],[139.138055741787,34.2384681590769],[139.138050377369,34.238521376073],[139.138071835041,34.2387054181844],[139.138066470623,34.2387630699301],[139.138018190861,34.2388384606745],[139.137959182262,34.2388961124203],[139.137886762619,34.2389848074137],[139.137835800648,34.2390668502826],[139.137800931931,34.2391732842747],[139.137787520885,34.2392863703914],[139.137811660767,34.2396544546141],[139.137779474258,34.2397320627334],[139.137664139271,34.2398695399732],[139.13763999939,34.2399227569692],[139.137626588345,34.2399737565905],[139.137629270554,34.2399914955892],[139.137629270554,34.240038]]},"properties":{"id":"F028:3:SHP0026","feed_id":"F028","feed_slug":"kozushima-village-bus","municipality":"神津島村","service_name":"村営バス","license":"CC BY 4.0","source_route_id":"3","route_short_name":null,"route_long_name":"西海岸ルート：温泉保養センター・赤崎遊歩道方面","route_desc":null,"route_type":3,"route_url":null,"route_color":null,"route_text_color":"000000","directions":["1"],"geometry_source":"shapes.txt"}},{"type":"Feature","id":"F028:3:SHP0027","geometry":{"type":"LineString","coordinates":[[139.131441128767,34.2078647586229],[139.131725728512,34.2077761975954],[139.13328140974,34.2073325791206],[139.133332371712,34.2073237067511],[139.133386015892,34.2073126162893],[139.133332371712,34.2074434837393],[139.133249223232,34.2076475482377],[139.133058786392,34.2079824801861],[139.132970273495,34.2081488371141],[139.132954180241,34.2082065075158],[139.132948815823,34.2082663960099],[139.132943451405,34.2083351568735],[139.132938086987,34.2084127901066],[139.132876396179,34.208783211533],[139.132887125015,34.2088453181194],[139.132908582687,34.2088941161517],[139.133112430573,34.2089362599067],[139.133332371712,34.2090005845856],[139.133431613445,34.2090338559712],[139.133469164371,34.2090560368949],[139.133509397507,34.2091536329594],[139.133439660072,34.209905566274],[139.133372604847,34.2101007584029],[139.133343100548,34.2101939182826],[139.133332371712,34.2102493705919],[139.133217036724,34.2107817127616],[139.133187532425,34.2108327288862],[139.133053421974,34.2109813410752],[139.132527709007,34.2115247737067],[139.132447242737,34.2115979707551],[139.132385551929,34.2116245878636],[139.132157564163,34.2116622954339],[139.131798148155,34.211704439189],[139.131765961647,34.2117133115585],[139.13173109293,34.2117244020204],[139.131637215614,34.2117798543297],[139.131516516209,34.2119817007357],[139.131465554237,34.2121569300332],[139.131476283073,34.2124319734876],[139.131449460983,34.2132925933285],[139.13154065609,34.2138604249762],[139.131529927254,34.2141753940932],[139.131532609463,34.2146301030298],[139.131524562836,34.2146833372468],[139.131492376328,34.2147343533714],[139.131269752979,34.2149716892553],[139.131178557873,34.2150892481511],[139.131047129631,34.2151957165851],[139.130953252316,34.2152600412639],[139.130896925926,34.2152777860029],[139.130859375,34.2152800040953],[139.130760133266,34.21528444028],[139.130709171295,34.2152977488343],[139.130676984787,34.215319929758],[139.13061529398,34.2153687277902],[139.130604565144,34.2154263981919],[139.13061529398,34.2155794465657],[139.130628705025,34.215652643614],[139.130693078041,34.2157790748793],[139.130789637566,34.2159321232531],[139.130859375,34.2159875755625],[139.130988121033,34.216056336426],[139.131157100201,34.2161317515667],[139.131849110126,34.2163446884346],[139.132849574089,34.2164821953345],[139.133166074753,34.2166197022344],[139.133222401142,34.2166507521796],[139.133278727531,34.2166684950054],[139.133286774158,34.2166707128586],[139.133332371712,34.2166840199779],[139.133402109146,34.2167061985102],[139.133917093277,34.2168170911714],[139.134053885937,34.2168392697036],[139.134102165699,34.2169080231536],[139.134169813266,34.2170540785862],[139.134247004986,34.2172207404582],[139.134265780449,34.2173759901839],[139.134279191494,34.2174979721112],[139.134287238121,34.2175622898548],[139.134306013584,34.2179193642239],[139.134314060211,34.2180102962061],[139.134284555912,34.2180613068302],[139.134056568146,34.2182121208495],[139.133707880974,34.2185980273105],[139.133536219597,34.2188020698071],[139.13347452879,34.2188774768168],[139.133473571035,34.2188790302456],[139.133404791355,34.2189905873312],[139.133361876011,34.2191391834972],[139.133332371712,34.2191946298278],[139.133273363113,34.219245640452],[139.133206307888,34.2192833439568],[139.133096337318,34.2193121760487],[139.131709635258,34.2195583577566],[139.13162112236,34.2195849719953],[139.131503105164,34.2196515075921],[139.131419956684,34.2197136074823],[139.131339490414,34.2198001037581],[139.131226837635,34.220006364108],[139.131162464619,34.2200950782369],[139.131060540676,34.2201970994852],[139.130904972553,34.2202991207336],[139.130859375,34.2203212992658],[139.13080573082,34.220343477798],[139.129598736763,34.2207205128462],[139.129491448402,34.2207914841494],[139.129417860572,34.2208734966473]]},"properties":{"id":"F028:3:SHP0027","feed_id":"F028","feed_slug":"kozushima-village-bus","municipality":"神津島村","service_name":"村営バス","license":"CC BY 4.0","source_route_id":"3","route_short_name":null,"route_long_name":"西海岸ルート：温泉保養センター・赤崎遊歩道方面","route_desc":null,"route_type":3,"route_url":null,"route_color":null,"route_text_color":"000000","directions":["1"],"geometry_source":"shapes.txt"}},{"type":"Feature","id":"F028:4:SHP0022","geometry":{"type":"LineString","coordinates":[[139.131441128767,34.2078647586229],[139.131725728512,34.2077761975954],[139.13328140974,34.2073325791206],[139.133332371712,34.2073237067511],[139.133386015892,34.2073126162893],[139.133404791355,34.2072593820723],[139.133455753326,34.2071151905253],[139.133552312851,34.2069177590224],[139.133796393871,34.2069044490334],[139.133960008621,34.2069221956854],[139.134539365768,34.2070796972214],[139.134866595268,34.2071506838291],[139.135145545006,34.2072482904148],[139.135177731514,34.2072593820723],[139.13603335619,34.2075521702656],[139.136231839657,34.2076054044826],[139.136483967304,34.2076919100852],[139.136626124382,34.2077651071335],[139.13684874773,34.20795808117],[139.13706600666,34.2082087256082],[139.137208163738,34.2083351568735],[139.137275218964,34.2083928272752],[139.137305157115,34.2084412175136],[139.137334227562,34.2084882052473],[139.137446880341,34.2085724927575],[139.138256907463,34.2089983664932],[139.138393700123,34.2090538188026],[139.138704836369,34.2090360740636],[139.138967692852,34.2091469786822],[139.139155447483,34.2092201757306],[139.13927346468,34.2092534471162],[139.139332473278,34.2092933727789],[139.139429032803,34.2094530754298],[139.139772355556,34.2096393951892],[139.139831364155,34.20966823039],[139.139992296696,34.2097813531011],[139.140011072159,34.2099077843664],[139.140024483204,34.2099987261537],[139.140013754368,34.2102316258529],[139.140027165413,34.2103136952708],[139.140056669712,34.2105865206327],[139.140129089355,34.2110279210151],[139.140147864819,34.2111743151117],[139.140147864819,34.2112719111762],[139.140048623085,34.2113983424415],[139.139758944511,34.2115669174619],[139.139689207077,34.2116356783254],[139.13968116045,34.211704439189],[139.139691889286,34.211757673406],[139.139732122421,34.2118109076229],[139.139823317528,34.2118863227636],[139.139973521233,34.2120371530451],[139.139978885651,34.2121059139086],[139.139962792397,34.2121658024027],[139.139756262302,34.212309978407],[139.139699935913,34.2123765211782],[139.139686524868,34.2124430639494],[139.139699935913,34.2125029524435],[139.139772355556,34.2125739313995],[139.139852821827,34.2126160751546],[139.140048623085,34.2126449103554],[139.140107631683,34.2126826179258],[139.140209555626,34.2127868682673],[139.140520691872,34.21313510877],[139.140512645245,34.2132282686497],[139.140453636646,34.2133524818226],[139.140327572823,34.2135875996142],[139.140271246433,34.2136341795541],[139.140142500401,34.213669669032],[139.139705300331,34.2137339937109],[139.139576554298,34.213776137466],[139.13930028677,34.2139336220245],[139.139192998409,34.214055617105],[139.139192998409,34.2140578351974],[139.139024019241,34.2143040434509],[139.138908684254,34.2143705862221],[139.138742387295,34.2144127299772],[139.138616323471,34.2144570918247],[139.137849211693,34.2146123582908],[139.137457609177,34.2146411934917],[139.137326180935,34.2146345392146],[139.137031137943,34.2145790869052],[139.136910438538,34.21458352309],[139.136835336685,34.2146012678289],[139.136754870415,34.2146411934917],[139.136687815189,34.2147299171866],[139.136677086353,34.215100338613],[139.136738777161,34.2152400784325],[139.136854112148,34.2153709458826],[139.136969447136,34.215450797208],[139.137079417706,34.215450797208],[139.137159883976,34.2154175258224],[139.137320816517,34.215319929758],[139.137406647205,34.2152822221876],[139.138004779816,34.2153576373283],[139.13807451725,34.2153753820673],[139.138149619102,34.2154463610233],[139.138315916061,34.215759112048],[139.13837492466,34.2158345271887],[139.138396382332,34.2158944156828],[139.138380289078,34.215960958454],[139.138326644897,34.2160607726108],[139.138248860836,34.2161583686752],[139.138138890266,34.2163446884346],[139.138133525848,34.2163535598475],[139.138179123402,34.2165598201974],[139.138168394566,34.2166330093538],[139.138149619102,34.2166684950054],[139.138055741787,34.2168303982907],[139.138036966324,34.2169168945665],[139.138063788414,34.2171586405679],[139.138023555279,34.2172362654308],[139.137945771217,34.2173050188807],[139.137865304947,34.2173538116517],[139.13777410984,34.2174425257806],[139.137704372406,34.217584468387],[139.137725830078,34.2177618966449],[139.137642681599,34.218059088977],[139.137642681599,34.2181145353076],[139.137699007988,34.2182431707946],[139.137664139271,34.21833632063],[139.137605130672,34.2183806776945],[139.137398600578,34.2184627382638],[139.13725912571,34.2185026596219],[139.137068688869,34.2185359274202],[139.136789739132,34.2186068987234],[139.13665831089,34.2186268594024],[139.136564433575,34.2186734343201],[139.136505424976,34.2187355342104],[139.136427640915,34.2188442090184],[139.136430323124,34.2189395767071],[139.136725366116,34.2191724512956],[139.136899709702,34.2193277010213],[139.136923849583,34.219374275939],[139.136913120747,34.2194141972971],[139.136709272861,34.2195871898486],[139.136674404144,34.2196426361792],[139.136674404144,34.2196980825098],[139.136703908443,34.2197801430791],[139.13676828146,34.2198555500887],[139.136854112148,34.2199065607129],[139.137165248394,34.219957571337],[139.137224256992,34.2199997105483],[139.137248396873,34.2200618104386],[139.137224256992,34.2201571781272],[139.137157201767,34.2202946850271],[139.13720279932,34.2204654597254],[139.137194752693,34.2205075989366],[139.137159883976,34.2205453024415],[139.137004315853,34.2206140558914],[139.136929214001,34.2206672843688],[139.136913120747,34.2207316021123],[139.136923849583,34.2209201196364],[139.1369587183,34.2209666945541],[139.137023091316,34.2209977444992],[139.137205481529,34.2210664979492],[139.13725912571,34.2211308156927],[139.137288630009,34.2211884798765],[139.13725912571,34.2212749761523],[139.137208163738,34.2213725616941],[139.137197434902,34.221450186557],[139.137243032455,34.2214878900618],[139.137296676636,34.221510068594],[139.137538075447,34.2215677327779],[139.137715101242,34.2215255935666],[139.137768745422,34.2215255935666],[139.137827754021,34.2215499899521],[139.13793772459,34.2216719718794],[139.137988686562,34.2216719718794],[139.138045012951,34.2216564469068],[139.138203263283,34.2215743863375],[139.138248860836,34.2215766041908],[139.138326644897,34.2216120898424],[139.138366878033,34.2216608826133],[139.138388335705,34.2217207646503],[139.138404428959,34.2218139144858],[139.138439297676,34.2218737965228],[139.138535857201,34.2219869070373],[139.138613641262,34.222359506379],[139.138712882996,34.2225125382514],[139.13872897625,34.2226589165642],[139.138779938221,34.2227808984916],[139.138790667057,34.2228319091157],[139.138723611832,34.2231424085671],[139.138737022877,34.2232089441639],[139.138766527176,34.2232732619074],[139.138763844967,34.2233375796509],[139.138726294041,34.2233996795412],[139.138688743114,34.2235127900556],[139.138688743114,34.2235704542394],[139.138737022877,34.2236170291571],[139.138908684254,34.2237323575248],[139.139015972614,34.2238277252134],[139.139064252377,34.2238543394521],[139.139115214348,34.2238543394521],[139.139176905155,34.2238277252134],[139.139667749405,34.2234506901653],[139.139748215675,34.2234240759266],[139.139812588692,34.2234174223669],[139.139874279499,34.2234307294863],[139.139949381351,34.2234639972847],[139.139968156815,34.2234728686976],[139.14003521204,34.223754536057],[139.140075445175,34.2238609930118],[139.140086174011,34.223931964315],[139.140075445175,34.2239763213795],[139.139917194843,34.2242668601519],[139.139901101589,34.2243134350696],[139.139941334724,34.2246350237871],[139.139935970306,34.2247126486499],[139.139834046364,34.2248390662837],[139.139726758003,34.2250009695691],[139.139678478241,34.225098555111],[139.139691889286,34.2251318229093],[139.139756262302,34.2251939227996],[139.139823317528,34.2252427155706],[139.139852821827,34.225287072635],[139.139874279499,34.2253491725253],[139.13989841938,34.2253868760301],[139.139944016933,34.2254290152414],[139.140142500401,34.225606424365],[139.140220284462,34.2256662999442],[139.140287339687,34.2257017817689],[139.140357077122,34.2257084346111],[139.140459001064,34.2256662999442],[139.140523374081,34.2256152948212],[139.140662848949,34.2254822379785],[139.140703082085,34.225457844224],[139.140775501728,34.2254423209257],[139.140834510326,34.2254667146802],[139.14088010788,34.2255044141189],[139.140917658806,34.2256485590319],[139.140982031822,34.2257638749622],[139.141083955765,34.226001159665],[139.141118824482,34.2260366414897],[139.141180515289,34.2260543824021],[139.141295850277,34.2260721233145],[139.141392409801,34.2260699057004],[139.141475558281,34.2260632528583],[139.141665995121,34.2260100301212],[139.141703546047,34.225998942051],[139.141754508018,34.2260033772791],[139.141845703125,34.2260543824021],[139.141893982887,34.226098734683],[139.141904711723,34.2261586102622],[139.141845703125,34.2263049727892],[139.141738414764,34.2265378222639],[139.141719639301,34.2266132211414],[139.141711592674,34.2267706717386],[139.141687452793,34.2269125990375],[139.141665995121,34.2269813450729],[139.141628444195,34.2270922257752],[139.141623079777,34.2271387956701],[139.141665995121,34.2272408059162],[139.141727685928,34.2274093445836],[139.141770601273,34.2274581320926],[139.141845703125,34.227480308233],[139.141891300678,34.2274936139173],[139.142012000084,34.2274980491454],[139.142105877399,34.2275157900578],[139.142170250416,34.2275645775668],[139.142229259014,34.2276288883741],[139.142261445522,34.2276821111111],[139.142344594002,34.2277397690763],[139.142669141293,34.2279349191123],[139.14275765419,34.2279593128668],[139.142843484879,34.2279460071825],[139.143095612526,34.2278573026207],[139.143151938915,34.2277996446555],[139.143186807632,34.227722028164],[139.143218994141,34.2276798934971],[139.143269956112,34.2276377588302],[139.143334329128,34.2276288883741],[139.143422842026,34.2276466292864],[139.143570363522,34.2276909815673],[139.143685698509,34.2277331162342],[139.143940508366,34.2278462145505],[139.144176542759,34.2278927844454],[139.144275784492,34.227923831042],[139.14436429739,34.227919395814],[139.144632518291,34.2277508571465],[139.144699573517,34.227726463392],[139.144831001759,34.227724245778],[139.145050942898,34.2277331162342],[139.145107269287,34.2277530747606],[139.145260155201,34.2278816963752],[139.145278930664,34.2279770537791],[139.145276248455,34.228067975955],[139.145249426365,34.2283096958859],[139.145249426365,34.2285225868342],[139.145238697529,34.2285647215011],[139.145064353943,34.2287243897123],[139.144930243492,34.2289882857837],[139.144801497459,34.2291390835387],[139.144726395607,34.2292854460657],[139.14471834898,34.2293830210837],[139.144999980927,34.2294096324522],[139.145252108574,34.229598129646],[139.145592749119,34.2297378393309],[139.145804643631,34.2298154558224],[139.145869016647,34.2298309791208],[139.146284759045,34.2297467097871],[139.146957993507,34.2296823989797],[139.147062599659,34.2296668756814],[139.147352278233,34.2296491347691],[139.147416651249,34.2296668756814],[139.147472977638,34.2297156631904],[139.147472977638,34.2297622330854],[139.147446155548,34.2298243262786],[139.147365689278,34.2299374245949],[139.147244989872,34.2300682638236],[139.147215485573,34.2301214865607],[139.147220849991,34.2303587712635],[139.147035777569,34.2307712474759],[139.146982133389,34.2309420037573],[139.146941900253,34.2311504594775],[139.146944582462,34.2312036822146],[139.146974086761,34.2312413816534],[139.147027730942,34.2312679930219],[139.147191345692,34.2313788737242],[139.14730399847,34.2314831015843],[139.147354960442,34.2315562828478],[139.147373735905,34.2316272464972],[139.147379100323,34.2318357022175],[139.147408604622,34.2320641164641],[139.147625863552,34.2322903130967],[139.147647321224,34.2323391006057],[139.147625863552,34.2325586443961],[139.147679507732,34.2326296080456],[139.147759974003,34.2326429137298],[139.1478484869,34.2326717427124],[139.147990643978,34.2327582296602],[139.148140847683,34.2328624575203],[139.148331284523,34.2328935041169],[139.148486852646,34.2329312035557],[139.148572683334,34.2330221257315],[139.148642420769,34.2331640530304],[139.148749709129,34.2333348093119],[139.148776531219,34.2334057729613],[139.1488301754,34.233490042295],[139.148891866207,34.2335410474181],[139.148958921432,34.2335698764007],[139.14921104908,34.2335610059445],[139.149425625801,34.2335654411726],[139.14948195219,34.2335432650321],[139.149532914162,34.2335122184355],[139.149559736252,34.2334456900141],[139.14961874485,34.2333725087507],[139.149691164494,34.2333569854523],[139.149742126465,34.2333592030664],[139.149787724018,34.2333769439787],[139.149935245514,34.2334789542248],[139.14999961853,34.2335964877692],[139.150125682354,34.2338249020158],[139.150165915489,34.2339025185074],[139.150249063969,34.2339712645428],[139.150361716747,34.2340000935254],[139.150460958481,34.2339535236305],[139.150640666485,34.2338404253142],[139.150731861591,34.2337938554192],[139.150863289833,34.2337539383664],[139.151297807693,34.2338271196299],[139.151450693607,34.2338448605422],[139.151764512062,34.2337539383664],[139.151844978333,34.2337650264366],[139.152400195599,34.2340377929642],[139.152499437332,34.234028922508],[139.152595996857,34.2339978759114],[139.152823984623,34.2338226844018],[139.15283203125,34.2338182491737],[139.153086841106,34.233634187208],[139.153489172459,34.233487824681],[139.153625965118,34.2333924672771],[139.153585731983,34.2333348093119],[139.153491854668,34.2331884467849],[139.153153896332,34.2333348093119],[139.15283203125,34.2334612133125],[139.152764976025,34.2334767366108],[139.152719378471,34.2334634309265],[139.152687191963,34.2334412547861],[139.152657687664,34.2334057729613],[139.152646958828,34.2333348093119],[139.152663052082,34.2331596178023],[139.152646958828,34.233044301872],[139.152652323246,34.2320774221484],[139.152630865574,34.2319576709899],[139.15247797966,34.2317846970944],[139.152381420135,34.2316361169534],[139.152376055717,34.2315363243214],[139.152453839779,34.2313810913382],[139.152354598045,34.2311925941444],[139.152333140373,34.2311682003899],[139.152290225029,34.2311504594775],[139.152062237263,34.2311859413023],[139.152027368546,34.2311815060742],[139.151791334152,34.2311105424247],[139.151718914509,34.2310839310562],[139.151667952538,34.2310528844596],[139.151512384415,34.2309397861433],[139.151477515697,34.230926480459],[139.151321947575,34.2309176100028],[139.151276350021,34.2308998690905],[139.151236116886,34.2308532991955],[139.151220023632,34.230780117932],[139.151265621185,34.230726895195],[139.151327311993,34.2307069366685],[139.151394367218,34.2307135895107],[139.151458740234,34.2307402008792],[139.151533842087,34.2307579417916],[139.151635766029,34.2307623770197],[139.151979088783,34.2307557241775],[139.15228754282,34.2307379832652],[139.152638912201,34.2307091542826],[139.152748882771,34.2306847605281],[139.15283203125,34.2306049264225],[139.152931272984,34.2304718695798],[139.152992963791,34.2304097763865],[139.153068065643,34.2303765121758],[139.153534770012,34.2302190615786],[139.153711795807,34.2301503155432],[139.153746664524,34.2300726990517],[139.15378421545,34.2299152484545],[139.153792262077,34.2298088029803],[139.15384054184,34.2295604302073],[139.153827130795,34.2294894665578],[139.153507947922,34.2292543994691],[139.153478443623,34.229203394346],[139.153470396996,34.2291368659247],[139.153499901295,34.2290880784157],[139.154063165188,34.2286356851505],[139.154151678085,34.2285292396763],[139.154173135757,34.2283740066932],[139.154191911221,34.2283030430437],[139.154229462147,34.2282476026926],[139.154419898987,34.2280990225516],[139.15457546711,34.2279570952527],[139.154607653618,34.2278927844454],[139.154618382454,34.2277486395325],[139.154637157917,34.2276776758831],[139.154639840126,34.2275956241634],[139.154567420483,34.2275401838123],[139.154454767704,34.2275224428999],[139.154216051102,34.2273916036712],[139.153910279274,34.2272895934252],[139.153843224049,34.2272408059162],[139.153805673122,34.2271875831791],[139.153789579868,34.2270390030381],[139.153652787209,34.2268571586864],[139.153521358967,34.2268238944757],[139.153258502483,34.2267972831072],[139.153204858303,34.2268017183353],[139.153009057045,34.2267662365105],[139.15283203125,34.2266575734223],[139.15264159441,34.2265821745448],[139.152249991894,34.2265156461235],[139.152137339115,34.2264868171409],[139.152022004128,34.2264757290706],[139.151531159878,34.2263537602982],[139.151394367218,34.2263138432454],[139.151292443275,34.2262650557364],[139.150946438313,34.2260676880864],[139.150868654251,34.2259922892088],[139.150788187981,34.2258902789628],[139.150458276272,34.2254290152414],[139.150152504444,34.2250009695691],[139.150015711784,34.2248146698983],[139.14999961853,34.2247703128338],[139.149980843067,34.2247193022096],[139.149980843067,34.2246106274016],[139.149951338768,34.2245196954194],[139.149889647961,34.2244331991437],[139.149527549744,34.2239829749391],[139.149267375469,34.223674693341],[139.149149358273,34.2235948506249],[139.14910107851,34.2235504935604],[139.149055480957,34.2234129866605],[139.149017930031,34.2233508867702],[139.148629009724,34.2232621726412],[139.148505628109,34.2231601513929],[139.148446619511,34.2230758729704],[139.148430526257,34.2230093373737],[139.148446619511,34.2229383660705],[139.148516356945,34.2227609378126],[139.148473441601,34.2224637454805],[139.148417115211,34.2222153459194],[139.148352742195,34.2221443746162],[139.148240089417,34.2220556604872],[139.14820253849,34.2220024320098],[139.148191809654,34.2217229825036],[139.14820253849,34.2215721684843],[139.148191809654,34.2214612758231],[139.148331284523,34.2210132694718],[139.148387610912,34.2207892662961],[139.148401021957,34.2205874416527],[139.148419797421,34.2203456956513]]},"properties":{"id":"F028:4:SHP0022","feed_id":"F028","feed_slug":"kozushima-village-bus","municipality":"神津島村","service_name":"村営バス","license":"CC BY 4.0","source_route_id":"4","route_short_name":null,"route_long_name":"天上山６合目直行便","route_desc":null,"route_type":3,"route_url":null,"route_color":null,"route_text_color":"000000","directions":["1"],"geometry_source":"shapes.txt"}},{"type":"Feature","id":"F028:4:SHP0023","geometry":{"type":"LineString","coordinates":[[139.148419797421,34.2203456956513],[139.148401021957,34.2205874416527],[139.148387610912,34.2207892662961],[139.148331284523,34.2210132694718],[139.148191809654,34.2214612758231],[139.14820253849,34.2215721684843],[139.148191809654,34.2217229825036],[139.14820253849,34.2220024320098],[139.148240089417,34.2220556604872],[139.148352742195,34.2221443746162],[139.148417115211,34.2222153459194],[139.148473441601,34.2224637454805],[139.148516356945,34.2227609378126],[139.148446619511,34.2229383660705],[139.148430526257,34.2230093373737],[139.148446619511,34.2230758729704],[139.148505628109,34.2231601513929],[139.148629009724,34.2232621726412],[139.149017930031,34.2233508867702],[139.149055480957,34.2234129866605],[139.14910107851,34.2235504935604],[139.149149358273,34.2235948506249],[139.149267375469,34.223674693341],[139.149527549744,34.2239829749391],[139.149889647961,34.2244331991437],[139.149951338768,34.2245196954194],[139.149980843067,34.2246106274016],[139.149980843067,34.2247193022096],[139.14999961853,34.2247703128338],[139.150015711784,34.2248146698983],[139.150152504444,34.2250009695691],[139.150458276272,34.2254290152414],[139.150788187981,34.2258902789628],[139.150868654251,34.2259922892088],[139.150946438313,34.2260676880864],[139.151292443275,34.2262650557364],[139.151394367218,34.2263138432454],[139.151531159878,34.2263537602982],[139.152022004128,34.2264757290706],[139.152137339115,34.2264868171409],[139.152249991894,34.2265156461235],[139.15264159441,34.2265821745448],[139.15283203125,34.2266575734223],[139.153009057045,34.2267662365105],[139.153204858303,34.2268017183353],[139.153258502483,34.2267972831072],[139.153521358967,34.2268238944757],[139.153652787209,34.2268571586864],[139.153789579868,34.2270390030381],[139.153805673122,34.2271875831791],[139.153843224049,34.2272408059162],[139.153910279274,34.2272895934252],[139.154216051102,34.2273916036712],[139.154454767704,34.2275224428999],[139.154567420483,34.2275401838123],[139.154639840126,34.2275956241634],[139.154637157917,34.2276776758831],[139.154618382454,34.2277486395325],[139.154607653618,34.2278927844454],[139.15457546711,34.2279570952527],[139.154419898987,34.2280990225516],[139.154229462147,34.2282476026926],[139.154191911221,34.2283030430437],[139.154173135757,34.2283740066932],[139.154151678085,34.2285292396763],[139.154063165188,34.2286356851505],[139.153499901295,34.2290880784157],[139.153470396996,34.2291368659247],[139.153478443623,34.229203394346],[139.153507947922,34.2292543994691],[139.153827130795,34.2294894665578],[139.15384054184,34.2295604302073],[139.153792262077,34.2298088029803],[139.15378421545,34.2299152484545],[139.153746664524,34.2300726990517],[139.153711795807,34.2301503155432],[139.153534770012,34.2302190615786],[139.153068065643,34.2303765121758],[139.152992963791,34.2304097763865],[139.152931272984,34.2304718695798],[139.15283203125,34.2306049264225],[139.152748882771,34.2306847605281],[139.152638912201,34.2307091542826],[139.15228754282,34.2307379832652],[139.151979088783,34.2307557241775],[139.151635766029,34.2307623770197],[139.151533842087,34.2307579417916],[139.151458740234,34.2307402008792],[139.151394367218,34.2307135895107],[139.151327311993,34.2307069366685],[139.151265621185,34.230726895195],[139.151220023632,34.230780117932],[139.151236116886,34.2308532991955],[139.151276350021,34.2308998690905],[139.151321947575,34.2309176100028],[139.151477515697,34.230926480459],[139.151512384415,34.2309397861433],[139.151667952538,34.2310528844596],[139.151718914509,34.2310839310562],[139.151791334152,34.2311105424247],[139.152027368546,34.2311815060742],[139.152062237263,34.2311859413023],[139.152290225029,34.2311504594775],[139.152333140373,34.2311682003899],[139.152354598045,34.2311925941444],[139.152453839779,34.2313810913382],[139.152376055717,34.2315363243214],[139.152381420135,34.2316361169534],[139.15247797966,34.2317846970944],[139.152630865574,34.2319576709899],[139.152652323246,34.2320774221484],[139.152646958828,34.233044301872],[139.152663052082,34.2331596178023],[139.152646958828,34.2333348093119],[139.152657687664,34.2334057729613],[139.152687191963,34.2334412547861],[139.152719378471,34.2334634309265],[139.152764976025,34.2334767366108],[139.15283203125,34.2334612133125],[139.153153896332,34.2333348093119],[139.153491854668,34.2331884467849],[139.153585731983,34.2333348093119],[139.153625965118,34.2333924672771],[139.153489172459,34.233487824681],[139.153086841106,34.233634187208],[139.15283203125,34.2338182491737],[139.152823984623,34.2338226844018],[139.152595996857,34.2339978759114],[139.152499437332,34.234028922508],[139.152400195599,34.2340377929642],[139.151844978333,34.2337650264366],[139.151764512062,34.2337539383664],[139.151450693607,34.2338448605422],[139.151297807693,34.2338271196299],[139.150863289833,34.2337539383664],[139.150731861591,34.2337938554192],[139.150640666485,34.2338404253142],[139.150460958481,34.2339535236305],[139.150361716747,34.2340000935254],[139.150249063969,34.2339712645428],[139.150165915489,34.2339025185074],[139.150125682354,34.2338249020158],[139.14999961853,34.2335964877692],[139.149935245514,34.2334789542248],[139.149787724018,34.2333769439787],[139.149742126465,34.2333592030664],[139.149691164494,34.2333569854523],[139.14961874485,34.2333725087507],[139.149559736252,34.2334456900141],[139.149532914162,34.2335122184355],[139.14948195219,34.2335432650321],[139.149425625801,34.2335654411726],[139.14921104908,34.2335610059445],[139.148958921432,34.2335698764007],[139.148891866207,34.2335410474181],[139.1488301754,34.233490042295],[139.148776531219,34.2334057729613],[139.148749709129,34.2333348093119],[139.148642420769,34.2331640530304],[139.148572683334,34.2330221257315],[139.148486852646,34.2329312035557],[139.148331284523,34.2328935041169],[139.148140847683,34.2328624575203],[139.147990643978,34.2327582296602],[139.1478484869,34.2326717427124],[139.147759974003,34.2326429137298],[139.147679507732,34.2326296080456],[139.147625863552,34.2325586443961],[139.147647321224,34.2323391006057],[139.147625863552,34.2322903130967],[139.147408604622,34.2320641164641],[139.147379100323,34.2318357022175],[139.147373735905,34.2316272464972],[139.147354960442,34.2315562828478],[139.14730399847,34.2314831015843],[139.147191345692,34.2313788737242],[139.147027730942,34.2312679930219],[139.146974086761,34.2312413816534],[139.146944582462,34.2312036822146],[139.146941900253,34.2311504594775],[139.146982133389,34.2309420037573],[139.147035777569,34.2307712474759],[139.147220849991,34.2303587712635],[139.147215485573,34.2301214865607],[139.147244989872,34.2300682638236],[139.147365689278,34.2299374245949],[139.147446155548,34.2298243262786],[139.147472977638,34.2297622330854],[139.147472977638,34.2297156631904],[139.147416651249,34.2296668756814],[139.147352278233,34.2296491347691],[139.147062599659,34.2296668756814],[139.146957993507,34.2296823989797],[139.146284759045,34.2297467097871],[139.145869016647,34.2298309791208],[139.145804643631,34.2298154558224],[139.145592749119,34.2297378393309],[139.145252108574,34.229598129646],[139.144999980927,34.2294096324522],[139.14471834898,34.2293830210837],[139.144726395607,34.2292854460657],[139.144801497459,34.2291390835387],[139.144930243492,34.2289882857837],[139.145064353943,34.2287243897123],[139.145238697529,34.2285647215011],[139.145249426365,34.2285225868342],[139.145249426365,34.2283096958859],[139.145276248455,34.228067975955],[139.145278930664,34.2279770537791],[139.145260155201,34.2278816963752],[139.145107269287,34.2277530747606],[139.145050942898,34.2277331162342],[139.144831001759,34.227724245778],[139.144699573517,34.227726463392],[139.144632518291,34.2277508571465],[139.14436429739,34.227919395814],[139.144275784492,34.227923831042],[139.144176542759,34.2278927844454],[139.143940508366,34.2278462145505],[139.143685698509,34.2277331162342],[139.143570363522,34.2276909815673],[139.143422842026,34.2276466292864],[139.143334329128,34.2276288883741],[139.143269956112,34.2276377588302],[139.143218994141,34.2276798934971],[139.143186807632,34.227722028164],[139.143151938915,34.2277996446555],[139.143095612526,34.2278573026207],[139.142843484879,34.2279460071825],[139.14275765419,34.2279593128668],[139.142669141293,34.2279349191123],[139.142344594002,34.2277397690763],[139.142261445522,34.2276821111111],[139.142229259014,34.2276288883741],[139.142170250416,34.2275645775668],[139.142105877399,34.2275157900578],[139.142012000084,34.2274980491454],[139.141891300678,34.2274936139173],[139.141845703125,34.227480308233],[139.141770601273,34.2274581320926],[139.141727685928,34.2274093445836],[139.141665995121,34.2272408059162],[139.141623079777,34.2271387956701],[139.141628444195,34.2270922257752],[139.141665995121,34.2269813450729],[139.141687452793,34.2269125990375],[139.141711592674,34.2267706717386],[139.141719639301,34.2266132211414],[139.141738414764,34.2265378222639],[139.141845703125,34.2263049727892],[139.141904711723,34.2261586102622],[139.141893982887,34.226098734683],[139.141845703125,34.2260543824021],[139.141754508018,34.2260033772791],[139.141703546047,34.225998942051],[139.141665995121,34.2260100301212],[139.141475558281,34.2260632528583],[139.141392409801,34.2260699057004],[139.141295850277,34.2260721233145],[139.141180515289,34.2260543824021],[139.141118824482,34.2260366414897],[139.141083955765,34.226001159665],[139.140982031822,34.2257638749622],[139.140917658806,34.2256485590319],[139.14088010788,34.2255044141189],[139.140834510326,34.2254667146802],[139.140775501728,34.2254423209257],[139.140703082085,34.225457844224],[139.140662848949,34.2254822379785],[139.140523374081,34.2256152948212],[139.140459001064,34.2256662999442],[139.140357077122,34.2257084346111],[139.140287339687,34.2257017817689],[139.140220284462,34.2256662999442],[139.140142500401,34.225606424365],[139.139944016933,34.2254290152414],[139.13989841938,34.2253868760301],[139.139874279499,34.2253491725253],[139.139852821827,34.225287072635],[139.139823317528,34.2252427155706],[139.139756262302,34.2251939227996],[139.139691889286,34.2251318229093],[139.139678478241,34.225098555111],[139.139726758003,34.2250009695691],[139.139834046364,34.2248390662837],[139.139935970306,34.2247126486499],[139.139941334724,34.2246350237871],[139.139901101589,34.2243134350696],[139.139917194843,34.2242668601519],[139.140075445175,34.2239763213795],[139.140086174011,34.223931964315],[139.140075445175,34.2238609930118],[139.14003521204,34.223754536057],[139.139968156815,34.2234728686976],[139.139949381351,34.2234639972847],[139.139874279499,34.2234307294863],[139.139812588692,34.2234174223669],[139.139748215675,34.2234240759266],[139.139667749405,34.2234506901653],[139.139176905155,34.2238277252134],[139.139115214348,34.2238543394521],[139.139064252377,34.2238543394521],[139.139015972614,34.2238277252134],[139.138908684254,34.2237323575248],[139.138737022877,34.2236170291571],[139.138688743114,34.2235704542394],[139.138688743114,34.2235127900556],[139.138726294041,34.2233996795412],[139.138763844967,34.2233375796509],[139.138766527176,34.2232732619074],[139.138737022877,34.2232089441639],[139.138723611832,34.2231424085671],[139.138790667057,34.2228319091157],[139.138779938221,34.2227808984916],[139.13872897625,34.2226589165642],[139.138712882996,34.2225125382514],[139.138613641262,34.222359506379],[139.138535857201,34.2219869070373],[139.138439297676,34.2218737965228],[139.138404428959,34.2218139144858],[139.138388335705,34.2217207646503],[139.138366878033,34.2216608826133],[139.138326644897,34.2216120898424],[139.138248860836,34.2215766041908],[139.138203263283,34.2215743863375],[139.138045012951,34.2216564469068],[139.137988686562,34.2216719718794],[139.13793772459,34.2216719718794],[139.137827754021,34.2215499899521],[139.137768745422,34.2215255935666],[139.137715101242,34.2215255935666],[139.137538075447,34.2215677327779],[139.137296676636,34.221510068594],[139.137243032455,34.2214878900618],[139.137197434902,34.221450186557],[139.137208163738,34.2213725616941],[139.13725912571,34.2212749761523],[139.137288630009,34.2211884798765],[139.13725912571,34.2211308156927],[139.137205481529,34.2210664979492],[139.137023091316,34.2209977444992],[139.1369587183,34.2209666945541],[139.136923849583,34.2209201196364],[139.136913120747,34.2207316021123],[139.136929214001,34.2206672843688],[139.137004315853,34.2206140558914],[139.137159883976,34.2205453024415],[139.137194752693,34.2205075989366],[139.13720279932,34.2204654597254],[139.137157201767,34.2202946850271],[139.137224256992,34.2201571781272],[139.137248396873,34.2200618104386],[139.137224256992,34.2199997105483],[139.137165248394,34.219957571337],[139.136854112148,34.2199065607129],[139.13676828146,34.2198555500887],[139.136703908443,34.2197801430791],[139.136674404144,34.2196980825098],[139.136674404144,34.2196426361792],[139.136709272861,34.2195871898486],[139.136913120747,34.2194141972971],[139.136923849583,34.219374275939],[139.136899709702,34.2193277010213],[139.136725366116,34.2191724512956],[139.136430323124,34.2189395767071],[139.136427640915,34.2188442090184],[139.136505424976,34.2187355342104],[139.136564433575,34.2186734343201],[139.13665831089,34.2186268594024],[139.136789739132,34.2186068987234],[139.137068688869,34.2185359274202],[139.13725912571,34.2185026596219],[139.137398600578,34.2184627382638],[139.137605130672,34.2183806776945],[139.137664139271,34.21833632063],[139.137699007988,34.2182431707946],[139.137642681599,34.2181145353076],[139.137642681599,34.218059088977],[139.137725830078,34.2177618966449],[139.137704372406,34.217584468387],[139.13777410984,34.2174425257806],[139.137865304947,34.2173538116517],[139.137945771217,34.2173050188807],[139.138023555279,34.2172362654308],[139.138063788414,34.2171586405679],[139.138036966324,34.2169168945665],[139.138055741787,34.2168303982907],[139.138149619102,34.2166684950054],[139.138168394566,34.2166330093538],[139.138179123402,34.2165598201974],[139.138133525848,34.2163535598475],[139.138138890266,34.2163446884346],[139.138248860836,34.2161583686752],[139.138326644897,34.2160607726108],[139.138380289078,34.215960958454],[139.138396382332,34.2158944156828],[139.13837492466,34.2158345271887],[139.138315916061,34.215759112048],[139.138149619102,34.2154463610233],[139.13807451725,34.2153753820673],[139.138004779816,34.2153576373283],[139.137406647205,34.2152822221876],[139.137320816517,34.215319929758],[139.137159883976,34.2154175258224],[139.137079417706,34.215450797208],[139.136969447136,34.215450797208],[139.136854112148,34.2153709458826],[139.136738777161,34.2152400784325],[139.136677086353,34.215100338613],[139.136687815189,34.2147299171866],[139.136754870415,34.2146411934917],[139.136835336685,34.2146012678289],[139.136910438538,34.21458352309],[139.137031137943,34.2145790869052],[139.137326180935,34.2146345392146],[139.137457609177,34.2146411934917],[139.137849211693,34.2146123582908],[139.138616323471,34.2144570918247],[139.138742387295,34.2144127299772],[139.138908684254,34.2143705862221],[139.139024019241,34.2143040434509],[139.139192998409,34.2140578351974],[139.139192998409,34.214055617105],[139.13930028677,34.2139336220245],[139.139576554298,34.213776137466],[139.139705300331,34.2137339937109],[139.140142500401,34.213669669032],[139.140271246433,34.2136341795541],[139.140327572823,34.2135875996142],[139.140453636646,34.2133524818226],[139.140512645245,34.2132282686497],[139.140520691872,34.21313510877],[139.140209555626,34.2127868682673],[139.140107631683,34.2126826179258],[139.140048623085,34.2126449103554],[139.139852821827,34.2126160751546],[139.139772355556,34.2125739313995],[139.139699935913,34.2125029524435],[139.139686524868,34.2124430639494],[139.139699935913,34.2123765211782],[139.139756262302,34.212309978407],[139.139962792397,34.2121658024027],[139.139978885651,34.2121059139086],[139.139973521233,34.2120371530451],[139.139823317528,34.2118863227636],[139.139732122421,34.2118109076229],[139.139691889286,34.211757673406],[139.13968116045,34.211704439189],[139.139689207077,34.2116356783254],[139.139758944511,34.2115669174619],[139.140048623085,34.2113983424415],[139.140147864819,34.2112719111762],[139.140147864819,34.2111743151117],[139.140129089355,34.2110279210151],[139.140056669712,34.2105865206327],[139.140027165413,34.2103136952708],[139.140013754368,34.2102316258529],[139.140024483204,34.2099987261537],[139.140011072159,34.2099077843664],[139.139992296696,34.2097813531011],[139.139831364155,34.20966823039],[139.139772355556,34.2096393951892],[139.139429032803,34.2094530754298],[139.139332473278,34.2092933727789],[139.13927346468,34.2092534471162],[139.139155447483,34.2092201757306],[139.138967692852,34.2091469786822],[139.138704836369,34.2090360740636],[139.138393700123,34.2090538188026],[139.138256907463,34.2089983664932],[139.137446880341,34.2085724927575],[139.137334227562,34.2084882052473],[139.137305157115,34.2084412175136],[139.137275218964,34.2083928272752],[139.137208163738,34.2083351568735],[139.13706600666,34.2082087256082],[139.13684874773,34.20795808117],[139.136626124382,34.2077651071335],[139.136483967304,34.2076919100852],[139.136231839657,34.2076054044826],[139.13603335619,34.2075521702656],[139.135177731514,34.2072593820723],[139.135145545006,34.2072482904148],[139.134866595268,34.2071506838291],[139.134539365768,34.2070796972214],[139.133960008621,34.2069221956854],[139.133796393871,34.2069044490334],[139.133552312851,34.2069177590224],[139.133455753326,34.2071151905253],[139.133404791355,34.2072593820723],[139.133386015892,34.2073126162893],[139.133332371712,34.2073237067511],[139.13328140974,34.2073325791206],[139.131725728512,34.2077761975954],[139.131441128767,34.2078647586229]]},"properties":{"id":"F028:4:SHP0023","feed_id":"F028","feed_slug":"kozushima-village-bus","municipality":"神津島村","service_name":"村営バス","license":"CC BY 4.0","source_route_id":"4","route_short_name":null,"route_long_name":"天上山６合目直行便","route_desc":null,"route_type":3,"route_url":null,"route_color":null,"route_text_color":"000000","directions":["0"],"geometry_source":"shapes.txt"}},{"type":"Feature","id":"F028:5:SHP0024","geometry":{"type":"LineString","coordinates":[[139.131441128767,34.2078647586229],[139.131725728512,34.2077761975954],[139.13328140974,34.2073325791206],[139.133332371712,34.2073237067511],[139.133386015892,34.2073126162893],[139.133332371712,34.2074434837393],[139.133249223232,34.2076475482377],[139.133058786392,34.2079824801861],[139.132970273495,34.2081488371141],[139.132954180241,34.2082065075158],[139.132948815823,34.2082663960099],[139.132943451405,34.2083351568735],[139.132938086987,34.2084127901066],[139.132876396179,34.208783211533],[139.132887125015,34.2088453181194],[139.132908582687,34.2088941161517],[139.133112430573,34.2089362599067],[139.133332371712,34.2090005845856],[139.133431613445,34.2090338559712],[139.133469164371,34.2090560368949],[139.133509397507,34.2091536329594],[139.133439660072,34.209905566274],[139.133372604847,34.2101007584029],[139.133343100548,34.2101939182826],[139.133332371712,34.2102493705919],[139.133217036724,34.2107817127616],[139.133187532425,34.2108327288862],[139.133053421974,34.2109813410752],[139.132527709007,34.2115247737067],[139.132447242737,34.2115979707551],[139.132385551929,34.2116245878636],[139.132157564163,34.2116622954339],[139.131798148155,34.211704439189],[139.131765961647,34.2117133115585],[139.13173109293,34.2117244020204],[139.131637215614,34.2117798543297],[139.131516516209,34.2119817007357],[139.131465554237,34.2121569300332],[139.131476283073,34.2124319734876],[139.131449460983,34.2132925933285],[139.13154065609,34.2138604249762],[139.131529927254,34.2141753940932],[139.131532609463,34.2146301030298],[139.131524562836,34.2146833372468],[139.131492376328,34.2147343533714],[139.131269752979,34.2149716892553],[139.131178557873,34.2150892481511],[139.131047129631,34.2151957165851],[139.130953252316,34.2152600412639],[139.130896925926,34.2152777860029],[139.130859375,34.2152800040953],[139.130760133266,34.21528444028],[139.130709171295,34.2152977488343],[139.130676984787,34.215319929758],[139.13061529398,34.2153687277902],[139.130604565144,34.2154263981919],[139.13061529398,34.2155794465657],[139.130628705025,34.215652643614],[139.130693078041,34.2157790748793],[139.130789637566,34.2159321232531],[139.130859375,34.2159875755625],[139.130988121033,34.216056336426],[139.131157100201,34.2161317515667],[139.131849110126,34.2163446884346],[139.132849574089,34.2164821953345],[139.133166074753,34.2166197022344],[139.133222401142,34.2166507521796],[139.133278727531,34.2166684950054],[139.133286774158,34.2166707128586],[139.133332371712,34.2166840199779],[139.133402109146,34.2167061985102],[139.133917093277,34.2168170911714],[139.134053885937,34.2168392697036],[139.134102165699,34.2169080231536],[139.134169813266,34.2170540785862],[139.134247004986,34.2172207404582],[139.134265780449,34.2173759901839],[139.134279191494,34.2174979721112],[139.134287238121,34.2175622898548],[139.134306013584,34.2179193642239],[139.134314060211,34.2180102962061],[139.134284555912,34.2180613068302],[139.134056568146,34.2182121208495],[139.133707880974,34.2185980273105],[139.133536219597,34.2188020698071],[139.13347452879,34.2188774768168],[139.133473571035,34.2188790302456],[139.133404791355,34.2189905873312],[139.133361876011,34.2191391834972],[139.133332371712,34.2191946298278],[139.133273363113,34.219245640452],[139.133206307888,34.2192833439568],[139.133096337318,34.2193121760487],[139.131709635258,34.2195583577566],[139.13162112236,34.2195849719953],[139.131503105164,34.2196515075921],[139.131419956684,34.2197136074823],[139.131339490414,34.2198001037581],[139.131226837635,34.220006364108],[139.131162464619,34.2200950782369],[139.131060540676,34.2201970994852],[139.130904972553,34.2202991207336],[139.130859375,34.2203212992658],[139.13080573082,34.220343477798],[139.129598736763,34.2207205128462],[139.129491448402,34.2207914841494],[139.129417860572,34.2208734966473],[139.129491448402,34.2207914841494],[139.129598736763,34.2207205128462],[139.13080573082,34.220343477798],[139.130859375,34.2203212992658],[139.130904972553,34.2202991207336],[139.131060540676,34.2201970994852],[139.131162464619,34.2200950782369],[139.131226837635,34.220006364108],[139.131339490414,34.2198001037581],[139.131419956684,34.2197136074823],[139.131503105164,34.2196515075921],[139.13162112236,34.2195849719953],[139.131709635258,34.2195583577566],[139.133096337318,34.2193121760487],[139.133206307888,34.2192833439568],[139.133273363113,34.219245640452],[139.133332371712,34.2191946298278],[139.133361876011,34.2191391834972],[139.133404791355,34.2189905873312],[139.133473571035,34.2188790302456],[139.13347452879,34.2188774768168],[139.133536219597,34.2188020698071],[139.133707880974,34.2185980273105],[139.134056568146,34.2182121208495],[139.134284555912,34.2180613068302],[139.134314060211,34.2180102962061],[139.134306013584,34.2179193642239],[139.134287238121,34.2175622898548],[139.134279191494,34.2174979721112],[139.134265780449,34.2173759901839],[139.134247004986,34.2172207404582],[139.134169813266,34.2170540785862],[139.134102165699,34.2169080231536],[139.134053885937,34.2168392697036],[139.133917093277,34.2168170911714],[139.133402109146,34.2167061985102],[139.133332371712,34.2166840199779],[139.133286774158,34.2166707128586],[139.133278727531,34.2166684950054],[139.133222401142,34.2166507521796],[139.133166074753,34.2166197022344],[139.132849574089,34.2164821953345],[139.131849110126,34.2163446884346],[139.131157100201,34.2161317515667],[139.130988121033,34.216056336426],[139.130859375,34.2159875755625],[139.130789637566,34.2159321232531],[139.130693078041,34.2157790748793],[139.130628705025,34.215652643614],[139.13061529398,34.2155794465657],[139.130604565144,34.2154263981919],[139.13061529398,34.2153687277902],[139.130676984787,34.215319929758],[139.130709171295,34.2152977488343],[139.130760133266,34.21528444028],[139.130859375,34.2152800040953],[139.130896925926,34.2152777860029],[139.130953252316,34.2152600412639],[139.131047129631,34.2151957165851],[139.131178557873,34.2150892481511],[139.131269752979,34.2149716892553],[139.131492376328,34.2147343533714],[139.131524562836,34.2146833372468],[139.131532609463,34.2146301030298],[139.131529927254,34.2141753940932],[139.13154065609,34.2138604249762],[139.131449460983,34.2132925933285],[139.131476283073,34.2124319734876],[139.131465554237,34.2121569300332],[139.131516516209,34.2119817007357],[139.131637215614,34.2117798543297],[139.13173109293,34.2117244020204],[139.131765961647,34.2117133115585],[139.131798148155,34.211704439189],[139.132157564163,34.2116622954339],[139.132385551929,34.2116245878636],[139.132447242737,34.2115979707551],[139.132527709007,34.2115247737067],[139.133053421974,34.2109813410752],[139.133187532425,34.2108327288862],[139.133217036724,34.2107817127616],[139.133332371712,34.2102493705919],[139.133343100548,34.2101939182826],[139.133372604847,34.2101007584029],[139.133439660072,34.209905566274],[139.133509397507,34.2091536329594],[139.133469164371,34.2090560368949],[139.133431613445,34.2090338559712],[139.133332371712,34.2090005845856],[139.133112430573,34.2089362599067],[139.132908582687,34.2088941161517],[139.132887125015,34.2088453181194],[139.132876396179,34.208783211533],[139.132938086987,34.2084127901066],[139.132943451405,34.2083351568735],[139.132948815823,34.2082663960099],[139.132954180241,34.2082065075158],[139.132970273495,34.2081488371141],[139.133058786392,34.2079824801861],[139.133249223232,34.2076475482377],[139.133332371712,34.2074434837393],[139.133386015892,34.2073126162893],[139.133332371712,34.2073237067511],[139.13328140974,34.2073325791206],[139.131725728512,34.2077761975954],[139.131441128767,34.2078647586229],[139.131725728512,34.2077761975954],[139.13328140974,34.2073325791206],[139.133332371712,34.2073237067511],[139.133386015892,34.2073126162893],[139.133404791355,34.2072593820723],[139.133455753326,34.2071151905253],[139.133552312851,34.2069177590224],[139.133600592613,34.2068423357516],[139.133742749691,34.2066249392653],[139.133852720261,34.2064385994199],[139.133901000023,34.205480280215],[139.133890271187,34.2051053821927],[139.133850038052,34.2048924223693],[139.13371860981,34.2044443194078],[139.133579134941,34.2040694213854],[139.133415520191,34.2033240620038],[139.133332371712,34.2030268055838],[139.133128523827,34.2022592628872],[139.133136570454,34.202177184622],[139.133166074753,34.2021039796827],[139.13325458765,34.202015246423],[139.133332371712,34.2019753164561],[139.133498668671,34.2018932381909],[139.133694469929,34.2018111599256],[139.134032428265,34.2017357366549],[139.134174585342,34.2017401733179],[139.135199189186,34.2017756666217],[139.135631024837,34.2017911949422],[139.136258661747,34.201709116677],[139.136368632317,34.2017113350084],[139.136459827423,34.2017690116273],[139.136559069157,34.2018976748539],[139.136866766228,34.2022137893012],[139.137245714664,34.2026031042686],[139.137342274189,34.2026696542134],[139.137495160103,34.2026962741913],[139.137626588345,34.2026851825338],[139.137736558914,34.202645252567],[139.137870669365,34.2025897942797],[139.137959182262,34.2025653926332],[139.138045012951,34.2025698292962],[139.138227403164,34.2026075409316],[139.138323962688,34.2026297242465],[139.138433933258,34.2026186325891],[139.138527810574,34.2025764842907],[139.138605594635,34.2025077160144],[139.13864582777,34.2024456027326],[139.138653874397,34.2023923627768],[139.13870215416,34.2021239446661],[139.13878262043,34.2019730981246],[139.138908684254,34.2018732732074],[139.139123260975,34.2017601383013],[139.139302968979,34.2016758417046],[139.139466583729,34.2016270384117],[139.140357077122,34.2015316501575],[139.140646755695,34.2014517902238],[139.140839874744,34.2013830219475],[139.140955209732,34.2013918952735],[139.14104372263,34.2014251702459],[139.141118824482,34.2014850651962],[139.14115101099,34.2015627067984],[139.141148328781,34.2016625317156],[139.141086637974,34.2017601383013],[139.140874743462,34.2019841897821],[139.140767455101,34.2020751413733],[139.140099585056,34.2023590878044],[139.140040576458,34.2023967994398],[139.140011072159,34.2024367294066],[139.139997661114,34.2025010610199],[139.140024483204,34.2025787026222],[139.140064716339,34.2026186325891],[139.140139818192,34.202640815904],[139.140220284462,34.2026341609095],[139.140649437904,34.2025232443349],[139.140705764294,34.2025188076719],[139.140754044056,34.2025254626664],[139.1407969594,34.2025520826443],[139.140845239162,34.2025942309426],[139.140885472298,34.2026474708985],[139.140898883343,34.2027428591527],[139.140829145908,34.2029447273185],[139.140829145908,34.2030401155727],[139.140855967999,34.2030889188656],[139.141032993793,34.2031976171087],[139.141094684601,34.2032508570646],[139.141108095646,34.2033107520149],[139.141092002392,34.2033706469652],[139.141054451466,34.2034305419155],[139.140872061253,34.2035658601365],[139.140357077122,34.2038608982251],[139.140284657478,34.2039451948218],[139.140319526196,34.2039962164462],[139.140386581421,34.2040361464131],[139.140464365482,34.2040361464131],[139.140601158142,34.2039185748439],[139.140711128712,34.2038498065676],[139.14123415947,34.203576951794],[139.141346812248,34.2035148385122],[139.141432642937,34.203415013595],[139.141515791416,34.2031621238048],[139.141564071178,34.2030778272081],[139.141620397568,34.2030378972412],[139.141665995121,34.2030157139263],[139.141845703125,34.2029336356611],[139.142816662788,34.2025387726553],[139.143269956112,34.202321376169],[139.143615961075,34.2021394729866],[139.143779575825,34.2020307747434],[139.14392977953,34.2018843648649],[139.144088029861,34.2016935883565],[139.144165813923,34.201551615141],[139.144329428673,34.2012920703563],[139.144409894943,34.201232175406],[139.144852459431,34.2010103422567],[139.144932925701,34.2009327006544],[139.145010709763,34.200755234135],[139.145017867063,34.2007239454926],[139.145048260689,34.2005910776045],[139.145187735558,34.200107481339],[139.145233333111,34.2000010014274],[139.145254790783,34.199954416466],[139.14534330368,34.1998301899024],[139.145523011684,34.1997414566427],[139.145691990852,34.1996460683885],[139.146046042442,34.1994131435818],[139.146563708782,34.1990981405098],[139.1472235322,34.1987409891394],[139.14733082056,34.1986877491836],[139.14744079113,34.1986478192167],[139.147566854954,34.1986167625758],[139.148215949535,34.198559085957],[139.148384928703,34.1985324659791],[139.148486852646,34.1984814443547],[139.148728251457,34.1981730962772],[139.148752391338,34.1981442548596],[139.148867726326,34.1980666048893],[139.149667024612,34.1978491849722],[139.14989233017,34.1978136878429],[139.14999961853,34.1978114692723],[139.150576293468,34.1977981578488],[139.150796234608,34.1977582235783],[139.151128828526,34.1975851750729],[139.151667952538,34.1974320937027],[139.151761829853,34.1974343122733],[139.15182352066,34.1974365308439],[139.151981770992,34.1974609351203],[139.152330458164,34.1975696450788],[139.152432382107,34.1975829565023],[139.152520895004,34.1975696450788],[139.152773022652,34.1974409679851],[139.15283203125,34.1974054708557],[139.153027832508,34.1972812309031],[139.153084158897,34.1972191109268],[139.153231680393,34.1968818881983],[139.153293371201,34.1968330796455],[139.15340334177,34.196777615381],[139.153910279274,34.1965557583228],[139.154098033905,34.1964936383465],[139.154205322266,34.1965047311994],[139.154291152954,34.1965535397522],[139.154344797134,34.1966334082931],[139.154358208179,34.196750992534],[139.154352843761,34.1967753968104],[139.154331386089,34.1969218224688],[139.154240190983,34.1974343122733],[139.154218733311,34.1976251093434],[139.154116809368,34.1979312720837],[139.154055118561,34.1980244520482],[139.153934419155,34.1981730962772],[139.153848588467,34.1982817945204],[139.153416752815,34.1987542991284],[139.153258502483,34.1988585607085],[139.15283203125,34.1990338088965],[139.152665734291,34.1991092321672],[139.152512848377,34.1992245854049],[139.152410924435,34.1993665586204],[139.152335822582,34.1995063135045],[139.152193665504,34.2000010014274],[139.152164161205,34.2001318829855],[139.152185618877,34.2003093495049],[139.15226072073,34.2004357944],[139.152429699898,34.2006576275493],[139.152319729328,34.2007774174499],[139.152300953865,34.2008373124002],[139.152359962463,34.2009482289749],[139.152432382107,34.2010369622346],[139.152638912201,34.2016935883565],[139.152759611607,34.2021106346772],[139.152542352676,34.2023014111856],[139.152317047119,34.2024810960365],[139.152266085148,34.2025897942797],[139.152244627476,34.2028471207328],[139.152244627476,34.2029536006445],[139.152317047119,34.2030711722136],[139.152362644672,34.2031732154623],[139.152381420135,34.203270822048],[139.152378737926,34.2034438519044],[139.152346551418,34.20358582512],[139.152263402939,34.2037810382914],[139.152220487595,34.2038542432306],[139.152193665504,34.2038941731975],[139.152115881443,34.2039385398274],[139.152022004128,34.2039385398274],[139.151847660542,34.2039074831865],[139.151627719402,34.20388308154],[139.151571393013,34.2039074831865],[139.15149897337,34.2040006531092],[139.151466786861,34.2040428014075],[139.151399731636,34.2041648096396],[139.151346087456,34.2043067828552],[139.151305854321,34.2044465377393],[139.151120781898,34.2046572792311],[139.151072502136,34.2047504491538],[139.151059091091,34.2048436190765],[139.151080548763,34.2049190423472],[139.151136875153,34.2050255222589],[139.151316583157,34.205169713806],[139.151431918144,34.2052029887783],[139.151541888714,34.2052096437728],[139.151751101017,34.2052029887783],[139.152019321918,34.2052872853751],[139.152467250824,34.2054070752757],[139.152582585812,34.2054181669332],[139.152714014053,34.2054026386127],[139.15283203125,34.2053383069994],[139.152987599373,34.2052695387231],[139.153119027615,34.2052695387231],[139.153215587139,34.2052983770325],[139.153293371201,34.2053383069994],[139.153341650963,34.2054070752757],[139.15337651968,34.2054913718724],[139.153373837471,34.2056045067786],[139.153341650963,34.2056777117178],[139.153250455856,34.2057575716516],[139.153145849705,34.2057930649555],[139.152958095074,34.2058396499168],[139.152861535549,34.2059061998616],[139.15283203125,34.2059505664915],[139.152762293816,34.2060725747236],[139.152687191963,34.2061435613314],[139.152555763721,34.2062256395966],[139.152475297451,34.206258914569],[139.151992499828,34.2064519094089],[139.151458740234,34.2067802224698],[139.151276350021,34.2068600824036],[139.151185154915,34.206880047387],[139.15095448494,34.2069377240058],[139.150847196579,34.2069465973318],[139.15054410696,34.2069221956854],[139.150458276272,34.2069465973318],[139.150391221046,34.2069732173097],[139.150283932686,34.2070796972214],[139.150251746178,34.2071506838291],[139.150219559669,34.2072593820723],[139.150173962116,34.2074279570927],[139.150069355965,34.2075832235588],[139.150034487247,34.2076497663301],[139.14999961853,34.2077673252259],[139.149954020977,34.2079137193225],[139.149849414825,34.2080512410497],[139.149715304375,34.208142182837],[139.149334430695,34.2082486512709],[139.149251282215,34.2082819226565],[139.149181544781,34.2083351568735],[139.149119853973,34.2083773006286],[139.14896696806,34.2084238805684],[139.148824810982,34.2084394072151],[139.148722887039,34.2084704605083],[139.148460030556,34.2086212907897],[139.148395657539,34.2087366315931],[139.148376882076,34.2087965200872],[139.148331284523,34.2088896799669],[139.148261547089,34.2089473503686],[139.147974550724,34.2091092711119],[139.147711694241,34.2092734099475],[139.147556126118,34.2094175859518],[139.147102832794,34.2099787633223],[139.147030413151,34.2100941041258],[139.14697676897,34.2102072268368],[139.146813154221,34.2106242282031],[139.146807789803,34.2106907709743],[139.146756827831,34.2107950213158],[139.14673268795,34.2108815269184],[139.14670613332,34.2109327663204],[139.146684408188,34.2109746867981],[139.146574437618,34.2111388256337],[139.146440327168,34.2112430759753],[139.146333038807,34.2112896559151],[139.1462418437,34.2113162730236],[139.146105051041,34.2113428901321],[139.145791232586,34.2116090612169],[139.145662486553,34.2117354924822],[139.14550691843,34.2119329027035],[139.145421087742,34.2120393711374],[139.145112633705,34.2124408458571],[139.144753217697,34.2127092350343],[139.144707620144,34.2127358521427],[139.144613742828,34.2129443528259],[139.144503772259,34.2132260505573],[139.14447426796,34.2132815028666],[139.144447445869,34.213319210437],[139.144377708435,34.2133879713006],[139.14431065321,34.2134323331481],[139.144238233566,34.2134589502565],[139.144144356251,34.2134766949955],[139.142805933952,34.2135587644133],[139.142738878727,34.2135587644133],[139.142610132694,34.2135454558591],[139.142433106899,34.2135055301964],[139.142360687256,34.2134789130879],[139.142151474953,34.2133436094531],[139.142028093338,34.213188342987],[139.141845703125,34.2129576613801],[139.141770601273,34.2128667195928],[139.141665995121,34.2127802139902],[139.141598939896,34.2127425064199],[139.141494333744,34.2127003626648],[139.141384363174,34.2126759636487],[139.141218066216,34.2126715274639],[139.141108095646,34.2126826179258],[139.141046404839,34.2127003626648],[139.140904247761,34.2127580330665],[139.140756726265,34.2128689376852],[139.140585064888,34.2130929650149],[139.140520691872,34.21313510877],[139.140209555626,34.2127868682673],[139.140107631683,34.2126826179258],[139.140048623085,34.2126449103554],[139.139852821827,34.2126160751546],[139.139772355556,34.2125739313995],[139.139699935913,34.2125029524435],[139.139686524868,34.2124430639494],[139.139699935913,34.2123765211782],[139.139756262302,34.212309978407],[139.139962792397,34.2121658024027],[139.139978885651,34.2121059139086],[139.139973521233,34.2120371530451],[139.139823317528,34.2118863227636],[139.139732122421,34.2118109076229],[139.139691889286,34.211757673406],[139.13968116045,34.211704439189],[139.139689207077,34.2116356783254],[139.139758944511,34.2115669174619],[139.140048623085,34.2113983424415],[139.140147864819,34.2112719111762],[139.140147864819,34.2111743151117],[139.140129089355,34.2110279210151],[139.140056669712,34.2105865206327],[139.140027165413,34.2103136952708],[139.140013754368,34.2102316258529],[139.140024483204,34.2099987261537],[139.140011072159,34.2099077843664],[139.139992296696,34.2097813531011],[139.139831364155,34.20966823039],[139.139772355556,34.2096393951892],[139.139429032803,34.2094530754298],[139.139332473278,34.2092933727789],[139.13927346468,34.2092534471162],[139.139155447483,34.2092201757306],[139.138967692852,34.2091469786822],[139.138704836369,34.2090360740636],[139.138393700123,34.2090538188026],[139.138256907463,34.2089983664932],[139.137446880341,34.2085724927575],[139.137334227562,34.2084882052473],[139.137305157115,34.2084412175136],[139.137275218964,34.2083928272752],[139.137208163738,34.2083351568735],[139.13706600666,34.2082087256082],[139.13684874773,34.20795808117],[139.136626124382,34.2077651071335],[139.136483967304,34.2076919100852],[139.136231839657,34.2076054044826],[139.13603335619,34.2075521702656],[139.135177731514,34.2072593820723],[139.135145545006,34.2072482904148],[139.134866595268,34.2071506838291],[139.134539365768,34.2070796972214],[139.133960008621,34.2069221956854],[139.133796393871,34.2069044490334],[139.133552312851,34.2069177590224],[139.133455753326,34.2071151905253],[139.133404791355,34.2072593820723],[139.133386015892,34.2073126162893],[139.133332371712,34.2073237067511],[139.13328140974,34.2073325791206],[139.131725728512,34.2077761975954],[139.131441128767,34.2078647586229],[139.131725728512,34.2077761975954],[139.13328140974,34.2073325791206],[139.133332371712,34.2073237067511],[139.133386015892,34.2073126162893],[139.133332371712,34.2074434837393],[139.133249223232,34.2076475482377],[139.133058786392,34.2079824801861],[139.132970273495,34.2081488371141],[139.132954180241,34.2082065075158],[139.132948815823,34.2082663960099],[139.132943451405,34.2083351568735],[139.132938086987,34.2084127901066],[139.132876396179,34.208783211533],[139.132887125015,34.2088453181194],[139.132908582687,34.2088941161517],[139.133112430573,34.2089362599067],[139.133332371712,34.2090005845856],[139.133431613445,34.2090338559712],[139.133469164371,34.2090560368949],[139.133509397507,34.2091536329594],[139.133439660072,34.209905566274],[139.133372604847,34.2101007584029],[139.133343100548,34.2101939182826],[139.133332371712,34.2102493705919],[139.133217036724,34.2107817127616],[139.133187532425,34.2108327288862],[139.133053421974,34.2109813410752],[139.132527709007,34.2115247737067],[139.132447242737,34.2115979707551],[139.132385551929,34.2116245878636],[139.132157564163,34.2116622954339],[139.131798148155,34.211704439189],[139.131765961647,34.2117133115585],[139.13173109293,34.2117244020204],[139.131637215614,34.2117798543297],[139.131516516209,34.2119817007357],[139.131465554237,34.2121569300332],[139.131476283073,34.2124319734876],[139.131449460983,34.2132925933285],[139.13154065609,34.2138604249762],[139.131529927254,34.2141753940932],[139.131532609463,34.2146301030298],[139.131524562836,34.2146833372468],[139.131492376328,34.2147343533714],[139.131269752979,34.2149716892553],[139.131178557873,34.2150892481511],[139.131047129631,34.2151957165851],[139.130953252316,34.2152600412639],[139.130896925926,34.2152777860029],[139.130859375,34.2152800040953],[139.130760133266,34.21528444028],[139.130709171295,34.2152977488343],[139.130676984787,34.215319929758],[139.13061529398,34.2153687277902],[139.130604565144,34.2154263981919],[139.13061529398,34.2155794465657],[139.130628705025,34.215652643614],[139.130693078041,34.2157790748793],[139.130789637566,34.2159321232531],[139.130859375,34.2159875755625],[139.130988121033,34.216056336426],[139.131157100201,34.2161317515667],[139.131849110126,34.2163446884346],[139.132849574089,34.2164821953345],[139.133166074753,34.2166197022344],[139.133222401142,34.2166507521796],[139.133278727531,34.2166684950054],[139.133286774158,34.2166707128586],[139.133332371712,34.2166840199779],[139.133402109146,34.2167061985102],[139.133917093277,34.2168170911714],[139.134053885937,34.2168392697036],[139.134102165699,34.2169080231536],[139.134169813266,34.2170540785862],[139.134247004986,34.2172207404582],[139.134265780449,34.2173759901839],[139.134279191494,34.2174979721112],[139.134287238121,34.2175622898548],[139.134306013584,34.2179193642239],[139.134314060211,34.2180102962061],[139.134284555912,34.2180613068302],[139.134056568146,34.2182121208495],[139.133707880974,34.2185980273105],[139.133536219597,34.2188020698071],[139.13347452879,34.2188774768168],[139.133473571035,34.2188790302456],[139.133404791355,34.2189905873312],[139.133361876011,34.2191391834972],[139.133332371712,34.2191946298278],[139.133273363113,34.219245640452],[139.133206307888,34.2192833439568],[139.133096337318,34.2193121760487],[139.131709635258,34.2195583577566],[139.13162112236,34.2195849719953],[139.131503105164,34.2196515075921],[139.131419956684,34.2197136074823],[139.131339490414,34.2198001037581],[139.131226837635,34.220006364108],[139.131162464619,34.2200950782369],[139.131060540676,34.2201970994852],[139.130904972553,34.2202991207336],[139.130859375,34.2203212992658],[139.13080573082,34.220343477798],[139.129598736763,34.2207205128462],[139.129491448402,34.2207914841494],[139.129417860572,34.2208734966473],[139.129491448402,34.2207914841494],[139.129598736763,34.2207205128462],[139.13080573082,34.220343477798],[139.130859375,34.2203212992658],[139.130904972553,34.2202991207336],[139.131060540676,34.2201970994852],[139.131162464619,34.2200950782369],[139.131226837635,34.220006364108],[139.131339490414,34.2198001037581],[139.131419956684,34.2197136074823],[139.131503105164,34.2196515075921],[139.13162112236,34.2195849719953],[139.131709635258,34.2195583577566],[139.133096337318,34.2193121760487],[139.133206307888,34.2192833439568],[139.133273363113,34.219245640452],[139.133332371712,34.2191946298278],[139.133361876011,34.2191391834972],[139.133404791355,34.2189905873312],[139.133473571035,34.2188790302456],[139.13347452879,34.2188774768168],[139.133536219597,34.2188020698071],[139.133707880974,34.2185980273105],[139.134056568146,34.2182121208495],[139.134284555912,34.2180613068302],[139.134314060211,34.2180102962061],[139.134306013584,34.2179193642239],[139.134287238121,34.2175622898548],[139.134279191494,34.2174979721112],[139.134265780449,34.2173759901839],[139.134247004986,34.2172207404582],[139.134169813266,34.2170540785862],[139.134102165699,34.2169080231536],[139.134053885937,34.2168392697036],[139.133917093277,34.2168170911714],[139.133402109146,34.2167061985102],[139.133332371712,34.2166840199779],[139.133286774158,34.2166707128586],[139.133278727531,34.2166684950054],[139.133222401142,34.2166507521796],[139.133166074753,34.2166197022344],[139.132849574089,34.2164821953345],[139.131849110126,34.2163446884346],[139.131157100201,34.2161317515667],[139.130988121033,34.216056336426],[139.130859375,34.2159875755625],[139.130789637566,34.2159321232531],[139.130693078041,34.2157790748793],[139.130628705025,34.215652643614],[139.13061529398,34.2155794465657],[139.130604565144,34.2154263981919],[139.13061529398,34.2153687277902],[139.130676984787,34.215319929758],[139.130709171295,34.2152977488343],[139.130760133266,34.21528444028],[139.130859375,34.2152800040953],[139.130896925926,34.2152777860029],[139.130953252316,34.2152600412639],[139.131047129631,34.2151957165851],[139.131178557873,34.2150892481511],[139.131269752979,34.2149716892553],[139.131492376328,34.2147343533714],[139.131524562836,34.2146833372468],[139.131532609463,34.2146301030298],[139.131529927254,34.2141753940932],[139.13154065609,34.2138604249762],[139.131449460983,34.2132925933285],[139.131476283073,34.2124319734876],[139.131465554237,34.2121569300332],[139.131516516209,34.2119817007357],[139.131637215614,34.2117798543297],[139.13173109293,34.2117244020204],[139.131765961647,34.2117133115585],[139.131798148155,34.211704439189],[139.132157564163,34.2116622954339],[139.132385551929,34.2116245878636],[139.132447242737,34.2115979707551],[139.132527709007,34.2115247737067],[139.133053421974,34.2109813410752],[139.133187532425,34.2108327288862],[139.133217036724,34.2107817127616],[139.133332371712,34.2102493705919],[139.133343100548,34.2101939182826],[139.133372604847,34.2101007584029],[139.133439660072,34.209905566274],[139.133509397507,34.2091536329594],[139.133469164371,34.2090560368949],[139.133431613445,34.2090338559712],[139.133332371712,34.2090005845856],[139.133112430573,34.2089362599067],[139.132908582687,34.2088941161517],[139.132887125015,34.2088453181194],[139.132876396179,34.208783211533],[139.132938086987,34.2084127901066],[139.132943451405,34.2083351568735],[139.132948815823,34.2082663960099],[139.132954180241,34.2082065075158],[139.132970273495,34.2081488371141],[139.133058786392,34.2079824801861],[139.133249223232,34.2076475482377],[139.133332371712,34.2074434837393],[139.133386015892,34.2073126162893],[139.133332371712,34.2073237067511],[139.13328140974,34.2073325791206],[139.131725728512,34.2077761975954],[139.131441128767,34.2078647586229],[139.131725728512,34.2077761975954],[139.13328140974,34.2073325791206],[139.133332371712,34.2073237067511],[139.133386015892,34.2073126162893],[139.133404791355,34.2072593820723],[139.133455753326,34.2071151905253],[139.133552312851,34.2069177590224],[139.133796393871,34.2069044490334],[139.133960008621,34.2069221956854],[139.134539365768,34.2070796972214],[139.134866595268,34.2071506838291],[139.135145545006,34.2072482904148],[139.135177731514,34.2072593820723],[139.13603335619,34.2075521702656],[139.136231839657,34.2076054044826],[139.136483967304,34.2076919100852],[139.136626124382,34.2077651071335],[139.13684874773,34.20795808117],[139.13706600666,34.2082087256082],[139.137208163738,34.2083351568735],[139.137275218964,34.2083928272752],[139.137305157115,34.2084412175136],[139.137334227562,34.2084882052473],[139.137446880341,34.2085724927575],[139.138256907463,34.2089983664932],[139.138393700123,34.2090538188026],[139.138704836369,34.2090360740636],[139.138967692852,34.2091469786822],[139.139155447483,34.2092201757306],[139.13927346468,34.2092534471162],[139.139332473278,34.2092933727789],[139.139429032803,34.2094530754298],[139.139772355556,34.2096393951892],[139.139831364155,34.20966823039],[139.139992296696,34.2097813531011],[139.140011072159,34.2099077843664],[139.140024483204,34.2099987261537],[139.140013754368,34.2102316258529],[139.140027165413,34.2103136952708],[139.140056669712,34.2105865206327],[139.140129089355,34.2110279210151],[139.140147864819,34.2111743151117],[139.140147864819,34.2112719111762],[139.140048623085,34.2113983424415],[139.139758944511,34.2115669174619],[139.139689207077,34.2116356783254],[139.13968116045,34.211704439189],[139.139691889286,34.211757673406],[139.139732122421,34.2118109076229],[139.139823317528,34.2118863227636],[139.139973521233,34.2120371530451],[139.139978885651,34.2121059139086],[139.139962792397,34.2121658024027],[139.139756262302,34.212309978407],[139.139699935913,34.2123765211782],[139.139686524868,34.2124430639494],[139.139699935913,34.2125029524435],[139.139772355556,34.2125739313995],[139.139852821827,34.2126160751546],[139.140048623085,34.2126449103554],[139.140107631683,34.2126826179258],[139.140209555626,34.2127868682673],[139.140520691872,34.21313510877],[139.140585064888,34.2130929650149],[139.140756726265,34.2128689376852],[139.140904247761,34.2127580330665],[139.141046404839,34.2127003626648],[139.141108095646,34.2126826179258],[139.141218066216,34.2126715274639],[139.141384363174,34.2126759636487],[139.141494333744,34.2127003626648],[139.141598939896,34.2127425064199],[139.141665995121,34.2127802139902],[139.141770601273,34.2128667195928],[139.141845703125,34.2129576613801],[139.142028093338,34.213188342987],[139.142151474953,34.2133436094531],[139.142360687256,34.2134789130879],[139.142433106899,34.2135055301964],[139.142610132694,34.2135454558591],[139.142738878727,34.2135587644133],[139.142805933952,34.2135587644133],[139.144144356251,34.2134766949955],[139.144238233566,34.2134589502565],[139.14431065321,34.2134323331481],[139.144377708435,34.2133879713006],[139.144447445869,34.213319210437],[139.14447426796,34.2132815028666],[139.144503772259,34.2132260505573],[139.144613742828,34.2129443528259],[139.144707620144,34.2127358521427],[139.144753217697,34.2127092350343],[139.145112633705,34.2124408458571],[139.145421087742,34.2120393711374],[139.14550691843,34.2119329027035],[139.145662486553,34.2117354924822],[139.145791232586,34.2116090612169],[139.146105051041,34.2113428901321],[139.1462418437,34.2113162730236],[139.146333038807,34.2112896559151],[139.146440327168,34.2112430759753],[139.146574437618,34.2111388256337],[139.146684408188,34.2109746867981],[139.14670613332,34.2109327663204],[139.14673268795,34.2108815269184],[139.146756827831,34.2107950213158],[139.146807789803,34.2106907709743],[139.146813154221,34.2106242282031],[139.14697676897,34.2102072268368],[139.147030413151,34.2100941041258],[139.147102832794,34.2099787633223],[139.147556126118,34.2094175859518],[139.147711694241,34.2092734099475],[139.147974550724,34.2091092711119],[139.148261547089,34.2089473503686],[139.148331284523,34.2088896799669],[139.148376882076,34.2087965200872],[139.148395657539,34.2087366315931],[139.148460030556,34.2086212907897],[139.148722887039,34.2084704605083],[139.148824810982,34.2084394072151],[139.14896696806,34.2084238805684],[139.149119853973,34.2083773006286],[139.149181544781,34.2083351568735],[139.149251282215,34.2082819226565],[139.149334430695,34.2082486512709],[139.149715304375,34.208142182837],[139.149849414825,34.2080512410497],[139.149954020977,34.2079137193225],[139.14999961853,34.2077673252259],[139.150034487247,34.2076497663301],[139.150069355965,34.2075832235588],[139.150173962116,34.2074279570927],[139.150219559669,34.2072593820723],[139.150251746178,34.2071506838291],[139.150283932686,34.2070796972214],[139.150391221046,34.2069732173097],[139.150458276272,34.2069465973318],[139.15054410696,34.2069221956854],[139.150847196579,34.2069465973318],[139.15095448494,34.2069377240058],[139.151185154915,34.206880047387],[139.151276350021,34.2068600824036],[139.151458740234,34.2067802224698],[139.151992499828,34.2064519094089],[139.152475297451,34.206258914569],[139.152555763721,34.2062256395966],[139.152687191963,34.2061435613314],[139.152762293816,34.2060725747236],[139.15283203125,34.2059505664915],[139.152861535549,34.2059061998616],[139.152958095074,34.2058396499168],[139.153145849705,34.2057930649555],[139.153250455856,34.2057575716516],[139.153341650963,34.2056777117178],[139.153373837471,34.2056045067786],[139.15337651968,34.2054913718724],[139.153341650963,34.2054070752757],[139.153293371201,34.2053383069994],[139.153215587139,34.2052983770325],[139.153119027615,34.2052695387231],[139.152987599373,34.2052695387231],[139.15283203125,34.2053383069994],[139.152714014053,34.2054026386127],[139.152582585812,34.2054181669332],[139.152467250824,34.2054070752757],[139.152019321918,34.2052872853751],[139.151751101017,34.2052029887783],[139.151541888714,34.2052096437728],[139.151431918144,34.2052029887783],[139.151316583157,34.205169713806],[139.151136875153,34.2050255222589],[139.151080548763,34.2049190423472],[139.151059091091,34.2048436190765],[139.151072502136,34.2047504491538],[139.151120781898,34.2046572792311],[139.151305854321,34.2044465377393],[139.151346087456,34.2043067828552],[139.151399731636,34.2041648096396],[139.151466786861,34.2040428014075],[139.15149897337,34.2040006531092],[139.151571393013,34.2039074831865],[139.151627719402,34.20388308154],[139.151847660542,34.2039074831865],[139.152022004128,34.2039385398274],[139.152115881443,34.2039385398274],[139.152193665504,34.2038941731975],[139.152220487595,34.2038542432306],[139.152263402939,34.2037810382914],[139.152346551418,34.20358582512],[139.152378737926,34.2034438519044],[139.152381420135,34.203270822048],[139.152362644672,34.2031732154623],[139.152317047119,34.2030711722136],[139.152244627476,34.2029536006445],[139.152244627476,34.2028471207328],[139.152266085148,34.2025897942797],[139.152317047119,34.2024810960365],[139.152542352676,34.2023014111856],[139.152759611607,34.2021106346772],[139.152638912201,34.2016935883565],[139.152432382107,34.2010369622346],[139.152359962463,34.2009482289749],[139.152300953865,34.2008373124002],[139.152319729328,34.2007774174499],[139.152429699898,34.2006576275493],[139.15226072073,34.2004357944],[139.152185618877,34.2003093495049],[139.152164161205,34.2001318829855],[139.152193665504,34.2000010014274],[139.152335822582,34.1995063135045],[139.152410924435,34.1993665586204],[139.152512848377,34.1992245854049],[139.152665734291,34.1991092321672],[139.15283203125,34.1990338088965],[139.153258502483,34.1988585607085],[139.153416752815,34.1987542991284],[139.153848588467,34.1982817945204],[139.153934419155,34.1981730962772],[139.154055118561,34.1980244520482],[139.154116809368,34.1979312720837],[139.154218733311,34.1976251093434],[139.154240190983,34.1974343122733],[139.154331386089,34.1969218224688],[139.154352843761,34.1967753968104],[139.154358208179,34.196750992534],[139.154344797134,34.1966334082931],[139.154291152954,34.1965535397522],[139.154205322266,34.1965047311994],[139.154098033905,34.1964936383465],[139.153910279274,34.1965557583228],[139.15340334177,34.196777615381],[139.153293371201,34.1968330796455],[139.153231680393,34.1968818881983],[139.153084158897,34.1972191109268],[139.153027832508,34.1972812309031],[139.15283203125,34.1974054708557],[139.152773022652,34.1974409679851],[139.152520895004,34.1975696450788],[139.152432382107,34.1975829565023],[139.152330458164,34.1975696450788],[139.151981770992,34.1974609351203],[139.15182352066,34.1974365308439],[139.151761829853,34.1974343122733],[139.151667952538,34.1974320937027],[139.151128828526,34.1975851750729],[139.150796234608,34.1977582235783],[139.150576293468,34.1977981578488],[139.14999961853,34.1978114692723],[139.14989233017,34.1978136878429],[139.149667024612,34.1978491849722],[139.148867726326,34.1980666048893],[139.148752391338,34.1981442548596],[139.148728251457,34.1981730962772],[139.148486852646,34.1984814443547],[139.148384928703,34.1985324659791],[139.148215949535,34.198559085957],[139.147566854954,34.1986167625758],[139.14744079113,34.1986478192167],[139.14733082056,34.1986877491836],[139.1472235322,34.1987409891394],[139.146563708782,34.1990981405098],[139.146046042442,34.1994131435818],[139.145691990852,34.1996460683885],[139.145523011684,34.1997414566427],[139.14534330368,34.1998301899024],[139.145254790783,34.199954416466],[139.145233333111,34.2000010014274],[139.145187735558,34.200107481339],[139.145048260689,34.2005910776045],[139.145017867063,34.2007239454926],[139.145010709763,34.200755234135],[139.144932925701,34.2009327006544],[139.144852459431,34.2010103422567],[139.144409894943,34.201232175406],[139.144329428673,34.2012920703563],[139.144165813923,34.201551615141],[139.144088029861,34.2016935883565],[139.14392977953,34.2018843648649],[139.143779575825,34.2020307747434],[139.143615961075,34.2021394729866],[139.143269956112,34.202321376169],[139.142816662788,34.2025387726553],[139.141845703125,34.2029336356611],[139.141665995121,34.2030157139263],[139.141620397568,34.2030378972412],[139.141564071178,34.2030778272081],[139.141515791416,34.2031621238048],[139.141432642937,34.203415013595],[139.141346812248,34.2035148385122],[139.14123415947,34.203576951794],[139.140711128712,34.2038498065676],[139.140601158142,34.2039185748439],[139.140464365482,34.2040361464131],[139.140386581421,34.2040361464131],[139.140319526196,34.2039962164462],[139.140284657478,34.2039451948218],[139.140357077122,34.2038608982251],[139.140872061253,34.2035658601365],[139.141054451466,34.2034305419155],[139.141092002392,34.2033706469652],[139.141108095646,34.2033107520149],[139.141094684601,34.2032508570646],[139.141032993793,34.2031976171087],[139.140855967999,34.2030889188656],[139.140829145908,34.2030401155727],[139.140829145908,34.2029447273185],[139.140898883343,34.2027428591527],[139.140885472298,34.2026474708985],[139.140845239162,34.2025942309426],[139.1407969594,34.2025520826443],[139.140754044056,34.2025254626664],[139.140705764294,34.2025188076719],[139.140649437904,34.2025232443349],[139.140220284462,34.2026341609095],[139.140139818192,34.202640815904],[139.140064716339,34.2026186325891],[139.140024483204,34.2025787026222],[139.139997661114,34.2025010610199],[139.140011072159,34.2024367294066],[139.140040576458,34.2023967994398],[139.140099585056,34.2023590878044],[139.140767455101,34.2020751413733],[139.140874743462,34.2019841897821],[139.141086637974,34.2017601383013],[139.141148328781,34.2016625317156],[139.14115101099,34.2015627067984],[139.141118824482,34.2014850651962],[139.14104372263,34.2014251702459],[139.140955209732,34.2013918952735],[139.140839874744,34.2013830219475],[139.140646755695,34.2014517902238],[139.140357077122,34.2015316501575],[139.139466583729,34.2016270384117],[139.139302968979,34.2016758417046],[139.139123260975,34.2017601383013],[139.138908684254,34.2018732732074],[139.13878262043,34.2019730981246],[139.13870215416,34.2021239446661],[139.138653874397,34.2023923627768],[139.13864582777,34.2024456027326],[139.138605594635,34.2025077160144],[139.138527810574,34.2025764842907],[139.138433933258,34.2026186325891],[139.138323962688,34.2026297242465],[139.138227403164,34.2026075409316],[139.138045012951,34.2025698292962],[139.137959182262,34.2025653926332],[139.137870669365,34.2025897942797],[139.137736558914,34.202645252567],[139.137626588345,34.2026851825338],[139.137495160103,34.2026962741913],[139.137342274189,34.2026696542134],[139.137245714664,34.2026031042686],[139.136866766228,34.2022137893012],[139.136559069157,34.2018976748539],[139.136459827423,34.2017690116273],[139.136368632317,34.2017113350084],[139.136258661747,34.201709116677],[139.135631024837,34.2017911949422],[139.135199189186,34.2017756666217],[139.134174585342,34.2017401733179],[139.134032428265,34.2017357366549],[139.133694469929,34.2018111599256],[139.133498668671,34.2018932381909],[139.133332371712,34.2019753164561],[139.13325458765,34.202015246423],[139.133166074753,34.2021039796827],[139.133136570454,34.202177184622],[139.133128523827,34.2022592628872],[139.133332371712,34.2030268055838],[139.133415520191,34.2033240620038],[139.133579134941,34.2040694213854],[139.13371860981,34.2044443194078],[139.133850038052,34.2048924223693],[139.133890271187,34.2051053821927],[139.133901000023,34.205480280215],[139.133852720261,34.2064385994199],[139.133742749691,34.2066249392653],[139.133600592613,34.2068423357516],[139.133552312851,34.2069177590224],[139.133455753326,34.2071151905253],[139.133404791355,34.2072593820723],[139.133386015892,34.2073126162893],[139.133332371712,34.2073237067511],[139.13328140974,34.2073325791206],[139.131725728512,34.2077761975954],[139.131441128767,34.2078647586229]]},"properties":{"id":"F028:5:SHP0024","feed_id":"F028","feed_slug":"kozushima-village-bus","municipality":"神津島村","service_name":"村営バス","license":"CC BY 4.0","source_route_id":"5","route_short_name":null,"route_long_name":"夜間温泉巡回バス","route_desc":null,"route_type":3,"route_url":null,"route_color":null,"route_text_color":"000000","directions":[],"geometry_source":"shapes.txt"}},{"type":"Feature","id":"F028:5:SHP0025","geometry":{"type":"LineString","coordinates":[[139.129417860572,34.2208734966473],[139.129491448402,34.2207914841494],[139.129598736763,34.2207205128462],[139.13080573082,34.220343477798],[139.130859375,34.2203212992658],[139.130904972553,34.2202991207336],[139.131060540676,34.2201970994852],[139.131162464619,34.2200950782369],[139.131226837635,34.220006364108],[139.131339490414,34.2198001037581],[139.131419956684,34.2197136074823],[139.131503105164,34.2196515075921],[139.13162112236,34.2195849719953],[139.131709635258,34.2195583577566],[139.133096337318,34.2193121760487],[139.133206307888,34.2192833439568],[139.133273363113,34.219245640452],[139.133332371712,34.2191946298278],[139.133361876011,34.2191391834972],[139.133404791355,34.2189905873312],[139.133473571035,34.2188790302456],[139.13347452879,34.2188774768168],[139.133536219597,34.2188020698071],[139.133707880974,34.2185980273105],[139.134056568146,34.2182121208495],[139.134284555912,34.2180613068302],[139.134314060211,34.2180102962061],[139.134306013584,34.2179193642239],[139.134287238121,34.2175622898548],[139.134279191494,34.2174979721112],[139.134265780449,34.2173759901839],[139.134247004986,34.2172207404582],[139.134169813266,34.2170540785862],[139.134102165699,34.2169080231536],[139.134053885937,34.2168392697036],[139.133917093277,34.2168170911714],[139.133402109146,34.2167061985102],[139.133332371712,34.2166840199779],[139.133286774158,34.2166707128586],[139.133278727531,34.2166684950054],[139.133222401142,34.2166507521796],[139.133166074753,34.2166197022344],[139.132849574089,34.2164821953345],[139.131849110126,34.2163446884346],[139.131157100201,34.2161317515667],[139.130988121033,34.216056336426],[139.130859375,34.2159875755625],[139.130789637566,34.2159321232531],[139.130693078041,34.2157790748793],[139.130628705025,34.215652643614],[139.13061529398,34.2155794465657],[139.130604565144,34.2154263981919],[139.13061529398,34.2153687277902],[139.130676984787,34.215319929758],[139.130709171295,34.2152977488343],[139.130760133266,34.21528444028],[139.130859375,34.2152800040953],[139.130896925926,34.2152777860029],[139.130953252316,34.2152600412639],[139.131047129631,34.2151957165851],[139.131178557873,34.2150892481511],[139.131269752979,34.2149716892553],[139.131492376328,34.2147343533714],[139.131524562836,34.2146833372468],[139.131532609463,34.2146301030298],[139.131529927254,34.2141753940932],[139.13154065609,34.2138604249762],[139.131449460983,34.2132925933285],[139.131476283073,34.2124319734876],[139.131465554237,34.2121569300332],[139.131516516209,34.2119817007357],[139.131637215614,34.2117798543297],[139.13173109293,34.2117244020204],[139.131765961647,34.2117133115585],[139.131798148155,34.211704439189],[139.132157564163,34.2116622954339],[139.132385551929,34.2116245878636],[139.132447242737,34.2115979707551],[139.132527709007,34.2115247737067],[139.133053421974,34.2109813410752],[139.133187532425,34.2108327288862],[139.133217036724,34.2107817127616],[139.133332371712,34.2102493705919],[139.133343100548,34.2101939182826],[139.133372604847,34.2101007584029],[139.133439660072,34.209905566274],[139.133509397507,34.2091536329594],[139.133469164371,34.2090560368949],[139.133431613445,34.2090338559712],[139.133332371712,34.2090005845856],[139.133112430573,34.2089362599067],[139.132908582687,34.2088941161517],[139.132887125015,34.2088453181194],[139.132876396179,34.208783211533],[139.132938086987,34.2084127901066],[139.132943451405,34.2083351568735],[139.132948815823,34.2082663960099],[139.132954180241,34.2082065075158],[139.132970273495,34.2081488371141],[139.133058786392,34.2079824801861],[139.133249223232,34.2076475482377],[139.133332371712,34.2074434837393],[139.133386015892,34.2073126162893],[139.133332371712,34.2073237067511],[139.13328140974,34.2073325791206],[139.131725728512,34.2077761975954],[139.131441128767,34.2078647586229],[139.131725728512,34.2077761975954],[139.13328140974,34.2073325791206],[139.133332371712,34.2073237067511],[139.133386015892,34.2073126162893],[139.133404791355,34.2072593820723],[139.133455753326,34.2071151905253],[139.133552312851,34.2069177590224],[139.133600592613,34.2068423357516],[139.133742749691,34.2066249392653],[139.133852720261,34.2064385994199],[139.133901000023,34.205480280215],[139.133890271187,34.2051053821927],[139.133850038052,34.2048924223693],[139.13371860981,34.2044443194078],[139.133579134941,34.2040694213854],[139.133415520191,34.2033240620038],[139.133332371712,34.2030268055838],[139.133128523827,34.2022592628872],[139.133136570454,34.202177184622],[139.133166074753,34.2021039796827],[139.13325458765,34.202015246423],[139.133332371712,34.2019753164561],[139.133498668671,34.2018932381909],[139.133694469929,34.2018111599256],[139.134032428265,34.2017357366549],[139.134174585342,34.2017401733179],[139.135199189186,34.2017756666217],[139.135631024837,34.2017911949422],[139.136258661747,34.201709116677],[139.136368632317,34.2017113350084],[139.136459827423,34.2017690116273],[139.136559069157,34.2018976748539],[139.136866766228,34.2022137893012],[139.137245714664,34.2026031042686],[139.137342274189,34.2026696542134],[139.137495160103,34.2026962741913],[139.137626588345,34.2026851825338],[139.137736558914,34.202645252567],[139.137870669365,34.2025897942797],[139.137959182262,34.2025653926332],[139.138045012951,34.2025698292962],[139.138227403164,34.2026075409316],[139.138323962688,34.2026297242465],[139.138433933258,34.2026186325891],[139.138527810574,34.2025764842907],[139.138605594635,34.2025077160144],[139.13864582777,34.2024456027326],[139.138653874397,34.2023923627768],[139.13870215416,34.2021239446661],[139.13878262043,34.2019730981246],[139.138908684254,34.2018732732074],[139.139123260975,34.2017601383013],[139.139302968979,34.2016758417046],[139.139466583729,34.2016270384117],[139.140357077122,34.2015316501575],[139.140646755695,34.2014517902238],[139.140839874744,34.2013830219475],[139.140955209732,34.2013918952735],[139.14104372263,34.2014251702459],[139.141118824482,34.2014850651962],[139.14115101099,34.2015627067984],[139.141148328781,34.2016625317156],[139.141086637974,34.2017601383013],[139.140874743462,34.2019841897821],[139.140767455101,34.2020751413733],[139.140099585056,34.2023590878044],[139.140040576458,34.2023967994398],[139.140011072159,34.2024367294066],[139.139997661114,34.2025010610199],[139.140024483204,34.2025787026222],[139.140064716339,34.2026186325891],[139.140139818192,34.202640815904],[139.140220284462,34.2026341609095],[139.140649437904,34.2025232443349],[139.140705764294,34.2025188076719],[139.140754044056,34.2025254626664],[139.1407969594,34.2025520826443],[139.140845239162,34.2025942309426],[139.140885472298,34.2026474708985],[139.140898883343,34.2027428591527],[139.140829145908,34.2029447273185],[139.140829145908,34.2030401155727],[139.140855967999,34.2030889188656],[139.141032993793,34.2031976171087],[139.141094684601,34.2032508570646],[139.141108095646,34.2033107520149],[139.141092002392,34.2033706469652],[139.141054451466,34.2034305419155],[139.140872061253,34.2035658601365],[139.140357077122,34.2038608982251],[139.140284657478,34.2039451948218],[139.140319526196,34.2039962164462],[139.140386581421,34.2040361464131],[139.140464365482,34.2040361464131],[139.140601158142,34.2039185748439],[139.140711128712,34.2038498065676],[139.14123415947,34.203576951794],[139.141346812248,34.2035148385122],[139.141432642937,34.203415013595],[139.141515791416,34.2031621238048],[139.141564071178,34.2030778272081],[139.141620397568,34.2030378972412],[139.141665995121,34.2030157139263],[139.141845703125,34.2029336356611],[139.142816662788,34.2025387726553],[139.143269956112,34.202321376169],[139.143615961075,34.2021394729866],[139.143779575825,34.2020307747434],[139.14392977953,34.2018843648649],[139.144088029861,34.2016935883565],[139.144165813923,34.201551615141],[139.144329428673,34.2012920703563],[139.144409894943,34.201232175406],[139.144852459431,34.2010103422567],[139.144932925701,34.2009327006544],[139.145010709763,34.200755234135],[139.145017867063,34.2007239454926],[139.145048260689,34.2005910776045],[139.145187735558,34.200107481339],[139.145233333111,34.2000010014274],[139.145254790783,34.199954416466],[139.14534330368,34.1998301899024],[139.145523011684,34.1997414566427],[139.145691990852,34.1996460683885],[139.146046042442,34.1994131435818],[139.146563708782,34.1990981405098],[139.1472235322,34.1987409891394],[139.14733082056,34.1986877491836],[139.14744079113,34.1986478192167],[139.147566854954,34.1986167625758],[139.148215949535,34.198559085957],[139.148384928703,34.1985324659791],[139.148486852646,34.1984814443547],[139.148728251457,34.1981730962772],[139.148752391338,34.1981442548596],[139.148867726326,34.1980666048893],[139.149667024612,34.1978491849722],[139.14989233017,34.1978136878429],[139.14999961853,34.1978114692723],[139.150576293468,34.1977981578488],[139.150796234608,34.1977582235783],[139.151128828526,34.1975851750729],[139.151667952538,34.1974320937027],[139.151761829853,34.1974343122733],[139.15182352066,34.1974365308439],[139.151981770992,34.1974609351203],[139.152330458164,34.1975696450788],[139.152432382107,34.1975829565023],[139.152520895004,34.1975696450788],[139.152773022652,34.1974409679851],[139.15283203125,34.1974054708557],[139.153027832508,34.1972812309031],[139.153084158897,34.1972191109268],[139.153231680393,34.1968818881983],[139.153293371201,34.1968330796455],[139.15340334177,34.196777615381],[139.153910279274,34.1965557583228],[139.154098033905,34.1964936383465],[139.154205322266,34.1965047311994],[139.154291152954,34.1965535397522],[139.154344797134,34.1966334082931],[139.154358208179,34.196750992534],[139.154352843761,34.1967753968104],[139.154331386089,34.1969218224688],[139.154240190983,34.1974343122733],[139.154218733311,34.1976251093434],[139.154116809368,34.1979312720837],[139.154055118561,34.1980244520482],[139.153934419155,34.1981730962772],[139.153848588467,34.1982817945204],[139.153416752815,34.1987542991284],[139.153258502483,34.1988585607085],[139.15283203125,34.1990338088965],[139.152665734291,34.1991092321672],[139.152512848377,34.1992245854049],[139.152410924435,34.1993665586204],[139.152335822582,34.1995063135045],[139.152193665504,34.2000010014274],[139.152164161205,34.2001318829855],[139.152185618877,34.2003093495049],[139.15226072073,34.2004357944],[139.152429699898,34.2006576275493],[139.152319729328,34.2007774174499],[139.152300953865,34.2008373124002],[139.152359962463,34.2009482289749],[139.152432382107,34.2010369622346],[139.152638912201,34.2016935883565],[139.152759611607,34.2021106346772],[139.152542352676,34.2023014111856],[139.152317047119,34.2024810960365],[139.152266085148,34.2025897942797],[139.152244627476,34.2028471207328],[139.152244627476,34.2029536006445],[139.152317047119,34.2030711722136],[139.152362644672,34.2031732154623],[139.152381420135,34.203270822048],[139.152378737926,34.2034438519044],[139.152346551418,34.20358582512],[139.152263402939,34.2037810382914],[139.152220487595,34.2038542432306],[139.152193665504,34.2038941731975],[139.152115881443,34.2039385398274],[139.152022004128,34.2039385398274],[139.151847660542,34.2039074831865],[139.151627719402,34.20388308154],[139.151571393013,34.2039074831865],[139.15149897337,34.2040006531092],[139.151466786861,34.2040428014075],[139.151399731636,34.2041648096396],[139.151346087456,34.2043067828552],[139.151305854321,34.2044465377393],[139.151120781898,34.2046572792311],[139.151072502136,34.2047504491538],[139.151059091091,34.2048436190765],[139.151080548763,34.2049190423472],[139.151136875153,34.2050255222589],[139.151316583157,34.205169713806],[139.151431918144,34.2052029887783],[139.151541888714,34.2052096437728],[139.151751101017,34.2052029887783],[139.152019321918,34.2052872853751],[139.152467250824,34.2054070752757],[139.152582585812,34.2054181669332],[139.152714014053,34.2054026386127],[139.15283203125,34.2053383069994],[139.152987599373,34.2052695387231],[139.153119027615,34.2052695387231],[139.153215587139,34.2052983770325],[139.153293371201,34.2053383069994],[139.153341650963,34.2054070752757],[139.15337651968,34.2054913718724],[139.153373837471,34.2056045067786],[139.153341650963,34.2056777117178],[139.153250455856,34.2057575716516],[139.153145849705,34.2057930649555],[139.152958095074,34.2058396499168],[139.152861535549,34.2059061998616],[139.15283203125,34.2059505664915],[139.152762293816,34.2060725747236],[139.152687191963,34.2061435613314],[139.152555763721,34.2062256395966],[139.152475297451,34.206258914569],[139.151992499828,34.2064519094089],[139.151458740234,34.2067802224698],[139.151276350021,34.2068600824036],[139.151185154915,34.206880047387],[139.15095448494,34.2069377240058],[139.150847196579,34.2069465973318],[139.15054410696,34.2069221956854],[139.150458276272,34.2069465973318],[139.150391221046,34.2069732173097],[139.150283932686,34.2070796972214],[139.150251746178,34.2071506838291],[139.150219559669,34.2072593820723],[139.150173962116,34.2074279570927],[139.150069355965,34.2075832235588],[139.150034487247,34.2076497663301],[139.14999961853,34.2077673252259],[139.149954020977,34.2079137193225],[139.149849414825,34.2080512410497],[139.149715304375,34.208142182837],[139.149334430695,34.2082486512709],[139.149251282215,34.2082819226565],[139.149181544781,34.2083351568735],[139.149119853973,34.2083773006286],[139.14896696806,34.2084238805684],[139.148824810982,34.2084394072151],[139.148722887039,34.2084704605083],[139.148460030556,34.2086212907897],[139.148395657539,34.2087366315931],[139.148376882076,34.2087965200872],[139.148331284523,34.2088896799669],[139.148261547089,34.2089473503686],[139.147974550724,34.2091092711119],[139.147711694241,34.2092734099475],[139.147556126118,34.2094175859518],[139.147102832794,34.2099787633223],[139.147030413151,34.2100941041258],[139.14697676897,34.2102072268368],[139.146813154221,34.2106242282031],[139.146807789803,34.2106907709743],[139.146756827831,34.2107950213158],[139.14673268795,34.2108815269184],[139.14670613332,34.2109327663204],[139.146684408188,34.2109746867981],[139.146574437618,34.2111388256337],[139.146440327168,34.2112430759753],[139.146333038807,34.2112896559151],[139.1462418437,34.2113162730236],[139.146105051041,34.2113428901321],[139.145791232586,34.2116090612169],[139.145662486553,34.2117354924822],[139.14550691843,34.2119329027035],[139.145421087742,34.2120393711374],[139.145112633705,34.2124408458571],[139.144753217697,34.2127092350343],[139.144707620144,34.2127358521427],[139.144613742828,34.2129443528259],[139.144503772259,34.2132260505573],[139.14447426796,34.2132815028666],[139.144447445869,34.213319210437],[139.144377708435,34.2133879713006],[139.14431065321,34.2134323331481],[139.144238233566,34.2134589502565],[139.144144356251,34.2134766949955],[139.142805933952,34.2135587644133],[139.142738878727,34.2135587644133],[139.142610132694,34.2135454558591],[139.142433106899,34.2135055301964],[139.142360687256,34.2134789130879],[139.142151474953,34.2133436094531],[139.142028093338,34.213188342987],[139.141845703125,34.2129576613801],[139.141770601273,34.2128667195928],[139.141665995121,34.2127802139902],[139.141598939896,34.2127425064199],[139.141494333744,34.2127003626648],[139.141384363174,34.2126759636487],[139.141218066216,34.2126715274639],[139.141108095646,34.2126826179258],[139.141046404839,34.2127003626648],[139.140904247761,34.2127580330665],[139.140756726265,34.2128689376852],[139.140585064888,34.2130929650149],[139.140520691872,34.21313510877],[139.140209555626,34.2127868682673],[139.140107631683,34.2126826179258],[139.140048623085,34.2126449103554],[139.139852821827,34.2126160751546],[139.139772355556,34.2125739313995],[139.139699935913,34.2125029524435],[139.139686524868,34.2124430639494],[139.139699935913,34.2123765211782],[139.139756262302,34.212309978407],[139.139962792397,34.2121658024027],[139.139978885651,34.2121059139086],[139.139973521233,34.2120371530451],[139.139823317528,34.2118863227636],[139.139732122421,34.2118109076229],[139.139691889286,34.211757673406],[139.13968116045,34.211704439189],[139.139689207077,34.2116356783254],[139.139758944511,34.2115669174619],[139.140048623085,34.2113983424415],[139.140147864819,34.2112719111762],[139.140147864819,34.2111743151117],[139.140129089355,34.2110279210151],[139.140056669712,34.2105865206327],[139.140027165413,34.2103136952708],[139.140013754368,34.2102316258529],[139.140024483204,34.2099987261537],[139.140011072159,34.2099077843664],[139.139992296696,34.2097813531011],[139.139831364155,34.20966823039],[139.139772355556,34.2096393951892],[139.139429032803,34.2094530754298],[139.139332473278,34.2092933727789],[139.13927346468,34.2092534471162],[139.139155447483,34.2092201757306],[139.138967692852,34.2091469786822],[139.138704836369,34.2090360740636],[139.138393700123,34.2090538188026],[139.138256907463,34.2089983664932],[139.137446880341,34.2085724927575],[139.137334227562,34.2084882052473],[139.137305157115,34.2084412175136],[139.137275218964,34.2083928272752],[139.137208163738,34.2083351568735],[139.13706600666,34.2082087256082],[139.13684874773,34.20795808117],[139.136626124382,34.2077651071335],[139.136483967304,34.2076919100852],[139.136231839657,34.2076054044826],[139.13603335619,34.2075521702656],[139.135177731514,34.2072593820723],[139.135145545006,34.2072482904148],[139.134866595268,34.2071506838291],[139.134539365768,34.2070796972214],[139.133960008621,34.2069221956854],[139.133796393871,34.2069044490334],[139.133552312851,34.2069177590224],[139.133455753326,34.2071151905253],[139.133404791355,34.2072593820723],[139.133386015892,34.2073126162893],[139.133332371712,34.2073237067511],[139.13328140974,34.2073325791206],[139.131725728512,34.2077761975954],[139.131441128767,34.2078647586229]]},"properties":{"id":"F028:5:SHP0025","feed_id":"F028","feed_slug":"kozushima-village-bus","municipality":"神津島村","service_name":"村営バス","license":"CC BY 4.0","source_route_id":"5","route_short_name":null,"route_long_name":"夜間温泉巡回バス","route_desc":null,"route_type":3,"route_url":null,"route_color":null,"route_text_color":"000000","directions":[],"geometry_source":"shapes.txt"}},{"type":"Feature","id":"F028:6:SHP0001","geometry":{"type":"LineString","coordinates":[[139.153369559866,34.2019496661842],[139.153400659561,34.2019997181025],[139.153446257114,34.2020662680473],[139.153515994549,34.2021993679369],[139.153400659561,34.2022082412629],[139.153309464455,34.2021882762794],[139.153253138065,34.2021416913181],[139.153161942959,34.2019109848428],[139.15304929018,34.2017312999919],[139.152904450893,34.2015360868205],[139.15283203125,34.2014074235939],[139.152762293816,34.2012809786988],[139.152553081512,34.2008173474168],[139.152500016642,34.2007486539235],[139.152429699898,34.2006576275493],[139.15226072073,34.2004357944],[139.152185618877,34.2003093495049],[139.152164161205,34.2001318829855],[139.152193665504,34.2000010014274],[139.152335822582,34.1995063135045],[139.152410924435,34.1993665586204],[139.152512848377,34.1992245854049],[139.152665734291,34.1991092321672],[139.15283203125,34.1990338088965],[139.153258502483,34.1988585607085],[139.153416752815,34.1987542991284],[139.153848588467,34.1982817945204],[139.153934419155,34.1981730962772],[139.154055118561,34.1980244520482],[139.154116809368,34.1979312720837],[139.154218733311,34.1976251093434],[139.154240190983,34.1974343122733],[139.154331386089,34.1969218224688],[139.154352843761,34.1967753968104],[139.154358208179,34.196750992534],[139.154344797134,34.1966334082931],[139.154291152954,34.1965535397522],[139.154205322266,34.1965047311994],[139.154098033905,34.1964936383465],[139.153910279274,34.1965557583228],[139.15340334177,34.196777615381],[139.153293371201,34.1968330796455],[139.153231680393,34.1968818881983],[139.153084158897,34.1972191109268],[139.153027832508,34.1972812309031],[139.15283203125,34.1974054708557],[139.152773022652,34.1974409679851],[139.152520895004,34.1975696450788],[139.152432382107,34.1975829565023],[139.152330458164,34.1975696450788],[139.151981770992,34.1974609351203],[139.15182352066,34.1974365308439],[139.151761829853,34.1974343122733],[139.151667952538,34.1974320937027],[139.151128828526,34.1975851750729],[139.150796234608,34.1977582235783],[139.150576293468,34.1977981578488],[139.14999961853,34.1978114692723],[139.14989233017,34.1978136878429],[139.149667024612,34.1978491849722],[139.148867726326,34.1980666048893],[139.148752391338,34.1981442548596],[139.148728251457,34.1981730962772],[139.148486852646,34.1984814443547],[139.148384928703,34.1985324659791],[139.148215949535,34.198559085957],[139.147566854954,34.1986167625758],[139.14744079113,34.1986478192167],[139.14733082056,34.1986877491836],[139.1472235322,34.1987409891394],[139.146563708782,34.1990981405098],[139.146046042442,34.1994131435818],[139.145691990852,34.1996460683885],[139.145523011684,34.1997414566427],[139.14534330368,34.1998301899024],[139.145254790783,34.199954416466],[139.145233333111,34.2000010014274],[139.145187735558,34.200107481339],[139.145048260689,34.2005910776045],[139.145017867063,34.2007239454926],[139.145010709763,34.200755234135],[139.144932925701,34.2009327006544],[139.144852459431,34.2010103422567],[139.144409894943,34.201232175406],[139.144329428673,34.2012920703563],[139.144165813923,34.201551615141],[139.144088029861,34.2016935883565],[139.14392977953,34.2018843648649],[139.143779575825,34.2020307747434],[139.143615961075,34.2021394729866],[139.143269956112,34.202321376169],[139.142816662788,34.2025387726553],[139.141845703125,34.2029336356611],[139.141665995121,34.2030157139263],[139.141620397568,34.2030378972412],[139.141564071178,34.2030778272081],[139.141515791416,34.2031621238048],[139.141432642937,34.203415013595],[139.141346812248,34.2035148385122],[139.14123415947,34.203576951794],[139.140711128712,34.2038498065676],[139.140601158142,34.2039185748439],[139.140464365482,34.2040361464131],[139.140386581421,34.2040361464131],[139.140319526196,34.2039962164462],[139.140284657478,34.2039451948218],[139.140357077122,34.2038608982251],[139.140872061253,34.2035658601365],[139.141054451466,34.2034305419155],[139.141092002392,34.2033706469652],[139.141108095646,34.2033107520149],[139.141094684601,34.2032508570646],[139.141032993793,34.2031976171087],[139.140855967999,34.2030889188656],[139.140829145908,34.2030401155727],[139.140829145908,34.2029447273185],[139.140898883343,34.2027428591527],[139.140885472298,34.2026474708985],[139.140845239162,34.2025942309426],[139.1407969594,34.2025520826443],[139.140754044056,34.2025254626664],[139.140705764294,34.2025188076719],[139.140649437904,34.2025232443349],[139.140220284462,34.2026341609095],[139.140139818192,34.202640815904],[139.140064716339,34.2026186325891],[139.140024483204,34.2025787026222],[139.139997661114,34.2025010610199],[139.140011072159,34.2024367294066],[139.140040576458,34.2023967994398],[139.140099585056,34.2023590878044],[139.140767455101,34.2020751413733],[139.140874743462,34.2019841897821],[139.141086637974,34.2017601383013],[139.141148328781,34.2016625317156],[139.14115101099,34.2015627067984],[139.141118824482,34.2014850651962],[139.14104372263,34.2014251702459],[139.140955209732,34.2013918952735],[139.140839874744,34.2013830219475],[139.140646755695,34.2014517902238],[139.140357077122,34.2015316501575],[139.139466583729,34.2016270384117],[139.139302968979,34.2016758417046],[139.139123260975,34.2017601383013],[139.138908684254,34.2018732732074],[139.13878262043,34.2019730981246],[139.13870215416,34.2021239446661],[139.138653874397,34.2023923627768],[139.13864582777,34.2024456027326],[139.138605594635,34.2025077160144],[139.138527810574,34.2025764842907],[139.138433933258,34.2026186325891],[139.138323962688,34.2026297242465],[139.138227403164,34.2026075409316],[139.138045012951,34.2025698292962],[139.137959182262,34.2025653926332],[139.137870669365,34.2025897942797],[139.137736558914,34.202645252567],[139.137626588345,34.2026851825338],[139.137495160103,34.2026962741913],[139.137342274189,34.2026696542134],[139.137245714664,34.2026031042686],[139.136866766228,34.2022137893012],[139.136559069157,34.2018976748539],[139.136459827423,34.2017690116273],[139.136368632317,34.2017113350084],[139.136258661747,34.201709116677],[139.135631024837,34.2017911949422],[139.135199189186,34.2017756666217],[139.134174585342,34.2017401733179],[139.134032428265,34.2017357366549],[139.133694469929,34.2018111599256],[139.133498668671,34.2018932381909],[139.133332371712,34.2019753164561],[139.13325458765,34.202015246423],[139.133166074753,34.2021039796827],[139.133136570454,34.202177184622],[139.133128523827,34.2022592628872],[139.133332371712,34.2030268055838],[139.133415520191,34.2033240620038],[139.133579134941,34.2040694213854],[139.13371860981,34.2044443194078],[139.133850038052,34.2048924223693],[139.133890271187,34.2051053821927],[139.133901000023,34.205480280215],[139.133852720261,34.2064385994199],[139.133742749691,34.2066249392653],[139.133600592613,34.2068423357516],[139.133552312851,34.2069177590224],[139.133455753326,34.2071151905253],[139.133404791355,34.2072593820723],[139.133386015892,34.2073126162893],[139.133332371712,34.2073237067511],[139.13328140974,34.2073325791206],[139.131725728512,34.2077761975954],[139.131441128767,34.2078647586229],[139.131725728512,34.2077761975954],[139.13328140974,34.2073325791206],[139.133332371712,34.2073237067511],[139.133386015892,34.2073126162893],[139.133404791355,34.2072593820723],[139.133455753326,34.2071151905253],[139.133552312851,34.2069177590224],[139.133796393871,34.2069044490334],[139.133960008621,34.2069221956854],[139.134539365768,34.2070796972214],[139.134866595268,34.2071506838291],[139.135145545006,34.2072482904148],[139.135177731514,34.2072593820723],[139.13603335619,34.2075521702656],[139.136231839657,34.2076054044826],[139.136483967304,34.2076919100852],[139.136626124382,34.2077651071335],[139.13684874773,34.20795808117],[139.13706600666,34.2082087256082],[139.137208163738,34.2083351568735],[139.137275218964,34.2083928272752],[139.137305157115,34.2084412175136],[139.137334227562,34.2084882052473],[139.137446880341,34.2085724927575],[139.138256907463,34.2089983664932],[139.138393700123,34.2090538188026],[139.138704836369,34.2090360740636],[139.138967692852,34.2091469786822],[139.139155447483,34.2092201757306],[139.13927346468,34.2092534471162],[139.139332473278,34.2092933727789],[139.139429032803,34.2094530754298],[139.139772355556,34.2096393951892],[139.139831364155,34.20966823039],[139.139992296696,34.2097813531011],[139.140011072159,34.2099077843664],[139.140024483204,34.2099987261537],[139.140013754368,34.2102316258529],[139.140027165413,34.2103136952708],[139.140056669712,34.2105865206327],[139.140129089355,34.2110279210151],[139.140147864819,34.2111743151117],[139.140147864819,34.2112719111762],[139.140048623085,34.2113983424415],[139.139758944511,34.2115669174619],[139.139689207077,34.2116356783254],[139.13968116045,34.211704439189],[139.139691889286,34.211757673406],[139.139732122421,34.2118109076229],[139.139823317528,34.2118863227636],[139.139973521233,34.2120371530451],[139.139978885651,34.2121059139086],[139.139962792397,34.2121658024027],[139.139756262302,34.212309978407],[139.139699935913,34.2123765211782],[139.139686524868,34.2124430639494],[139.139699935913,34.2125029524435],[139.139772355556,34.2125739313995],[139.139852821827,34.2126160751546],[139.140048623085,34.2126449103554],[139.140107631683,34.2126826179258],[139.140209555626,34.2127868682673],[139.140520691872,34.21313510877],[139.140585064888,34.2130929650149],[139.140756726265,34.2128689376852],[139.140904247761,34.2127580330665],[139.141046404839,34.2127003626648],[139.141108095646,34.2126826179258],[139.141218066216,34.2126715274639],[139.141384363174,34.2126759636487],[139.141494333744,34.2127003626648],[139.141598939896,34.2127425064199],[139.141665995121,34.2127802139902],[139.141770601273,34.2128667195928],[139.141845703125,34.2129576613801],[139.142028093338,34.213188342987],[139.142151474953,34.2133436094531],[139.142360687256,34.2134789130879],[139.142433106899,34.2135055301964],[139.142610132694,34.2135454558591],[139.142738878727,34.2135587644133],[139.142805933952,34.2135587644133],[139.144144356251,34.2134766949955],[139.144238233566,34.2134589502565],[139.14431065321,34.2134323331481],[139.144377708435,34.2133879713006],[139.144447445869,34.213319210437],[139.14447426796,34.2132815028666],[139.144503772259,34.2132260505573],[139.144613742828,34.2129443528259],[139.144707620144,34.2127358521427],[139.144753217697,34.2127092350343],[139.145112633705,34.2124408458571],[139.145421087742,34.2120393711374],[139.14550691843,34.2119329027035],[139.145662486553,34.2117354924822],[139.145791232586,34.2116090612169],[139.146105051041,34.2113428901321],[139.1462418437,34.2113162730236],[139.146333038807,34.2112896559151],[139.146440327168,34.2112430759753],[139.146574437618,34.2111388256337],[139.146684408188,34.2109746867981],[139.14670613332,34.2109327663204]]},"properties":{"id":"F028:6:SHP0001","feed_id":"F028","feed_slug":"kozushima-village-bus","municipality":"神津島村","service_name":"村営バス","license":"CC BY 4.0","source_route_id":"6","route_short_name":null,"route_long_name":"多幸湾送迎","route_desc":null,"route_type":3,"route_url":null,"route_color":null,"route_text_color":"000000","directions":[],"geometry_source":"shapes.txt"}},{"type":"Feature","id":"F028:7:SHP0002","geometry":{"type":"LineString","coordinates":[[139.131441128767,34.2078647586229],[139.131725728512,34.2077761975954],[139.13328140974,34.2073325791206],[139.133332371712,34.2073237067511],[139.133386015892,34.2073126162893],[139.133404791355,34.2072593820723],[139.133455753326,34.2071151905253],[139.133552312851,34.2069177590224],[139.133600592613,34.2068423357516],[139.133742749691,34.2066249392653],[139.133852720261,34.2064385994199],[139.133901000023,34.205480280215],[139.133890271187,34.2051053821927],[139.133850038052,34.2048924223693],[139.13371860981,34.2044443194078],[139.133579134941,34.2040694213854],[139.133415520191,34.2033240620038],[139.133332371712,34.2030268055838],[139.133128523827,34.2022592628872],[139.133136570454,34.202177184622],[139.133166074753,34.2021039796827],[139.13325458765,34.202015246423],[139.133332371712,34.2019753164561],[139.133498668671,34.2018932381909],[139.133694469929,34.2018111599256],[139.134032428265,34.2017357366549],[139.134174585342,34.2017401733179],[139.135199189186,34.2017756666217],[139.135631024837,34.2017911949422],[139.136258661747,34.201709116677],[139.136368632317,34.2017113350084],[139.136459827423,34.2017690116273],[139.136559069157,34.2018976748539],[139.136866766228,34.2022137893012],[139.137245714664,34.2026031042686],[139.137342274189,34.2026696542134],[139.137495160103,34.2026962741913],[139.137626588345,34.2026851825338],[139.137736558914,34.202645252567],[139.137870669365,34.2025897942797],[139.137959182262,34.2025653926332],[139.138045012951,34.2025698292962],[139.138227403164,34.2026075409316],[139.138323962688,34.2026297242465],[139.138433933258,34.2026186325891],[139.138527810574,34.2025764842907],[139.138605594635,34.2025077160144],[139.13864582777,34.2024456027326],[139.138653874397,34.2023923627768],[139.13870215416,34.2021239446661],[139.13878262043,34.2019730981246],[139.138908684254,34.2018732732074],[139.139123260975,34.2017601383013],[139.139302968979,34.2016758417046],[139.139466583729,34.2016270384117],[139.140357077122,34.2015316501575],[139.140646755695,34.2014517902238],[139.140839874744,34.2013830219475],[139.140955209732,34.2013918952735],[139.14104372263,34.2014251702459],[139.141118824482,34.2014850651962],[139.14115101099,34.2015627067984],[139.141148328781,34.2016625317156],[139.141086637974,34.2017601383013],[139.140874743462,34.2019841897821],[139.140767455101,34.2020751413733],[139.140099585056,34.2023590878044],[139.140040576458,34.2023967994398],[139.140011072159,34.2024367294066],[139.139997661114,34.2025010610199],[139.140024483204,34.2025787026222],[139.140064716339,34.2026186325891],[139.140139818192,34.202640815904],[139.140220284462,34.2026341609095],[139.140649437904,34.2025232443349],[139.140705764294,34.2025188076719],[139.140754044056,34.2025254626664],[139.1407969594,34.2025520826443],[139.140845239162,34.2025942309426],[139.140885472298,34.2026474708985],[139.140898883343,34.2027428591527],[139.140829145908,34.2029447273185],[139.140829145908,34.2030401155727],[139.140855967999,34.2030889188656],[139.141032993793,34.2031976171087],[139.141094684601,34.2032508570646],[139.141108095646,34.2033107520149],[139.141092002392,34.2033706469652],[139.141054451466,34.2034305419155],[139.140872061253,34.2035658601365],[139.140357077122,34.2038608982251],[139.140284657478,34.2039451948218],[139.140319526196,34.2039962164462],[139.140386581421,34.2040361464131],[139.140464365482,34.2040361464131],[139.140601158142,34.2039185748439],[139.140711128712,34.2038498065676],[139.14123415947,34.203576951794],[139.141346812248,34.2035148385122],[139.141432642937,34.203415013595],[139.141515791416,34.2031621238048],[139.141564071178,34.2030778272081],[139.141620397568,34.2030378972412],[139.141665995121,34.2030157139263],[139.141845703125,34.2029336356611],[139.142816662788,34.2025387726553],[139.143269956112,34.202321376169],[139.143615961075,34.2021394729866],[139.143779575825,34.2020307747434],[139.14392977953,34.2018843648649],[139.144088029861,34.2016935883565],[139.144165813923,34.201551615141],[139.144329428673,34.2012920703563],[139.144409894943,34.201232175406],[139.144852459431,34.2010103422567],[139.144932925701,34.2009327006544],[139.145010709763,34.200755234135],[139.145017867063,34.2007239454926],[139.145048260689,34.2005910776045],[139.145187735558,34.200107481339],[139.145233333111,34.2000010014274],[139.145254790783,34.199954416466],[139.14534330368,34.1998301899024],[139.145523011684,34.1997414566427],[139.145691990852,34.1996460683885],[139.146046042442,34.1994131435818],[139.146563708782,34.1990981405098],[139.1472235322,34.1987409891394],[139.14733082056,34.1986877491836],[139.14744079113,34.1986478192167],[139.147566854954,34.1986167625758],[139.148215949535,34.198559085957],[139.148384928703,34.1985324659791],[139.148486852646,34.1984814443547],[139.148728251457,34.1981730962772],[139.148752391338,34.1981442548596],[139.148867726326,34.1980666048893],[139.149667024612,34.1978491849722],[139.14989233017,34.1978136878429],[139.14999961853,34.1978114692723],[139.150576293468,34.1977981578488],[139.150796234608,34.1977582235783],[139.151128828526,34.1975851750729],[139.151667952538,34.1974320937027],[139.151761829853,34.1974343122733],[139.15182352066,34.1974365308439],[139.151981770992,34.1974609351203],[139.152330458164,34.1975696450788],[139.152432382107,34.1975829565023],[139.152520895004,34.1975696450788],[139.152773022652,34.1974409679851],[139.15283203125,34.1974054708557],[139.153027832508,34.1972812309031],[139.153084158897,34.1972191109268],[139.153231680393,34.1968818881983],[139.153293371201,34.1968330796455],[139.15340334177,34.196777615381],[139.153910279274,34.1965557583228],[139.154098033905,34.1964936383465],[139.154205322266,34.1965047311994],[139.154291152954,34.1965535397522],[139.154344797134,34.1966334082931],[139.154358208179,34.196750992534],[139.154352843761,34.1967753968104],[139.154331386089,34.1969218224688],[139.154240190983,34.1974343122733],[139.154218733311,34.1976251093434],[139.154116809368,34.1979312720837],[139.154055118561,34.1980244520482],[139.153934419155,34.1981730962772],[139.153848588467,34.1982817945204],[139.153416752815,34.1987542991284],[139.153258502483,34.1988585607085],[139.15283203125,34.1990338088965],[139.152665734291,34.1991092321672],[139.152512848377,34.1992245854049],[139.152410924435,34.1993665586204],[139.152335822582,34.1995063135045],[139.152193665504,34.2000010014274],[139.152164161205,34.2001318829855],[139.152185618877,34.2003093495049],[139.15226072073,34.2004357944],[139.152429699898,34.2006576275493],[139.152319729328,34.2007774174499],[139.152300953865,34.2008373124002],[139.152359962463,34.2009482289749],[139.152432382107,34.2010369622346],[139.152638912201,34.2016935883565],[139.152759611607,34.2021106346772],[139.152542352676,34.2023014111856],[139.152317047119,34.2024810960365],[139.152266085148,34.2025897942797],[139.152244627476,34.2028471207328],[139.152244627476,34.2029536006445],[139.152317047119,34.2030711722136],[139.152362644672,34.2031732154623],[139.152381420135,34.203270822048],[139.152378737926,34.2034438519044],[139.152346551418,34.20358582512],[139.152263402939,34.2037810382914],[139.152220487595,34.2038542432306],[139.152193665504,34.2038941731975],[139.152115881443,34.2039385398274],[139.152022004128,34.2039385398274],[139.151847660542,34.2039074831865],[139.151627719402,34.20388308154],[139.151571393013,34.2039074831865],[139.15149897337,34.2040006531092],[139.151466786861,34.2040428014075],[139.151399731636,34.2041648096396],[139.151346087456,34.2043067828552],[139.151305854321,34.2044465377393],[139.151120781898,34.2046572792311],[139.151072502136,34.2047504491538],[139.151059091091,34.2048436190765],[139.151080548763,34.2049190423472],[139.151136875153,34.2050255222589],[139.151316583157,34.205169713806],[139.151431918144,34.2052029887783],[139.151541888714,34.2052096437728],[139.151751101017,34.2052029887783],[139.152019321918,34.2052872853751],[139.152467250824,34.2054070752757],[139.152582585812,34.2054181669332],[139.152714014053,34.2054026386127],[139.15283203125,34.2053383069994],[139.152987599373,34.2052695387231],[139.153119027615,34.2052695387231],[139.153215587139,34.2052983770325],[139.153293371201,34.2053383069994],[139.153341650963,34.2054070752757],[139.15337651968,34.2054913718724],[139.153373837471,34.2056045067786],[139.153341650963,34.2056777117178],[139.153250455856,34.2057575716516],[139.153145849705,34.2057930649555],[139.152958095074,34.2058396499168],[139.152861535549,34.2059061998616],[139.15283203125,34.2059505664915],[139.152762293816,34.2060725747236],[139.152687191963,34.2061435613314],[139.152555763721,34.2062256395966],[139.152475297451,34.206258914569],[139.151992499828,34.2064519094089],[139.151458740234,34.2067802224698],[139.151276350021,34.2068600824036],[139.151185154915,34.206880047387],[139.15095448494,34.2069377240058],[139.150847196579,34.2069465973318],[139.15054410696,34.2069221956854],[139.150458276272,34.2069465973318],[139.150391221046,34.2069732173097],[139.150283932686,34.2070796972214],[139.150251746178,34.2071506838291],[139.150219559669,34.2072593820723],[139.150173962116,34.2074279570927],[139.150069355965,34.2075832235588],[139.150034487247,34.2076497663301],[139.14999961853,34.2077673252259],[139.149954020977,34.2079137193225],[139.149849414825,34.2080512410497],[139.149715304375,34.208142182837],[139.149334430695,34.2082486512709],[139.149251282215,34.2082819226565],[139.149181544781,34.2083351568735],[139.149119853973,34.2083773006286],[139.14896696806,34.2084238805684],[139.148824810982,34.2084394072151],[139.148722887039,34.2084704605083],[139.148460030556,34.2086212907897],[139.148395657539,34.2087366315931],[139.148376882076,34.2087965200872],[139.148331284523,34.2088896799669],[139.148261547089,34.2089473503686],[139.147974550724,34.2091092711119],[139.147711694241,34.2092734099475],[139.147556126118,34.2094175859518],[139.147102832794,34.2099787633223],[139.147030413151,34.2100941041258],[139.14697676897,34.2102072268368],[139.146813154221,34.2106242282031],[139.146807789803,34.2106907709743],[139.146756827831,34.2107950213158],[139.14673268795,34.2108815269184],[139.14670613332,34.2109327663204],[139.146684408188,34.2109746867981],[139.146574437618,34.2111388256337],[139.146440327168,34.2112430759753],[139.146333038807,34.2112896559151],[139.1462418437,34.2113162730236],[139.146105051041,34.2113428901321],[139.145791232586,34.2116090612169],[139.145662486553,34.2117354924822],[139.14550691843,34.2119329027035],[139.145421087742,34.2120393711374],[139.145112633705,34.2124408458571],[139.144753217697,34.2127092350343],[139.144707620144,34.2127358521427],[139.144613742828,34.2129443528259],[139.144503772259,34.2132260505573],[139.14447426796,34.2132815028666],[139.144447445869,34.213319210437],[139.144377708435,34.2133879713006],[139.14431065321,34.2134323331481],[139.144238233566,34.2134589502565],[139.144144356251,34.2134766949955],[139.142805933952,34.2135587644133],[139.142738878727,34.2135587644133],[139.142610132694,34.2135454558591],[139.142433106899,34.2135055301964],[139.142360687256,34.2134789130879],[139.142151474953,34.2133436094531],[139.142028093338,34.213188342987],[139.141845703125,34.2129576613801],[139.141770601273,34.2128667195928],[139.141665995121,34.2127802139902],[139.141598939896,34.2127425064199],[139.141494333744,34.2127003626648],[139.141384363174,34.2126759636487],[139.141218066216,34.2126715274639],[139.141108095646,34.2126826179258],[139.141046404839,34.2127003626648],[139.140904247761,34.2127580330665],[139.140756726265,34.2128689376852],[139.140585064888,34.2130929650149],[139.140520691872,34.21313510877],[139.140209555626,34.2127868682673],[139.140107631683,34.2126826179258],[139.140048623085,34.2126449103554],[139.139852821827,34.2126160751546],[139.139772355556,34.2125739313995],[139.139699935913,34.2125029524435],[139.139686524868,34.2124430639494],[139.139699935913,34.2123765211782],[139.139756262302,34.212309978407],[139.139962792397,34.2121658024027],[139.139978885651,34.2121059139086],[139.139973521233,34.2120371530451],[139.139823317528,34.2118863227636],[139.139732122421,34.2118109076229],[139.139691889286,34.211757673406],[139.13968116045,34.211704439189],[139.139689207077,34.2116356783254],[139.139758944511,34.2115669174619],[139.140048623085,34.2113983424415],[139.140147864819,34.2112719111762],[139.140147864819,34.2111743151117],[139.140129089355,34.2110279210151],[139.140056669712,34.2105865206327],[139.140027165413,34.2103136952708],[139.140013754368,34.2102316258529],[139.140024483204,34.2099987261537],[139.140011072159,34.2099077843664],[139.139992296696,34.2097813531011],[139.139831364155,34.20966823039],[139.139772355556,34.2096393951892],[139.139429032803,34.2094530754298],[139.139332473278,34.2092933727789],[139.13927346468,34.2092534471162],[139.139155447483,34.2092201757306],[139.138967692852,34.2091469786822],[139.138704836369,34.2090360740636],[139.138393700123,34.2090538188026],[139.138256907463,34.2089983664932],[139.137446880341,34.2085724927575],[139.137334227562,34.2084882052473],[139.137305157115,34.2084412175136],[139.137275218964,34.2083928272752],[139.137208163738,34.2083351568735],[139.13706600666,34.2082087256082],[139.13684874773,34.20795808117],[139.136626124382,34.2077651071335],[139.136483967304,34.2076919100852],[139.136231839657,34.2076054044826],[139.13603335619,34.2075521702656],[139.135177731514,34.2072593820723],[139.135145545006,34.2072482904148],[139.134866595268,34.2071506838291],[139.134539365768,34.2070796972214],[139.133960008621,34.2069221956854],[139.133796393871,34.2069044490334],[139.133552312851,34.2069177590224],[139.133455753326,34.2071151905253],[139.133404791355,34.2072593820723],[139.133386015892,34.2073126162893],[139.133332371712,34.2073237067511],[139.13328140974,34.2073325791206],[139.131725728512,34.2077761975954],[139.131441128767,34.2078647586229]]},"properties":{"id":"F028:7:SHP0002","feed_id":"F028","feed_slug":"kozushima-village-bus","municipality":"神津島村","service_name":"村営バス","license":"CC BY 4.0","source_route_id":"7","route_short_name":null,"route_long_name":"神津島港送迎","route_desc":null,"route_type":3,"route_url":null,"route_color":null,"route_text_color":"000000","directions":[],"geometry_source":"shapes.txt"}},{"type":"Feature","id":"F014:10:fallback-0","geometry":{"type":"LineString","coordinates":[[139.37008035249,35.7263834527171],[139.374555945057,35.7293581564151],[139.375322224014,35.7322578110297],[139.377629434915,35.7329407167658],[139.377317420596,35.7348199141949],[139.374419166708,35.7330633865418],[139.373454068501,35.7337060108471],[139.371279724929,35.7330393037809],[139.368118429671,35.7338253669675],[139.365409449468,35.7330493632084],[139.363388668833,35.7332528137021],[139.360203931077,35.7336847623257],[139.355051283326,35.7343392467867],[139.355163554368,35.7318042548774],[139.356745693775,35.7315411458928],[139.35964733135,35.7311087491643],[139.362187475731,35.7307199054576],[139.365634751306,35.7292189181846],[139.365691766393,35.7267024658957],[139.365737965853,35.7253588330003],[139.370322708992,35.7258724860511],[139.365773607758,35.7240658330742],[139.363806797628,35.7178531389837],[139.360795417433,35.7140870142439]]},"properties":{"id":"F014:10:fallback-0","feed_id":"F014","feed_slug":"tachikawa-kururin","municipality":"立川市","service_name":"くるりん","license":"CC BY 4.0","source_route_id":"10","route_short_name":null,"route_long_name":"くるりんバス　西砂ルート","route_desc":null,"route_type":3,"route_url":null,"route_color":"FFFF00","route_text_color":"000000","directions":["0"],"geometry_source":"stop_times.txt fallback"}},{"type":"Feature","id":"F014:10:fallback-1","geometry":{"type":"LineString","coordinates":[[139.360795417433,35.7140870142439],[139.363912416773,35.7179872365161],[139.365690737584,35.7238275670392],[139.370322708992,35.7258724860511],[139.36566004906,35.7250453398916],[139.365606694811,35.7263883221],[139.365551172059,35.7288570049624],[139.362757899118,35.7305817808535],[139.360620963572,35.7308929365644],[139.357294205523,35.7314061522009],[139.355431663148,35.7316932174014],[139.35550184805,35.7346053217071],[139.359826248054,35.7338297936444],[139.363058842768,35.733340989975],[139.365014678407,35.7331475659459],[139.368459024531,35.7337734816462],[139.371271750223,35.7333175268281],[139.373120525599,35.7339468905812],[139.374419166708,35.7330633865418],[139.37465945609,35.7354524316982],[139.376939325533,35.7350436054489],[139.377172371298,35.7326207687473],[139.375359774941,35.731948634374],[139.374710461823,35.7294482293379],[139.37008035249,35.7263834527171]]},"properties":{"id":"F014:10:fallback-1","feed_id":"F014","feed_slug":"tachikawa-kururin","municipality":"立川市","service_name":"くるりん","license":"CC BY 4.0","source_route_id":"10","route_short_name":null,"route_long_name":"くるりんバス　西砂ルート","route_desc":null,"route_type":3,"route_url":null,"route_color":"FFFF00","route_text_color":"000000","directions":["1"],"geometry_source":"stop_times.txt fallback"}},{"type":"Feature","id":"F014:11:fallback-0","geometry":{"type":"LineString","coordinates":[[139.37008035249,35.7263834527171],[139.374555945057,35.7293581564151],[139.375322224014,35.7322578110297],[139.374419166708,35.7330633865418],[139.37465945609,35.7354524316982],[139.376939325533,35.7350436054489],[139.377172371298,35.7326207687473],[139.375359774941,35.731948634374],[139.374710461823,35.7294482293379],[139.37008035249,35.7263834527171]]},"properties":{"id":"F014:11:fallback-0","feed_id":"F014","feed_slug":"tachikawa-kururin","municipality":"立川市","service_name":"くるりん","license":"CC BY 4.0","source_route_id":"11","route_short_name":null,"route_long_name":"くるりんバス　西砂ルート","route_desc":null,"route_type":3,"route_url":null,"route_color":"FFFF00","route_text_color":"000000","directions":["0"],"geometry_source":"stop_times.txt fallback"}},{"type":"Feature","id":"F014:20:fallback-0","geometry":{"type":"LineString","coordinates":[[139.37008035249,35.7263834527171],[139.374555945057,35.7293581564151],[139.375998880802,35.7310161016047],[139.380271922144,35.7302463268992],[139.391888209054,35.7290496963693],[139.398017703358,35.7297182690813],[139.401592820434,35.7301399678007],[139.40604014525,35.7306482545025],[139.407691000222,35.730840578298],[139.418254432671,35.7323716386244],[139.418366275201,35.7287129918089]]},"properties":{"id":"F014:20:fallback-0","feed_id":"F014","feed_slug":"tachikawa-kururin","municipality":"立川市","service_name":"くるりん","license":"CC BY 4.0","source_route_id":"20","route_short_name":null,"route_long_name":"くるりんバス　砂川支線","route_desc":null,"route_type":3,"route_url":null,"route_color":"F79646","route_text_color":"000000","directions":["0"],"geometry_source":"stop_times.txt fallback"}},{"type":"Feature","id":"F014:20:fallback-1","geometry":{"type":"LineString","coordinates":[[139.418366275201,35.7287129918089],[139.418254432671,35.7323716386244],[139.391888209054,35.7290496963693],[139.38026333353,35.7301169503694],[139.376566168016,35.7307765949323],[139.374710461823,35.7294482293379],[139.37008035249,35.7263834527171]]},"properties":{"id":"F014:20:fallback-1","feed_id":"F014","feed_slug":"tachikawa-kururin","municipality":"立川市","service_name":"くるりん","license":"CC BY 4.0","source_route_id":"20","route_short_name":null,"route_long_name":"くるりんバス　砂川支線","route_desc":null,"route_type":3,"route_url":null,"route_color":"F79646","route_text_color":"000000","directions":["1"],"geometry_source":"stop_times.txt fallback"}},{"type":"Feature","id":"F014:30:fallback-0","geometry":{"type":"LineString","coordinates":[[139.413297769069,35.6972315565774],[139.414989145985,35.693930668062],[139.414069029424,35.6921962120008],[139.41326,35.69066],[139.41095,35.68768],[139.41243,35.687],[139.41596,35.68757],[139.41882,35.68657],[139.42037,35.68838],[139.42158,35.69061],[139.423788988265,35.691009339956],[139.421678324656,35.6922532368688],[139.42054,35.69069],[139.41947,35.68874],[139.41849,35.68689],[139.41584,35.68758],[139.413399012773,35.6882922996127],[139.413134185879,35.6905883929957],[139.41396,35.69214],[139.414956172976,35.6940246683227],[139.413297769069,35.6972315565774]]},"properties":{"id":"F014:30:fallback-0","feed_id":"F014","feed_slug":"tachikawa-kururin","municipality":"立川市","service_name":"くるりん","license":"CC BY 4.0","source_route_id":"30","route_short_name":null,"route_long_name":"くるりんバス　錦ルート","route_desc":null,"route_type":3,"route_url":null,"route_color":"92D050","route_text_color":"000000","directions":["0"],"geometry_source":"stop_times.txt fallback"}},{"type":"Feature","id":"F014:40:fallback-0","geometry":{"type":"LineString","coordinates":[[139.413005713628,35.6989157641159],[139.416005016283,35.7003886780938],[139.420234060343,35.7003635621213],[139.422709977691,35.7000065447378],[139.424197356044,35.6995451739656],[139.423238144721,35.6996098574101],[139.420393962241,35.7001337275888],[139.417087865134,35.7001192734147],[139.413266297847,35.6987266874365]]},"properties":{"id":"F014:40:fallback-0","feed_id":"F014","feed_slug":"tachikawa-kururin","municipality":"立川市","service_name":"くるりん","license":"CC BY 4.0","source_route_id":"40","route_short_name":null,"route_long_name":"くるりんバス　曙支線","route_desc":null,"route_type":3,"route_url":null,"route_color":"00B0F0","route_text_color":"000000","directions":["0"],"geometry_source":"stop_times.txt fallback"}},{"type":"Feature","id":"F029:1:1","geometry":{"type":"LineString","coordinates":[[139.798598157569,35.7334960765442],[139.798667898841,35.7335456999559],[139.798743901497,35.7335373083492],[139.798849196844,35.733489540742],[139.798880072923,35.7334495192333],[139.798879281229,35.733398524085],[139.798593875164,35.7329649042288],[139.798260286641,35.7325853435429],[139.798154615685,35.732503719623],[139.79798831944,35.732458022606],[139.797585681254,35.7339239041803],[139.796842343054,35.7364499778087],[139.796792592447,35.7365291230189],[139.796680318566,35.7366103477707],[139.796483855791,35.7366933100984],[139.795644812764,35.7368847028957],[139.795256788165,35.7370078669142],[139.795034636678,35.7370440916255],[139.794083715732,35.7371012214486],[139.792896059134,35.7374981077384],[139.792526583096,35.7368034356251],[139.791364025156,35.7371744823636],[139.791345558923,35.7372995237945],[139.791519328962,35.7376440550652],[139.791715478875,35.7379186067529],[139.792016947348,35.7385799779093],[139.790954565295,35.7388596814119],[139.790724184631,35.7389315928795],[139.790659677826,35.7389713051876],[139.790625449726,35.7390185306352],[139.790575424041,35.7391269345035],[139.790512745062,35.7391877177069],[139.790387168127,35.7392696841516],[139.790276584628,35.73931476298],[139.789844780631,35.7394592298953],[139.790467797885,35.7407781790176],[139.790546912717,35.7408954711064],[139.790646953225,35.7409952824488],[139.790778302381,35.7410913739212],[139.790209843178,35.7417253870431],[139.790009906374,35.7418340547547],[139.789688172173,35.7422491649388],[139.789325486152,35.7425843868663],[139.788377745207,35.7437978715567],[139.788054651767,35.7437500255121],[139.787737606263,35.7437329689306],[139.787296638359,35.7437204941875],[139.786482918486,35.7436232083259],[139.785606031012,35.7435914420653],[139.784713793498,35.7433796100364],[139.783849187111,35.7432786518402],[139.783504695503,35.7432144057153],[139.783259273378,35.7431446527798],[139.782295854989,35.7427281363488],[139.778786612165,35.7400813192389],[139.778115511916,35.7390708059863],[139.778373931875,35.739061494488],[139.778952210149,35.7391598257999],[139.779068781631,35.7391535279866],[139.779281526959,35.7390819455989],[139.779739778401,35.7388664103662],[139.78036574503,35.7386345697646],[139.780834566982,35.7385429523374],[139.781681799006,35.7385833006188],[139.781699574445,35.7378313831006],[139.781808877076,35.7373533827149],[139.781914309154,35.7366066413201],[139.781897215298,35.7363557758982],[139.781886872065,35.7361220555789],[139.781965056984,35.7355641801359],[139.784855014322,35.7347370545537],[139.788326084239,35.735749874519],[139.788602517353,35.7357969110918],[139.789631329632,35.7358204294373],[139.790049585133,35.7357439949736],[139.794135904921,35.7344310197509],[139.795282657567,35.7339215130297],[139.79548216452,35.7338842759631],[139.796595076797,35.733899954728],[139.797690827008,35.7339789228906],[139.798069614143,35.7325733706502],[139.798177744072,35.732643039888],[139.798498901973,35.7330116121321],[139.798460285419,35.7332994232625],[139.798598157569,35.7334960765442]]},"properties":{"id":"F029:1:1","feed_id":"F029","feed_slug":"arakawa-sakura","municipality":"荒川区","service_name":"コミュニティバスさくら","license":"CC BY 4.0","source_route_id":"1","route_short_name":"南千01（毎日）","route_long_name":"さくら南千01系統（毎日）左回り","route_desc":null,"route_type":3,"route_url":null,"route_color":null,"route_text_color":null,"directions":["0"],"geometry_source":"shapes.txt"}},{"type":"Feature","id":"F029:2:2","geometry":{"type":"LineString","coordinates":[[139.798598157569,35.7334960765442],[139.798667898841,35.7335456999559],[139.798743901497,35.7335373083492],[139.798849196844,35.733489540742],[139.798880072923,35.7334495192333],[139.798879281229,35.733398524085],[139.798593875164,35.7329649042288],[139.798260286641,35.7325853435429],[139.798154615685,35.732503719623],[139.79798833413,35.7324580258647],[139.797585681254,35.7339239041803],[139.79656063861,35.7338424123945],[139.795344851569,35.7338310331978],[139.794101078571,35.7343809603086],[139.789959001443,35.7356913017105],[139.789594345306,35.7357512882763],[139.788678272863,35.7357277089439],[139.78834219569,35.7356799450823],[139.784973253604,35.7346987022862],[139.784796118692,35.7346471097232],[139.783139449993,35.7351073661948],[139.781898275634,35.735488838868],[139.781816327887,35.7362714528607],[139.781844272256,35.7365903946496],[139.781743309543,35.7373449541544],[139.781632652414,35.7377746163659],[139.781606753245,35.7385177316939],[139.780823152423,35.7384873022646],[139.780358934607,35.7385785660158],[139.779595116979,35.7388583966419],[139.779349498198,35.7389867754558],[139.779149003947,35.7390691084349],[139.779027187105,35.7390892401349],[139.778903724089,35.7390878980216],[139.778482809787,35.7390119612381],[139.778218713934,35.7390037660367],[139.777437208244,35.7392649694396],[139.778588389101,35.7400032615952],[139.782237899474,35.7427695613702],[139.783103306617,35.7431609350226],[139.78347832206,35.7432653933434],[139.783843962117,35.7433367307332],[139.784784010238,35.7434386970517],[139.78562800484,35.7436449629518],[139.786628642583,35.7436802238926],[139.787293111866,35.7437590434675],[139.787963039749,35.7437855808997],[139.788404545057,35.7438449314587],[139.789377533751,35.7426050373321],[139.789741819608,35.7422560648568],[139.79003799344,35.7418774946997],[139.790235305857,35.7417625519414],[139.790829546118,35.7410804456058],[139.790659274391,35.7409375190936],[139.790529140729,35.7407838176816],[139.789915387678,35.739488371158],[139.790324559116,35.7393509262083],[139.790561390206,35.7392259562853],[139.790639438597,35.7391233291261],[139.790681986907,35.7390253958387],[139.790757061725,35.7389703083537],[139.792089407753,35.7386042913483],[139.791752549393,35.7379016296192],[139.791553235275,35.7376232018051],[139.791380453655,35.7372900960845],[139.791415433671,35.7372163788112],[139.792489873472,35.7368733087186],[139.792841686467,35.7375773715774],[139.794107434811,35.7371543119399],[139.795126058574,35.7370867378364],[139.79569918213,35.7369234361407],[139.796727942353,35.7366916856219],[139.796870798059,35.7365976800753],[139.796970775277,35.7364732403408],[139.797690827008,35.7339789228906],[139.798067443816,35.7325727757188],[139.798177744072,35.732643039888],[139.798498901973,35.7330116121321],[139.798460285419,35.7332994232625],[139.798598157569,35.7334960765442]]},"properties":{"id":"F029:2:2","feed_id":"F029","feed_slug":"arakawa-sakura","municipality":"荒川区","service_name":"コミュニティバスさくら","license":"CC BY 4.0","source_route_id":"2","route_short_name":"南千02（平日）","route_long_name":"さくら南千02系統（平日）右回り","route_desc":null,"route_type":3,"route_url":null,"route_color":null,"route_text_color":null,"directions":["1"],"geometry_source":"shapes.txt"}},{"type":"Feature","id":"F029:3:2","geometry":{"type":"LineString","coordinates":[[139.798598157569,35.7334960765442],[139.798667898841,35.7335456999559],[139.798743901497,35.7335373083492],[139.798849196844,35.733489540742],[139.798880072923,35.7334495192333],[139.798879281229,35.733398524085],[139.798593875164,35.7329649042288],[139.798260286641,35.7325853435429],[139.798154615685,35.732503719623],[139.79798833413,35.7324580258647],[139.797585681254,35.7339239041803],[139.79656063861,35.7338424123945],[139.795344851569,35.7338310331978],[139.794101078571,35.7343809603086],[139.789959001443,35.7356913017105],[139.789594345306,35.7357512882763],[139.788678272863,35.7357277089439],[139.78834219569,35.7356799450823],[139.784973253604,35.7346987022862],[139.784796118692,35.7346471097232],[139.783139449993,35.7351073661948],[139.781898275634,35.735488838868],[139.781816327887,35.7362714528607],[139.781844272256,35.7365903946496],[139.781743309543,35.7373449541544],[139.781632652414,35.7377746163659],[139.781606753245,35.7385177316939],[139.780823152423,35.7384873022646],[139.780358934607,35.7385785660158],[139.779595116979,35.7388583966419],[139.779349498198,35.7389867754558],[139.779149003947,35.7390691084349],[139.779027187105,35.7390892401349],[139.778903724089,35.7390878980216],[139.778482809787,35.7390119612381],[139.778218713934,35.7390037660367],[139.777437208244,35.7392649694396],[139.778588389101,35.7400032615952],[139.782237899474,35.7427695613702],[139.783103306617,35.7431609350226],[139.78347832206,35.7432653933434],[139.783843962117,35.7433367307332],[139.784784010238,35.7434386970517],[139.78562800484,35.7436449629518],[139.786628642583,35.7436802238926],[139.787293111866,35.7437590434675],[139.787963039749,35.7437855808997],[139.788404545057,35.7438449314587],[139.789377533751,35.7426050373321],[139.789741819608,35.7422560648568],[139.79003799344,35.7418774946997],[139.790235305857,35.7417625519414],[139.790829546118,35.7410804456058],[139.790659274391,35.7409375190936],[139.790529140729,35.7407838176816],[139.789915387678,35.739488371158],[139.790324559116,35.7393509262083],[139.790561390206,35.7392259562853],[139.790639438597,35.7391233291261],[139.790681986907,35.7390253958387],[139.790757061725,35.7389703083537],[139.792089407753,35.7386042913483],[139.791752549393,35.7379016296192],[139.791553235275,35.7376232018051],[139.791380453655,35.7372900960845],[139.791415433671,35.7372163788112],[139.792489873472,35.7368733087186],[139.792841686467,35.7375773715774],[139.794107434811,35.7371543119399],[139.795126058574,35.7370867378364],[139.79569918213,35.7369234361407],[139.796727942353,35.7366916856219],[139.796870798059,35.7365976800753],[139.796970775277,35.7364732403408],[139.797690827008,35.7339789228906],[139.798067443816,35.7325727757188],[139.798177744072,35.732643039888],[139.798498901973,35.7330116121321],[139.798460285419,35.7332994232625],[139.798598157569,35.7334960765442]]},"properties":{"id":"F029:3:2","feed_id":"F029","feed_slug":"arakawa-sakura","municipality":"荒川区","service_name":"コミュニティバスさくら","license":"CC BY 4.0","source_route_id":"3","route_short_name":"南千02（土休日）","route_long_name":"さくら南千02系統（土休日）右回り","route_desc":null,"route_type":3,"route_url":null,"route_color":null,"route_text_color":null,"directions":["1"],"geometry_source":"shapes.txt"}},{"type":"Feature","id":"F029:4:3","geometry":{"type":"LineString","coordinates":[[139.798598157569,35.7334960765442],[139.798667898841,35.7335456999559],[139.798743901497,35.7335373083492],[139.798849196844,35.733489540742],[139.798880072923,35.7334495192333],[139.798879281229,35.733398524085],[139.798593875164,35.7329649042288],[139.798260286641,35.7325853435429],[139.798154615685,35.732503719623],[139.79798833413,35.7324580258647],[139.797585681254,35.7339239041803],[139.79656063861,35.7338424123945],[139.795344851569,35.7338310331978],[139.794101078571,35.7343809603086],[139.789959001443,35.7356913017105],[139.789594345306,35.7357512882763],[139.788678272863,35.7357277089439],[139.78834219569,35.7356799450823],[139.784973253604,35.7346987022862],[139.784754890394,35.7351726505346],[139.784754890394,35.7352994830797],[139.784925264521,35.7357282978595],[139.78494123254,35.7359546092734],[139.784895633651,35.7361852976704],[139.784759826139,35.7364329230167],[139.784569692948,35.7367127598486],[139.784354864421,35.7373046448909],[139.784305479168,35.7375361645301],[139.784300515383,35.7406113485929],[139.782902118777,35.7406584172955],[139.782746117558,35.7406191555838],[139.782412755949,35.7406151291752],[139.782133720021,35.740572851846],[139.78167442194,35.7405768782534],[139.78171146649,35.7397927354114],[139.781649733537,35.7392552099554],[139.78168431022,35.7385183772418],[139.781606753245,35.7385177316939],[139.780823152423,35.7384873022646],[139.780358934607,35.7385785660158],[139.779595116979,35.7388583966419],[139.779349498198,35.7389867754558],[139.779149003947,35.7390691084349],[139.779027187105,35.7390892401349],[139.778903724089,35.7390878980216],[139.778482809787,35.7390119612381],[139.778218713934,35.7390037660367],[139.777437208244,35.7392649694396],[139.778588389101,35.7400032615952],[139.782237899474,35.7427695613702],[139.783103306617,35.7431609350226],[139.78347832206,35.7432653933434],[139.783843962117,35.7433367307332],[139.784784010238,35.7434386970517],[139.78562800484,35.7436449629518],[139.786628642583,35.7436802238926],[139.787293111866,35.7437590434675],[139.787963039749,35.7437855808997],[139.788404545057,35.7438449314587],[139.789377533751,35.7426050373321],[139.789741819608,35.7422560648568],[139.79003799344,35.7418774946997],[139.790235305857,35.7417625519414],[139.790829546118,35.7410804456058],[139.790659274391,35.7409375190936],[139.790529140729,35.7407838176816],[139.789915387678,35.739488371158],[139.790324559116,35.7393509262083],[139.790561390206,35.7392259562853],[139.790639438597,35.7391233291261],[139.790681986907,35.7390253958387],[139.790757061725,35.7389703083537],[139.792089407753,35.7386042913483],[139.791752549393,35.7379016296192],[139.791553235275,35.7376232018051],[139.791380453655,35.7372900960845],[139.791415433671,35.7372163788112],[139.792489873472,35.7368733087186],[139.792841686467,35.7375773715774],[139.794107434811,35.7371543119399],[139.795126058574,35.7370867378364],[139.79569918213,35.7369234361407],[139.796727942353,35.7366916856219],[139.796870798059,35.7365976800753],[139.796970775277,35.7364732403408],[139.797690827008,35.7339789228906],[139.798067443816,35.7325727757188],[139.798177744072,35.732643039888],[139.798498901973,35.7330116121321],[139.798460285419,35.7332994232625],[139.798598157569,35.7334960765442]]},"properties":{"id":"F029:4:3","feed_id":"F029","feed_slug":"arakawa-sakura","municipality":"荒川区","service_name":"コミュニティバスさくら","license":"CC BY 4.0","source_route_id":"4","route_short_name":"南千02-1（土休日）","route_long_name":"さくら南千02-1系統（土休日）右回り","route_desc":null,"route_type":3,"route_url":null,"route_color":null,"route_text_color":null,"directions":["1"],"geometry_source":"shapes.txt"}},{"type":"Feature","id":"F030:1:fallback-0","geometry":{"type":"LineString","coordinates":[[139.567461579503,35.7485646199508],[139.565973,35.751223],[139.564197,35.751214],[139.563117447618,35.7530554732475],[139.563234168606,35.7544660516736],[139.565252151606,35.7556131568098],[139.565211207514,35.7569085805034],[139.563988931446,35.7596947430316],[139.562853052987,35.7600080690924],[139.559730962978,35.7593902954047],[139.558840645421,35.7568623949384],[139.559461667205,35.7547258137778],[139.557994846905,35.7525114599957],[139.557267101969,35.7515132228498],[139.558825327877,35.7512580292085],[139.562075396559,35.7512896050056],[139.564417,35.751314],[139.566337,35.751358],[139.567461579503,35.7485646199508]]},"properties":{"id":"F030:1:fallback-0","feed_id":"F030","feed_slug":"nishitokyo-hanabus","municipality":"西東京市","service_name":"はなバス","license":"CC BY 4.0","source_route_id":"1","route_short_name":null,"route_long_name":"はなバス　第１ルート","route_desc":null,"route_type":3,"route_url":null,"route_color":"538DD5","route_text_color":"000000","directions":["0"],"geometry_source":"stop_times.txt fallback"}},{"type":"Feature","id":"F030:2:fallback-0","geometry":{"type":"LineString","coordinates":[[139.544668230562,35.7516237716033],[139.543458,35.749159],[139.544638,35.748354],[139.548721,35.746908],[139.549778,35.744775],[139.551006,35.74343],[139.552186,35.74218],[139.552588,35.739772],[139.553227,35.737752],[139.553951,35.737922],[139.556049,35.740034],[139.558548,35.742028],[139.561252,35.742481],[139.564063,35.74016],[139.565908,35.737112],[139.565903,35.735283],[139.566386,35.732644],[139.566096,35.731011],[139.564626628435,35.7288987142975]]},"properties":{"id":"F030:2:fallback-0","feed_id":"F030","feed_slug":"nishitokyo-hanabus","municipality":"西東京市","service_name":"はなバス","license":"CC BY 4.0","source_route_id":"2","route_short_name":null,"route_long_name":"はなバス　第２ルート（駅間）","route_desc":null,"route_type":3,"route_url":null,"route_color":"F79646","route_text_color":"000000","directions":["0"],"geometry_source":"stop_times.txt fallback"}},{"type":"Feature","id":"F030:2:fallback-1","geometry":{"type":"LineString","coordinates":[[139.564626628435,35.7288987142975],[139.565608,35.730092],[139.566257,35.732818],[139.565758,35.73571],[139.565769,35.73766],[139.563639,35.740517],[139.561515,35.742407],[139.558548,35.742028],[139.555614,35.739476],[139.553828,35.73766],[139.553034,35.737856],[139.552476,35.740251],[139.552277,35.741801],[139.550797,35.743525],[139.549692,35.744727],[139.548646,35.746817],[139.544274,35.748363],[139.543324,35.749168],[139.544668230562,35.7516237716033]]},"properties":{"id":"F030:2:fallback-1","feed_id":"F030","feed_slug":"nishitokyo-hanabus","municipality":"西東京市","service_name":"はなバス","license":"CC BY 4.0","source_route_id":"2","route_short_name":null,"route_long_name":"はなバス　第２ルート（駅間）","route_desc":null,"route_type":3,"route_url":null,"route_color":"F79646","route_text_color":"000000","directions":["1"],"geometry_source":"stop_times.txt fallback"}},{"type":"Feature","id":"F030:2F:fallback-0","geometry":{"type":"LineString","coordinates":[[139.544668230562,35.7516237716033],[139.543458,35.749159],[139.544638,35.748354],[139.548721,35.746908],[139.549778,35.744775],[139.551006,35.74343],[139.551763253121,35.7432487620476],[139.553193794552,35.7441930153194],[139.555848805559,35.7457319263923],[139.557357714994,35.7462899050064],[139.558059709111,35.7467115337809],[139.559690733165,35.7456888759096],[139.559833947775,35.7436665477298],[139.558548,35.742028],[139.555614,35.739476],[139.553828,35.73766],[139.553034,35.737856],[139.552476,35.740251],[139.552277,35.741801],[139.550797,35.743525],[139.549692,35.744727],[139.548646,35.746817],[139.544274,35.748363],[139.543324,35.749168],[139.544668230562,35.7516237716033]]},"properties":{"id":"F030:2F:fallback-0","feed_id":"F030","feed_slug":"nishitokyo-hanabus","municipality":"西東京市","service_name":"はなバス","license":"CC BY 4.0","source_route_id":"2F","route_short_name":null,"route_long_name":"はなバス　第２ルート（循環）","route_desc":null,"route_type":3,"route_url":null,"route_color":"FFCC00","route_text_color":"000000","directions":["0"],"geometry_source":"stop_times.txt fallback"}},{"type":"Feature","id":"F030:3:fallback-0","geometry":{"type":"LineString","coordinates":[[139.54021556822,35.727880414683],[139.538067,35.726386],[139.533679,35.723469],[139.531657,35.721509],[139.530991,35.719958],[139.527716314053,35.7206899466647],[139.531232735908,35.7167495926991],[139.532536245323,35.7151122390861],[139.532311,35.713364],[139.535267,35.711491],[139.540679,35.712872],[139.544906,35.714663],[139.546446,35.715376],[139.548935,35.716544],[139.551505,35.718011],[139.554766,35.720494],[139.556805,35.721252],[139.557486,35.723046],[139.55924,35.724557],[139.561547,35.724035],[139.564481496998,35.7284857094619]]},"properties":{"id":"F030:3:fallback-0","feed_id":"F030","feed_slug":"nishitokyo-hanabus","municipality":"西東京市","service_name":"はなバス","license":"CC BY 4.0","source_route_id":"3","route_short_name":null,"route_long_name":"はなバス　第３ルート（駅間）","route_desc":null,"route_type":3,"route_url":null,"route_color":"FF66CC","route_text_color":"000000","directions":["0"],"geometry_source":"stop_times.txt fallback"}},{"type":"Feature","id":"F030:3:fallback-1","geometry":{"type":"LineString","coordinates":[[139.564481496998,35.7284857094619],[139.560469,35.724078],[139.559015,35.7243],[139.557688,35.723373],[139.5568,35.721143],[139.555137,35.720564],[139.552014,35.718268],[139.549048,35.716239],[139.546006,35.714806],[139.540937,35.712615],[139.536206,35.711147],[139.531978,35.712262],[139.52870721105,35.7154557688489],[139.531232735908,35.7167495926991],[139.5333006,35.7168708],[139.5352993,35.7173799],[139.534049248415,35.7186335224476],[139.53164447325,35.7193653794141],[139.530905,35.719897],[139.53127,35.72113],[139.533754,35.723617],[139.5387,35.726617],[139.54021556822,35.727880414683]]},"properties":{"id":"F030:3:fallback-1","feed_id":"F030","feed_slug":"nishitokyo-hanabus","municipality":"西東京市","service_name":"はなバス","license":"CC BY 4.0","source_route_id":"3","route_short_name":null,"route_long_name":"はなバス　第３ルート（駅間）","route_desc":null,"route_type":3,"route_url":null,"route_color":"FF66CC","route_text_color":"000000","directions":["1"],"geometry_source":"stop_times.txt fallback"}},{"type":"Feature","id":"F030:3C:fallback-0","geometry":{"type":"LineString","coordinates":[[139.54021556822,35.727880414683],[139.538067,35.726386],[139.533679,35.723469],[139.531657,35.721509],[139.530991,35.719958],[139.527716314053,35.7206899466647],[139.531232735908,35.7167495926991],[139.5333006,35.7168708],[139.5352993,35.7173799],[139.534049248415,35.7186335224476],[139.53164447325,35.7193653794141],[139.530905,35.719897],[139.53127,35.72113],[139.533754,35.723617],[139.5387,35.726617],[139.54021556822,35.727880414683]]},"properties":{"id":"F030:3C:fallback-0","feed_id":"F030","feed_slug":"nishitokyo-hanabus","municipality":"西東京市","service_name":"はなバス","license":"CC BY 4.0","source_route_id":"3C","route_short_name":null,"route_long_name":"はなバス　第３ルート（循環）","route_desc":null,"route_type":3,"route_url":null,"route_color":"FFCCFF","route_text_color":"000000","directions":["0"],"geometry_source":"stop_times.txt fallback"}},{"type":"Feature","id":"F030:4:fallback-0","geometry":{"type":"LineString","coordinates":[[139.54021556822,35.727880414683],[139.540867,35.729274],[139.538641,35.729805],[139.53656,35.730293],[139.530283,35.732884],[139.529194,35.731164],[139.526432,35.731329],[139.524817,35.733903],[139.522394,35.734611],[139.523057,35.733062],[139.518133,35.731586],[139.514791,35.729748],[139.513488282961,35.7266792364206]]},"properties":{"id":"F030:4:fallback-0","feed_id":"F030","feed_slug":"nishitokyo-hanabus","municipality":"西東京市","service_name":"はなバス","license":"CC BY 4.0","source_route_id":"4","route_short_name":null,"route_long_name":"はなバス　第４北ルート","route_desc":null,"route_type":3,"route_url":null,"route_color":"339933","route_text_color":"000000","directions":["0"],"geometry_source":"stop_times.txt fallback"}},{"type":"Feature","id":"F030:4:fallback-1","geometry":{"type":"LineString","coordinates":[[139.513488282961,35.7266792364206],[139.514716,35.730118],[139.518288,35.731804],[139.52177,35.732858],[139.522394,35.734611],[139.523057,35.733062],[139.524221,35.732431],[139.52611,35.731682],[139.52903680185,35.7309795012102],[139.530101,35.732801],[139.535975186566,35.7317519267056],[139.536313,35.730423],[139.538818,35.729827],[139.541017,35.729308],[139.54021556822,35.727880414683]]},"properties":{"id":"F030:4:fallback-1","feed_id":"F030","feed_slug":"nishitokyo-hanabus","municipality":"西東京市","service_name":"はなバス","license":"CC BY 4.0","source_route_id":"4","route_short_name":null,"route_long_name":"はなバス　第４北ルート","route_desc":null,"route_type":3,"route_url":null,"route_color":"339933","route_text_color":"000000","directions":["1"],"geometry_source":"stop_times.txt fallback"}},{"type":"Feature","id":"F030:5:fallback-0","geometry":{"type":"LineString","coordinates":[[139.54021556822,35.727880414683],[139.538067,35.726386],[139.534602,35.725067],[139.532129,35.725685],[139.530026,35.724383],[139.528122479576,35.7251580251113],[139.526812,35.725415],[139.5253,35.723303],[139.523776,35.725171],[139.522714,35.727027],[139.520477,35.726352],[139.519581,35.728372],[139.518401,35.730327],[139.514791,35.729748],[139.513488282961,35.7266792364206]]},"properties":{"id":"F030:5:fallback-0","feed_id":"F030","feed_slug":"nishitokyo-hanabus","municipality":"西東京市","service_name":"はなバス","license":"CC BY 4.0","source_route_id":"5","route_short_name":null,"route_long_name":"はなバス　第４南ルート","route_desc":null,"route_type":3,"route_url":null,"route_color":"92D050","route_text_color":"000000","directions":["0"],"geometry_source":"stop_times.txt fallback"}},{"type":"Feature","id":"F030:5:fallback-1","geometry":{"type":"LineString","coordinates":[[139.513488282961,35.7266792364206],[139.514716,35.730118],[139.518465,35.73041],[139.519592,35.728995],[139.520268,35.727632],[139.52251,35.727035],[139.523916,35.724993],[139.525605,35.723281],[139.527848,35.725219],[139.529441,35.724461],[139.532456,35.725733],[139.534419,35.725289],[139.5387,35.726617],[139.54021556822,35.727880414683]]},"properties":{"id":"F030:5:fallback-1","feed_id":"F030","feed_slug":"nishitokyo-hanabus","municipality":"西東京市","service_name":"はなバス","license":"CC BY 4.0","source_route_id":"5","route_short_name":null,"route_long_name":"はなバス　第４南ルート","route_desc":null,"route_type":3,"route_url":null,"route_color":"92D050","route_text_color":"000000","directions":["1"],"geometry_source":"stop_times.txt fallback"}}]}
