{"type":"FeatureCollection","name":"tokyo_local_bus_stops","features":[{"type":"Feature","id":"F020:1_01","geometry":{"type":"Point","coordinates":[139.560115,34.083714]},"properties":{"id":"F020:1_01","feed_id":"F020","feed_slug":"miyake-village-bus","municipality":"三宅村","service_name":"村営バス","license":"CC BY 4.0","source_stop_id":"1_01","stop_code":null,"stop_name":"三池","stop_desc":null,"zone_id":"1_01","location_type":0,"parent_station":null,"wheelchair_boarding":null}},{"type":"Feature","id":"F020:1_02","geometry":{"type":"Point","coordinates":[139.559905,34.083503]},"properties":{"id":"F020:1_02","feed_id":"F020","feed_slug":"miyake-village-bus","municipality":"三宅村","service_name":"村営バス","license":"CC BY 4.0","source_stop_id":"1_02","stop_code":null,"stop_name":"三池","stop_desc":null,"zone_id":"1_02","location_type":0,"parent_station":null,"wheelchair_boarding":null}},{"type":"Feature","id":"F020:10_01","geometry":{"type":"Point","coordinates":[139.541896,34.058213]},"properties":{"id":"F020:10_01","feed_id":"F020","feed_slug":"miyake-village-bus","municipality":"三宅村","service_name":"村営バス","license":"CC BY 4.0","source_stop_id":"10_01","stop_code":null,"stop_name":"郷野","stop_desc":null,"zone_id":"10_01","location_type":0,"parent_station":null,"wheelchair_boarding":null}},{"type":"Feature","id":"F020:10_02","geometry":{"type":"Point","coordinates":[139.542025,34.058404]},"properties":{"id":"F020:10_02","feed_id":"F020","feed_slug":"miyake-village-bus","municipality":"三宅村","service_name":"村営バス","license":"CC BY 4.0","source_stop_id":"10_02","stop_code":null,"stop_name":"郷野","stop_desc":null,"zone_id":"10_02","location_type":0,"parent_station":null,"wheelchair_boarding":null}},{"type":"Feature","id":"F020:11_01","geometry":{"type":"Point","coordinates":[139.538008,34.057658]},"properties":{"id":"F020:11_01","feed_id":"F020","feed_slug":"miyake-village-bus","municipality":"三宅村","service_name":"村営バス","license":"CC BY 4.0","source_stop_id":"11_01","stop_code":null,"stop_name":"高校前","stop_desc":null,"zone_id":"11_01","location_type":0,"parent_station":null,"wheelchair_boarding":null}},{"type":"Feature","id":"F020:11_02","geometry":{"type":"Point","coordinates":[139.538249,34.057667]},"properties":{"id":"F020:11_02","feed_id":"F020","feed_slug":"miyake-village-bus","municipality":"三宅村","service_name":"村営バス","license":"CC BY 4.0","source_stop_id":"11_02","stop_code":null,"stop_name":"高校前","stop_desc":null,"zone_id":"11_02","location_type":0,"parent_station":null,"wheelchair_boarding":null}},{"type":"Feature","id":"F020:12_01","geometry":{"type":"Point","coordinates":[139.53466,34.056419]},"properties":{"id":"F020:12_01","feed_id":"F020","feed_slug":"miyake-village-bus","municipality":"三宅村","service_name":"村営バス","license":"CC BY 4.0","source_stop_id":"12_01","stop_code":null,"stop_name":"農林合同庁舎前","stop_desc":null,"zone_id":"12_01","location_type":0,"parent_station":null,"wheelchair_boarding":null}},{"type":"Feature","id":"F020:12_02","geometry":{"type":"Point","coordinates":[139.534707,34.056581]},"properties":{"id":"F020:12_02","feed_id":"F020","feed_slug":"miyake-village-bus","municipality":"三宅村","service_name":"村営バス","license":"CC BY 4.0","source_stop_id":"12_02","stop_code":null,"stop_name":"農林合同庁舎前","stop_desc":null,"zone_id":"12_02","location_type":0,"parent_station":null,"wheelchair_boarding":null}},{"type":"Feature","id":"F020:13_01","geometry":{"type":"Point","coordinates":[139.528451,34.05159]},"properties":{"id":"F020:13_01","feed_id":"F020","feed_slug":"miyake-village-bus","municipality":"三宅村","service_name":"村営バス","license":"CC BY 4.0","source_stop_id":"13_01","stop_code":null,"stop_name":"大路池","stop_desc":null,"zone_id":"13_01","location_type":0,"parent_station":null,"wheelchair_boarding":null}},{"type":"Feature","id":"F020:13_02","geometry":{"type":"Point","coordinates":[139.529011,34.051771]},"properties":{"id":"F020:13_02","feed_id":"F020","feed_slug":"miyake-village-bus","municipality":"三宅村","service_name":"村営バス","license":"CC BY 4.0","source_stop_id":"13_02","stop_code":null,"stop_name":"大路池","stop_desc":null,"zone_id":"13_02","location_type":0,"parent_station":null,"wheelchair_boarding":null}},{"type":"Feature","id":"F020:14_01","geometry":{"type":"Point","coordinates":[139.523307,34.050164]},"properties":{"id":"F020:14_01","feed_id":"F020","feed_slug":"miyake-village-bus","municipality":"三宅村","service_name":"村営バス","license":"CC BY 4.0","source_stop_id":"14_01","stop_code":null,"stop_name":"東山","stop_desc":null,"zone_id":"14_01","location_type":0,"parent_station":null,"wheelchair_boarding":null}},{"type":"Feature","id":"F020:14_02","geometry":{"type":"Point","coordinates":[139.523473,34.050279]},"properties":{"id":"F020:14_02","feed_id":"F020","feed_slug":"miyake-village-bus","municipality":"三宅村","service_name":"村営バス","license":"CC BY 4.0","source_stop_id":"14_02","stop_code":null,"stop_name":"東山","stop_desc":null,"zone_id":"14_02","location_type":0,"parent_station":null,"wheelchair_boarding":null}},{"type":"Feature","id":"F020:15_01","geometry":{"type":"Point","coordinates":[139.510966,34.049499]},"properties":{"id":"F020:15_01","feed_id":"F020","feed_slug":"miyake-village-bus","municipality":"三宅村","service_name":"村営バス","license":"CC BY 4.0","source_stop_id":"15_01","stop_code":null,"stop_name":"角屋敷","stop_desc":null,"zone_id":"15_01","location_type":0,"parent_station":null,"wheelchair_boarding":null}},{"type":"Feature","id":"F020:15_02","geometry":{"type":"Point","coordinates":[139.511046,34.049572]},"properties":{"id":"F020:15_02","feed_id":"F020","feed_slug":"miyake-village-bus","municipality":"三宅村","service_name":"村営バス","license":"CC BY 4.0","source_stop_id":"15_02","stop_code":null,"stop_name":"角屋敷","stop_desc":null,"zone_id":"15_02","location_type":0,"parent_station":null,"wheelchair_boarding":null}},{"type":"Feature","id":"F020:16_01","geometry":{"type":"Point","coordinates":[139.503364,34.048599]},"properties":{"id":"F020:16_01","feed_id":"F020","feed_slug":"miyake-village-bus","municipality":"三宅村","service_name":"村営バス","license":"CC BY 4.0","source_stop_id":"16_01","stop_code":null,"stop_name":"新澪池","stop_desc":null,"zone_id":"16_01","location_type":0,"parent_station":null,"wheelchair_boarding":null}},{"type":"Feature","id":"F020:16_02","geometry":{"type":"Point","coordinates":[139.503418,34.048732]},"properties":{"id":"F020:16_02","feed_id":"F020","feed_slug":"miyake-village-bus","municipality":"三宅村","service_name":"村営バス","license":"CC BY 4.0","source_stop_id":"16_02","stop_code":null,"stop_name":"新澪池","stop_desc":null,"zone_id":"16_02","location_type":0,"parent_station":null,"wheelchair_boarding":null}},{"type":"Feature","id":"F020:17_01","geometry":{"type":"Point","coordinates":[139.496091,34.052327]},"properties":{"id":"F020:17_01","feed_id":"F020","feed_slug":"miyake-village-bus","municipality":"三宅村","service_name":"村営バス","license":"CC BY 4.0","source_stop_id":"17_01","stop_code":null,"stop_name":"粟辺","stop_desc":null,"zone_id":"17_01","location_type":0,"parent_station":null,"wheelchair_boarding":null}},{"type":"Feature","id":"F020:17_02","geometry":{"type":"Point","coordinates":[139.496078,34.052481]},"properties":{"id":"F020:17_02","feed_id":"F020","feed_slug":"miyake-village-bus","municipality":"三宅村","service_name":"村営バス","license":"CC BY 4.0","source_stop_id":"17_02","stop_code":null,"stop_name":"粟辺","stop_desc":null,"zone_id":"17_02","location_type":0,"parent_station":null,"wheelchair_boarding":null}},{"type":"Feature","id":"F020:18_01","geometry":{"type":"Point","coordinates":[139.492684,34.054133]},"properties":{"id":"F020:18_01","feed_id":"F020","feed_slug":"miyake-village-bus","municipality":"三宅村","service_name":"村営バス","license":"CC BY 4.0","source_stop_id":"18_01","stop_code":null,"stop_name":"粟辺坂上","stop_desc":null,"zone_id":"18_01","location_type":0,"parent_station":null,"wheelchair_boarding":null}},{"type":"Feature","id":"F020:18_02","geometry":{"type":"Point","coordinates":[139.492807,34.054232]},"properties":{"id":"F020:18_02","feed_id":"F020","feed_slug":"miyake-village-bus","municipality":"三宅村","service_name":"村営バス","license":"CC BY 4.0","source_stop_id":"18_02","stop_code":null,"stop_name":"粟辺坂上","stop_desc":null,"zone_id":"18_02","location_type":0,"parent_station":null,"wheelchair_boarding":null}},{"type":"Feature","id":"F020:19_01","geometry":{"type":"Point","coordinates":[139.489469,34.055608]},"properties":{"id":"F020:19_01","feed_id":"F020","feed_slug":"miyake-village-bus","municipality":"三宅村","service_name":"村営バス","license":"CC BY 4.0","source_stop_id":"19_01","stop_code":null,"stop_name":"薄木","stop_desc":null,"zone_id":"19_01","location_type":0,"parent_station":null,"wheelchair_boarding":null}},{"type":"Feature","id":"F020:19_02","geometry":{"type":"Point","coordinates":[139.489362,34.055803]},"properties":{"id":"F020:19_02","feed_id":"F020","feed_slug":"miyake-village-bus","municipality":"三宅村","service_name":"村営バス","license":"CC BY 4.0","source_stop_id":"19_02","stop_code":null,"stop_name":"薄木","stop_desc":null,"zone_id":"19_02","location_type":0,"parent_station":null,"wheelchair_boarding":null}},{"type":"Feature","id":"F020:2_01","geometry":{"type":"Point","coordinates":[139.559461,34.079773]},"properties":{"id":"F020:2_01","feed_id":"F020","feed_slug":"miyake-village-bus","municipality":"三宅村","service_name":"村営バス","license":"CC BY 4.0","source_stop_id":"2_01","stop_code":null,"stop_name":"沖ヶ平","stop_desc":null,"zone_id":"2_01","location_type":0,"parent_station":null,"wheelchair_boarding":null}},{"type":"Feature","id":"F020:2_02","geometry":{"type":"Point","coordinates":[139.559237,34.079621]},"properties":{"id":"F020:2_02","feed_id":"F020","feed_slug":"miyake-village-bus","municipality":"三宅村","service_name":"村営バス","license":"CC BY 4.0","source_stop_id":"2_02","stop_code":null,"stop_name":"沖ヶ平","stop_desc":null,"zone_id":"2_02","location_type":0,"parent_station":null,"wheelchair_boarding":null}},{"type":"Feature","id":"F020:20_01","geometry":{"type":"Point","coordinates":[139.486395,34.059121]},"properties":{"id":"F020:20_01","feed_id":"F020","feed_slug":"miyake-village-bus","municipality":"三宅村","service_name":"村営バス","license":"CC BY 4.0","source_stop_id":"20_01","stop_code":null,"stop_name":"富賀神社前","stop_desc":null,"zone_id":"20_01","location_type":0,"parent_station":null,"wheelchair_boarding":null}},{"type":"Feature","id":"F020:20_02","geometry":{"type":"Point","coordinates":[139.486529,34.059069]},"properties":{"id":"F020:20_02","feed_id":"F020","feed_slug":"miyake-village-bus","municipality":"三宅村","service_name":"村営バス","license":"CC BY 4.0","source_stop_id":"20_02","stop_code":null,"stop_name":"富賀神社前","stop_desc":null,"zone_id":"20_02","location_type":0,"parent_station":null,"wheelchair_boarding":null}},{"type":"Feature","id":"F020:21_01","geometry":{"type":"Point","coordinates":[139.483881,34.063314]},"properties":{"id":"F020:21_01","feed_id":"F020","feed_slug":"miyake-village-bus","municipality":"三宅村","service_name":"村営バス","license":"CC BY 4.0","source_stop_id":"21_01","stop_code":null,"stop_name":"釜根","stop_desc":null,"zone_id":"21_01","location_type":0,"parent_station":null,"wheelchair_boarding":null}},{"type":"Feature","id":"F020:21_02","geometry":{"type":"Point","coordinates":[139.484029,34.063294]},"properties":{"id":"F020:21_02","feed_id":"F020","feed_slug":"miyake-village-bus","municipality":"三宅村","service_name":"村営バス","license":"CC BY 4.0","source_stop_id":"21_02","stop_code":null,"stop_name":"釜根","stop_desc":null,"zone_id":"21_02","location_type":0,"parent_station":null,"wheelchair_boarding":null}},{"type":"Feature","id":"F020:22_01","geometry":{"type":"Point","coordinates":[139.483099,34.064529]},"properties":{"id":"F020:22_01","feed_id":"F020","feed_slug":"miyake-village-bus","municipality":"三宅村","service_name":"村営バス","license":"CC BY 4.0","source_stop_id":"22_01","stop_code":null,"stop_name":"阿古郵便局前","stop_desc":null,"zone_id":"22_01","location_type":0,"parent_station":null,"wheelchair_boarding":null}},{"type":"Feature","id":"F020:22_02","geometry":{"type":"Point","coordinates":[139.483186,34.064769]},"properties":{"id":"F020:22_02","feed_id":"F020","feed_slug":"miyake-village-bus","municipality":"三宅村","service_name":"村営バス","license":"CC BY 4.0","source_stop_id":"22_02","stop_code":null,"stop_name":"阿古郵便局前","stop_desc":null,"zone_id":"22_02","location_type":0,"parent_station":null,"wheelchair_boarding":null}},{"type":"Feature","id":"F020:23_01","geometry":{"type":"Point","coordinates":[139.482375,34.067804]},"properties":{"id":"F020:23_01","feed_id":"F020","feed_slug":"miyake-village-bus","municipality":"三宅村","service_name":"村営バス","license":"CC BY 4.0","source_stop_id":"23_01","stop_code":null,"stop_name":"錆ヶ浜港入口","stop_desc":null,"zone_id":"23_01","location_type":0,"parent_station":null,"wheelchair_boarding":null}},{"type":"Feature","id":"F020:23_02","geometry":{"type":"Point","coordinates":[139.482462,34.067668]},"properties":{"id":"F020:23_02","feed_id":"F020","feed_slug":"miyake-village-bus","municipality":"三宅村","service_name":"村営バス","license":"CC BY 4.0","source_stop_id":"23_02","stop_code":null,"stop_name":"錆ヶ浜港入口","stop_desc":null,"zone_id":"23_02","location_type":0,"parent_station":null,"wheelchair_boarding":null}},{"type":"Feature","id":"F020:24_01","geometry":{"type":"Point","coordinates":[139.480892,34.071059]},"properties":{"id":"F020:24_01","feed_id":"F020","feed_slug":"miyake-village-bus","municipality":"三宅村","service_name":"村営バス","license":"CC BY 4.0","source_stop_id":"24_01","stop_code":null,"stop_name":"錆ヶ浜","stop_desc":null,"zone_id":"24_01","location_type":0,"parent_station":null,"wheelchair_boarding":null}},{"type":"Feature","id":"F020:24_02","geometry":{"type":"Point","coordinates":[139.481049,34.07101]},"properties":{"id":"F020:24_02","feed_id":"F020","feed_slug":"miyake-village-bus","municipality":"三宅村","service_name":"村営バス","license":"CC BY 4.0","source_stop_id":"24_02","stop_code":null,"stop_name":"錆ヶ浜","stop_desc":null,"zone_id":"24_02","location_type":0,"parent_station":null,"wheelchair_boarding":null}},{"type":"Feature","id":"F020:25_01","geometry":{"type":"Point","coordinates":[139.479694,34.0731]},"properties":{"id":"F020:25_01","feed_id":"F020","feed_slug":"miyake-village-bus","municipality":"三宅村","service_name":"村営バス","license":"CC BY 4.0","source_stop_id":"25_01","stop_code":null,"stop_name":"二島","stop_desc":null,"zone_id":"25_01","location_type":0,"parent_station":null,"wheelchair_boarding":null}},{"type":"Feature","id":"F020:25_02","geometry":{"type":"Point","coordinates":[139.479814,34.073092]},"properties":{"id":"F020:25_02","feed_id":"F020","feed_slug":"miyake-village-bus","municipality":"三宅村","service_name":"村営バス","license":"CC BY 4.0","source_stop_id":"25_02","stop_code":null,"stop_name":"二島","stop_desc":null,"zone_id":"25_02","location_type":0,"parent_station":null,"wheelchair_boarding":null}},{"type":"Feature","id":"F020:26_01","geometry":{"type":"Point","coordinates":[139.48077,34.075871]},"properties":{"id":"F020:26_01","feed_id":"F020","feed_slug":"miyake-village-bus","municipality":"三宅村","service_name":"村営バス","license":"CC BY 4.0","source_stop_id":"26_01","stop_code":null,"stop_name":"阿古","stop_desc":null,"zone_id":"26_01","location_type":0,"parent_station":null,"wheelchair_boarding":null}},{"type":"Feature","id":"F020:26_02","geometry":{"type":"Point","coordinates":[139.480857,34.075809]},"properties":{"id":"F020:26_02","feed_id":"F020","feed_slug":"miyake-village-bus","municipality":"三宅村","service_name":"村営バス","license":"CC BY 4.0","source_stop_id":"26_02","stop_code":null,"stop_name":"阿古","stop_desc":null,"zone_id":"26_02","location_type":0,"parent_station":null,"wheelchair_boarding":null}},{"type":"Feature","id":"F020:27_01","geometry":{"type":"Point","coordinates":[139.483997,34.078834]},"properties":{"id":"F020:27_01","feed_id":"F020","feed_slug":"miyake-village-bus","municipality":"三宅村","service_name":"村営バス","license":"CC BY 4.0","source_stop_id":"27_01","stop_code":null,"stop_name":"鉄砲場","stop_desc":null,"zone_id":"27_01","location_type":0,"parent_station":null,"wheelchair_boarding":null}},{"type":"Feature","id":"F020:27_02","geometry":{"type":"Point","coordinates":[139.48403,34.078635]},"properties":{"id":"F020:27_02","feed_id":"F020","feed_slug":"miyake-village-bus","municipality":"三宅村","service_name":"村営バス","license":"CC BY 4.0","source_stop_id":"27_02","stop_code":null,"stop_name":"鉄砲場","stop_desc":null,"zone_id":"27_02","location_type":0,"parent_station":null,"wheelchair_boarding":null}},{"type":"Feature","id":"F020:27_03","geometry":{"type":"Point","coordinates":[139.484886,34.079323]},"properties":{"id":"F020:27_03","feed_id":"F020","feed_slug":"miyake-village-bus","municipality":"三宅村","service_name":"村営バス","license":"CC BY 4.0","source_stop_id":"27_03","stop_code":null,"stop_name":"鉄砲場","stop_desc":null,"zone_id":"27_03","location_type":0,"parent_station":null,"wheelchair_boarding":null}},{"type":"Feature","id":"F020:27_04","geometry":{"type":"Point","coordinates":[139.484699,34.078955]},"properties":{"id":"F020:27_04","feed_id":"F020","feed_slug":"miyake-village-bus","municipality":"三宅村","service_name":"村営バス","license":"CC BY 4.0","source_stop_id":"27_04","stop_code":null,"stop_name":"鉄砲場","stop_desc":null,"zone_id":"27_04","location_type":0,"parent_station":null,"wheelchair_boarding":null}},{"type":"Feature","id":"F020:28_01","geometry":{"type":"Point","coordinates":[139.482327,34.082637]},"properties":{"id":"F020:28_01","feed_id":"F020","feed_slug":"miyake-village-bus","municipality":"三宅村","service_name":"村営バス","license":"CC BY 4.0","source_stop_id":"28_01","stop_code":null,"stop_name":"夕景浜","stop_desc":null,"zone_id":"28_01","location_type":0,"parent_station":null,"wheelchair_boarding":null}},{"type":"Feature","id":"F020:29_01","geometry":{"type":"Point","coordinates":[139.492491,34.098375]},"properties":{"id":"F020:29_01","feed_id":"F020","feed_slug":"miyake-village-bus","municipality":"三宅村","service_name":"村営バス","license":"CC BY 4.0","source_stop_id":"29_01","stop_code":null,"stop_name":"岡庭","stop_desc":null,"zone_id":"29_01","location_type":0,"parent_station":null,"wheelchair_boarding":null}},{"type":"Feature","id":"F020:29_02","geometry":{"type":"Point","coordinates":[139.492407,34.09876]},"properties":{"id":"F020:29_02","feed_id":"F020","feed_slug":"miyake-village-bus","municipality":"三宅村","service_name":"村営バス","license":"CC BY 4.0","source_stop_id":"29_02","stop_code":null,"stop_name":"岡庭","stop_desc":null,"zone_id":"29_02","location_type":0,"parent_station":null,"wheelchair_boarding":null}},{"type":"Feature","id":"F020:3_01","geometry":{"type":"Point","coordinates":[139.557647,34.076921]},"properties":{"id":"F020:3_01","feed_id":"F020","feed_slug":"miyake-village-bus","municipality":"三宅村","service_name":"村営バス","license":"CC BY 4.0","source_stop_id":"3_01","stop_code":null,"stop_name":"企業課前","stop_desc":null,"zone_id":"3_01","location_type":0,"parent_station":null,"wheelchair_boarding":null}},{"type":"Feature","id":"F020:3_02","geometry":{"type":"Point","coordinates":[139.557541,34.076985]},"properties":{"id":"F020:3_02","feed_id":"F020","feed_slug":"miyake-village-bus","municipality":"三宅村","service_name":"村営バス","license":"CC BY 4.0","source_stop_id":"3_02","stop_code":null,"stop_name":"企業課前","stop_desc":null,"zone_id":"3_02","location_type":0,"parent_station":null,"wheelchair_boarding":null}},{"type":"Feature","id":"F020:30_01","geometry":{"type":"Point","coordinates":[139.492209,34.100018]},"properties":{"id":"F020:30_01","feed_id":"F020","feed_slug":"miyake-village-bus","municipality":"三宅村","service_name":"村営バス","license":"CC BY 4.0","source_stop_id":"30_01","stop_code":null,"stop_name":"伊ヶ谷","stop_desc":null,"zone_id":"30_01","location_type":0,"parent_station":null,"wheelchair_boarding":null}},{"type":"Feature","id":"F020:30_02","geometry":{"type":"Point","coordinates":[139.492601,34.100408]},"properties":{"id":"F020:30_02","feed_id":"F020","feed_slug":"miyake-village-bus","municipality":"三宅村","service_name":"村営バス","license":"CC BY 4.0","source_stop_id":"30_02","stop_code":null,"stop_name":"伊ヶ谷","stop_desc":null,"zone_id":"30_02","location_type":0,"parent_station":null,"wheelchair_boarding":null}},{"type":"Feature","id":"F020:30_03","geometry":{"type":"Point","coordinates":[139.49249,34.10045]},"properties":{"id":"F020:30_03","feed_id":"F020","feed_slug":"miyake-village-bus","municipality":"三宅村","service_name":"村営バス","license":"CC BY 4.0","source_stop_id":"30_03","stop_code":null,"stop_name":"伊ヶ谷","stop_desc":null,"zone_id":"30_03","location_type":0,"parent_station":null,"wheelchair_boarding":null}},{"type":"Feature","id":"F020:31_01","geometry":{"type":"Point","coordinates":[139.488733,34.099757]},"properties":{"id":"F020:31_01","feed_id":"F020","feed_slug":"miyake-village-bus","municipality":"三宅村","service_name":"村営バス","license":"CC BY 4.0","source_stop_id":"31_01","stop_code":null,"stop_name":"伊ヶ谷港","stop_desc":null,"zone_id":"31_01","location_type":0,"parent_station":null,"wheelchair_boarding":null}},{"type":"Feature","id":"F020:32_01","geometry":{"type":"Point","coordinates":[139.49548,34.10739]},"properties":{"id":"F020:32_01","feed_id":"F020","feed_slug":"miyake-village-bus","municipality":"三宅村","service_name":"村営バス","license":"CC BY 4.0","source_stop_id":"32_01","stop_code":null,"stop_name":"西原","stop_desc":null,"zone_id":"32_01","location_type":0,"parent_station":null,"wheelchair_boarding":null}},{"type":"Feature","id":"F020:32_02","geometry":{"type":"Point","coordinates":[139.495546,34.107548]},"properties":{"id":"F020:32_02","feed_id":"F020","feed_slug":"miyake-village-bus","municipality":"三宅村","service_name":"村営バス","license":"CC BY 4.0","source_stop_id":"32_02","stop_code":null,"stop_name":"西原","stop_desc":null,"zone_id":"32_02","location_type":0,"parent_station":null,"wheelchair_boarding":null}},{"type":"Feature","id":"F020:33_01","geometry":{"type":"Point","coordinates":[139.495284,34.109457]},"properties":{"id":"F020:33_01","feed_id":"F020","feed_slug":"miyake-village-bus","municipality":"三宅村","service_name":"村営バス","license":"CC BY 4.0","source_stop_id":"33_01","stop_code":null,"stop_name":"伊豆岬入口","stop_desc":null,"zone_id":"33_01","location_type":0,"parent_station":null,"wheelchair_boarding":null}},{"type":"Feature","id":"F020:33_02","geometry":{"type":"Point","coordinates":[139.495374,34.109309]},"properties":{"id":"F020:33_02","feed_id":"F020","feed_slug":"miyake-village-bus","municipality":"三宅村","service_name":"村営バス","license":"CC BY 4.0","source_stop_id":"33_02","stop_code":null,"stop_name":"伊豆岬入口","stop_desc":null,"zone_id":"33_02","location_type":0,"parent_station":null,"wheelchair_boarding":null}},{"type":"Feature","id":"F020:34_01","geometry":{"type":"Point","coordinates":[139.499047,34.112931]},"properties":{"id":"F020:34_01","feed_id":"F020","feed_slug":"miyake-village-bus","municipality":"三宅村","service_name":"村営バス","license":"CC BY 4.0","source_stop_id":"34_01","stop_code":null,"stop_name":"薬師前","stop_desc":null,"zone_id":"34_01","location_type":0,"parent_station":null,"wheelchair_boarding":null}},{"type":"Feature","id":"F020:34_02","geometry":{"type":"Point","coordinates":[139.499786,34.11289]},"properties":{"id":"F020:34_02","feed_id":"F020","feed_slug":"miyake-village-bus","municipality":"三宅村","service_name":"村営バス","license":"CC BY 4.0","source_stop_id":"34_02","stop_code":null,"stop_name":"薬師前","stop_desc":null,"zone_id":"34_02","location_type":0,"parent_station":null,"wheelchair_boarding":null}},{"type":"Feature","id":"F020:35_01","geometry":{"type":"Point","coordinates":[139.500396,34.115023]},"properties":{"id":"F020:35_01","feed_id":"F020","feed_slug":"miyake-village-bus","municipality":"三宅村","service_name":"村営バス","license":"CC BY 4.0","source_stop_id":"35_01","stop_code":null,"stop_name":"伊豆","stop_desc":null,"zone_id":"35_01","location_type":0,"parent_station":null,"wheelchair_boarding":null}},{"type":"Feature","id":"F020:35_02","geometry":{"type":"Point","coordinates":[139.500131,34.114572]},"properties":{"id":"F020:35_02","feed_id":"F020","feed_slug":"miyake-village-bus","municipality":"三宅村","service_name":"村営バス","license":"CC BY 4.0","source_stop_id":"35_02","stop_code":null,"stop_name":"伊豆","stop_desc":null,"zone_id":"35_02","location_type":0,"parent_station":null,"wheelchair_boarding":null}},{"type":"Feature","id":"F020:36_01","geometry":{"type":"Point","coordinates":[139.501565,34.116085]},"properties":{"id":"F020:36_01","feed_id":"F020","feed_slug":"miyake-village-bus","municipality":"三宅村","service_name":"村営バス","license":"CC BY 4.0","source_stop_id":"36_01","stop_code":null,"stop_name":"阿知原","stop_desc":null,"zone_id":"36_01","location_type":0,"parent_station":null,"wheelchair_boarding":null}},{"type":"Feature","id":"F020:36_02","geometry":{"type":"Point","coordinates":[139.501921,34.116247]},"properties":{"id":"F020:36_02","feed_id":"F020","feed_slug":"miyake-village-bus","municipality":"三宅村","service_name":"村営バス","license":"CC BY 4.0","source_stop_id":"36_02","stop_code":null,"stop_name":"阿知原","stop_desc":null,"zone_id":"36_02","location_type":0,"parent_station":null,"wheelchair_boarding":null}},{"type":"Feature","id":"F020:37_01","geometry":{"type":"Point","coordinates":[139.5036,34.118125]},"properties":{"id":"F020:37_01","feed_id":"F020","feed_slug":"miyake-village-bus","municipality":"三宅村","service_name":"村営バス","license":"CC BY 4.0","source_stop_id":"37_01","stop_code":null,"stop_name":"保健所前","stop_desc":null,"zone_id":"37_01","location_type":0,"parent_station":null,"wheelchair_boarding":null}},{"type":"Feature","id":"F020:37_02","geometry":{"type":"Point","coordinates":[139.503575,34.118033]},"properties":{"id":"F020:37_02","feed_id":"F020","feed_slug":"miyake-village-bus","municipality":"三宅村","service_name":"村営バス","license":"CC BY 4.0","source_stop_id":"37_02","stop_code":null,"stop_name":"保健所前","stop_desc":null,"zone_id":"37_02","location_type":0,"parent_station":null,"wheelchair_boarding":null}},{"type":"Feature","id":"F020:38_01","geometry":{"type":"Point","coordinates":[139.505151,34.119752]},"properties":{"id":"F020:38_01","feed_id":"F020","feed_slug":"miyake-village-bus","municipality":"三宅村","service_name":"村営バス","license":"CC BY 4.0","source_stop_id":"38_01","stop_code":null,"stop_name":"三宅小中学校前","stop_desc":null,"zone_id":"38_01","location_type":0,"parent_station":null,"wheelchair_boarding":null}},{"type":"Feature","id":"F020:38_02","geometry":{"type":"Point","coordinates":[139.505252,34.119674]},"properties":{"id":"F020:38_02","feed_id":"F020","feed_slug":"miyake-village-bus","municipality":"三宅村","service_name":"村営バス","license":"CC BY 4.0","source_stop_id":"38_02","stop_code":null,"stop_name":"三宅小中学校前","stop_desc":null,"zone_id":"38_02","location_type":0,"parent_station":null,"wheelchair_boarding":null}},{"type":"Feature","id":"F020:39_01","geometry":{"type":"Point","coordinates":[139.510036,34.119563]},"properties":{"id":"F020:39_01","feed_id":"F020","feed_slug":"miyake-village-bus","municipality":"三宅村","service_name":"村営バス","license":"CC BY 4.0","source_stop_id":"39_01","stop_code":null,"stop_name":"大久保浜","stop_desc":null,"zone_id":"39_01","location_type":0,"parent_station":null,"wheelchair_boarding":null}},{"type":"Feature","id":"F020:4_01","geometry":{"type":"Point","coordinates":[139.558288,34.072697]},"properties":{"id":"F020:4_01","feed_id":"F020","feed_slug":"miyake-village-bus","municipality":"三宅村","service_name":"村営バス","license":"CC BY 4.0","source_stop_id":"4_01","stop_code":null,"stop_name":"空港前","stop_desc":null,"zone_id":"4_01","location_type":0,"parent_station":null,"wheelchair_boarding":null}},{"type":"Feature","id":"F020:4_02","geometry":{"type":"Point","coordinates":[139.558167,34.073153]},"properties":{"id":"F020:4_02","feed_id":"F020","feed_slug":"miyake-village-bus","municipality":"三宅村","service_name":"村営バス","license":"CC BY 4.0","source_stop_id":"4_02","stop_code":null,"stop_name":"空港前","stop_desc":null,"zone_id":"4_02","location_type":0,"parent_station":null,"wheelchair_boarding":null}},{"type":"Feature","id":"F020:40_01","geometry":{"type":"Point","coordinates":[139.507369,34.118843]},"properties":{"id":"F020:40_01","feed_id":"F020","feed_slug":"miyake-village-bus","municipality":"三宅村","service_name":"村営バス","license":"CC BY 4.0","source_stop_id":"40_01","stop_code":null,"stop_name":"姉川神社前","stop_desc":null,"zone_id":"40_01","location_type":0,"parent_station":null,"wheelchair_boarding":null}},{"type":"Feature","id":"F020:40_02","geometry":{"type":"Point","coordinates":[139.507424,34.118721]},"properties":{"id":"F020:40_02","feed_id":"F020","feed_slug":"miyake-village-bus","municipality":"三宅村","service_name":"村営バス","license":"CC BY 4.0","source_stop_id":"40_02","stop_code":null,"stop_name":"姉川神社前","stop_desc":null,"zone_id":"40_02","location_type":0,"parent_station":null,"wheelchair_boarding":null}},{"type":"Feature","id":"F020:41_01","geometry":{"type":"Point","coordinates":[139.508866,34.118147]},"properties":{"id":"F020:41_01","feed_id":"F020","feed_slug":"miyake-village-bus","municipality":"三宅村","service_name":"村営バス","license":"CC BY 4.0","source_stop_id":"41_01","stop_code":null,"stop_name":"みやけ保育園前","stop_desc":null,"zone_id":"41_01","location_type":0,"parent_station":null,"wheelchair_boarding":null}},{"type":"Feature","id":"F020:41_02","geometry":{"type":"Point","coordinates":[139.509288,34.117826]},"properties":{"id":"F020:41_02","feed_id":"F020","feed_slug":"miyake-village-bus","municipality":"三宅村","service_name":"村営バス","license":"CC BY 4.0","source_stop_id":"41_02","stop_code":null,"stop_name":"みやけ保育園前","stop_desc":null,"zone_id":"41_02","location_type":0,"parent_station":null,"wheelchair_boarding":null}},{"type":"Feature","id":"F020:42_01","geometry":{"type":"Point","coordinates":[139.513523,34.11792]},"properties":{"id":"F020:42_01","feed_id":"F020","feed_slug":"miyake-village-bus","municipality":"三宅村","service_name":"村営バス","license":"CC BY 4.0","source_stop_id":"42_01","stop_code":null,"stop_name":"友地","stop_desc":null,"zone_id":"42_01","location_type":0,"parent_station":null,"wheelchair_boarding":null}},{"type":"Feature","id":"F020:42_02","geometry":{"type":"Point","coordinates":[139.51294,34.117735]},"properties":{"id":"F020:42_02","feed_id":"F020","feed_slug":"miyake-village-bus","municipality":"三宅村","service_name":"村営バス","license":"CC BY 4.0","source_stop_id":"42_02","stop_code":null,"stop_name":"友地","stop_desc":null,"zone_id":"42_02","location_type":0,"parent_station":null,"wheelchair_boarding":null}},{"type":"Feature","id":"F020:43_01","geometry":{"type":"Point","coordinates":[139.516746,34.119184]},"properties":{"id":"F020:43_01","feed_id":"F020","feed_slug":"miyake-village-bus","municipality":"三宅村","service_name":"村営バス","license":"CC BY 4.0","source_stop_id":"43_01","stop_code":null,"stop_name":"支庁前","stop_desc":null,"zone_id":"43_01","location_type":0,"parent_station":null,"wheelchair_boarding":null}},{"type":"Feature","id":"F020:43_02","geometry":{"type":"Point","coordinates":[139.516397,34.118815]},"properties":{"id":"F020:43_02","feed_id":"F020","feed_slug":"miyake-village-bus","municipality":"三宅村","service_name":"村営バス","license":"CC BY 4.0","source_stop_id":"43_02","stop_code":null,"stop_name":"支庁前","stop_desc":null,"zone_id":"43_02","location_type":0,"parent_station":null,"wheelchair_boarding":null}},{"type":"Feature","id":"F020:44_01","geometry":{"type":"Point","coordinates":[139.518118,34.11983]},"properties":{"id":"F020:44_01","feed_id":"F020","feed_slug":"miyake-village-bus","municipality":"三宅村","service_name":"村営バス","license":"CC BY 4.0","source_stop_id":"44_01","stop_code":null,"stop_name":"警察署前","stop_desc":null,"zone_id":"44_01","location_type":0,"parent_station":null,"wheelchair_boarding":null}},{"type":"Feature","id":"F020:44_02","geometry":{"type":"Point","coordinates":[139.518052,34.119691]},"properties":{"id":"F020:44_02","feed_id":"F020","feed_slug":"miyake-village-bus","municipality":"三宅村","service_name":"村営バス","license":"CC BY 4.0","source_stop_id":"44_02","stop_code":null,"stop_name":"警察署前","stop_desc":null,"zone_id":"44_02","location_type":0,"parent_station":null,"wheelchair_boarding":null}},{"type":"Feature","id":"F020:45_01","geometry":{"type":"Point","coordinates":[139.521398,34.120048]},"properties":{"id":"F020:45_01","feed_id":"F020","feed_slug":"miyake-village-bus","municipality":"三宅村","service_name":"村営バス","license":"CC BY 4.0","source_stop_id":"45_01","stop_code":null,"stop_name":"門の原","stop_desc":null,"zone_id":"45_01","location_type":0,"parent_station":null,"wheelchair_boarding":null}},{"type":"Feature","id":"F020:45_02","geometry":{"type":"Point","coordinates":[139.521351,34.119921]},"properties":{"id":"F020:45_02","feed_id":"F020","feed_slug":"miyake-village-bus","municipality":"三宅村","service_name":"村営バス","license":"CC BY 4.0","source_stop_id":"45_02","stop_code":null,"stop_name":"門の原","stop_desc":null,"zone_id":"45_02","location_type":0,"parent_station":null,"wheelchair_boarding":null}},{"type":"Feature","id":"F020:46_01","geometry":{"type":"Point","coordinates":[139.522611,34.120419]},"properties":{"id":"F020:46_01","feed_id":"F020","feed_slug":"miyake-village-bus","municipality":"三宅村","service_name":"村営バス","license":"CC BY 4.0","source_stop_id":"46_01","stop_code":null,"stop_name":"神着","stop_desc":null,"zone_id":"46_01","location_type":0,"parent_station":null,"wheelchair_boarding":null}},{"type":"Feature","id":"F020:46_02","geometry":{"type":"Point","coordinates":[139.522616,34.120341]},"properties":{"id":"F020:46_02","feed_id":"F020","feed_slug":"miyake-village-bus","municipality":"三宅村","service_name":"村営バス","license":"CC BY 4.0","source_stop_id":"46_02","stop_code":null,"stop_name":"神着","stop_desc":null,"zone_id":"46_02","location_type":0,"parent_station":null,"wheelchair_boarding":null}},{"type":"Feature","id":"F020:47_01","geometry":{"type":"Point","coordinates":[139.526715,34.121395]},"properties":{"id":"F020:47_01","feed_id":"F020","feed_slug":"miyake-village-bus","municipality":"三宅村","service_name":"村営バス","license":"CC BY 4.0","source_stop_id":"47_01","stop_code":null,"stop_name":"焼場","stop_desc":null,"zone_id":"47_01","location_type":0,"parent_station":null,"wheelchair_boarding":null}},{"type":"Feature","id":"F020:47_02","geometry":{"type":"Point","coordinates":[139.52658,34.121326]},"properties":{"id":"F020:47_02","feed_id":"F020","feed_slug":"miyake-village-bus","municipality":"三宅村","service_name":"村営バス","license":"CC BY 4.0","source_stop_id":"47_02","stop_code":null,"stop_name":"焼場","stop_desc":null,"zone_id":"47_02","location_type":0,"parent_station":null,"wheelchair_boarding":null}},{"type":"Feature","id":"F020:48_01","geometry":{"type":"Point","coordinates":[139.531119,34.12216]},"properties":{"id":"F020:48_01","feed_id":"F020","feed_slug":"miyake-village-bus","municipality":"三宅村","service_name":"村営バス","license":"CC BY 4.0","source_stop_id":"48_01","stop_code":null,"stop_name":"中央診療所","stop_desc":null,"zone_id":"48_01","location_type":0,"parent_station":null,"wheelchair_boarding":null}},{"type":"Feature","id":"F020:49_01","geometry":{"type":"Point","coordinates":[139.530323,34.121514]},"properties":{"id":"F020:49_01","feed_id":"F020","feed_slug":"miyake-village-bus","municipality":"三宅村","service_name":"村営バス","license":"CC BY 4.0","source_stop_id":"49_01","stop_code":null,"stop_name":"湯舟グラウンド前","stop_desc":null,"zone_id":"49_01","location_type":0,"parent_station":null,"wheelchair_boarding":null}},{"type":"Feature","id":"F020:49_02","geometry":{"type":"Point","coordinates":[139.530533,34.121362]},"properties":{"id":"F020:49_02","feed_id":"F020","feed_slug":"miyake-village-bus","municipality":"三宅村","service_name":"村営バス","license":"CC BY 4.0","source_stop_id":"49_02","stop_code":null,"stop_name":"湯舟グラウンド前","stop_desc":null,"zone_id":"49_02","location_type":0,"parent_station":null,"wheelchair_boarding":null}},{"type":"Feature","id":"F020:5_01","geometry":{"type":"Point","coordinates":[139.556425,34.066986]},"properties":{"id":"F020:5_01","feed_id":"F020","feed_slug":"miyake-village-bus","municipality":"三宅村","service_name":"村営バス","license":"CC BY 4.0","source_stop_id":"5_01","stop_code":null,"stop_name":"釜方","stop_desc":null,"zone_id":"5_01","location_type":0,"parent_station":null,"wheelchair_boarding":null}},{"type":"Feature","id":"F020:5_02","geometry":{"type":"Point","coordinates":[139.556305,34.066981]},"properties":{"id":"F020:5_02","feed_id":"F020","feed_slug":"miyake-village-bus","municipality":"三宅村","service_name":"村営バス","license":"CC BY 4.0","source_stop_id":"5_02","stop_code":null,"stop_name":"釜方","stop_desc":null,"zone_id":"5_02","location_type":0,"parent_station":null,"wheelchair_boarding":null}},{"type":"Feature","id":"F020:50_01","geometry":{"type":"Point","coordinates":[139.535198,34.120413]},"properties":{"id":"F020:50_01","feed_id":"F020","feed_slug":"miyake-village-bus","municipality":"三宅村","service_name":"村営バス","license":"CC BY 4.0","source_stop_id":"50_01","stop_code":null,"stop_name":"土佐","stop_desc":null,"zone_id":"50_01","location_type":0,"parent_station":null,"wheelchair_boarding":null}},{"type":"Feature","id":"F020:50_02","geometry":{"type":"Point","coordinates":[139.53501,34.120361]},"properties":{"id":"F020:50_02","feed_id":"F020","feed_slug":"miyake-village-bus","municipality":"三宅村","service_name":"村営バス","license":"CC BY 4.0","source_stop_id":"50_02","stop_code":null,"stop_name":"土佐","stop_desc":null,"zone_id":"50_02","location_type":0,"parent_station":null,"wheelchair_boarding":null}},{"type":"Feature","id":"F020:51_01","geometry":{"type":"Point","coordinates":[139.54175,34.118374]},"properties":{"id":"F020:51_01","feed_id":"F020","feed_slug":"miyake-village-bus","municipality":"三宅村","service_name":"村営バス","license":"CC BY 4.0","source_stop_id":"51_01","stop_code":null,"stop_name":"ナダード","stop_desc":null,"zone_id":"51_01","location_type":0,"parent_station":null,"wheelchair_boarding":null}},{"type":"Feature","id":"F020:51_02","geometry":{"type":"Point","coordinates":[139.541894,34.118201]},"properties":{"id":"F020:51_02","feed_id":"F020","feed_slug":"miyake-village-bus","municipality":"三宅村","service_name":"村営バス","license":"CC BY 4.0","source_stop_id":"51_02","stop_code":null,"stop_name":"ナダード","stop_desc":null,"zone_id":"51_02","location_type":0,"parent_station":null,"wheelchair_boarding":null}},{"type":"Feature","id":"F020:52_01","geometry":{"type":"Point","coordinates":[139.546535,34.116966]},"properties":{"id":"F020:52_01","feed_id":"F020","feed_slug":"miyake-village-bus","municipality":"三宅村","service_name":"村営バス","license":"CC BY 4.0","source_stop_id":"52_01","stop_code":null,"stop_name":"三ノ輪","stop_desc":null,"zone_id":"52_01","location_type":0,"parent_station":null,"wheelchair_boarding":null}},{"type":"Feature","id":"F020:52_02","geometry":{"type":"Point","coordinates":[139.546291,34.117021]},"properties":{"id":"F020:52_02","feed_id":"F020","feed_slug":"miyake-village-bus","municipality":"三宅村","service_name":"村営バス","license":"CC BY 4.0","source_stop_id":"52_02","stop_code":null,"stop_name":"三ノ輪","stop_desc":null,"zone_id":"52_02","location_type":0,"parent_station":null,"wheelchair_boarding":null}},{"type":"Feature","id":"F020:53_01","geometry":{"type":"Point","coordinates":[139.550282,34.115336]},"properties":{"id":"F020:53_01","feed_id":"F020","feed_slug":"miyake-village-bus","municipality":"三宅村","service_name":"村営バス","license":"CC BY 4.0","source_stop_id":"53_01","stop_code":null,"stop_name":"美茂井","stop_desc":null,"zone_id":"53_01","location_type":0,"parent_station":null,"wheelchair_boarding":null}},{"type":"Feature","id":"F020:53_02","geometry":{"type":"Point","coordinates":[139.549594,34.115651]},"properties":{"id":"F020:53_02","feed_id":"F020","feed_slug":"miyake-village-bus","municipality":"三宅村","service_name":"村営バス","license":"CC BY 4.0","source_stop_id":"53_02","stop_code":null,"stop_name":"美茂井","stop_desc":null,"zone_id":"53_02","location_type":0,"parent_station":null,"wheelchair_boarding":null}},{"type":"Feature","id":"F020:54_01","geometry":{"type":"Point","coordinates":[139.554691,34.11233]},"properties":{"id":"F020:54_01","feed_id":"F020","feed_slug":"miyake-village-bus","municipality":"三宅村","service_name":"村営バス","license":"CC BY 4.0","source_stop_id":"54_01","stop_code":null,"stop_name":"釜の尻","stop_desc":null,"zone_id":"54_01","location_type":0,"parent_station":null,"wheelchair_boarding":null}},{"type":"Feature","id":"F020:54_02","geometry":{"type":"Point","coordinates":[139.554297,34.112384]},"properties":{"id":"F020:54_02","feed_id":"F020","feed_slug":"miyake-village-bus","municipality":"三宅村","service_name":"村営バス","license":"CC BY 4.0","source_stop_id":"54_02","stop_code":null,"stop_name":"釜の尻","stop_desc":null,"zone_id":"54_02","location_type":0,"parent_station":null,"wheelchair_boarding":null}},{"type":"Feature","id":"F020:55_01","geometry":{"type":"Point","coordinates":[139.558297,34.108144]},"properties":{"id":"F020:55_01","feed_id":"F020","feed_slug":"miyake-village-bus","municipality":"三宅村","service_name":"村営バス","license":"CC BY 4.0","source_stop_id":"55_01","stop_code":null,"stop_name":"椎取神社前","stop_desc":null,"zone_id":"55_01","location_type":0,"parent_station":null,"wheelchair_boarding":null}},{"type":"Feature","id":"F020:55_02","geometry":{"type":"Point","coordinates":[139.558161,34.108129]},"properties":{"id":"F020:55_02","feed_id":"F020","feed_slug":"miyake-village-bus","municipality":"三宅村","service_name":"村営バス","license":"CC BY 4.0","source_stop_id":"55_02","stop_code":null,"stop_name":"椎取神社前","stop_desc":null,"zone_id":"55_02","location_type":0,"parent_station":null,"wheelchair_boarding":null}},{"type":"Feature","id":"F020:56_01","geometry":{"type":"Point","coordinates":[139.559635,34.101112]},"properties":{"id":"F020:56_01","feed_id":"F020","feed_slug":"miyake-village-bus","municipality":"三宅村","service_name":"村営バス","license":"CC BY 4.0","source_stop_id":"56_01","stop_code":null,"stop_name":"赤場暁","stop_desc":null,"zone_id":"56_01","location_type":0,"parent_station":null,"wheelchair_boarding":null}},{"type":"Feature","id":"F020:56_02","geometry":{"type":"Point","coordinates":[139.559518,34.101161]},"properties":{"id":"F020:56_02","feed_id":"F020","feed_slug":"miyake-village-bus","municipality":"三宅村","service_name":"村営バス","license":"CC BY 4.0","source_stop_id":"56_02","stop_code":null,"stop_name":"赤場暁","stop_desc":null,"zone_id":"56_02","location_type":0,"parent_station":null,"wheelchair_boarding":null}},{"type":"Feature","id":"F020:57_01","geometry":{"type":"Point","coordinates":[139.558738,34.09767]},"properties":{"id":"F020:57_01","feed_id":"F020","feed_slug":"miyake-village-bus","municipality":"三宅村","service_name":"村営バス","license":"CC BY 4.0","source_stop_id":"57_01","stop_code":null,"stop_name":"三七山","stop_desc":null,"zone_id":"57_01","location_type":0,"parent_station":null,"wheelchair_boarding":null}},{"type":"Feature","id":"F020:57_02","geometry":{"type":"Point","coordinates":[139.5586,34.097574]},"properties":{"id":"F020:57_02","feed_id":"F020","feed_slug":"miyake-village-bus","municipality":"三宅村","service_name":"村営バス","license":"CC BY 4.0","source_stop_id":"57_02","stop_code":null,"stop_name":"三七山","stop_desc":null,"zone_id":"57_02","location_type":0,"parent_station":null,"wheelchair_boarding":null}},{"type":"Feature","id":"F020:58_01","geometry":{"type":"Point","coordinates":[139.560432,34.092337]},"properties":{"id":"F020:58_01","feed_id":"F020","feed_slug":"miyake-village-bus","municipality":"三宅村","service_name":"村営バス","license":"CC BY 4.0","source_stop_id":"58_01","stop_code":null,"stop_name":"御子敷","stop_desc":null,"zone_id":"58_01","location_type":0,"parent_station":null,"wheelchair_boarding":null}},{"type":"Feature","id":"F020:58_02","geometry":{"type":"Point","coordinates":[139.560434,34.092188]},"properties":{"id":"F020:58_02","feed_id":"F020","feed_slug":"miyake-village-bus","municipality":"三宅村","service_name":"村営バス","license":"CC BY 4.0","source_stop_id":"58_02","stop_code":null,"stop_name":"御子敷","stop_desc":null,"zone_id":"58_02","location_type":0,"parent_station":null,"wheelchair_boarding":null}},{"type":"Feature","id":"F020:59_01","geometry":{"type":"Point","coordinates":[139.560866,34.086175]},"properties":{"id":"F020:59_01","feed_id":"F020","feed_slug":"miyake-village-bus","municipality":"三宅村","service_name":"村営バス","license":"CC BY 4.0","source_stop_id":"59_01","stop_code":null,"stop_name":"三池園地","stop_desc":null,"zone_id":"59_01","location_type":0,"parent_station":null,"wheelchair_boarding":null}},{"type":"Feature","id":"F020:59_02","geometry":{"type":"Point","coordinates":[139.560744,34.086099]},"properties":{"id":"F020:59_02","feed_id":"F020","feed_slug":"miyake-village-bus","municipality":"三宅村","service_name":"村営バス","license":"CC BY 4.0","source_stop_id":"59_02","stop_code":null,"stop_name":"三池園地","stop_desc":null,"zone_id":"59_02","location_type":0,"parent_station":null,"wheelchair_boarding":null}},{"type":"Feature","id":"F020:6_01","geometry":{"type":"Point","coordinates":[139.552479,34.063895]},"properties":{"id":"F020:6_01","feed_id":"F020","feed_slug":"miyake-village-bus","municipality":"三宅村","service_name":"村営バス","license":"CC BY 4.0","source_stop_id":"6_01","stop_code":null,"stop_name":"御嶽神社前","stop_desc":null,"zone_id":"6_01","location_type":0,"parent_station":null,"wheelchair_boarding":null}},{"type":"Feature","id":"F020:6_02","geometry":{"type":"Point","coordinates":[139.553212,34.064151]},"properties":{"id":"F020:6_02","feed_id":"F020","feed_slug":"miyake-village-bus","municipality":"三宅村","service_name":"村営バス","license":"CC BY 4.0","source_stop_id":"6_02","stop_code":null,"stop_name":"御嶽神社前","stop_desc":null,"zone_id":"6_02","location_type":0,"parent_station":null,"wheelchair_boarding":null}},{"type":"Feature","id":"F020:60_01","geometry":{"type":"Point","coordinates":[139.564161,34.079706]},"properties":{"id":"F020:60_01","feed_id":"F020","feed_slug":"miyake-village-bus","municipality":"三宅村","service_name":"村営バス","license":"CC BY 4.0","source_stop_id":"60_01","stop_code":null,"stop_name":"三池港","stop_desc":null,"zone_id":"60_01","location_type":0,"parent_station":null,"wheelchair_boarding":null}},{"type":"Feature","id":"F020:61_01","geometry":{"type":"Point","coordinates":[139.480963,34.068616]},"properties":{"id":"F020:61_01","feed_id":"F020","feed_slug":"miyake-village-bus","municipality":"三宅村","service_name":"村営バス","license":"CC BY 4.0","source_stop_id":"61_01","stop_code":null,"stop_name":"錆ヶ浜港","stop_desc":null,"zone_id":"61_01","location_type":0,"parent_station":null,"wheelchair_boarding":null}},{"type":"Feature","id":"F020:61_02","geometry":{"type":"Point","coordinates":[139.481078,34.068691]},"properties":{"id":"F020:61_02","feed_id":"F020","feed_slug":"miyake-village-bus","municipality":"三宅村","service_name":"村営バス","license":"CC BY 4.0","source_stop_id":"61_02","stop_code":null,"stop_name":"錆ヶ浜港","stop_desc":null,"zone_id":"61_02","location_type":0,"parent_station":null,"wheelchair_boarding":null}},{"type":"Feature","id":"F020:62_01","geometry":{"type":"Point","coordinates":[139.560415,34.083625]},"properties":{"id":"F020:62_01","feed_id":"F020","feed_slug":"miyake-village-bus","municipality":"三宅村","service_name":"村営バス","license":"CC BY 4.0","source_stop_id":"62_01","stop_code":null,"stop_name":"三池１","stop_desc":"三池","zone_id":"62_01","location_type":0,"parent_station":null,"wheelchair_boarding":null}},{"type":"Feature","id":"F020:62_02","geometry":{"type":"Point","coordinates":[139.559628,34.083547]},"properties":{"id":"F020:62_02","feed_id":"F020","feed_slug":"miyake-village-bus","municipality":"三宅村","service_name":"村営バス","license":"CC BY 4.0","source_stop_id":"62_02","stop_code":null,"stop_name":"三池１","stop_desc":"三池","zone_id":"62_02","location_type":0,"parent_station":null,"wheelchair_boarding":null}},{"type":"Feature","id":"F020:63_01","geometry":{"type":"Point","coordinates":[139.559675,34.079675]},"properties":{"id":"F020:63_01","feed_id":"F020","feed_slug":"miyake-village-bus","municipality":"三宅村","service_name":"村営バス","license":"CC BY 4.0","source_stop_id":"63_01","stop_code":null,"stop_name":"沖ヶ平１","stop_desc":"沖ヶ平","zone_id":"63_01","location_type":0,"parent_station":null,"wheelchair_boarding":null}},{"type":"Feature","id":"F020:63_02","geometry":{"type":"Point","coordinates":[139.559,34.0797]},"properties":{"id":"F020:63_02","feed_id":"F020","feed_slug":"miyake-village-bus","municipality":"三宅村","service_name":"村営バス","license":"CC BY 4.0","source_stop_id":"63_02","stop_code":null,"stop_name":"沖ヶ平１","stop_desc":"沖ヶ平","zone_id":"63_02","location_type":0,"parent_station":null,"wheelchair_boarding":null}},{"type":"Feature","id":"F020:64_01","geometry":{"type":"Point","coordinates":[139.557893,34.076903]},"properties":{"id":"F020:64_01","feed_id":"F020","feed_slug":"miyake-village-bus","municipality":"三宅村","service_name":"村営バス","license":"CC BY 4.0","source_stop_id":"64_01","stop_code":null,"stop_name":"企業課前１","stop_desc":"企業課前","zone_id":"64_01","location_type":0,"parent_station":null,"wheelchair_boarding":null}},{"type":"Feature","id":"F020:64_02","geometry":{"type":"Point","coordinates":[139.557401,34.076991]},"properties":{"id":"F020:64_02","feed_id":"F020","feed_slug":"miyake-village-bus","municipality":"三宅村","service_name":"村営バス","license":"CC BY 4.0","source_stop_id":"64_02","stop_code":null,"stop_name":"企業課前１","stop_desc":"企業課前","zone_id":"64_02","location_type":0,"parent_station":null,"wheelchair_boarding":null}},{"type":"Feature","id":"F020:65_01","geometry":{"type":"Point","coordinates":[139.558566,34.072616]},"properties":{"id":"F020:65_01","feed_id":"F020","feed_slug":"miyake-village-bus","municipality":"三宅村","service_name":"村営バス","license":"CC BY 4.0","source_stop_id":"65_01","stop_code":null,"stop_name":"空港前１","stop_desc":"空港前","zone_id":"65_01","location_type":0,"parent_station":null,"wheelchair_boarding":null}},{"type":"Feature","id":"F020:65_02","geometry":{"type":"Point","coordinates":[139.55777,34.073206]},"properties":{"id":"F020:65_02","feed_id":"F020","feed_slug":"miyake-village-bus","municipality":"三宅村","service_name":"村営バス","license":"CC BY 4.0","source_stop_id":"65_02","stop_code":null,"stop_name":"空港前１","stop_desc":"空港前","zone_id":"65_02","location_type":0,"parent_station":null,"wheelchair_boarding":null}},{"type":"Feature","id":"F020:66_01","geometry":{"type":"Point","coordinates":[139.556725,34.066852]},"properties":{"id":"F020:66_01","feed_id":"F020","feed_slug":"miyake-village-bus","municipality":"三宅村","service_name":"村営バス","license":"CC BY 4.0","source_stop_id":"66_01","stop_code":null,"stop_name":"釜方１","stop_desc":"釜方","zone_id":"66_01","location_type":0,"parent_station":null,"wheelchair_boarding":null}},{"type":"Feature","id":"F020:66_02","geometry":{"type":"Point","coordinates":[139.555886,34.06714]},"properties":{"id":"F020:66_02","feed_id":"F020","feed_slug":"miyake-village-bus","municipality":"三宅村","service_name":"村営バス","license":"CC BY 4.0","source_stop_id":"66_02","stop_code":null,"stop_name":"釜方１","stop_desc":"釜方","zone_id":"66_02","location_type":0,"parent_station":null,"wheelchair_boarding":null}},{"type":"Feature","id":"F020:67_01","geometry":{"type":"Point","coordinates":[139.55254,34.063617]},"properties":{"id":"F020:67_01","feed_id":"F020","feed_slug":"miyake-village-bus","municipality":"三宅村","service_name":"村営バス","license":"CC BY 4.0","source_stop_id":"67_01","stop_code":null,"stop_name":"御嶽神社前１","stop_desc":"御嶽神社前","zone_id":"67_01","location_type":0,"parent_station":null,"wheelchair_boarding":null}},{"type":"Feature","id":"F020:67_02","geometry":{"type":"Point","coordinates":[139.553136,34.064462]},"properties":{"id":"F020:67_02","feed_id":"F020","feed_slug":"miyake-village-bus","municipality":"三宅村","service_name":"村営バス","license":"CC BY 4.0","source_stop_id":"67_02","stop_code":null,"stop_name":"御嶽神社前１","stop_desc":"御嶽神社前","zone_id":"67_02","location_type":0,"parent_station":null,"wheelchair_boarding":null}},{"type":"Feature","id":"F020:68_01","geometry":{"type":"Point","coordinates":[139.550355,34.063146]},"properties":{"id":"F020:68_01","feed_id":"F020","feed_slug":"miyake-village-bus","municipality":"三宅村","service_name":"村営バス","license":"CC BY 4.0","source_stop_id":"68_01","stop_code":null,"stop_name":"大永井１","stop_desc":"大永井","zone_id":"68_01","location_type":0,"parent_station":null,"wheelchair_boarding":null}},{"type":"Feature","id":"F020:68_02","geometry":{"type":"Point","coordinates":[139.5502,34.064094]},"properties":{"id":"F020:68_02","feed_id":"F020","feed_slug":"miyake-village-bus","municipality":"三宅村","service_name":"村営バス","license":"CC BY 4.0","source_stop_id":"68_02","stop_code":null,"stop_name":"大永井１","stop_desc":"大永井","zone_id":"68_02","location_type":0,"parent_station":null,"wheelchair_boarding":null}},{"type":"Feature","id":"F020:69_01","geometry":{"type":"Point","coordinates":[139.547703,34.060917]},"properties":{"id":"F020:69_01","feed_id":"F020","feed_slug":"miyake-village-bus","municipality":"三宅村","service_name":"村営バス","license":"CC BY 4.0","source_stop_id":"69_01","stop_code":null,"stop_name":"旧坪田小学校前１","stop_desc":"旧坪田小学校前","zone_id":"69_01","location_type":0,"parent_station":null,"wheelchair_boarding":null}},{"type":"Feature","id":"F020:69_02","geometry":{"type":"Point","coordinates":[139.547148,34.061485]},"properties":{"id":"F020:69_02","feed_id":"F020","feed_slug":"miyake-village-bus","municipality":"三宅村","service_name":"村営バス","license":"CC BY 4.0","source_stop_id":"69_02","stop_code":null,"stop_name":"旧坪田小学校前１","stop_desc":"旧坪田小学校前","zone_id":"69_02","location_type":0,"parent_station":null,"wheelchair_boarding":null}},{"type":"Feature","id":"F020:7_01","geometry":{"type":"Point","coordinates":[139.550093,34.063498]},"properties":{"id":"F020:7_01","feed_id":"F020","feed_slug":"miyake-village-bus","municipality":"三宅村","service_name":"村営バス","license":"CC BY 4.0","source_stop_id":"7_01","stop_code":null,"stop_name":"大永井","stop_desc":null,"zone_id":"7_01","location_type":0,"parent_station":null,"wheelchair_boarding":null}},{"type":"Feature","id":"F020:7_02","geometry":{"type":"Point","coordinates":[139.550356,34.063821]},"properties":{"id":"F020:7_02","feed_id":"F020","feed_slug":"miyake-village-bus","municipality":"三宅村","service_name":"村営バス","license":"CC BY 4.0","source_stop_id":"7_02","stop_code":null,"stop_name":"大永井","stop_desc":null,"zone_id":"7_02","location_type":0,"parent_station":null,"wheelchair_boarding":null}},{"type":"Feature","id":"F020:70_01","geometry":{"type":"Point","coordinates":[139.545247,34.059719]},"properties":{"id":"F020:70_01","feed_id":"F020","feed_slug":"miyake-village-bus","municipality":"三宅村","service_name":"村営バス","license":"CC BY 4.0","source_stop_id":"70_01","stop_code":null,"stop_name":"坪田１","stop_desc":"坪田","zone_id":"70_01","location_type":0,"parent_station":null,"wheelchair_boarding":null}},{"type":"Feature","id":"F020:70_02","geometry":{"type":"Point","coordinates":[139.54482,34.060276]},"properties":{"id":"F020:70_02","feed_id":"F020","feed_slug":"miyake-village-bus","municipality":"三宅村","service_name":"村営バス","license":"CC BY 4.0","source_stop_id":"70_02","stop_code":null,"stop_name":"坪田１","stop_desc":"坪田","zone_id":"70_02","location_type":0,"parent_station":null,"wheelchair_boarding":null}},{"type":"Feature","id":"F020:71_01","geometry":{"type":"Point","coordinates":[139.542037,34.058007]},"properties":{"id":"F020:71_01","feed_id":"F020","feed_slug":"miyake-village-bus","municipality":"三宅村","service_name":"村営バス","license":"CC BY 4.0","source_stop_id":"71_01","stop_code":null,"stop_name":"郷野１","stop_desc":"郷野","zone_id":"71_01","location_type":0,"parent_station":null,"wheelchair_boarding":null}},{"type":"Feature","id":"F020:71_02","geometry":{"type":"Point","coordinates":[139.541756,34.058757]},"properties":{"id":"F020:71_02","feed_id":"F020","feed_slug":"miyake-village-bus","municipality":"三宅村","service_name":"村営バス","license":"CC BY 4.0","source_stop_id":"71_02","stop_code":null,"stop_name":"郷野１","stop_desc":"郷野","zone_id":"71_02","location_type":0,"parent_station":null,"wheelchair_boarding":null}},{"type":"Feature","id":"F020:72_01","geometry":{"type":"Point","coordinates":[139.537975,34.057513]},"properties":{"id":"F020:72_01","feed_id":"F020","feed_slug":"miyake-village-bus","municipality":"三宅村","service_name":"村営バス","license":"CC BY 4.0","source_stop_id":"72_01","stop_code":null,"stop_name":"高校前１","stop_desc":"高校前","zone_id":"72_01","location_type":0,"parent_station":null,"wheelchair_boarding":null}},{"type":"Feature","id":"F020:72_02","geometry":{"type":"Point","coordinates":[139.538252,34.057882]},"properties":{"id":"F020:72_02","feed_id":"F020","feed_slug":"miyake-village-bus","municipality":"三宅村","service_name":"村営バス","license":"CC BY 4.0","source_stop_id":"72_02","stop_code":null,"stop_name":"高校前１","stop_desc":"高校前","zone_id":"72_02","location_type":0,"parent_station":null,"wheelchair_boarding":null}},{"type":"Feature","id":"F020:73_01","geometry":{"type":"Point","coordinates":[139.505027,34.119825]},"properties":{"id":"F020:73_01","feed_id":"F020","feed_slug":"miyake-village-bus","municipality":"三宅村","service_name":"村営バス","license":"CC BY 4.0","source_stop_id":"73_01","stop_code":null,"stop_name":"三宅小中学校前１","stop_desc":"三宅小中学校前","zone_id":"73_01","location_type":0,"parent_station":null,"wheelchair_boarding":null}},{"type":"Feature","id":"F020:73_02","geometry":{"type":"Point","coordinates":[139.50534,34.119662]},"properties":{"id":"F020:73_02","feed_id":"F020","feed_slug":"miyake-village-bus","municipality":"三宅村","service_name":"村営バス","license":"CC BY 4.0","source_stop_id":"73_02","stop_code":null,"stop_name":"三宅小中学校前１","stop_desc":"三宅小中学校前","zone_id":"73_02","location_type":0,"parent_station":null,"wheelchair_boarding":null}},{"type":"Feature","id":"F020:74_01","geometry":{"type":"Point","coordinates":[139.564799,34.079759]},"properties":{"id":"F020:74_01","feed_id":"F020","feed_slug":"miyake-village-bus","municipality":"三宅村","service_name":"村営バス","license":"CC BY 4.0","source_stop_id":"74_01","stop_code":null,"stop_name":"三池港１","stop_desc":"三池港","zone_id":"74_01","location_type":0,"parent_station":null,"wheelchair_boarding":null}},{"type":"Feature","id":"F020:75_01","geometry":{"type":"Point","coordinates":[139.479552,34.068485]},"properties":{"id":"F020:75_01","feed_id":"F020","feed_slug":"miyake-village-bus","municipality":"三宅村","service_name":"村営バス","license":"CC BY 4.0","source_stop_id":"75_01","stop_code":null,"stop_name":"錆ヶ浜港船連絡バス","stop_desc":"錆ヶ浜港","zone_id":"75_01","location_type":0,"parent_station":null,"wheelchair_boarding":null}},{"type":"Feature","id":"F020:76_01","geometry":{"type":"Point","coordinates":[139.488149,34.101021]},"properties":{"id":"F020:76_01","feed_id":"F020","feed_slug":"miyake-village-bus","municipality":"三宅村","service_name":"村営バス","license":"CC BY 4.0","source_stop_id":"76_01","stop_code":null,"stop_name":"伊ヶ谷港船連絡バス","stop_desc":"伊ヶ谷港","zone_id":"76_01","location_type":0,"parent_station":null,"wheelchair_boarding":null}},{"type":"Feature","id":"F020:8_01","geometry":{"type":"Point","coordinates":[139.547391,34.061154]},"properties":{"id":"F020:8_01","feed_id":"F020","feed_slug":"miyake-village-bus","municipality":"三宅村","service_name":"村営バス","license":"CC BY 4.0","source_stop_id":"8_01","stop_code":null,"stop_name":"旧坪田小学校前","stop_desc":null,"zone_id":"8_01","location_type":0,"parent_station":null,"wheelchair_boarding":null}},{"type":"Feature","id":"F020:8_02","geometry":{"type":"Point","coordinates":[139.547349,34.061264]},"properties":{"id":"F020:8_02","feed_id":"F020","feed_slug":"miyake-village-bus","municipality":"三宅村","service_name":"村営バス","license":"CC BY 4.0","source_stop_id":"8_02","stop_code":null,"stop_name":"旧坪田小学校前","stop_desc":null,"zone_id":"8_02","location_type":0,"parent_station":null,"wheelchair_boarding":null}},{"type":"Feature","id":"F020:9_01","geometry":{"type":"Point","coordinates":[139.545066,34.060007]},"properties":{"id":"F020:9_01","feed_id":"F020","feed_slug":"miyake-village-bus","municipality":"三宅村","service_name":"村営バス","license":"CC BY 4.0","source_stop_id":"9_01","stop_code":null,"stop_name":"坪田","stop_desc":null,"zone_id":"9_01","location_type":0,"parent_station":null,"wheelchair_boarding":null}},{"type":"Feature","id":"F020:9_02","geometry":{"type":"Point","coordinates":[139.544891,34.060095]},"properties":{"id":"F020:9_02","feed_id":"F020","feed_slug":"miyake-village-bus","municipality":"三宅村","service_name":"村営バス","license":"CC BY 4.0","source_stop_id":"9_02","stop_code":null,"stop_name":"坪田","stop_desc":null,"zone_id":"9_02","location_type":0,"parent_station":null,"wheelchair_boarding":null}},{"type":"Feature","id":"F005:STP_000001_001","geometry":{"type":"Point","coordinates":[139.736795,35.754541]},"properties":{"id":"F005:STP_000001_001","feed_id":"F005","feed_slug":"kita-kbus","municipality":"北区","service_name":"Kバス","license":"CC BY 4.0","source_stop_id":"STP_000001_001","stop_code":null,"stop_name":"ＪＲ王子駅","stop_desc":null,"zone_id":"ZON_000001_001","location_type":0,"parent_station":null,"wheelchair_boarding":null}},{"type":"Feature","id":"F005:STP_000001_002","geometry":{"type":"Point","coordinates":[139.732674,35.754219]},"properties":{"id":"F005:STP_000001_002","feed_id":"F005","feed_slug":"kita-kbus","municipality":"北区","service_name":"Kバス","license":"CC BY 4.0","source_stop_id":"STP_000001_002","stop_code":null,"stop_name":"王子本町交番","stop_desc":null,"zone_id":"ZON_000001_002","location_type":0,"parent_station":null,"wheelchair_boarding":null}},{"type":"Feature","id":"F005:STP_000001_003","geometry":{"type":"Point","coordinates":[139.73029,35.757168]},"properties":{"id":"F005:STP_000001_003","feed_id":"F005","feed_slug":"kita-kbus","municipality":"北区","service_name":"Kバス","license":"CC BY 4.0","source_stop_id":"STP_000001_003","stop_code":null,"stop_name":"障害者福祉センター","stop_desc":null,"zone_id":"ZON_000001_003","location_type":0,"parent_station":null,"wheelchair_boarding":null}},{"type":"Feature","id":"F005:STP_000001_004","geometry":{"type":"Point","coordinates":[139.729382,35.756672]},"properties":{"id":"F005:STP_000001_004","feed_id":"F005","feed_slug":"kita-kbus","municipality":"北区","service_name":"Kバス","license":"CC BY 4.0","source_stop_id":"STP_000001_004","stop_code":null,"stop_name":"中央図書館","stop_desc":null,"zone_id":"ZON_000001_004","location_type":0,"parent_station":null,"wheelchair_boarding":null}},{"type":"Feature","id":"F005:STP_000001_005","geometry":{"type":"Point","coordinates":[139.729855,35.754216]},"properties":{"id":"F005:STP_000001_005","feed_id":"F005","feed_slug":"kita-kbus","municipality":"北区","service_name":"Kバス","license":"CC BY 4.0","source_stop_id":"STP_000001_005","stop_code":null,"stop_name":"王子アパート","stop_desc":null,"zone_id":"ZON_000001_005","location_type":0,"parent_station":null,"wheelchair_boarding":null}},{"type":"Feature","id":"F005:STP_000001_006","geometry":{"type":"Point","coordinates":[139.731641,35.753438]},"properties":{"id":"F005:STP_000001_006","feed_id":"F005","feed_slug":"kita-kbus","municipality":"北区","service_name":"Kバス","license":"CC BY 4.0","source_stop_id":"STP_000001_006","stop_code":null,"stop_name":"紅葉橋","stop_desc":null,"zone_id":"ZON_000001_006","location_type":0,"parent_station":null,"wheelchair_boarding":null}},{"type":"Feature","id":"F005:STP_000001_007","geometry":{"type":"Point","coordinates":[139.734769,35.753108]},"properties":{"id":"F005:STP_000001_007","feed_id":"F005","feed_slug":"kita-kbus","municipality":"北区","service_name":"Kバス","license":"CC BY 4.0","source_stop_id":"STP_000001_007","stop_code":null,"stop_name":"北区役所","stop_desc":null,"zone_id":"ZON_000001_007","location_type":0,"parent_station":null,"wheelchair_boarding":null}},{"type":"Feature","id":"F005:STP_000001_008","geometry":{"type":"Point","coordinates":[139.738014,35.750191]},"properties":{"id":"F005:STP_000001_008","feed_id":"F005","feed_slug":"kita-kbus","municipality":"北区","service_name":"Kバス","license":"CC BY 4.0","source_stop_id":"STP_000001_008","stop_code":null,"stop_name":"飛鳥山公園","stop_desc":null,"zone_id":"ZON_000001_008","location_type":0,"parent_station":null,"wheelchair_boarding":null}},{"type":"Feature","id":"F005:STP_000001_009","geometry":{"type":"Point","coordinates":[139.740696,35.747625]},"properties":{"id":"F005:STP_000001_009","feed_id":"F005","feed_slug":"kita-kbus","municipality":"北区","service_name":"Kバス","license":"CC BY 4.0","source_stop_id":"STP_000001_009","stop_code":null,"stop_name":"一里塚","stop_desc":null,"zone_id":"ZON_000001_009","location_type":0,"parent_station":null,"wheelchair_boarding":null}},{"type":"Feature","id":"F005:STP_000001_010","geometry":{"type":"Point","coordinates":[139.743097,35.745546]},"properties":{"id":"F005:STP_000001_010","feed_id":"F005","feed_slug":"kita-kbus","municipality":"北区","service_name":"Kバス","license":"CC BY 4.0","source_stop_id":"STP_000001_010","stop_code":null,"stop_name":"花と森の東京病院","stop_desc":null,"zone_id":"ZON_000001_010","location_type":0,"parent_station":null,"wheelchair_boarding":null}},{"type":"Feature","id":"F005:STP_000001_011","geometry":{"type":"Point","coordinates":[139.746459,35.743534]},"properties":{"id":"F005:STP_000001_011","feed_id":"F005","feed_slug":"kita-kbus","municipality":"北区","service_name":"Kバス","license":"CC BY 4.0","source_stop_id":"STP_000001_011","stop_code":null,"stop_name":"旧古河庭園","stop_desc":null,"zone_id":"ZON_000001_011","location_type":0,"parent_station":null,"wheelchair_boarding":null}},{"type":"Feature","id":"F005:STP_000001_012","geometry":{"type":"Point","coordinates":[139.747463,35.741968]},"properties":{"id":"F005:STP_000001_012","feed_id":"F005","feed_slug":"kita-kbus","municipality":"北区","service_name":"Kバス","license":"CC BY 4.0","source_stop_id":"STP_000001_012","stop_code":null,"stop_name":"滝野川小学校","stop_desc":null,"zone_id":"ZON_000001_012","location_type":0,"parent_station":null,"wheelchair_boarding":null}},{"type":"Feature","id":"F005:STP_000001_013","geometry":{"type":"Point","coordinates":[139.746575,35.739159]},"properties":{"id":"F005:STP_000001_013","feed_id":"F005","feed_slug":"kita-kbus","municipality":"北区","service_name":"Kバス","license":"CC BY 4.0","source_stop_id":"STP_000001_013","stop_code":null,"stop_name":"霜降橋","stop_desc":null,"zone_id":"ZON_000001_013","location_type":0,"parent_station":null,"wheelchair_boarding":null}},{"type":"Feature","id":"F005:STP_000001_014","geometry":{"type":"Point","coordinates":[139.747504,35.735969]},"properties":{"id":"F005:STP_000001_014","feed_id":"F005","feed_slug":"kita-kbus","municipality":"北区","service_name":"Kバス","license":"CC BY 4.0","source_stop_id":"STP_000001_014","stop_code":null,"stop_name":"ＪＲ駒込駅","stop_desc":null,"zone_id":"ZON_000001_014","location_type":0,"parent_station":null,"wheelchair_boarding":null}},{"type":"Feature","id":"F005:STP_000001_015","geometry":{"type":"Point","coordinates":[139.74653,35.739499]},"properties":{"id":"F005:STP_000001_015","feed_id":"F005","feed_slug":"kita-kbus","municipality":"北区","service_name":"Kバス","license":"CC BY 4.0","source_stop_id":"STP_000001_015","stop_code":null,"stop_name":"霜降橋","stop_desc":null,"zone_id":"ZON_000001_015","location_type":0,"parent_station":null,"wheelchair_boarding":null}},{"type":"Feature","id":"F005:STP_000001_016","geometry":{"type":"Point","coordinates":[139.747262,35.741365]},"properties":{"id":"F005:STP_000001_016","feed_id":"F005","feed_slug":"kita-kbus","municipality":"北区","service_name":"Kバス","license":"CC BY 4.0","source_stop_id":"STP_000001_016","stop_code":null,"stop_name":"滝野川小学校","stop_desc":null,"zone_id":"ZON_000001_016","location_type":0,"parent_station":null,"wheelchair_boarding":null}},{"type":"Feature","id":"F005:STP_000001_017","geometry":{"type":"Point","coordinates":[139.746542,35.743272]},"properties":{"id":"F005:STP_000001_017","feed_id":"F005","feed_slug":"kita-kbus","municipality":"北区","service_name":"Kバス","license":"CC BY 4.0","source_stop_id":"STP_000001_017","stop_code":null,"stop_name":"旧古河庭園","stop_desc":null,"zone_id":"ZON_000001_017","location_type":0,"parent_station":null,"wheelchair_boarding":null}},{"type":"Feature","id":"F005:STP_000001_018","geometry":{"type":"Point","coordinates":[139.742772,35.745326]},"properties":{"id":"F005:STP_000001_018","feed_id":"F005","feed_slug":"kita-kbus","municipality":"北区","service_name":"Kバス","license":"CC BY 4.0","source_stop_id":"STP_000001_018","stop_code":null,"stop_name":"花と森の東京病院","stop_desc":null,"zone_id":"ZON_000001_018","location_type":0,"parent_station":null,"wheelchair_boarding":null}},{"type":"Feature","id":"F005:STP_000001_019","geometry":{"type":"Point","coordinates":[139.740027,35.747925]},"properties":{"id":"F005:STP_000001_019","feed_id":"F005","feed_slug":"kita-kbus","municipality":"北区","service_name":"Kバス","license":"CC BY 4.0","source_stop_id":"STP_000001_019","stop_code":null,"stop_name":"一里塚","stop_desc":null,"zone_id":"ZON_000001_019","location_type":0,"parent_station":null,"wheelchair_boarding":null}},{"type":"Feature","id":"F005:STP_000001_020","geometry":{"type":"Point","coordinates":[139.737818,35.75009]},"properties":{"id":"F005:STP_000001_020","feed_id":"F005","feed_slug":"kita-kbus","municipality":"北区","service_name":"Kバス","license":"CC BY 4.0","source_stop_id":"STP_000001_020","stop_code":null,"stop_name":"飛鳥山公園","stop_desc":null,"zone_id":"ZON_000001_020","location_type":0,"parent_station":null,"wheelchair_boarding":null}},{"type":"Feature","id":"F005:STP_000002_002","geometry":{"type":"Point","coordinates":[139.751704,35.734991]},"properties":{"id":"F005:STP_000002_002","feed_id":"F005","feed_slug":"kita-kbus","municipality":"北区","service_name":"Kバス","license":"CC BY 4.0","source_stop_id":"STP_000002_002","stop_code":null,"stop_name":"駒込一丁目","stop_desc":null,"zone_id":"ZON_000002_002","location_type":0,"parent_station":null,"wheelchair_boarding":null}},{"type":"Feature","id":"F005:STP_000002_003","geometry":{"type":"Point","coordinates":[139.754135,35.735324]},"properties":{"id":"F005:STP_000002_003","feed_id":"F005","feed_slug":"kita-kbus","municipality":"北区","service_name":"Kバス","license":"CC BY 4.0","source_stop_id":"STP_000002_003","stop_code":null,"stop_name":"田端三丁目","stop_desc":null,"zone_id":"ZON_000002_003","location_type":0,"parent_station":null,"wheelchair_boarding":null}},{"type":"Feature","id":"F005:STP_000002_004","geometry":{"type":"Point","coordinates":[139.756881,35.734274]},"properties":{"id":"F005:STP_000002_004","feed_id":"F005","feed_slug":"kita-kbus","municipality":"北区","service_name":"Kバス","license":"CC BY 4.0","source_stop_id":"STP_000002_004","stop_code":null,"stop_name":"田端区民センター","stop_desc":null,"zone_id":"ZON_000002_004","location_type":0,"parent_station":null,"wheelchair_boarding":null}},{"type":"Feature","id":"F005:STP_000002_005","geometry":{"type":"Point","coordinates":[139.759306,35.735867]},"properties":{"id":"F005:STP_000002_005","feed_id":"F005","feed_slug":"kita-kbus","municipality":"北区","service_name":"Kバス","license":"CC BY 4.0","source_stop_id":"STP_000002_005","stop_code":null,"stop_name":"田端二丁目","stop_desc":null,"zone_id":"ZON_000002_005","location_type":0,"parent_station":null,"wheelchair_boarding":null}},{"type":"Feature","id":"F005:STP_000002_006","geometry":{"type":"Point","coordinates":[139.759635,35.738304]},"properties":{"id":"F005:STP_000002_006","feed_id":"F005","feed_slug":"kita-kbus","municipality":"北区","service_name":"Kバス","license":"CC BY 4.0","source_stop_id":"STP_000002_006","stop_code":null,"stop_name":"ＪＲ田端駅","stop_desc":null,"zone_id":"ZON_000002_006","location_type":0,"parent_station":null,"wheelchair_boarding":null}},{"type":"Feature","id":"F005:STP_000002_007","geometry":{"type":"Point","coordinates":[139.757828,35.738591]},"properties":{"id":"F005:STP_000002_007","feed_id":"F005","feed_slug":"kita-kbus","municipality":"北区","service_name":"Kバス","license":"CC BY 4.0","source_stop_id":"STP_000002_007","stop_code":null,"stop_name":"田端五丁目","stop_desc":null,"zone_id":"ZON_000002_007","location_type":0,"parent_station":null,"wheelchair_boarding":null}},{"type":"Feature","id":"F005:STP_000002_008","geometry":{"type":"Point","coordinates":[139.755587,35.740244]},"properties":{"id":"F005:STP_000002_008","feed_id":"F005","feed_slug":"kita-kbus","municipality":"北区","service_name":"Kバス","license":"CC BY 4.0","source_stop_id":"STP_000002_008","stop_code":null,"stop_name":"富士見橋エコー広場館","stop_desc":null,"zone_id":"ZON_000002_008","location_type":0,"parent_station":null,"wheelchair_boarding":null}},{"type":"Feature","id":"F005:STP_000002_009","geometry":{"type":"Point","coordinates":[139.75261,35.741348]},"properties":{"id":"F005:STP_000002_009","feed_id":"F005","feed_slug":"kita-kbus","municipality":"北区","service_name":"Kバス","license":"CC BY 4.0","source_stop_id":"STP_000002_009","stop_code":null,"stop_name":"中里保育園","stop_desc":null,"zone_id":"ZON_000002_009","location_type":0,"parent_station":null,"wheelchair_boarding":null}},{"type":"Feature","id":"F005:STP_000002_010","geometry":{"type":"Point","coordinates":[139.751478,35.741768]},"properties":{"id":"F005:STP_000002_010","feed_id":"F005","feed_slug":"kita-kbus","municipality":"北区","service_name":"Kバス","license":"CC BY 4.0","source_stop_id":"STP_000002_010","stop_code":null,"stop_name":"女子聖学院","stop_desc":null,"zone_id":"ZON_000002_010","location_type":0,"parent_station":null,"wheelchair_boarding":null}},{"type":"Feature","id":"F005:STP_000002_011","geometry":{"type":"Point","coordinates":[139.747561,35.742946]},"properties":{"id":"F005:STP_000002_011","feed_id":"F005","feed_slug":"kita-kbus","municipality":"北区","service_name":"Kバス","license":"CC BY 4.0","source_stop_id":"STP_000002_011","stop_code":null,"stop_name":"滝野川会館","stop_desc":null,"zone_id":"ZON_000002_011","location_type":0,"parent_station":null,"wheelchair_boarding":null}},{"type":"Feature","id":"F005:STP_000004_001","geometry":{"type":"Point","coordinates":[139.720072,35.778843]},"properties":{"id":"F005:STP_000004_001","feed_id":"F005","feed_slug":"kita-kbus","municipality":"北区","service_name":"Kバス","license":"CC BY 4.0","source_stop_id":"STP_000004_001","stop_code":null,"stop_name":"赤羽駅","stop_desc":null,"zone_id":"ZON_000004_001","location_type":0,"parent_station":null,"wheelchair_boarding":null}},{"type":"Feature","id":"F005:STP_000004_002","geometry":{"type":"Point","coordinates":[139.71868,35.780277]},"properties":{"id":"F005:STP_000004_002","feed_id":"F005","feed_slug":"kita-kbus","municipality":"北区","service_name":"Kバス","license":"CC BY 4.0","source_stop_id":"STP_000004_002","stop_code":null,"stop_name":"赤羽駅西口","stop_desc":null,"zone_id":"ZON_000004_002","location_type":0,"parent_station":null,"wheelchair_boarding":null}},{"type":"Feature","id":"F005:STP_000004_003","geometry":{"type":"Point","coordinates":[139.71724,35.782336]},"properties":{"id":"F005:STP_000004_003","feed_id":"F005","feed_slug":"kita-kbus","municipality":"北区","service_name":"Kバス","license":"CC BY 4.0","source_stop_id":"STP_000004_003","stop_code":null,"stop_name":"赤羽台坂下","stop_desc":null,"zone_id":"ZON_000004_003","location_type":0,"parent_station":null,"wheelchair_boarding":null}},{"type":"Feature","id":"F005:STP_000004_004","geometry":{"type":"Point","coordinates":[139.714121,35.783995]},"properties":{"id":"F005:STP_000004_004","feed_id":"F005","feed_slug":"kita-kbus","municipality":"北区","service_name":"Kバス","license":"CC BY 4.0","source_stop_id":"STP_000004_004","stop_code":null,"stop_name":"師団坂通り","stop_desc":null,"zone_id":"ZON_000004_004","location_type":0,"parent_station":null,"wheelchair_boarding":null}},{"type":"Feature","id":"F005:STP_000004_005","geometry":{"type":"Point","coordinates":[139.710957,35.784087]},"properties":{"id":"F005:STP_000004_005","feed_id":"F005","feed_slug":"kita-kbus","municipality":"北区","service_name":"Kバス","license":"CC BY 4.0","source_stop_id":"STP_000004_005","stop_code":null,"stop_name":"東京北医療センター","stop_desc":null,"zone_id":"ZON_000004_005","location_type":0,"parent_station":null,"wheelchair_boarding":null}},{"type":"Feature","id":"F005:STP_000004_006","geometry":{"type":"Point","coordinates":[139.70919,35.786534]},"properties":{"id":"F005:STP_000004_006","feed_id":"F005","feed_slug":"kita-kbus","municipality":"北区","service_name":"Kバス","license":"CC BY 4.0","source_stop_id":"STP_000004_006","stop_code":null,"stop_name":"北赤羽駅赤羽口","stop_desc":null,"zone_id":"ZON_000004_006","location_type":0,"parent_station":null,"wheelchair_boarding":null}},{"type":"Feature","id":"F005:STP_000004_007","geometry":{"type":"Point","coordinates":[139.704227,35.788158]},"properties":{"id":"F005:STP_000004_007","feed_id":"F005","feed_slug":"kita-kbus","municipality":"北区","service_name":"Kバス","license":"CC BY 4.0","source_stop_id":"STP_000004_007","stop_code":null,"stop_name":"北赤羽駅浮間口","stop_desc":null,"zone_id":"ZON_000004_007","location_type":0,"parent_station":null,"wheelchair_boarding":null}},{"type":"Feature","id":"F005:STP_000004_008","geometry":{"type":"Point","coordinates":[139.70237,35.787419]},"properties":{"id":"F005:STP_000004_008","feed_id":"F005","feed_slug":"kita-kbus","municipality":"北区","service_name":"Kバス","license":"CC BY 4.0","source_stop_id":"STP_000004_008","stop_code":null,"stop_name":"浮間三丁目アパート","stop_desc":null,"zone_id":"ZON_000004_008","location_type":0,"parent_station":null,"wheelchair_boarding":null}},{"type":"Feature","id":"F005:STP_000004_009","geometry":{"type":"Point","coordinates":[139.699827,35.785551]},"properties":{"id":"F005:STP_000004_009","feed_id":"F005","feed_slug":"kita-kbus","municipality":"北区","service_name":"Kバス","license":"CC BY 4.0","source_stop_id":"STP_000004_009","stop_code":null,"stop_name":"浮間小学校","stop_desc":null,"zone_id":"ZON_000004_009","location_type":0,"parent_station":null,"wheelchair_boarding":null}},{"type":"Feature","id":"F005:STP_000004_010","geometry":{"type":"Point","coordinates":[139.697761,35.784403]},"properties":{"id":"F005:STP_000004_010","feed_id":"F005","feed_slug":"kita-kbus","municipality":"北区","service_name":"Kバス","license":"CC BY 4.0","source_stop_id":"STP_000004_010","stop_code":null,"stop_name":"新河岸大橋北","stop_desc":null,"zone_id":"ZON_000004_010","location_type":0,"parent_station":null,"wheelchair_boarding":null}},{"type":"Feature","id":"F005:STP_000004_011","geometry":{"type":"Point","coordinates":[139.695522,35.784548]},"properties":{"id":"F005:STP_000004_011","feed_id":"F005","feed_slug":"kita-kbus","municipality":"北区","service_name":"Kバス","license":"CC BY 4.0","source_stop_id":"STP_000004_011","stop_code":null,"stop_name":"浮間つり堀公園","stop_desc":null,"zone_id":"ZON_000004_011","location_type":0,"parent_station":null,"wheelchair_boarding":null}},{"type":"Feature","id":"F005:STP_000004_012","geometry":{"type":"Point","coordinates":[139.6925,35.785961]},"properties":{"id":"F005:STP_000004_012","feed_id":"F005","feed_slug":"kita-kbus","municipality":"北区","service_name":"Kバス","license":"CC BY 4.0","source_stop_id":"STP_000004_012","stop_code":null,"stop_name":"新河岸橋東","stop_desc":null,"zone_id":"ZON_000004_012","location_type":0,"parent_station":null,"wheelchair_boarding":null}},{"type":"Feature","id":"F005:STP_000004_013","geometry":{"type":"Point","coordinates":[139.693276,35.786623]},"properties":{"id":"F005:STP_000004_013","feed_id":"F005","feed_slug":"kita-kbus","municipality":"北区","service_name":"Kバス","license":"CC BY 4.0","source_stop_id":"STP_000004_013","stop_code":null,"stop_name":"浮間水再生センター南","stop_desc":null,"zone_id":"ZON_000004_013","location_type":0,"parent_station":null,"wheelchair_boarding":null}},{"type":"Feature","id":"F005:STP_000004_014","geometry":{"type":"Point","coordinates":[139.695753,35.787254]},"properties":{"id":"F005:STP_000004_014","feed_id":"F005","feed_slug":"kita-kbus","municipality":"北区","service_name":"Kバス","license":"CC BY 4.0","source_stop_id":"STP_000004_014","stop_code":null,"stop_name":"浮間五丁目交差点","stop_desc":null,"zone_id":"ZON_000004_014","location_type":0,"parent_station":null,"wheelchair_boarding":null}},{"type":"Feature","id":"F005:STP_000004_015","geometry":{"type":"Point","coordinates":[139.697016,35.788711]},"properties":{"id":"F005:STP_000004_015","feed_id":"F005","feed_slug":"kita-kbus","municipality":"北区","service_name":"Kバス","license":"CC BY 4.0","source_stop_id":"STP_000004_015","stop_code":null,"stop_name":"浮間中央通り","stop_desc":null,"zone_id":"ZON_000004_015","location_type":0,"parent_station":null,"wheelchair_boarding":null}},{"type":"Feature","id":"F005:STP_000004_016","geometry":{"type":"Point","coordinates":[139.697717,35.791087]},"properties":{"id":"F005:STP_000004_016","feed_id":"F005","feed_slug":"kita-kbus","municipality":"北区","service_name":"Kバス","license":"CC BY 4.0","source_stop_id":"STP_000004_016","stop_code":null,"stop_name":"浮間四丁目交差点","stop_desc":null,"zone_id":"ZON_000004_016","location_type":0,"parent_station":null,"wheelchair_boarding":null}},{"type":"Feature","id":"F005:STP_000004_017","geometry":{"type":"Point","coordinates":[139.697214,35.793804]},"properties":{"id":"F005:STP_000004_017","feed_id":"F005","feed_slug":"kita-kbus","municipality":"北区","service_name":"Kバス","license":"CC BY 4.0","source_stop_id":"STP_000004_017","stop_code":null,"stop_name":"浮間二丁目","stop_desc":null,"zone_id":"ZON_000004_017","location_type":0,"parent_station":null,"wheelchair_boarding":null}},{"type":"Feature","id":"F005:STP_000004_018","geometry":{"type":"Point","coordinates":[139.695157,35.792917]},"properties":{"id":"F005:STP_000004_018","feed_id":"F005","feed_slug":"kita-kbus","municipality":"北区","service_name":"Kバス","license":"CC BY 4.0","source_stop_id":"STP_000004_018","stop_code":null,"stop_name":"浮間二丁目アパート","stop_desc":null,"zone_id":"ZON_000004_018","location_type":0,"parent_station":null,"wheelchair_boarding":null}},{"type":"Feature","id":"F005:STP_000004_019","geometry":{"type":"Point","coordinates":[139.692509,35.791661]},"properties":{"id":"F005:STP_000004_019","feed_id":"F005","feed_slug":"kita-kbus","municipality":"北区","service_name":"Kバス","license":"CC BY 4.0","source_stop_id":"STP_000004_019","stop_code":null,"stop_name":"浮間舟渡駅","stop_desc":null,"zone_id":"ZON_000004_019","location_type":0,"parent_station":null,"wheelchair_boarding":null}},{"type":"Feature","id":"F005:STP_000004_020","geometry":{"type":"Point","coordinates":[139.694604,35.790315]},"properties":{"id":"F005:STP_000004_020","feed_id":"F005","feed_slug":"kita-kbus","municipality":"北区","service_name":"Kバス","license":"CC BY 4.0","source_stop_id":"STP_000004_020","stop_code":null,"stop_name":"新河岸東公園","stop_desc":null,"zone_id":"ZON_000004_020","location_type":0,"parent_station":null,"wheelchair_boarding":null}},{"type":"Feature","id":"F005:STP_000004_021","geometry":{"type":"Point","coordinates":[139.694666,35.787506]},"properties":{"id":"F005:STP_000004_021","feed_id":"F005","feed_slug":"kita-kbus","municipality":"北区","service_name":"Kバス","license":"CC BY 4.0","source_stop_id":"STP_000004_021","stop_code":null,"stop_name":"浮間水再生センター","stop_desc":null,"zone_id":"ZON_000004_021","location_type":0,"parent_station":null,"wheelchair_boarding":null}},{"type":"Feature","id":"F005:STP_000004_022","geometry":{"type":"Point","coordinates":[139.694702,35.785004]},"properties":{"id":"F005:STP_000004_022","feed_id":"F005","feed_slug":"kita-kbus","municipality":"北区","service_name":"Kバス","license":"CC BY 4.0","source_stop_id":"STP_000004_022","stop_code":null,"stop_name":"浮間つり堀公園","stop_desc":null,"zone_id":"ZON_000004_022","location_type":0,"parent_station":null,"wheelchair_boarding":null}},{"type":"Feature","id":"F005:STP_000004_023","geometry":{"type":"Point","coordinates":[139.697163,35.784475]},"properties":{"id":"F005:STP_000004_023","feed_id":"F005","feed_slug":"kita-kbus","municipality":"北区","service_name":"Kバス","license":"CC BY 4.0","source_stop_id":"STP_000004_023","stop_code":null,"stop_name":"新河岸大橋北","stop_desc":null,"zone_id":"ZON_000004_023","location_type":0,"parent_station":null,"wheelchair_boarding":null}},{"type":"Feature","id":"F005:STP_000004_024","geometry":{"type":"Point","coordinates":[139.700207,35.785918]},"properties":{"id":"F005:STP_000004_024","feed_id":"F005","feed_slug":"kita-kbus","municipality":"北区","service_name":"Kバス","license":"CC BY 4.0","source_stop_id":"STP_000004_024","stop_code":null,"stop_name":"浮間小学校","stop_desc":null,"zone_id":"ZON_000004_024","location_type":0,"parent_station":null,"wheelchair_boarding":null}},{"type":"Feature","id":"F005:STP_000004_025","geometry":{"type":"Point","coordinates":[139.70255,35.787658]},"properties":{"id":"F005:STP_000004_025","feed_id":"F005","feed_slug":"kita-kbus","municipality":"北区","service_name":"Kバス","license":"CC BY 4.0","source_stop_id":"STP_000004_025","stop_code":null,"stop_name":"浮間三丁目アパート","stop_desc":null,"zone_id":"ZON_000004_025","location_type":0,"parent_station":null,"wheelchair_boarding":null}},{"type":"Feature","id":"F005:STP_000004_026","geometry":{"type":"Point","coordinates":[139.704458,35.788112]},"properties":{"id":"F005:STP_000004_026","feed_id":"F005","feed_slug":"kita-kbus","municipality":"北区","service_name":"Kバス","license":"CC BY 4.0","source_stop_id":"STP_000004_026","stop_code":null,"stop_name":"北赤羽駅浮間口","stop_desc":null,"zone_id":"ZON_000004_026","location_type":0,"parent_station":null,"wheelchair_boarding":null}},{"type":"Feature","id":"F005:STP_000004_027","geometry":{"type":"Point","coordinates":[139.708712,35.786719]},"properties":{"id":"F005:STP_000004_027","feed_id":"F005","feed_slug":"kita-kbus","municipality":"北区","service_name":"Kバス","license":"CC BY 4.0","source_stop_id":"STP_000004_027","stop_code":null,"stop_name":"北赤羽駅赤羽口","stop_desc":null,"zone_id":"ZON_000004_027","location_type":0,"parent_station":null,"wheelchair_boarding":null}},{"type":"Feature","id":"F005:STP_000004_028","geometry":{"type":"Point","coordinates":[139.711107,35.7841]},"properties":{"id":"F005:STP_000004_028","feed_id":"F005","feed_slug":"kita-kbus","municipality":"北区","service_name":"Kバス","license":"CC BY 4.0","source_stop_id":"STP_000004_028","stop_code":null,"stop_name":"東京北医療センター","stop_desc":null,"zone_id":"ZON_000004_028","location_type":0,"parent_station":null,"wheelchair_boarding":null}},{"type":"Feature","id":"F005:STP_000004_029","geometry":{"type":"Point","coordinates":[139.713181,35.784003]},"properties":{"id":"F005:STP_000004_029","feed_id":"F005","feed_slug":"kita-kbus","municipality":"北区","service_name":"Kバス","license":"CC BY 4.0","source_stop_id":"STP_000004_029","stop_code":null,"stop_name":"赤羽台高台","stop_desc":null,"zone_id":"ZON_000004_029","location_type":0,"parent_station":null,"wheelchair_boarding":null}},{"type":"Feature","id":"F005:STP_000004_030","geometry":{"type":"Point","coordinates":[139.715251,35.783958]},"properties":{"id":"F005:STP_000004_030","feed_id":"F005","feed_slug":"kita-kbus","municipality":"北区","service_name":"Kバス","license":"CC BY 4.0","source_stop_id":"STP_000004_030","stop_code":null,"stop_name":"師団坂通り","stop_desc":null,"zone_id":"ZON_000004_030","location_type":0,"parent_station":null,"wheelchair_boarding":null}},{"type":"Feature","id":"F005:STP_000004_031","geometry":{"type":"Point","coordinates":[139.717184,35.782435]},"properties":{"id":"F005:STP_000004_031","feed_id":"F005","feed_slug":"kita-kbus","municipality":"北区","service_name":"Kバス","license":"CC BY 4.0","source_stop_id":"STP_000004_031","stop_code":null,"stop_name":"赤羽台坂下","stop_desc":null,"zone_id":"ZON_000004_031","location_type":0,"parent_station":null,"wheelchair_boarding":null}},{"type":"Feature","id":"F021:STP_000001_001","geometry":{"type":"Point","coordinates":[139.753241,35.694049]},"properties":{"id":"F021:STP_000001_001","feed_id":"F021","feed_slug":"chiyoda-kazaguruma","municipality":"千代田区","service_name":"風ぐるま","license":"CC BY 4.0","source_stop_id":"STP_000001_001","stop_code":null,"stop_name":"千代田区役所","stop_desc":null,"zone_id":"000001_001","location_type":0,"parent_station":null,"wheelchair_boarding":null}},{"type":"Feature","id":"F021:STP_000001_002","geometry":{"type":"Point","coordinates":[139.752067,35.694076]},"properties":{"id":"F021:STP_000001_002","feed_id":"F021","feed_slug":"chiyoda-kazaguruma","municipality":"千代田区","service_name":"風ぐるま","license":"CC BY 4.0","source_stop_id":"STP_000001_002","stop_code":null,"stop_name":"かがやきプラザ（九段坂病院）","stop_desc":null,"zone_id":"000001_002","location_type":0,"parent_station":null,"wheelchair_boarding":null}},{"type":"Feature","id":"F021:STP_000001_003","geometry":{"type":"Point","coordinates":[139.745747,35.694005]},"properties":{"id":"F021:STP_000001_003","feed_id":"F021","feed_slug":"chiyoda-kazaguruma","municipality":"千代田区","service_name":"風ぐるま","license":"CC BY 4.0","source_stop_id":"STP_000001_003","stop_code":null,"stop_name":"九段上","stop_desc":null,"zone_id":"000001_003","location_type":0,"parent_station":null,"wheelchair_boarding":null}},{"type":"Feature","id":"F021:STP_000001_004","geometry":{"type":"Point","coordinates":[139.743839,35.692685]},"properties":{"id":"F021:STP_000001_004","feed_id":"F021","feed_slug":"chiyoda-kazaguruma","municipality":"千代田区","service_name":"風ぐるま","license":"CC BY 4.0","source_stop_id":"STP_000001_004","stop_code":null,"stop_name":"九段さくら館","stop_desc":null,"zone_id":"000001_004","location_type":0,"parent_station":null,"wheelchair_boarding":null}},{"type":"Feature","id":"F021:STP_000001_005","geometry":{"type":"Point","coordinates":[139.742435,35.688581]},"properties":{"id":"F021:STP_000001_005","feed_id":"F021","feed_slug":"chiyoda-kazaguruma","municipality":"千代田区","service_name":"風ぐるま","license":"CC BY 4.0","source_stop_id":"STP_000001_005","stop_code":null,"stop_name":"五味坂交番","stop_desc":null,"zone_id":"000001_005","location_type":0,"parent_station":null,"wheelchair_boarding":null}},{"type":"Feature","id":"F021:STP_000001_006","geometry":{"type":"Point","coordinates":[139.742092,35.687652]},"properties":{"id":"F021:STP_000001_006","feed_id":"F021","feed_slug":"chiyoda-kazaguruma","municipality":"千代田区","service_name":"風ぐるま","license":"CC BY 4.0","source_stop_id":"STP_000001_006","stop_code":null,"stop_name":"一番町交差点","stop_desc":null,"zone_id":"000001_006","location_type":0,"parent_station":null,"wheelchair_boarding":null}},{"type":"Feature","id":"F021:STP_000001_007","geometry":{"type":"Point","coordinates":[139.741782,35.686142]},"properties":{"id":"F021:STP_000001_007","feed_id":"F021","feed_slug":"chiyoda-kazaguruma","municipality":"千代田区","service_name":"風ぐるま","license":"CC BY 4.0","source_stop_id":"STP_000001_007","stop_code":null,"stop_name":"ジロール麹町入口（半蔵門駅）","stop_desc":null,"zone_id":"000001_007","location_type":0,"parent_station":null,"wheelchair_boarding":null}},{"type":"Feature","id":"F021:STP_000001_008","geometry":{"type":"Point","coordinates":[139.739865,35.68577]},"properties":{"id":"F021:STP_000001_008","feed_id":"F021","feed_slug":"chiyoda-kazaguruma","municipality":"千代田区","service_name":"風ぐるま","license":"CC BY 4.0","source_stop_id":"STP_000001_008","stop_code":null,"stop_name":"麹町出張所","stop_desc":null,"zone_id":"000001_008","location_type":0,"parent_station":null,"wheelchair_boarding":null}},{"type":"Feature","id":"F021:STP_000001_009","geometry":{"type":"Point","coordinates":[139.741906,35.681963]},"properties":{"id":"F021:STP_000001_009","feed_id":"F021","feed_slug":"chiyoda-kazaguruma","municipality":"千代田区","service_name":"風ぐるま","license":"CC BY 4.0","source_stop_id":"STP_000001_009","stop_code":null,"stop_name":"平河天満宮前","stop_desc":null,"zone_id":"000001_009","location_type":0,"parent_station":null,"wheelchair_boarding":null}},{"type":"Feature","id":"F021:STP_000001_010","geometry":{"type":"Point","coordinates":[139.740513,35.684066]},"properties":{"id":"F021:STP_000001_010","feed_id":"F021","feed_slug":"chiyoda-kazaguruma","municipality":"千代田区","service_name":"風ぐるま","license":"CC BY 4.0","source_stop_id":"STP_000001_010","stop_code":null,"stop_name":"麹町二丁目","stop_desc":null,"zone_id":"000001_010","location_type":0,"parent_station":null,"wheelchair_boarding":null}},{"type":"Feature","id":"F021:STP_000001_011","geometry":{"type":"Point","coordinates":[139.73881,35.683878]},"properties":{"id":"F021:STP_000001_011","feed_id":"F021","feed_slug":"chiyoda-kazaguruma","municipality":"千代田区","service_name":"風ぐるま","license":"CC BY 4.0","source_stop_id":"STP_000001_011","stop_code":null,"stop_name":"麹町四丁目","stop_desc":null,"zone_id":"000001_011","location_type":0,"parent_station":null,"wheelchair_boarding":null}},{"type":"Feature","id":"F021:STP_000001_012","geometry":{"type":"Point","coordinates":[139.733553,35.684509]},"properties":{"id":"F021:STP_000001_012","feed_id":"F021","feed_slug":"chiyoda-kazaguruma","municipality":"千代田区","service_name":"風ぐるま","license":"CC BY 4.0","source_stop_id":"STP_000001_012","stop_code":null,"stop_name":"麹町五丁目","stop_desc":null,"zone_id":"000001_012","location_type":0,"parent_station":null,"wheelchair_boarding":null}},{"type":"Feature","id":"F021:STP_000001_013","geometry":{"type":"Point","coordinates":[139.731687,35.685585]},"properties":{"id":"F021:STP_000001_013","feed_id":"F021","feed_slug":"chiyoda-kazaguruma","municipality":"千代田区","service_name":"風ぐるま","license":"CC BY 4.0","source_stop_id":"STP_000001_013","stop_code":null,"stop_name":"四谷駅","stop_desc":null,"zone_id":"000001_013","location_type":0,"parent_station":null,"wheelchair_boarding":null}},{"type":"Feature","id":"F021:STP_000001_014","geometry":{"type":"Point","coordinates":[139.734119,35.6845]},"properties":{"id":"F021:STP_000001_014","feed_id":"F021","feed_slug":"chiyoda-kazaguruma","municipality":"千代田区","service_name":"風ぐるま","license":"CC BY 4.0","source_stop_id":"STP_000001_014","stop_code":null,"stop_name":"麹町五丁目","stop_desc":null,"zone_id":"000001_014","location_type":0,"parent_station":null,"wheelchair_boarding":null}},{"type":"Feature","id":"F021:STP_000001_015","geometry":{"type":"Point","coordinates":[139.736897,35.683993]},"properties":{"id":"F021:STP_000001_015","feed_id":"F021","feed_slug":"chiyoda-kazaguruma","municipality":"千代田区","service_name":"風ぐるま","license":"CC BY 4.0","source_stop_id":"STP_000001_015","stop_code":null,"stop_name":"麹町四丁目","stop_desc":null,"zone_id":"000001_015","location_type":0,"parent_station":null,"wheelchair_boarding":null}},{"type":"Feature","id":"F021:STP_000001_016","geometry":{"type":"Point","coordinates":[139.739422,35.687201]},"properties":{"id":"F021:STP_000001_016","feed_id":"F021","feed_slug":"chiyoda-kazaguruma","municipality":"千代田区","service_name":"風ぐるま","license":"CC BY 4.0","source_stop_id":"STP_000001_016","stop_code":null,"stop_name":"いきいきプラザ一番町","stop_desc":null,"zone_id":"000001_016","location_type":0,"parent_station":null,"wheelchair_boarding":null}},{"type":"Feature","id":"F021:STP_000001_017","geometry":{"type":"Point","coordinates":[139.742334,35.68862]},"properties":{"id":"F021:STP_000001_017","feed_id":"F021","feed_slug":"chiyoda-kazaguruma","municipality":"千代田区","service_name":"風ぐるま","license":"CC BY 4.0","source_stop_id":"STP_000001_017","stop_code":null,"stop_name":"五味坂","stop_desc":null,"zone_id":"000001_017","location_type":0,"parent_station":null,"wheelchair_boarding":null}},{"type":"Feature","id":"F021:STP_000001_018","geometry":{"type":"Point","coordinates":[139.742042,35.691608]},"properties":{"id":"F021:STP_000001_018","feed_id":"F021","feed_slug":"chiyoda-kazaguruma","municipality":"千代田区","service_name":"風ぐるま","license":"CC BY 4.0","source_stop_id":"STP_000001_018","stop_code":null,"stop_name":"東京家政学院前","stop_desc":null,"zone_id":"000001_018","location_type":0,"parent_station":null,"wheelchair_boarding":null}},{"type":"Feature","id":"F021:STP_000001_019","geometry":{"type":"Point","coordinates":[139.736828,35.689858]},"properties":{"id":"F021:STP_000001_019","feed_id":"F021","feed_slug":"chiyoda-kazaguruma","municipality":"千代田区","service_name":"風ぐるま","license":"CC BY 4.0","source_stop_id":"STP_000001_019","stop_code":null,"stop_name":"都営四番町アパート","stop_desc":null,"zone_id":"000001_019","location_type":0,"parent_station":null,"wheelchair_boarding":null}},{"type":"Feature","id":"F021:STP_000001_020","geometry":{"type":"Point","coordinates":[139.736734,35.69135]},"properties":{"id":"F021:STP_000001_020","feed_id":"F021","feed_slug":"chiyoda-kazaguruma","municipality":"千代田区","service_name":"風ぐるま","license":"CC BY 4.0","source_stop_id":"STP_000001_020","stop_code":null,"stop_name":"市ヶ谷駅","stop_desc":null,"zone_id":"000001_020","location_type":0,"parent_station":null,"wheelchair_boarding":null}},{"type":"Feature","id":"F021:STP_000001_021","geometry":{"type":"Point","coordinates":[139.740551,35.692491]},"properties":{"id":"F021:STP_000001_021","feed_id":"F021","feed_slug":"chiyoda-kazaguruma","municipality":"千代田区","service_name":"風ぐるま","license":"CC BY 4.0","source_stop_id":"STP_000001_021","stop_code":null,"stop_name":"一口坂","stop_desc":null,"zone_id":"000001_021","location_type":0,"parent_station":null,"wheelchair_boarding":null}},{"type":"Feature","id":"F021:STP_000001_022","geometry":{"type":"Point","coordinates":[139.742123,35.697071]},"properties":{"id":"F021:STP_000001_022","feed_id":"F021","feed_slug":"chiyoda-kazaguruma","municipality":"千代田区","service_name":"風ぐるま","license":"CC BY 4.0","source_stop_id":"STP_000001_022","stop_code":null,"stop_name":"東京逓信病院","stop_desc":null,"zone_id":"000001_022","location_type":0,"parent_station":null,"wheelchair_boarding":null}},{"type":"Feature","id":"F021:STP_000001_023","geometry":{"type":"Point","coordinates":[139.746213,35.701897]},"properties":{"id":"F021:STP_000001_023","feed_id":"F021","feed_slug":"chiyoda-kazaguruma","municipality":"千代田区","service_name":"風ぐるま","license":"CC BY 4.0","source_stop_id":"STP_000001_023","stop_code":null,"stop_name":"地下鉄飯田橋駅東口","stop_desc":null,"zone_id":"000001_023","location_type":0,"parent_station":null,"wheelchair_boarding":null}},{"type":"Feature","id":"F021:STP_000001_024","geometry":{"type":"Point","coordinates":[139.748637,35.701703]},"properties":{"id":"F021:STP_000001_024","feed_id":"F021","feed_slug":"chiyoda-kazaguruma","municipality":"千代田区","service_name":"風ぐるま","license":"CC BY 4.0","source_stop_id":"STP_000001_024","stop_code":null,"stop_name":"飯田橋清掃車庫","stop_desc":null,"zone_id":"000001_024","location_type":0,"parent_station":null,"wheelchair_boarding":null}},{"type":"Feature","id":"F021:STP_000001_025","geometry":{"type":"Point","coordinates":[139.750623,35.699886]},"properties":{"id":"F021:STP_000001_025","feed_id":"F021","feed_slug":"chiyoda-kazaguruma","municipality":"千代田区","service_name":"風ぐるま","license":"CC BY 4.0","source_stop_id":"STP_000001_025","stop_code":null,"stop_name":"東京しごとセンター","stop_desc":null,"zone_id":"000001_025","location_type":0,"parent_station":null,"wheelchair_boarding":null}},{"type":"Feature","id":"F021:STP_000001_026","geometry":{"type":"Point","coordinates":[139.75067,35.697586]},"properties":{"id":"F021:STP_000001_026","feed_id":"F021","feed_slug":"chiyoda-kazaguruma","municipality":"千代田区","service_name":"風ぐるま","license":"CC BY 4.0","source_stop_id":"STP_000001_026","stop_code":null,"stop_name":"九段北一丁目","stop_desc":null,"zone_id":"000001_026","location_type":0,"parent_station":null,"wheelchair_boarding":null}},{"type":"Feature","id":"F021:STP_000002_003","geometry":{"type":"Point","coordinates":[139.752283,35.696042]},"properties":{"id":"F021:STP_000002_003","feed_id":"F021","feed_slug":"chiyoda-kazaguruma","municipality":"千代田区","service_name":"風ぐるま","license":"CC BY 4.0","source_stop_id":"STP_000002_003","stop_code":null,"stop_name":"千代田保健所(九段下駅）","stop_desc":null,"zone_id":"000002_003","location_type":0,"parent_station":null,"wheelchair_boarding":null}},{"type":"Feature","id":"F021:STP_000002_004","geometry":{"type":"Point","coordinates":[139.753183,35.69786]},"properties":{"id":"F021:STP_000002_004","feed_id":"F021","feed_slug":"chiyoda-kazaguruma","municipality":"千代田区","service_name":"風ぐるま","license":"CC BY 4.0","source_stop_id":"STP_000002_004","stop_code":null,"stop_name":"西神田三丁目","stop_desc":null,"zone_id":"000002_004","location_type":0,"parent_station":null,"wheelchair_boarding":null}},{"type":"Feature","id":"F021:STP_000002_005","geometry":{"type":"Point","coordinates":[139.754978,35.696794]},"properties":{"id":"F021:STP_000002_005","feed_id":"F021","feed_slug":"chiyoda-kazaguruma","municipality":"千代田区","service_name":"風ぐるま","license":"CC BY 4.0","source_stop_id":"STP_000002_005","stop_code":null,"stop_name":"専修大学法科大学院前","stop_desc":null,"zone_id":"000002_005","location_type":0,"parent_station":null,"wheelchair_boarding":null}},{"type":"Feature","id":"F021:STP_000002_006","geometry":{"type":"Point","coordinates":[139.75591,35.69464]},"properties":{"id":"F021:STP_000002_006","feed_id":"F021","feed_slug":"chiyoda-kazaguruma","municipality":"千代田区","service_name":"風ぐるま","license":"CC BY 4.0","source_stop_id":"STP_000002_006","stop_code":null,"stop_name":"専大前交差点","stop_desc":null,"zone_id":"000002_006","location_type":0,"parent_station":null,"wheelchair_boarding":null}},{"type":"Feature","id":"F021:STP_000002_007","geometry":{"type":"Point","coordinates":[139.762107,35.692857]},"properties":{"id":"F021:STP_000002_007","feed_id":"F021","feed_slug":"chiyoda-kazaguruma","municipality":"千代田区","service_name":"風ぐるま","license":"CC BY 4.0","source_stop_id":"STP_000002_007","stop_code":null,"stop_name":"神田錦町三丁目","stop_desc":null,"zone_id":"000002_007","location_type":0,"parent_station":null,"wheelchair_boarding":null}},{"type":"Feature","id":"F021:STP_000002_009","geometry":{"type":"Point","coordinates":[139.768259,35.692423]},"properties":{"id":"F021:STP_000002_009","feed_id":"F021","feed_slug":"chiyoda-kazaguruma","municipality":"千代田区","service_name":"風ぐるま","license":"CC BY 4.0","source_stop_id":"STP_000002_009","stop_code":null,"stop_name":"神田公園出張所","stop_desc":null,"zone_id":"000002_009","location_type":0,"parent_station":null,"wheelchair_boarding":null}},{"type":"Feature","id":"F021:STP_000002_010","geometry":{"type":"Point","coordinates":[139.772935,35.693686]},"properties":{"id":"F021:STP_000002_010","feed_id":"F021","feed_slug":"chiyoda-kazaguruma","municipality":"千代田区","service_name":"風ぐるま","license":"CC BY 4.0","source_stop_id":"STP_000002_010","stop_code":null,"stop_name":"東日本銀行神田支店","stop_desc":null,"zone_id":"000002_010","location_type":0,"parent_station":null,"wheelchair_boarding":null}},{"type":"Feature","id":"F021:STP_000002_011","geometry":{"type":"Point","coordinates":[139.777766,35.694181]},"properties":{"id":"F021:STP_000002_011","feed_id":"F021","feed_slug":"chiyoda-kazaguruma","municipality":"千代田区","service_name":"風ぐるま","license":"CC BY 4.0","source_stop_id":"STP_000002_011","stop_code":null,"stop_name":"岩本町ほほえみプラザ","stop_desc":null,"zone_id":"000002_011","location_type":0,"parent_station":null,"wheelchair_boarding":null}},{"type":"Feature","id":"F021:STP_000002_012","geometry":{"type":"Point","coordinates":[139.779926,35.696157]},"properties":{"id":"F021:STP_000002_012","feed_id":"F021","feed_slug":"chiyoda-kazaguruma","municipality":"千代田区","service_name":"風ぐるま","license":"CC BY 4.0","source_stop_id":"STP_000002_012","stop_code":null,"stop_name":"美倉橋南","stop_desc":null,"zone_id":"000002_012","location_type":0,"parent_station":null,"wheelchair_boarding":null}},{"type":"Feature","id":"F021:STP_000002_013","geometry":{"type":"Point","coordinates":[139.779078,35.698653]},"properties":{"id":"F021:STP_000002_013","feed_id":"F021","feed_slug":"chiyoda-kazaguruma","municipality":"千代田区","service_name":"風ぐるま","license":"CC BY 4.0","source_stop_id":"STP_000002_013","stop_code":null,"stop_name":"和泉公園入口前","stop_desc":null,"zone_id":"000002_013","location_type":0,"parent_station":null,"wheelchair_boarding":null}},{"type":"Feature","id":"F021:STP_000002_014","geometry":{"type":"Point","coordinates":[139.774907,35.697427]},"properties":{"id":"F021:STP_000002_014","feed_id":"F021","feed_slug":"chiyoda-kazaguruma","municipality":"千代田区","service_name":"風ぐるま","license":"CC BY 4.0","source_stop_id":"STP_000002_014","stop_code":null,"stop_name":"和泉橋出張所","stop_desc":null,"zone_id":"000002_014","location_type":0,"parent_station":null,"wheelchair_boarding":null}},{"type":"Feature","id":"F021:STP_000002_015","geometry":{"type":"Point","coordinates":[139.773905,35.698638]},"properties":{"id":"F021:STP_000002_015","feed_id":"F021","feed_slug":"chiyoda-kazaguruma","municipality":"千代田区","service_name":"風ぐるま","license":"CC BY 4.0","source_stop_id":"STP_000002_015","stop_code":null,"stop_name":"秋葉原駅中央口","stop_desc":null,"zone_id":"000002_015","location_type":0,"parent_station":null,"wheelchair_boarding":null}},{"type":"Feature","id":"F021:STP_000002_016","geometry":{"type":"Point","coordinates":[139.774359,35.70111]},"properties":{"id":"F021:STP_000002_016","feed_id":"F021","feed_slug":"chiyoda-kazaguruma","municipality":"千代田区","service_name":"風ぐるま","license":"CC BY 4.0","source_stop_id":"STP_000002_016","stop_code":null,"stop_name":"神田練塀町","stop_desc":null,"zone_id":"000002_016","location_type":0,"parent_station":null,"wheelchair_boarding":null}},{"type":"Feature","id":"F021:STP_000002_017","geometry":{"type":"Point","coordinates":[139.771727,35.704001]},"properties":{"id":"F021:STP_000002_017","feed_id":"F021","feed_slug":"chiyoda-kazaguruma","municipality":"千代田区","service_name":"風ぐるま","license":"CC BY 4.0","source_stop_id":"STP_000002_017","stop_code":null,"stop_name":"アーツ千代田3331","stop_desc":null,"zone_id":"000002_017","location_type":0,"parent_station":null,"wheelchair_boarding":null}},{"type":"Feature","id":"F021:STP_000002_018","geometry":{"type":"Point","coordinates":[139.769904,35.704414]},"properties":{"id":"F021:STP_000002_018","feed_id":"F021","feed_slug":"chiyoda-kazaguruma","municipality":"千代田区","service_name":"風ぐるま","license":"CC BY 4.0","source_stop_id":"STP_000002_018","stop_code":null,"stop_name":"外神田六丁目","stop_desc":null,"zone_id":"000002_018","location_type":0,"parent_station":null,"wheelchair_boarding":null}},{"type":"Feature","id":"F021:STP_000002_019","geometry":{"type":"Point","coordinates":[139.769388,35.701587]},"properties":{"id":"F021:STP_000002_019","feed_id":"F021","feed_slug":"chiyoda-kazaguruma","municipality":"千代田区","service_name":"風ぐるま","license":"CC BY 4.0","source_stop_id":"STP_000002_019","stop_code":null,"stop_name":"昌平童夢館入口","stop_desc":null,"zone_id":"000002_019","location_type":0,"parent_station":null,"wheelchair_boarding":null}},{"type":"Feature","id":"F021:STP_000002_020","geometry":{"type":"Point","coordinates":[139.767623,35.69929]},"properties":{"id":"F021:STP_000002_020","feed_id":"F021","feed_slug":"chiyoda-kazaguruma","municipality":"千代田区","service_name":"風ぐるま","license":"CC BY 4.0","source_stop_id":"STP_000002_020","stop_code":null,"stop_name":"外神田二丁目","stop_desc":null,"zone_id":"000002_020","location_type":0,"parent_station":null,"wheelchair_boarding":null}},{"type":"Feature","id":"F021:STP_000002_021","geometry":{"type":"Point","coordinates":[139.764325,35.700364]},"properties":{"id":"F021:STP_000002_021","feed_id":"F021","feed_slug":"chiyoda-kazaguruma","municipality":"千代田区","service_name":"風ぐるま","license":"CC BY 4.0","source_stop_id":"STP_000002_021","stop_code":null,"stop_name":"御茶ノ水駅","stop_desc":null,"zone_id":"000002_021","location_type":0,"parent_station":null,"wheelchair_boarding":null}},{"type":"Feature","id":"F021:STP_000002_022","geometry":{"type":"Point","coordinates":[139.760652,35.700682]},"properties":{"id":"F021:STP_000002_022","feed_id":"F021","feed_slug":"chiyoda-kazaguruma","municipality":"千代田区","service_name":"風ぐるま","license":"CC BY 4.0","source_stop_id":"STP_000002_022","stop_code":null,"stop_name":"神田駿河台二丁目","stop_desc":null,"zone_id":"000002_022","location_type":0,"parent_station":null,"wheelchair_boarding":null}},{"type":"Feature","id":"F021:STP_000002_023","geometry":{"type":"Point","coordinates":[139.760955,35.70053]},"properties":{"id":"F021:STP_000002_023","feed_id":"F021","feed_slug":"chiyoda-kazaguruma","municipality":"千代田区","service_name":"風ぐるま","license":"CC BY 4.0","source_stop_id":"STP_000002_023","stop_code":null,"stop_name":"障害者福祉センター「えみふる」","stop_desc":null,"zone_id":"000002_023","location_type":0,"parent_station":null,"wheelchair_boarding":null}},{"type":"Feature","id":"F021:STP_000002_024","geometry":{"type":"Point","coordinates":[139.762089,35.697275]},"properties":{"id":"F021:STP_000002_024","feed_id":"F021","feed_slug":"chiyoda-kazaguruma","municipality":"千代田区","service_name":"風ぐるま","license":"CC BY 4.0","source_stop_id":"STP_000002_024","stop_code":null,"stop_name":"日大病院","stop_desc":null,"zone_id":"000002_024","location_type":0,"parent_station":null,"wheelchair_boarding":null}},{"type":"Feature","id":"F021:STP_000002_025","geometry":{"type":"Point","coordinates":[139.752405,35.695417]},"properties":{"id":"F021:STP_000002_025","feed_id":"F021","feed_slug":"chiyoda-kazaguruma","municipality":"千代田区","service_name":"風ぐるま","license":"CC BY 4.0","source_stop_id":"STP_000002_025","stop_code":null,"stop_name":"九段下","stop_desc":null,"zone_id":"000002_025","location_type":0,"parent_station":null,"wheelchair_boarding":null}},{"type":"Feature","id":"F021:STP_000003_005","geometry":{"type":"Point","coordinates":[139.754934,35.698652]},"properties":{"id":"F021:STP_000003_005","feed_id":"F021","feed_slug":"chiyoda-kazaguruma","municipality":"千代田区","service_name":"風ぐるま","license":"CC BY 4.0","source_stop_id":"STP_000003_005","stop_code":null,"stop_name":"西神田コスモス館","stop_desc":null,"zone_id":"000003_005","location_type":0,"parent_station":null,"wheelchair_boarding":null}},{"type":"Feature","id":"F021:STP_000003_006","geometry":{"type":"Point","coordinates":[139.757749,35.697049]},"properties":{"id":"F021:STP_000003_006","feed_id":"F021","feed_slug":"chiyoda-kazaguruma","municipality":"千代田区","service_name":"風ぐるま","license":"CC BY 4.0","source_stop_id":"STP_000003_006","stop_code":null,"stop_name":"神保町交差点北","stop_desc":null,"zone_id":"000003_006","location_type":0,"parent_station":null,"wheelchair_boarding":null}},{"type":"Feature","id":"F021:STP_000003_007","geometry":{"type":"Point","coordinates":[139.76146,35.696329]},"properties":{"id":"F021:STP_000003_007","feed_id":"F021","feed_slug":"chiyoda-kazaguruma","municipality":"千代田区","service_name":"風ぐるま","license":"CC BY 4.0","source_stop_id":"STP_000003_007","stop_code":null,"stop_name":"駿河台下","stop_desc":null,"zone_id":"000003_007","location_type":0,"parent_station":null,"wheelchair_boarding":null}},{"type":"Feature","id":"F021:STP_000003_011","geometry":{"type":"Point","coordinates":[139.765901,35.694948]},"properties":{"id":"F021:STP_000003_011","feed_id":"F021","feed_slug":"chiyoda-kazaguruma","municipality":"千代田区","service_name":"風ぐるま","license":"CC BY 4.0","source_stop_id":"STP_000003_011","stop_code":null,"stop_name":"小川町交差点","stop_desc":null,"zone_id":"000003_011","location_type":0,"parent_station":null,"wheelchair_boarding":null}},{"type":"Feature","id":"F021:STP_000003_012","geometry":{"type":"Point","coordinates":[139.768502,35.696587]},"properties":{"id":"F021:STP_000003_012","feed_id":"F021","feed_slug":"chiyoda-kazaguruma","municipality":"千代田区","service_name":"風ぐるま","license":"CC BY 4.0","source_stop_id":"STP_000003_012","stop_code":null,"stop_name":"かんだ連雀","stop_desc":null,"zone_id":"000003_012","location_type":0,"parent_station":null,"wheelchair_boarding":null}},{"type":"Feature","id":"F021:STP_000003_013","geometry":{"type":"Point","coordinates":[139.770262,35.697976]},"properties":{"id":"F021:STP_000003_013","feed_id":"F021","feed_slug":"chiyoda-kazaguruma","municipality":"千代田区","service_name":"風ぐるま","license":"CC BY 4.0","source_stop_id":"STP_000003_013","stop_code":null,"stop_name":"万世橋出張所","stop_desc":null,"zone_id":"000003_013","location_type":0,"parent_station":null,"wheelchair_boarding":null}},{"type":"Feature","id":"F021:STP_000003_014","geometry":{"type":"Point","coordinates":[139.768282,35.697392]},"properties":{"id":"F021:STP_000003_014","feed_id":"F021","feed_slug":"chiyoda-kazaguruma","municipality":"千代田区","service_name":"風ぐるま","license":"CC BY 4.0","source_stop_id":"STP_000003_014","stop_code":null,"stop_name":"ワテラス前","stop_desc":null,"zone_id":"000003_014","location_type":0,"parent_station":null,"wheelchair_boarding":null}},{"type":"Feature","id":"F021:STP_000003_018","geometry":{"type":"Point","coordinates":[139.77751,35.692669]},"properties":{"id":"F021:STP_000003_018","feed_id":"F021","feed_slug":"chiyoda-kazaguruma","municipality":"千代田区","service_name":"風ぐるま","license":"CC BY 4.0","source_stop_id":"STP_000003_018","stop_code":null,"stop_name":"岩本町一丁目","stop_desc":null,"zone_id":"000003_018","location_type":0,"parent_station":null,"wheelchair_boarding":null}},{"type":"Feature","id":"F021:STP_000003_019","geometry":{"type":"Point","coordinates":[139.773131,35.69114]},"properties":{"id":"F021:STP_000003_019","feed_id":"F021","feed_slug":"chiyoda-kazaguruma","municipality":"千代田区","service_name":"風ぐるま","license":"CC BY 4.0","source_stop_id":"STP_000003_019","stop_code":null,"stop_name":"鍛冶町一丁目","stop_desc":null,"zone_id":"000003_019","location_type":0,"parent_station":null,"wheelchair_boarding":null}},{"type":"Feature","id":"F021:STP_000003_020","geometry":{"type":"Point","coordinates":[139.76754,35.689396]},"properties":{"id":"F021:STP_000003_020","feed_id":"F021","feed_slug":"chiyoda-kazaguruma","municipality":"千代田区","service_name":"風ぐるま","license":"CC BY 4.0","source_stop_id":"STP_000003_020","stop_code":null,"stop_name":"スポーツセンター","stop_desc":null,"zone_id":"000003_020","location_type":0,"parent_station":null,"wheelchair_boarding":null}},{"type":"Feature","id":"F021:STP_000003_021","geometry":{"type":"Point","coordinates":[139.765849,35.689616]},"properties":{"id":"F021:STP_000003_021","feed_id":"F021","feed_slug":"chiyoda-kazaguruma","municipality":"千代田区","service_name":"風ぐるま","license":"CC BY 4.0","source_stop_id":"STP_000003_021","stop_code":null,"stop_name":"区営内神田住宅","stop_desc":null,"zone_id":"000003_021","location_type":0,"parent_station":null,"wheelchair_boarding":null}},{"type":"Feature","id":"F021:STP_000003_022","geometry":{"type":"Point","coordinates":[139.760901,35.692325]},"properties":{"id":"F021:STP_000003_022","feed_id":"F021","feed_slug":"chiyoda-kazaguruma","municipality":"千代田区","service_name":"風ぐるま","license":"CC BY 4.0","source_stop_id":"STP_000003_022","stop_code":null,"stop_name":"ちよだプラットホームスクエア入口","stop_desc":null,"zone_id":"000003_022","location_type":0,"parent_station":null,"wheelchair_boarding":null}},{"type":"Feature","id":"F021:STP_000003_023","geometry":{"type":"Point","coordinates":[139.76099,35.693314]},"properties":{"id":"F021:STP_000003_023","feed_id":"F021","feed_slug":"chiyoda-kazaguruma","municipality":"千代田区","service_name":"風ぐるま","license":"CC BY 4.0","source_stop_id":"STP_000003_023","stop_code":null,"stop_name":"神田錦町","stop_desc":null,"zone_id":"000003_023","location_type":0,"parent_station":null,"wheelchair_boarding":null}},{"type":"Feature","id":"F021:STP_000003_024","geometry":{"type":"Point","coordinates":[139.758191,35.694811]},"properties":{"id":"F021:STP_000003_024","feed_id":"F021","feed_slug":"chiyoda-kazaguruma","municipality":"千代田区","service_name":"風ぐるま","license":"CC BY 4.0","source_stop_id":"STP_000003_024","stop_code":null,"stop_name":"神保町交番前","stop_desc":null,"zone_id":"000003_024","location_type":0,"parent_station":null,"wheelchair_boarding":null}},{"type":"Feature","id":"F021:STP_000004_003","geometry":{"type":"Point","coordinates":[139.74639,35.699459]},"properties":{"id":"F021:STP_000004_003","feed_id":"F021","feed_slug":"chiyoda-kazaguruma","municipality":"千代田区","service_name":"風ぐるま","license":"CC BY 4.0","source_stop_id":"STP_000004_003","stop_code":null,"stop_name":"富士見出張所","stop_desc":null,"zone_id":"000004_003","location_type":0,"parent_station":null,"wheelchair_boarding":null}},{"type":"Feature","id":"F021:STP_000004_004","geometry":{"type":"Point","coordinates":[139.746004,35.701553]},"properties":{"id":"F021:STP_000004_004","feed_id":"F021","feed_slug":"chiyoda-kazaguruma","municipality":"千代田区","service_name":"風ぐるま","license":"CC BY 4.0","source_stop_id":"STP_000004_004","stop_code":null,"stop_name":"飯田橋駅前","stop_desc":null,"zone_id":"000004_004","location_type":0,"parent_station":null,"wheelchair_boarding":null}},{"type":"Feature","id":"F021:STP_000004_006","geometry":{"type":"Point","coordinates":[139.740627,35.693221]},"properties":{"id":"F021:STP_000004_006","feed_id":"F021","feed_slug":"chiyoda-kazaguruma","municipality":"千代田区","service_name":"風ぐるま","license":"CC BY 4.0","source_stop_id":"STP_000004_006","stop_code":null,"stop_name":"一口坂手前","stop_desc":null,"zone_id":"000004_006","location_type":0,"parent_station":null,"wheelchair_boarding":null}},{"type":"Feature","id":"F021:STP_000004_008","geometry":{"type":"Point","coordinates":[139.736195,35.687531]},"properties":{"id":"F021:STP_000004_008","feed_id":"F021","feed_slug":"chiyoda-kazaguruma","municipality":"千代田区","service_name":"風ぐるま","license":"CC BY 4.0","source_stop_id":"STP_000004_008","stop_code":null,"stop_name":"番町","stop_desc":null,"zone_id":"000004_008","location_type":0,"parent_station":null,"wheelchair_boarding":null}},{"type":"Feature","id":"F021:STP_000004_011","geometry":{"type":"Point","coordinates":[139.743731,35.692675]},"properties":{"id":"F021:STP_000004_011","feed_id":"F021","feed_slug":"chiyoda-kazaguruma","municipality":"千代田区","service_name":"風ぐるま","license":"CC BY 4.0","source_stop_id":"STP_000004_011","stop_code":null,"stop_name":"さくら館前","stop_desc":null,"zone_id":"000004_011","location_type":0,"parent_station":null,"wheelchair_boarding":null}},{"type":"Feature","id":"F021:STP_000004_012","geometry":{"type":"Point","coordinates":[139.745232,35.696135]},"properties":{"id":"F021:STP_000004_012","feed_id":"F021","feed_slug":"chiyoda-kazaguruma","municipality":"千代田区","service_name":"風ぐるま","license":"CC BY 4.0","source_stop_id":"STP_000004_012","stop_code":null,"stop_name":"富士見あんず館","stop_desc":null,"zone_id":"000004_012","location_type":0,"parent_station":null,"wheelchair_boarding":null}},{"type":"Feature","id":"F021:STP_000004_020","geometry":{"type":"Point","coordinates":[139.763462,35.700166]},"properties":{"id":"F021:STP_000004_020","feed_id":"F021","feed_slug":"chiyoda-kazaguruma","municipality":"千代田区","service_name":"風ぐるま","license":"CC BY 4.0","source_stop_id":"STP_000004_020","stop_code":null,"stop_name":"御茶ノ水駅前","stop_desc":null,"zone_id":"000004_020","location_type":0,"parent_station":null,"wheelchair_boarding":null}},{"type":"Feature","id":"F021:STP_000004_021","geometry":{"type":"Point","coordinates":[139.755581,35.701203]},"properties":{"id":"F021:STP_000004_021","feed_id":"F021","feed_slug":"chiyoda-kazaguruma","municipality":"千代田区","service_name":"風ぐるま","license":"CC BY 4.0","source_stop_id":"STP_000004_021","stop_code":null,"stop_name":"水道橋駅前","stop_desc":null,"zone_id":"000004_021","location_type":0,"parent_station":null,"wheelchair_boarding":null}},{"type":"Feature","id":"F021:STP_000004_022","geometry":{"type":"Point","coordinates":[139.756453,35.699333]},"properties":{"id":"F021:STP_000004_022","feed_id":"F021","feed_slug":"chiyoda-kazaguruma","municipality":"千代田区","service_name":"風ぐるま","license":"CC BY 4.0","source_stop_id":"STP_000004_022","stop_code":null,"stop_name":"西神田一丁目","stop_desc":null,"zone_id":"000004_022","location_type":0,"parent_station":null,"wheelchair_boarding":null}},{"type":"Feature","id":"F021:STP_000005_014","geometry":{"type":"Point","coordinates":[139.739927,35.684263]},"properties":{"id":"F021:STP_000005_014","feed_id":"F021","feed_slug":"chiyoda-kazaguruma","municipality":"千代田区","service_name":"風ぐるま","license":"CC BY 4.0","source_stop_id":"STP_000005_014","stop_code":null,"stop_name":"麹町二丁目","stop_desc":null,"zone_id":"000005_014","location_type":0,"parent_station":null,"wheelchair_boarding":null}},{"type":"Feature","id":"F021:STP_000006_002","geometry":{"type":"Point","coordinates":[139.757841,35.690651]},"properties":{"id":"F021:STP_000006_002","feed_id":"F021","feed_slug":"chiyoda-kazaguruma","municipality":"千代田区","service_name":"風ぐるま","license":"CC BY 4.0","source_stop_id":"STP_000006_002","stop_code":null,"stop_name":"毎日新聞","stop_desc":null,"zone_id":"000006_002","location_type":0,"parent_station":null,"wheelchair_boarding":null}},{"type":"Feature","id":"F021:STP_000006_004","geometry":{"type":"Point","coordinates":[139.765679,35.692438]},"properties":{"id":"F021:STP_000006_004","feed_id":"F021","feed_slug":"chiyoda-kazaguruma","municipality":"千代田区","service_name":"風ぐるま","license":"CC BY 4.0","source_stop_id":"STP_000006_004","stop_code":null,"stop_name":"神田美士代町","stop_desc":null,"zone_id":"000006_004","location_type":0,"parent_station":null,"wheelchair_boarding":null}},{"type":"Feature","id":"F021:STP_000006_006","geometry":{"type":"Point","coordinates":[139.77025,35.694975]},"properties":{"id":"F021:STP_000006_006","feed_id":"F021","feed_slug":"chiyoda-kazaguruma","municipality":"千代田区","service_name":"風ぐるま","license":"CC BY 4.0","source_stop_id":"STP_000006_006","stop_code":null,"stop_name":"須田町(秋葉原駅行き)","stop_desc":null,"zone_id":"000006_006","location_type":0,"parent_station":null,"wheelchair_boarding":null}},{"type":"Feature","id":"F021:STP_000006_009","geometry":{"type":"Point","coordinates":[139.770795,35.696315]},"properties":{"id":"F021:STP_000006_009","feed_id":"F021","feed_slug":"chiyoda-kazaguruma","municipality":"千代田区","service_name":"風ぐるま","license":"CC BY 4.0","source_stop_id":"STP_000006_009","stop_code":null,"stop_name":"須田町(神田駅行き)","stop_desc":null,"zone_id":"000006_009","location_type":0,"parent_station":null,"wheelchair_boarding":null}},{"type":"Feature","id":"F021:STP_000006_010","geometry":{"type":"Point","coordinates":[139.77092,35.693883]},"properties":{"id":"F021:STP_000006_010","feed_id":"F021","feed_slug":"chiyoda-kazaguruma","municipality":"千代田区","service_name":"風ぐるま","license":"CC BY 4.0","source_stop_id":"STP_000006_010","stop_code":null,"stop_name":"神田駅前","stop_desc":null,"zone_id":"000006_010","location_type":0,"parent_station":null,"wheelchair_boarding":null}},{"type":"Feature","id":"F021:STP_000006_011","geometry":{"type":"Point","coordinates":[139.773242,35.688232]},"properties":{"id":"F021:STP_000006_011","feed_id":"F021","feed_slug":"chiyoda-kazaguruma","municipality":"千代田区","service_name":"風ぐるま","license":"CC BY 4.0","source_stop_id":"STP_000006_011","stop_code":null,"stop_name":"新日本橋駅","stop_desc":null,"zone_id":"000006_011","location_type":0,"parent_station":null,"wheelchair_boarding":null}},{"type":"Feature","id":"F021:STP_000006_012","geometry":{"type":"Point","coordinates":[139.771508,35.688414]},"properties":{"id":"F021:STP_000006_012","feed_id":"F021","feed_slug":"chiyoda-kazaguruma","municipality":"千代田区","service_name":"風ぐるま","license":"CC BY 4.0","source_stop_id":"STP_000006_012","stop_code":null,"stop_name":"本石町四丁目","stop_desc":null,"zone_id":"000006_012","location_type":0,"parent_station":null,"wheelchair_boarding":null}},{"type":"Feature","id":"F022:STP_000001_001","geometry":{"type":"Point","coordinates":[139.792992,35.722569]},"properties":{"id":"F022:STP_000001_001","feed_id":"F022","feed_slug":"taito-megurin","municipality":"台東区","service_name":"めぐりん","license":"CC BY 4.0","source_stop_id":"STP_000001_001","stop_code":null,"stop_name":"① 台東病院","stop_desc":null,"zone_id":"ZON_000001_001","location_type":0,"parent_station":null,"wheelchair_boarding":null}},{"type":"Feature","id":"F022:STP_000001_002","geometry":{"type":"Point","coordinates":[139.796996,35.7248]},"properties":{"id":"F022:STP_000001_002","feed_id":"F022","feed_slug":"taito-megurin","municipality":"台東区","service_name":"めぐりん","license":"CC BY 4.0","source_stop_id":"STP_000001_002","stop_code":null,"stop_name":"② 吉原大門","stop_desc":null,"zone_id":"ZON_000001_002","location_type":0,"parent_station":null,"wheelchair_boarding":null}},{"type":"Feature","id":"F022:STP_000001_003","geometry":{"type":"Point","coordinates":[139.795667,35.726319]},"properties":{"id":"F022:STP_000001_003","feed_id":"F022","feed_slug":"taito-megurin","municipality":"台東区","service_name":"めぐりん","license":"CC BY 4.0","source_stop_id":"STP_000001_003","stop_code":null,"stop_name":"③ 竜泉三丁目","stop_desc":null,"zone_id":"ZON_000001_003","location_type":0,"parent_station":null,"wheelchair_boarding":null}},{"type":"Feature","id":"F022:STP_000001_004","geometry":{"type":"Point","coordinates":[139.794262,35.728053]},"properties":{"id":"F022:STP_000001_004","feed_id":"F022","feed_slug":"taito-megurin","municipality":"台東区","service_name":"めぐりん","license":"CC BY 4.0","source_stop_id":"STP_000001_004","stop_code":null,"stop_name":"④ 三ノ輪二丁目","stop_desc":null,"zone_id":"ZON_000001_004","location_type":0,"parent_station":null,"wheelchair_boarding":null}},{"type":"Feature","id":"F022:STP_000001_005","geometry":{"type":"Point","coordinates":[139.792243,35.729563]},"properties":{"id":"F022:STP_000001_005","feed_id":"F022","feed_slug":"taito-megurin","municipality":"台東区","service_name":"めぐりん","license":"CC BY 4.0","source_stop_id":"STP_000001_005","stop_code":null,"stop_name":"⑤ 三ノ輪駅","stop_desc":null,"zone_id":"ZON_000001_005","location_type":0,"parent_station":null,"wheelchair_boarding":null}},{"type":"Feature","id":"F022:STP_000001_006","geometry":{"type":"Point","coordinates":[139.791029,35.726162]},"properties":{"id":"F022:STP_000001_006","feed_id":"F022","feed_slug":"taito-megurin","municipality":"台東区","service_name":"めぐりん","license":"CC BY 4.0","source_stop_id":"STP_000001_006","stop_code":null,"stop_name":"⑥ 一葉記念館入口（いきいきてらす東）","stop_desc":null,"zone_id":"ZON_000001_006","location_type":0,"parent_station":null,"wheelchair_boarding":null}},{"type":"Feature","id":"F022:STP_000001_007","geometry":{"type":"Point","coordinates":[139.789733,35.724693]},"properties":{"id":"F022:STP_000001_007","feed_id":"F022","feed_slug":"taito-megurin","municipality":"台東区","service_name":"めぐりん","license":"CC BY 4.0","source_stop_id":"STP_000001_007","stop_code":null,"stop_name":"⑦ 竜泉一丁目（いきいきてらす入口）","stop_desc":null,"zone_id":"ZON_000001_007","location_type":0,"parent_station":null,"wheelchair_boarding":null}},{"type":"Feature","id":"F022:STP_000001_008","geometry":{"type":"Point","coordinates":[139.786494,35.725034]},"properties":{"id":"F022:STP_000001_008","feed_id":"F022","feed_slug":"taito-megurin","municipality":"台東区","service_name":"めぐりん","license":"CC BY 4.0","source_stop_id":"STP_000001_008","stop_code":null,"stop_name":"⑧ 金杉区民館下谷分館入口","stop_desc":null,"zone_id":"ZON_000001_008","location_type":0,"parent_station":null,"wheelchair_boarding":null}},{"type":"Feature","id":"F022:STP_000001_009","geometry":{"type":"Point","coordinates":[139.785444,35.724594]},"properties":{"id":"F022:STP_000001_009","feed_id":"F022","feed_slug":"taito-megurin","municipality":"台東区","service_name":"めぐりん","license":"CC BY 4.0","source_stop_id":"STP_000001_009","stop_code":null,"stop_name":"⑨ 下谷三丁目","stop_desc":null,"zone_id":"ZON_000001_009","location_type":0,"parent_station":null,"wheelchair_boarding":null}},{"type":"Feature","id":"F022:STP_000001_010","geometry":{"type":"Point","coordinates":[139.783414,35.722904]},"properties":{"id":"F022:STP_000001_010","feed_id":"F022","feed_slug":"taito-megurin","municipality":"台東区","service_name":"めぐりん","license":"CC BY 4.0","source_stop_id":"STP_000001_010","stop_code":null,"stop_name":"⑩ 金杉通り","stop_desc":null,"zone_id":"ZON_000001_010","location_type":0,"parent_station":null,"wheelchair_boarding":null}},{"type":"Feature","id":"F022:STP_000001_011","geometry":{"type":"Point","coordinates":[139.781994,35.722344]},"properties":{"id":"F022:STP_000001_011","feed_id":"F022","feed_slug":"taito-megurin","municipality":"台東区","service_name":"めぐりん","license":"CC BY 4.0","source_stop_id":"STP_000001_011","stop_code":null,"stop_name":"⑪ 根岸三丁目","stop_desc":null,"zone_id":"ZON_000001_011","location_type":0,"parent_station":null,"wheelchair_boarding":null}},{"type":"Feature","id":"F022:STP_000001_012","geometry":{"type":"Point","coordinates":[139.781844,35.723644]},"properties":{"id":"F022:STP_000001_012","feed_id":"F022","feed_slug":"taito-megurin","municipality":"台東区","service_name":"めぐりん","license":"CC BY 4.0","source_stop_id":"STP_000001_012","stop_code":null,"stop_name":"⑫ 防災広場根岸の里","stop_desc":null,"zone_id":"ZON_000001_012","location_type":0,"parent_station":null,"wheelchair_boarding":null}},{"type":"Feature","id":"F022:STP_000001_013","geometry":{"type":"Point","coordinates":[139.777263,35.725005]},"properties":{"id":"F022:STP_000001_013","feed_id":"F022","feed_slug":"taito-megurin","municipality":"台東区","service_name":"めぐりん","license":"CC BY 4.0","source_stop_id":"STP_000001_013","stop_code":null,"stop_name":"⑬ 書道博物館","stop_desc":null,"zone_id":"ZON_000001_013","location_type":0,"parent_station":null,"wheelchair_boarding":null}},{"type":"Feature","id":"F022:STP_000001_014","geometry":{"type":"Point","coordinates":[139.778904,35.722974]},"properties":{"id":"F022:STP_000001_014","feed_id":"F022","feed_slug":"taito-megurin","municipality":"台東区","service_name":"めぐりん","license":"CC BY 4.0","source_stop_id":"STP_000001_014","stop_code":null,"stop_name":"⑭ 鶯谷駅北","stop_desc":null,"zone_id":"ZON_000001_014","location_type":0,"parent_station":null,"wheelchair_boarding":null}},{"type":"Feature","id":"F022:STP_000001_015","geometry":{"type":"Point","coordinates":[139.781094,35.721004]},"properties":{"id":"F022:STP_000001_015","feed_id":"F022","feed_slug":"taito-megurin","municipality":"台東区","service_name":"めぐりん","license":"CC BY 4.0","source_stop_id":"STP_000001_015","stop_code":null,"stop_name":"⑮ 鶯谷駅南","stop_desc":null,"zone_id":"ZON_000001_015","location_type":0,"parent_station":null,"wheelchair_boarding":null}},{"type":"Feature","id":"F022:STP_000001_016","geometry":{"type":"Point","coordinates":[139.784304,35.721514]},"properties":{"id":"F022:STP_000001_016","feed_id":"F022","feed_slug":"taito-megurin","municipality":"台東区","service_name":"めぐりん","license":"CC BY 4.0","source_stop_id":"STP_000001_016","stop_code":null,"stop_name":"⑯ 入谷駅入口","stop_desc":null,"zone_id":"ZON_000001_016","location_type":0,"parent_station":null,"wheelchair_boarding":null}},{"type":"Feature","id":"F022:STP_000001_017","geometry":{"type":"Point","coordinates":[139.786914,35.721224]},"properties":{"id":"F022:STP_000001_017","feed_id":"F022","feed_slug":"taito-megurin","municipality":"台東区","service_name":"めぐりん","license":"CC BY 4.0","source_stop_id":"STP_000001_017","stop_code":null,"stop_name":"⑰ 大正小学校","stop_desc":null,"zone_id":"ZON_000001_017","location_type":0,"parent_station":null,"wheelchair_boarding":null}},{"type":"Feature","id":"F022:STP_000001_018","geometry":{"type":"Point","coordinates":[139.789407,35.718951]},"properties":{"id":"F022:STP_000001_018","feed_id":"F022","feed_slug":"taito-megurin","municipality":"台東区","service_name":"めぐりん","license":"CC BY 4.0","source_stop_id":"STP_000001_018","stop_code":null,"stop_name":"⑱ 生涯学習センター北","stop_desc":null,"zone_id":"ZON_000001_018","location_type":0,"parent_station":null,"wheelchair_boarding":null}},{"type":"Feature","id":"F022:STP_000001_019","geometry":{"type":"Point","coordinates":[139.790783,35.721354]},"properties":{"id":"F022:STP_000001_019","feed_id":"F022","feed_slug":"taito-megurin","municipality":"台東区","service_name":"めぐりん","license":"CC BY 4.0","source_stop_id":"STP_000001_019","stop_code":null,"stop_name":"⑲ 千束二丁目","stop_desc":null,"zone_id":"ZON_000001_019","location_type":0,"parent_station":null,"wheelchair_boarding":null}},{"type":"Feature","id":"F022:STP_000001_020","geometry":{"type":"Point","coordinates":[139.792413,35.721224]},"properties":{"id":"F022:STP_000001_020","feed_id":"F022","feed_slug":"taito-megurin","municipality":"台東区","service_name":"めぐりん","license":"CC BY 4.0","source_stop_id":"STP_000001_020","stop_code":null,"stop_name":"⑳ 千束三丁目","stop_desc":null,"zone_id":"ZON_000001_020","location_type":0,"parent_station":null,"wheelchair_boarding":null}},{"type":"Feature","id":"F022:STP_000002_001","geometry":{"type":"Point","coordinates":[139.798193,35.711445]},"properties":{"id":"F022:STP_000002_001","feed_id":"F022","feed_slug":"taito-megurin","municipality":"台東区","service_name":"めぐりん","license":"CC BY 4.0","source_stop_id":"STP_000002_001","stop_code":null,"stop_name":"① 浅草駅","stop_desc":null,"zone_id":"ZON_000002_001","location_type":0,"parent_station":null,"wheelchair_boarding":null}},{"type":"Feature","id":"F022:STP_000002_002","geometry":{"type":"Point","coordinates":[139.800373,35.713615]},"properties":{"id":"F022:STP_000002_002","feed_id":"F022","feed_slug":"taito-megurin","municipality":"台東区","service_name":"めぐりん","license":"CC BY 4.0","source_stop_id":"STP_000002_002","stop_code":null,"stop_name":"② 花川戸","stop_desc":null,"zone_id":"ZON_000002_002","location_type":0,"parent_station":null,"wheelchair_boarding":null}},{"type":"Feature","id":"F022:STP_000002_003","geometry":{"type":"Point","coordinates":[139.802903,35.716405]},"properties":{"id":"F022:STP_000002_003","feed_id":"F022","feed_slug":"taito-megurin","municipality":"台東区","service_name":"めぐりん","license":"CC BY 4.0","source_stop_id":"STP_000002_003","stop_code":null,"stop_name":"③ 隅田公園","stop_desc":null,"zone_id":"ZON_000002_003","location_type":0,"parent_station":null,"wheelchair_boarding":null}},{"type":"Feature","id":"F022:STP_000002_004","geometry":{"type":"Point","coordinates":[139.803983,35.718505]},"properties":{"id":"F022:STP_000002_004","feed_id":"F022","feed_slug":"taito-megurin","municipality":"台東区","service_name":"めぐりん","license":"CC BY 4.0","source_stop_id":"STP_000002_004","stop_code":null,"stop_name":"④ リバーサイドスポーツセンター前","stop_desc":null,"zone_id":"ZON_000002_004","location_type":0,"parent_station":null,"wheelchair_boarding":null}},{"type":"Feature","id":"F022:STP_000002_005","geometry":{"type":"Point","coordinates":[139.804243,35.720505]},"properties":{"id":"F022:STP_000002_005","feed_id":"F022","feed_slug":"taito-megurin","municipality":"台東区","service_name":"めぐりん","license":"CC BY 4.0","source_stop_id":"STP_000002_005","stop_code":null,"stop_name":"⑤ 今戸一丁目","stop_desc":null,"zone_id":"ZON_000002_005","location_type":0,"parent_station":null,"wheelchair_boarding":null}},{"type":"Feature","id":"F022:STP_000002_006","geometry":{"type":"Point","coordinates":[139.804403,35.722395]},"properties":{"id":"F022:STP_000002_006","feed_id":"F022","feed_slug":"taito-megurin","municipality":"台東区","service_name":"めぐりん","license":"CC BY 4.0","source_stop_id":"STP_000002_006","stop_code":null,"stop_name":"⑥ 今戸二丁目","stop_desc":null,"zone_id":"ZON_000002_006","location_type":0,"parent_station":null,"wheelchair_boarding":null}},{"type":"Feature","id":"F022:STP_000002_007","geometry":{"type":"Point","coordinates":[139.805994,35.723626]},"properties":{"id":"F022:STP_000002_007","feed_id":"F022","feed_slug":"taito-megurin","municipality":"台東区","service_name":"めぐりん","license":"CC BY 4.0","source_stop_id":"STP_000002_007","stop_code":null,"stop_name":"⑦ 橋場老人福祉館西","stop_desc":null,"zone_id":"ZON_000002_007","location_type":0,"parent_station":null,"wheelchair_boarding":null}},{"type":"Feature","id":"F022:STP_000002_008","geometry":{"type":"Point","coordinates":[139.805806,35.726123]},"properties":{"id":"F022:STP_000002_008","feed_id":"F022","feed_slug":"taito-megurin","municipality":"台東区","service_name":"めぐりん","license":"CC BY 4.0","source_stop_id":"STP_000002_008","stop_code":null,"stop_name":"⑧ 橋場一丁目","stop_desc":null,"zone_id":"ZON_000002_008","location_type":0,"parent_station":null,"wheelchair_boarding":null}},{"type":"Feature","id":"F022:STP_000002_009","geometry":{"type":"Point","coordinates":[139.802093,35.726214]},"properties":{"id":"F022:STP_000002_009","feed_id":"F022","feed_slug":"taito-megurin","municipality":"台東区","service_name":"めぐりん","license":"CC BY 4.0","source_stop_id":"STP_000002_009","stop_code":null,"stop_name":"⑨ 清川一丁目","stop_desc":null,"zone_id":"ZON_000002_009","location_type":0,"parent_station":null,"wheelchair_boarding":null}},{"type":"Feature","id":"F022:STP_000002_010","geometry":{"type":"Point","coordinates":[139.799902,35.725704]},"properties":{"id":"F022:STP_000002_010","feed_id":"F022","feed_slug":"taito-megurin","municipality":"台東区","service_name":"めぐりん","license":"CC BY 4.0","source_stop_id":"STP_000002_010","stop_code":null,"stop_name":"⑩ 東浅草二丁目","stop_desc":null,"zone_id":"ZON_000002_010","location_type":0,"parent_station":null,"wheelchair_boarding":null}},{"type":"Feature","id":"F022:STP_000002_011","geometry":{"type":"Point","coordinates":[139.797896,35.724713]},"properties":{"id":"F022:STP_000002_011","feed_id":"F022","feed_slug":"taito-megurin","municipality":"台東区","service_name":"めぐりん","license":"CC BY 4.0","source_stop_id":"STP_000002_011","stop_code":null,"stop_name":"⑪ 吉原大門","stop_desc":null,"zone_id":"ZON_000002_011","location_type":0,"parent_station":null,"wheelchair_boarding":null}},{"type":"Feature","id":"F022:STP_000002_012","geometry":{"type":"Point","coordinates":[139.795667,35.726319]},"properties":{"id":"F022:STP_000002_012","feed_id":"F022","feed_slug":"taito-megurin","municipality":"台東区","service_name":"めぐりん","license":"CC BY 4.0","source_stop_id":"STP_000002_012","stop_code":null,"stop_name":"⑫ 竜泉三丁目","stop_desc":null,"zone_id":"ZON_000002_012","location_type":0,"parent_station":null,"wheelchair_boarding":null}},{"type":"Feature","id":"F022:STP_000002_013","geometry":{"type":"Point","coordinates":[139.794262,35.728053]},"properties":{"id":"F022:STP_000002_013","feed_id":"F022","feed_slug":"taito-megurin","municipality":"台東区","service_name":"めぐりん","license":"CC BY 4.0","source_stop_id":"STP_000002_013","stop_code":null,"stop_name":"⑬ 三ノ輪二丁目","stop_desc":null,"zone_id":"ZON_000002_013","location_type":0,"parent_station":null,"wheelchair_boarding":null}},{"type":"Feature","id":"F022:STP_000002_014","geometry":{"type":"Point","coordinates":[139.792243,35.729563]},"properties":{"id":"F022:STP_000002_014","feed_id":"F022","feed_slug":"taito-megurin","municipality":"台東区","service_name":"めぐりん","license":"CC BY 4.0","source_stop_id":"STP_000002_014","stop_code":null,"stop_name":"⑭ 三ノ輪駅","stop_desc":null,"zone_id":"ZON_000002_014","location_type":0,"parent_station":null,"wheelchair_boarding":null}},{"type":"Feature","id":"F022:STP_000002_015","geometry":{"type":"Point","coordinates":[139.791029,35.726162]},"properties":{"id":"F022:STP_000002_015","feed_id":"F022","feed_slug":"taito-megurin","municipality":"台東区","service_name":"めぐりん","license":"CC BY 4.0","source_stop_id":"STP_000002_015","stop_code":null,"stop_name":"⑮ 一葉記念館入口（いきいきてらす東）","stop_desc":null,"zone_id":"ZON_000002_015","location_type":0,"parent_station":null,"wheelchair_boarding":null}},{"type":"Feature","id":"F022:STP_000002_016","geometry":{"type":"Point","coordinates":[139.792413,35.721224]},"properties":{"id":"F022:STP_000002_016","feed_id":"F022","feed_slug":"taito-megurin","municipality":"台東区","service_name":"めぐりん","license":"CC BY 4.0","source_stop_id":"STP_000002_016","stop_code":null,"stop_name":"⑯ 千束三丁目","stop_desc":null,"zone_id":"ZON_000002_016","location_type":0,"parent_station":null,"wheelchair_boarding":null}},{"type":"Feature","id":"F022:STP_000002_017","geometry":{"type":"Point","coordinates":[139.792992,35.722569]},"properties":{"id":"F022:STP_000002_017","feed_id":"F022","feed_slug":"taito-megurin","municipality":"台東区","service_name":"めぐりん","license":"CC BY 4.0","source_stop_id":"STP_000002_017","stop_code":null,"stop_name":"⑰ 台東病院","stop_desc":null,"zone_id":"ZON_000002_017","location_type":0,"parent_station":null,"wheelchair_boarding":null}},{"type":"Feature","id":"F022:STP_000002_018","geometry":{"type":"Point","coordinates":[139.793783,35.720144]},"properties":{"id":"F022:STP_000002_018","feed_id":"F022","feed_slug":"taito-megurin","municipality":"台東区","service_name":"めぐりん","license":"CC BY 4.0","source_stop_id":"STP_000002_018","stop_code":null,"stop_name":"⑱ 千束小学校前","stop_desc":null,"zone_id":"ZON_000002_018","location_type":0,"parent_station":null,"wheelchair_boarding":null}},{"type":"Feature","id":"F022:STP_000002_019","geometry":{"type":"Point","coordinates":[139.795903,35.719674]},"properties":{"id":"F022:STP_000002_019","feed_id":"F022","feed_slug":"taito-megurin","municipality":"台東区","service_name":"めぐりん","license":"CC BY 4.0","source_stop_id":"STP_000002_019","stop_code":null,"stop_name":"⑲ 浅草五丁目","stop_desc":null,"zone_id":"ZON_000002_019","location_type":0,"parent_station":null,"wheelchair_boarding":null}},{"type":"Feature","id":"F022:STP_000002_020","geometry":{"type":"Point","coordinates":[139.797873,35.719194]},"properties":{"id":"F022:STP_000002_020","feed_id":"F022","feed_slug":"taito-megurin","municipality":"台東区","service_name":"めぐりん","license":"CC BY 4.0","source_stop_id":"STP_000002_020","stop_code":null,"stop_name":"⑳ 浅草警察署前","stop_desc":null,"zone_id":"ZON_000002_020","location_type":0,"parent_station":null,"wheelchair_boarding":null}},{"type":"Feature","id":"F022:STP_000002_021","geometry":{"type":"Point","coordinates":[139.797953,35.717884]},"properties":{"id":"F022:STP_000002_021","feed_id":"F022","feed_slug":"taito-megurin","municipality":"台東区","service_name":"めぐりん","license":"CC BY 4.0","source_stop_id":"STP_000002_021","stop_code":null,"stop_name":"㉑ 浅草四丁目","stop_desc":null,"zone_id":"ZON_000002_021","location_type":0,"parent_station":null,"wheelchair_boarding":null}},{"type":"Feature","id":"F022:STP_000002_022","geometry":{"type":"Point","coordinates":[139.797703,35.716064]},"properties":{"id":"F022:STP_000002_022","feed_id":"F022","feed_slug":"taito-megurin","municipality":"台東区","service_name":"めぐりん","license":"CC BY 4.0","source_stop_id":"STP_000002_022","stop_code":null,"stop_name":"㉒ 浅草寺北","stop_desc":null,"zone_id":"ZON_000002_022","location_type":0,"parent_station":null,"wheelchair_boarding":null}},{"type":"Feature","id":"F022:STP_000002_023","geometry":{"type":"Point","coordinates":[139.798333,35.714525]},"properties":{"id":"F022:STP_000002_023","feed_id":"F022","feed_slug":"taito-megurin","municipality":"台東区","service_name":"めぐりん","license":"CC BY 4.0","source_stop_id":"STP_000002_023","stop_code":null,"stop_name":"㉓ 二天門","stop_desc":null,"zone_id":"ZON_000002_023","location_type":0,"parent_station":null,"wheelchair_boarding":null}},{"type":"Feature","id":"F022:STP_000002_024","geometry":{"type":"Point","coordinates":[139.797843,35.712465]},"properties":{"id":"F022:STP_000002_024","feed_id":"F022","feed_slug":"taito-megurin","municipality":"台東区","service_name":"めぐりん","license":"CC BY 4.0","source_stop_id":"STP_000002_024","stop_code":null,"stop_name":"㉔ 浅草松屋西","stop_desc":null,"zone_id":"ZON_000002_024","location_type":0,"parent_station":null,"wheelchair_boarding":null}},{"type":"Feature","id":"F022:STP_000003_001","geometry":{"type":"Point","coordinates":[139.778495,35.712004]},"properties":{"id":"F022:STP_000003_001","feed_id":"F022","feed_slug":"taito-megurin","municipality":"台東区","service_name":"めぐりん","license":"CC BY 4.0","source_stop_id":"STP_000003_001","stop_code":null,"stop_name":"① 上野駅","stop_desc":null,"zone_id":"ZON_000003_001","location_type":0,"parent_station":null,"wheelchair_boarding":null}},{"type":"Feature","id":"F022:STP_000003_002","geometry":{"type":"Point","coordinates":[139.778575,35.710015]},"properties":{"id":"F022:STP_000003_002","feed_id":"F022","feed_slug":"taito-megurin","municipality":"台東区","service_name":"めぐりん","license":"CC BY 4.0","source_stop_id":"STP_000003_002","stop_code":null,"stop_name":"② 永寿総合病院","stop_desc":null,"zone_id":"ZON_000003_002","location_type":0,"parent_station":null,"wheelchair_boarding":null}},{"type":"Feature","id":"F022:STP_000003_003","geometry":{"type":"Point","coordinates":[139.778305,35.707505]},"properties":{"id":"F022:STP_000003_003","feed_id":"F022","feed_slug":"taito-megurin","municipality":"台東区","service_name":"めぐりん","license":"CC BY 4.0","source_stop_id":"STP_000003_003","stop_code":null,"stop_name":"③ 御徒町","stop_desc":null,"zone_id":"ZON_000003_003","location_type":0,"parent_station":null,"wheelchair_boarding":null}},{"type":"Feature","id":"F022:STP_000003_004","geometry":{"type":"Point","coordinates":[139.780005,35.706965]},"properties":{"id":"F022:STP_000003_004","feed_id":"F022","feed_slug":"taito-megurin","municipality":"台東区","service_name":"めぐりん","license":"CC BY 4.0","source_stop_id":"STP_000003_004","stop_code":null,"stop_name":"④ 新御徒町駅","stop_desc":null,"zone_id":"ZON_000003_004","location_type":0,"parent_station":null,"wheelchair_boarding":null}},{"type":"Feature","id":"F022:STP_000003_005","geometry":{"type":"Point","coordinates":[139.779745,35.704675]},"properties":{"id":"F022:STP_000003_005","feed_id":"F022","feed_slug":"taito-megurin","municipality":"台東区","service_name":"めぐりん","license":"CC BY 4.0","source_stop_id":"STP_000003_005","stop_code":null,"stop_name":"⑤ 台東三丁目","stop_desc":null,"zone_id":"ZON_000003_005","location_type":0,"parent_station":null,"wheelchair_boarding":null}},{"type":"Feature","id":"F022:STP_000003_006","geometry":{"type":"Point","coordinates":[139.779345,35.701476]},"properties":{"id":"F022:STP_000003_006","feed_id":"F022","feed_slug":"taito-megurin","municipality":"台東区","service_name":"めぐりん","license":"CC BY 4.0","source_stop_id":"STP_000003_006","stop_code":null,"stop_name":"⑥ 台東地区センター","stop_desc":null,"zone_id":"ZON_000003_006","location_type":0,"parent_station":null,"wheelchair_boarding":null}},{"type":"Feature","id":"F022:STP_000003_007","geometry":{"type":"Point","coordinates":[139.779875,35.700306]},"properties":{"id":"F022:STP_000003_007","feed_id":"F022","feed_slug":"taito-megurin","municipality":"台東区","service_name":"めぐりん","license":"CC BY 4.0","source_stop_id":"STP_000003_007","stop_code":null,"stop_name":"⑦ 三井記念病院前","stop_desc":null,"zone_id":"ZON_000003_007","location_type":0,"parent_station":null,"wheelchair_boarding":null}},{"type":"Feature","id":"F022:STP_000003_008","geometry":{"type":"Point","coordinates":[139.782165,35.699076]},"properties":{"id":"F022:STP_000003_008","feed_id":"F022","feed_slug":"taito-megurin","municipality":"台東区","service_name":"めぐりん","license":"CC BY 4.0","source_stop_id":"STP_000003_008","stop_code":null,"stop_name":"⑧ 柳北スポーツプラザ","stop_desc":null,"zone_id":"ZON_000003_008","location_type":0,"parent_station":null,"wheelchair_boarding":null}},{"type":"Feature","id":"F022:STP_000003_009","geometry":{"type":"Point","coordinates":[139.784435,35.698886]},"properties":{"id":"F022:STP_000003_009","feed_id":"F022","feed_slug":"taito-megurin","municipality":"台東区","service_name":"めぐりん","license":"CC BY 4.0","source_stop_id":"STP_000003_009","stop_code":null,"stop_name":"⑨ 浅草橋駅北","stop_desc":null,"zone_id":"ZON_000003_009","location_type":0,"parent_station":null,"wheelchair_boarding":null}},{"type":"Feature","id":"F022:STP_000003_010","geometry":{"type":"Point","coordinates":[139.787748,35.698235]},"properties":{"id":"F022:STP_000003_010","feed_id":"F022","feed_slug":"taito-megurin","municipality":"台東区","service_name":"めぐりん","license":"CC BY 4.0","source_stop_id":"STP_000003_010","stop_code":null,"stop_name":"⑩ 柳橋中央通り","stop_desc":null,"zone_id":"ZON_000003_010","location_type":0,"parent_station":null,"wheelchair_boarding":null}},{"type":"Feature","id":"F022:STP_000003_011","geometry":{"type":"Point","coordinates":[139.790145,35.699357]},"properties":{"id":"F022:STP_000003_011","feed_id":"F022","feed_slug":"taito-megurin","municipality":"台東区","service_name":"めぐりん","license":"CC BY 4.0","source_stop_id":"STP_000003_011","stop_code":null,"stop_name":"⑪ 柳橋分院入口","stop_desc":null,"zone_id":"ZON_000003_011","location_type":0,"parent_station":null,"wheelchair_boarding":null}},{"type":"Feature","id":"F022:STP_000003_012","geometry":{"type":"Point","coordinates":[139.785895,35.701796]},"properties":{"id":"F022:STP_000003_012","feed_id":"F022","feed_slug":"taito-megurin","municipality":"台東区","service_name":"めぐりん","license":"CC BY 4.0","source_stop_id":"STP_000003_012","stop_code":null,"stop_name":"⑫ 鳥越神社前","stop_desc":null,"zone_id":"ZON_000003_012","location_type":0,"parent_station":null,"wheelchair_boarding":null}},{"type":"Feature","id":"F022:STP_000003_013","geometry":{"type":"Point","coordinates":[139.787845,35.703096]},"properties":{"id":"F022:STP_000003_013","feed_id":"F022","feed_slug":"taito-megurin","municipality":"台東区","service_name":"めぐりん","license":"CC BY 4.0","source_stop_id":"STP_000003_013","stop_code":null,"stop_name":"⑬ 環境ふれあい館ひまわり入口","stop_desc":null,"zone_id":"ZON_000003_013","location_type":0,"parent_station":null,"wheelchair_boarding":null}},{"type":"Feature","id":"F022:STP_000003_014","geometry":{"type":"Point","coordinates":[139.787925,35.705775]},"properties":{"id":"F022:STP_000003_014","feed_id":"F022","feed_slug":"taito-megurin","municipality":"台東区","service_name":"めぐりん","license":"CC BY 4.0","source_stop_id":"STP_000003_014","stop_code":null,"stop_name":"⑭ 三筋老人福祉館東","stop_desc":null,"zone_id":"ZON_000003_014","location_type":0,"parent_station":null,"wheelchair_boarding":null}},{"type":"Feature","id":"F022:STP_000003_015","geometry":{"type":"Point","coordinates":[139.788475,35.706425]},"properties":{"id":"F022:STP_000003_015","feed_id":"F022","feed_slug":"taito-megurin","municipality":"台東区","service_name":"めぐりん","license":"CC BY 4.0","source_stop_id":"STP_000003_015","stop_code":null,"stop_name":"⑮ 南部区民事務所","stop_desc":null,"zone_id":"ZON_000003_015","location_type":0,"parent_station":null,"wheelchair_boarding":null}},{"type":"Feature","id":"F022:STP_000003_016","geometry":{"type":"Point","coordinates":[139.790674,35.706505]},"properties":{"id":"F022:STP_000003_016","feed_id":"F022","feed_slug":"taito-megurin","municipality":"台東区","service_name":"めぐりん","license":"CC BY 4.0","source_stop_id":"STP_000003_016","stop_code":null,"stop_name":"⑯ 大江戸線蔵前駅","stop_desc":null,"zone_id":"ZON_000003_016","location_type":0,"parent_station":null,"wheelchair_boarding":null}},{"type":"Feature","id":"F022:STP_000003_017","geometry":{"type":"Point","coordinates":[139.791184,35.709395]},"properties":{"id":"F022:STP_000003_017","feed_id":"F022","feed_slug":"taito-megurin","municipality":"台東区","service_name":"めぐりん","license":"CC BY 4.0","source_stop_id":"STP_000003_017","stop_code":null,"stop_name":"⑰ 田原町駅","stop_desc":null,"zone_id":"ZON_000003_017","location_type":0,"parent_station":null,"wheelchair_boarding":null}},{"type":"Feature","id":"F022:STP_000003_018","geometry":{"type":"Point","coordinates":[139.791524,35.711695]},"properties":{"id":"F022:STP_000003_018","feed_id":"F022","feed_slug":"taito-megurin","municipality":"台東区","service_name":"めぐりん","license":"CC BY 4.0","source_stop_id":"STP_000003_018","stop_code":null,"stop_name":"⑱ 浅草菊水通り","stop_desc":null,"zone_id":"ZON_000003_018","location_type":0,"parent_station":null,"wheelchair_boarding":null}},{"type":"Feature","id":"F022:STP_000003_019","geometry":{"type":"Point","coordinates":[139.789044,35.712205]},"properties":{"id":"F022:STP_000003_019","feed_id":"F022","feed_slug":"taito-megurin","municipality":"台東区","service_name":"めぐりん","license":"CC BY 4.0","source_stop_id":"STP_000003_019","stop_code":null,"stop_name":"⑲ 西浅草","stop_desc":null,"zone_id":"ZON_000003_019","location_type":0,"parent_station":null,"wheelchair_boarding":null}},{"type":"Feature","id":"F022:STP_000003_020","geometry":{"type":"Point","coordinates":[139.78758,35.710336]},"properties":{"id":"F022:STP_000003_020","feed_id":"F022","feed_slug":"taito-megurin","municipality":"台東区","service_name":"めぐりん","license":"CC BY 4.0","source_stop_id":"STP_000003_020","stop_code":null,"stop_name":"⑲-2 菊屋橋","stop_desc":null,"zone_id":"ZON_000003_020","location_type":0,"parent_station":null,"wheelchair_boarding":null}},{"type":"Feature","id":"F022:STP_000003_021","geometry":{"type":"Point","coordinates":[139.780756,35.712521]},"properties":{"id":"F022:STP_000003_021","feed_id":"F022","feed_slug":"taito-megurin","municipality":"台東区","service_name":"めぐりん","license":"CC BY 4.0","source_stop_id":"STP_000003_021","stop_code":null,"stop_name":"⑳ 台東区役所","stop_desc":null,"zone_id":"ZON_000003_021","location_type":0,"parent_station":null,"wheelchair_boarding":null}},{"type":"Feature","id":"F022:STP_000003_022","geometry":{"type":"Point","coordinates":[139.782081,35.715015]},"properties":{"id":"F022:STP_000003_022","feed_id":"F022","feed_slug":"taito-megurin","municipality":"台東区","service_name":"めぐりん","license":"CC BY 4.0","source_stop_id":"STP_000003_022","stop_code":null,"stop_name":"㉑ 上野学園","stop_desc":null,"zone_id":"ZON_000003_022","location_type":0,"parent_station":null,"wheelchair_boarding":null}},{"type":"Feature","id":"F022:STP_000003_023","geometry":{"type":"Point","coordinates":[139.785194,35.715254]},"properties":{"id":"F022:STP_000003_023","feed_id":"F022","feed_slug":"taito-megurin","municipality":"台東区","service_name":"めぐりん","license":"CC BY 4.0","source_stop_id":"STP_000003_023","stop_code":null,"stop_name":"㉒ 北上野二丁目","stop_desc":null,"zone_id":"ZON_000003_023","location_type":0,"parent_station":null,"wheelchair_boarding":null}},{"type":"Feature","id":"F022:STP_000003_024","geometry":{"type":"Point","coordinates":[139.787624,35.714774]},"properties":{"id":"F022:STP_000003_024","feed_id":"F022","feed_slug":"taito-megurin","municipality":"台東区","service_name":"めぐりん","license":"CC BY 4.0","source_stop_id":"STP_000003_024","stop_code":null,"stop_name":"㉓ 松が谷","stop_desc":null,"zone_id":"ZON_000003_024","location_type":0,"parent_station":null,"wheelchair_boarding":null}},{"type":"Feature","id":"F022:STP_000003_025","geometry":{"type":"Point","coordinates":[139.788994,35.716374]},"properties":{"id":"F022:STP_000003_025","feed_id":"F022","feed_slug":"taito-megurin","municipality":"台東区","service_name":"めぐりん","license":"CC BY 4.0","source_stop_id":"STP_000003_025","stop_code":null,"stop_name":"㉔ 生涯学習センター南","stop_desc":null,"zone_id":"ZON_000003_025","location_type":0,"parent_station":null,"wheelchair_boarding":null}},{"type":"Feature","id":"F022:STP_000003_026","geometry":{"type":"Point","coordinates":[139.789407,35.718951]},"properties":{"id":"F022:STP_000003_026","feed_id":"F022","feed_slug":"taito-megurin","municipality":"台東区","service_name":"めぐりん","license":"CC BY 4.0","source_stop_id":"STP_000003_026","stop_code":null,"stop_name":"㉕ 生涯学習センター北","stop_desc":null,"zone_id":"ZON_000003_026","location_type":0,"parent_station":null,"wheelchair_boarding":null}},{"type":"Feature","id":"F022:STP_000003_027","geometry":{"type":"Point","coordinates":[139.790783,35.721354]},"properties":{"id":"F022:STP_000003_027","feed_id":"F022","feed_slug":"taito-megurin","municipality":"台東区","service_name":"めぐりん","license":"CC BY 4.0","source_stop_id":"STP_000003_027","stop_code":null,"stop_name":"㉖ 千束二丁目","stop_desc":null,"zone_id":"ZON_000003_027","location_type":0,"parent_station":null,"wheelchair_boarding":null}},{"type":"Feature","id":"F022:STP_000003_028","geometry":{"type":"Point","coordinates":[139.792413,35.721224]},"properties":{"id":"F022:STP_000003_028","feed_id":"F022","feed_slug":"taito-megurin","municipality":"台東区","service_name":"めぐりん","license":"CC BY 4.0","source_stop_id":"STP_000003_028","stop_code":null,"stop_name":"㉗ 千束三丁目","stop_desc":null,"zone_id":"ZON_000003_028","location_type":0,"parent_station":null,"wheelchair_boarding":null}},{"type":"Feature","id":"F022:STP_000003_029","geometry":{"type":"Point","coordinates":[139.792992,35.722569]},"properties":{"id":"F022:STP_000003_029","feed_id":"F022","feed_slug":"taito-megurin","municipality":"台東区","service_name":"めぐりん","license":"CC BY 4.0","source_stop_id":"STP_000003_029","stop_code":null,"stop_name":"㉘ 台東病院","stop_desc":null,"zone_id":"ZON_000003_029","location_type":0,"parent_station":null,"wheelchair_boarding":null}},{"type":"Feature","id":"F022:STP_000003_030","geometry":{"type":"Point","coordinates":[139.787969,35.721189]},"properties":{"id":"F022:STP_000003_030","feed_id":"F022","feed_slug":"taito-megurin","municipality":"台東区","service_name":"めぐりん","license":"CC BY 4.0","source_stop_id":"STP_000003_030","stop_code":null,"stop_name":"㉘-2 大正小学校前","stop_desc":null,"zone_id":"ZON_000003_030","location_type":0,"parent_station":null,"wheelchair_boarding":null}},{"type":"Feature","id":"F022:STP_000003_031","geometry":{"type":"Point","coordinates":[139.786084,35.719834]},"properties":{"id":"F022:STP_000003_031","feed_id":"F022","feed_slug":"taito-megurin","municipality":"台東区","service_name":"めぐりん","license":"CC BY 4.0","source_stop_id":"STP_000003_031","stop_code":null,"stop_name":"㉙ 入谷地区センター","stop_desc":null,"zone_id":"ZON_000003_031","location_type":0,"parent_station":null,"wheelchair_boarding":null}},{"type":"Feature","id":"F022:STP_000003_032","geometry":{"type":"Point","coordinates":[139.785744,35.718344]},"properties":{"id":"F022:STP_000003_032","feed_id":"F022","feed_slug":"taito-megurin","municipality":"台東区","service_name":"めぐりん","license":"CC BY 4.0","source_stop_id":"STP_000003_032","stop_code":null,"stop_name":"㉚ 入谷南公園","stop_desc":null,"zone_id":"ZON_000003_032","location_type":0,"parent_station":null,"wheelchair_boarding":null}},{"type":"Feature","id":"F022:STP_000003_033","geometry":{"type":"Point","coordinates":[139.784294,35.717634]},"properties":{"id":"F022:STP_000003_033","feed_id":"F022","feed_slug":"taito-megurin","municipality":"台東区","service_name":"めぐりん","license":"CC BY 4.0","source_stop_id":"STP_000003_033","stop_code":null,"stop_name":"㉛ 北上野","stop_desc":null,"zone_id":"ZON_000003_033","location_type":0,"parent_station":null,"wheelchair_boarding":null}},{"type":"Feature","id":"F022:STP_000003_034","geometry":{"type":"Point","coordinates":[139.782504,35.715564]},"properties":{"id":"F022:STP_000003_034","feed_id":"F022","feed_slug":"taito-megurin","municipality":"台東区","service_name":"めぐりん","license":"CC BY 4.0","source_stop_id":"STP_000003_034","stop_code":null,"stop_name":"㉜ 上野学園","stop_desc":null,"zone_id":"ZON_000003_034","location_type":0,"parent_station":null,"wheelchair_boarding":null}},{"type":"Feature","id":"F022:STP_000003_035","geometry":{"type":"Point","coordinates":[139.781355,35.713756]},"properties":{"id":"F022:STP_000003_035","feed_id":"F022","feed_slug":"taito-megurin","municipality":"台東区","service_name":"めぐりん","license":"CC BY 4.0","source_stop_id":"STP_000003_035","stop_code":null,"stop_name":"㉝ 台東保健所","stop_desc":null,"zone_id":"ZON_000003_035","location_type":0,"parent_station":null,"wheelchair_boarding":null}},{"type":"Feature","id":"F022:STP_000003_036","geometry":{"type":"Point","coordinates":[139.779655,35.712474]},"properties":{"id":"F022:STP_000003_036","feed_id":"F022","feed_slug":"taito-megurin","municipality":"台東区","service_name":"めぐりん","license":"CC BY 4.0","source_stop_id":"STP_000003_036","stop_code":null,"stop_name":"㉞ 台東区役所","stop_desc":null,"zone_id":"ZON_000003_036","location_type":0,"parent_station":null,"wheelchair_boarding":null}},{"type":"Feature","id":"F022:STP_000003_037","geometry":{"type":"Point","coordinates":[139.778495,35.712004]},"properties":{"id":"F022:STP_000003_037","feed_id":"F022","feed_slug":"taito-megurin","municipality":"台東区","service_name":"めぐりん","license":"CC BY 4.0","source_stop_id":"STP_000003_037","stop_code":null,"stop_name":"① 上野駅終","stop_desc":null,"zone_id":"ZON_000003_037","location_type":0,"parent_station":null,"wheelchair_boarding":null}},{"type":"Feature","id":"F022:STP_000004_001","geometry":{"type":"Point","coordinates":[139.779655,35.712474]},"properties":{"id":"F022:STP_000004_001","feed_id":"F022","feed_slug":"taito-megurin","municipality":"台東区","service_name":"めぐりん","license":"CC BY 4.0","source_stop_id":"STP_000004_001","stop_code":null,"stop_name":"① 台東区役所","stop_desc":null,"zone_id":"ZON_000004_001","location_type":0,"parent_station":null,"wheelchair_boarding":null}},{"type":"Feature","id":"F022:STP_000004_002","geometry":{"type":"Point","coordinates":[139.778481,35.714497]},"properties":{"id":"F022:STP_000004_002","feed_id":"F022","feed_slug":"taito-megurin","municipality":"台東区","service_name":"めぐりん","license":"CC BY 4.0","source_stop_id":"STP_000004_002","stop_code":null,"stop_name":"② 上野駅入谷口","stop_desc":null,"zone_id":"ZON_000004_002","location_type":0,"parent_station":null,"wheelchair_boarding":null}},{"type":"Feature","id":"F022:STP_000004_003","geometry":{"type":"Point","coordinates":[139.776485,35.714603]},"properties":{"id":"F022:STP_000004_003","feed_id":"F022","feed_slug":"taito-megurin","municipality":"台東区","service_name":"めぐりん","license":"CC BY 4.0","source_stop_id":"STP_000004_003","stop_code":null,"stop_name":"③ ＪＲ上野駅公園口","stop_desc":null,"zone_id":"ZON_000004_003","location_type":0,"parent_station":null,"wheelchair_boarding":null}},{"type":"Feature","id":"F022:STP_000004_004","geometry":{"type":"Point","coordinates":[139.776192,35.717082]},"properties":{"id":"F022:STP_000004_004","feed_id":"F022","feed_slug":"taito-megurin","municipality":"台東区","service_name":"めぐりん","license":"CC BY 4.0","source_stop_id":"STP_000004_004","stop_code":null,"stop_name":"④ 東京国立博物館","stop_desc":null,"zone_id":"ZON_000004_004","location_type":0,"parent_station":null,"wheelchair_boarding":null}},{"type":"Feature","id":"F022:STP_000004_005","geometry":{"type":"Point","coordinates":[139.773627,35.718362]},"properties":{"id":"F022:STP_000004_005","feed_id":"F022","feed_slug":"taito-megurin","municipality":"台東区","service_name":"めぐりん","license":"CC BY 4.0","source_stop_id":"STP_000004_005","stop_code":null,"stop_name":"⑤ 旧東京音楽学校奏楽堂","stop_desc":null,"zone_id":"ZON_000004_005","location_type":0,"parent_station":null,"wheelchair_boarding":null}},{"type":"Feature","id":"F022:STP_000004_006","geometry":{"type":"Point","coordinates":[139.774014,35.720679]},"properties":{"id":"F022:STP_000004_006","feed_id":"F022","feed_slug":"taito-megurin","municipality":"台東区","service_name":"めぐりん","license":"CC BY 4.0","source_stop_id":"STP_000004_006","stop_code":null,"stop_name":"⑥ 寛永寺","stop_desc":null,"zone_id":"ZON_000004_006","location_type":0,"parent_station":null,"wheelchair_boarding":null}},{"type":"Feature","id":"F022:STP_000004_007","geometry":{"type":"Point","coordinates":[139.770929,35.719814]},"properties":{"id":"F022:STP_000004_007","feed_id":"F022","feed_slug":"taito-megurin","municipality":"台東区","service_name":"めぐりん","license":"CC BY 4.0","source_stop_id":"STP_000004_007","stop_code":null,"stop_name":"⑦ 上野桜木会館","stop_desc":null,"zone_id":"ZON_000004_007","location_type":0,"parent_station":null,"wheelchair_boarding":null}},{"type":"Feature","id":"F022:STP_000004_008","geometry":{"type":"Point","coordinates":[139.769635,35.720034]},"properties":{"id":"F022:STP_000004_008","feed_id":"F022","feed_slug":"taito-megurin","municipality":"台東区","service_name":"めぐりん","license":"CC BY 4.0","source_stop_id":"STP_000004_008","stop_code":null,"stop_name":"⑧ 谷中清水町公園","stop_desc":null,"zone_id":"ZON_000004_008","location_type":0,"parent_station":null,"wheelchair_boarding":null}},{"type":"Feature","id":"F022:STP_000004_009","geometry":{"type":"Point","coordinates":[139.770655,35.721073]},"properties":{"id":"F022:STP_000004_009","feed_id":"F022","feed_slug":"taito-megurin","municipality":"台東区","service_name":"めぐりん","license":"CC BY 4.0","source_stop_id":"STP_000004_009","stop_code":null,"stop_name":"⑨ 旧吉田屋酒店","stop_desc":null,"zone_id":"ZON_000004_009","location_type":0,"parent_station":null,"wheelchair_boarding":null}},{"type":"Feature","id":"F022:STP_000004_010","geometry":{"type":"Point","coordinates":[139.780469,35.719008]},"properties":{"id":"F022:STP_000004_010","feed_id":"F022","feed_slug":"taito-megurin","municipality":"台東区","service_name":"めぐりん","license":"CC BY 4.0","source_stop_id":"STP_000004_010","stop_code":null,"stop_name":"③-1 上野郵便局","stop_desc":null,"zone_id":"ZON_000004_010","location_type":0,"parent_station":null,"wheelchair_boarding":null}},{"type":"Feature","id":"F022:STP_000004_011","geometry":{"type":"Point","coordinates":[139.780882,35.720857]},"properties":{"id":"F022:STP_000004_011","feed_id":"F022","feed_slug":"taito-megurin","municipality":"台東区","service_name":"めぐりん","license":"CC BY 4.0","source_stop_id":"STP_000004_011","stop_code":null,"stop_name":"④-1 下谷二丁目（鶯谷駅南）","stop_desc":null,"zone_id":"ZON_000004_011","location_type":0,"parent_station":null,"wheelchair_boarding":null}},{"type":"Feature","id":"F022:STP_000004_012","geometry":{"type":"Point","coordinates":[139.774424,35.722675]},"properties":{"id":"F022:STP_000004_012","feed_id":"F022","feed_slug":"taito-megurin","municipality":"台東区","service_name":"めぐりん","license":"CC BY 4.0","source_stop_id":"STP_000004_012","stop_code":null,"stop_name":"⑤-1 上野桜木","stop_desc":null,"zone_id":"ZON_000004_012","location_type":0,"parent_station":null,"wheelchair_boarding":null}},{"type":"Feature","id":"F022:STP_000004_013","geometry":{"type":"Point","coordinates":[139.771017,35.721115]},"properties":{"id":"F022:STP_000004_013","feed_id":"F022","feed_slug":"taito-megurin","municipality":"台東区","service_name":"めぐりん","license":"CC BY 4.0","source_stop_id":"STP_000004_013","stop_code":null,"stop_name":"⑥-1 谷中（旧吉田屋酒店前）","stop_desc":null,"zone_id":"ZON_000004_013","location_type":0,"parent_station":null,"wheelchair_boarding":null}},{"type":"Feature","id":"F022:STP_000004_014","geometry":{"type":"Point","coordinates":[139.769815,35.723013]},"properties":{"id":"F022:STP_000004_014","feed_id":"F022","feed_slug":"taito-megurin","municipality":"台東区","service_name":"めぐりん","license":"CC BY 4.0","source_stop_id":"STP_000004_014","stop_code":null,"stop_name":"⑩ 谷中霊園入口","stop_desc":null,"zone_id":"ZON_000004_014","location_type":0,"parent_station":null,"wheelchair_boarding":null}},{"type":"Feature","id":"F022:STP_000004_015","geometry":{"type":"Point","coordinates":[139.767275,35.723713]},"properties":{"id":"F022:STP_000004_015","feed_id":"F022","feed_slug":"taito-megurin","municipality":"台東区","service_name":"めぐりん","license":"CC BY 4.0","source_stop_id":"STP_000004_015","stop_code":null,"stop_name":"⑪ 三崎坂上","stop_desc":null,"zone_id":"ZON_000004_015","location_type":0,"parent_station":null,"wheelchair_boarding":null}},{"type":"Feature","id":"F022:STP_000004_016","geometry":{"type":"Point","coordinates":[139.764795,35.724433]},"properties":{"id":"F022:STP_000004_016","feed_id":"F022","feed_slug":"taito-megurin","municipality":"台東区","service_name":"めぐりん","license":"CC BY 4.0","source_stop_id":"STP_000004_016","stop_code":null,"stop_name":"⑫ 特養ホーム谷中入口","stop_desc":null,"zone_id":"ZON_000004_016","location_type":0,"parent_station":null,"wheelchair_boarding":null}},{"type":"Feature","id":"F022:STP_000004_017","geometry":{"type":"Point","coordinates":[139.764505,35.726573]},"properties":{"id":"F022:STP_000004_017","feed_id":"F022","feed_slug":"taito-megurin","municipality":"台東区","service_name":"めぐりん","license":"CC BY 4.0","source_stop_id":"STP_000004_017","stop_code":null,"stop_name":"⑬ 谷中銀座・よみせ通り","stop_desc":null,"zone_id":"ZON_000004_017","location_type":0,"parent_station":null,"wheelchair_boarding":null}},{"type":"Feature","id":"F022:STP_000004_018","geometry":{"type":"Point","coordinates":[139.763185,35.725193]},"properties":{"id":"F022:STP_000004_018","feed_id":"F022","feed_slug":"taito-megurin","municipality":"台東区","service_name":"めぐりん","license":"CC BY 4.0","source_stop_id":"STP_000004_018","stop_code":null,"stop_name":"⑭ 千駄木駅","stop_desc":null,"zone_id":"ZON_000004_018","location_type":0,"parent_station":null,"wheelchair_boarding":null}},{"type":"Feature","id":"F022:STP_000004_019","geometry":{"type":"Point","coordinates":[139.76603,35.723999]},"properties":{"id":"F022:STP_000004_019","feed_id":"F022","feed_slug":"taito-megurin","municipality":"台東区","service_name":"めぐりん","license":"CC BY 4.0","source_stop_id":"STP_000004_019","stop_code":null,"stop_name":"⑮ 谷中小学校","stop_desc":null,"zone_id":"ZON_000004_019","location_type":0,"parent_station":null,"wheelchair_boarding":null}},{"type":"Feature","id":"F022:STP_000004_020","geometry":{"type":"Point","coordinates":[139.767667,35.723732]},"properties":{"id":"F022:STP_000004_020","feed_id":"F022","feed_slug":"taito-megurin","municipality":"台東区","service_name":"めぐりん","license":"CC BY 4.0","source_stop_id":"STP_000004_020","stop_code":null,"stop_name":"⑯ 三崎坂上","stop_desc":null,"zone_id":"ZON_000004_020","location_type":0,"parent_station":null,"wheelchair_boarding":null}},{"type":"Feature","id":"F022:STP_000004_021","geometry":{"type":"Point","coordinates":[139.769663,35.72334]},"properties":{"id":"F022:STP_000004_021","feed_id":"F022","feed_slug":"taito-megurin","municipality":"台東区","service_name":"めぐりん","license":"CC BY 4.0","source_stop_id":"STP_000004_021","stop_code":null,"stop_name":"⑰ 谷中霊園入口","stop_desc":null,"zone_id":"ZON_000004_021","location_type":0,"parent_station":null,"wheelchair_boarding":null}},{"type":"Feature","id":"F022:STP_000004_022","geometry":{"type":"Point","coordinates":[139.770306,35.720901]},"properties":{"id":"F022:STP_000004_022","feed_id":"F022","feed_slug":"taito-megurin","municipality":"台東区","service_name":"めぐりん","license":"CC BY 4.0","source_stop_id":"STP_000004_022","stop_code":null,"stop_name":"⑱ 旧吉田屋酒店","stop_desc":null,"zone_id":"ZON_000004_022","location_type":0,"parent_station":null,"wheelchair_boarding":null}},{"type":"Feature","id":"F022:STP_000004_023","geometry":{"type":"Point","coordinates":[139.76231,35.72091]},"properties":{"id":"F022:STP_000004_023","feed_id":"F022","feed_slug":"taito-megurin","municipality":"台東区","service_name":"めぐりん","license":"CC BY 4.0","source_stop_id":"STP_000004_023","stop_code":null,"stop_name":"⑮-1 日本医科大学付属病院下","stop_desc":null,"zone_id":"ZON_000004_023","location_type":0,"parent_station":null,"wheelchair_boarding":null}},{"type":"Feature","id":"F022:STP_000004_024","geometry":{"type":"Point","coordinates":[139.765488,35.718158]},"properties":{"id":"F022:STP_000004_024","feed_id":"F022","feed_slug":"taito-megurin","municipality":"台東区","service_name":"めぐりん","license":"CC BY 4.0","source_stop_id":"STP_000004_024","stop_code":null,"stop_name":"⑯-1 根津駅前","stop_desc":null,"zone_id":"ZON_000004_024","location_type":0,"parent_station":null,"wheelchair_boarding":null}},{"type":"Feature","id":"F022:STP_000004_025","geometry":{"type":"Point","coordinates":[139.768235,35.719913]},"properties":{"id":"F022:STP_000004_025","feed_id":"F022","feed_slug":"taito-megurin","municipality":"台東区","service_name":"めぐりん","license":"CC BY 4.0","source_stop_id":"STP_000004_025","stop_code":null,"stop_name":"⑰-1 善光寺坂上","stop_desc":null,"zone_id":"ZON_000004_025","location_type":0,"parent_station":null,"wheelchair_boarding":null}},{"type":"Feature","id":"F022:STP_000004_026","geometry":{"type":"Point","coordinates":[139.769662,35.719847]},"properties":{"id":"F022:STP_000004_026","feed_id":"F022","feed_slug":"taito-megurin","municipality":"台東区","service_name":"めぐりん","license":"CC BY 4.0","source_stop_id":"STP_000004_026","stop_code":null,"stop_name":"⑲ 三段坂上","stop_desc":null,"zone_id":"ZON_000004_026","location_type":0,"parent_station":null,"wheelchair_boarding":null}},{"type":"Feature","id":"F022:STP_000004_027","geometry":{"type":"Point","coordinates":[139.768685,35.718464]},"properties":{"id":"F022:STP_000004_027","feed_id":"F022","feed_slug":"taito-megurin","municipality":"台東区","service_name":"めぐりん","license":"CC BY 4.0","source_stop_id":"STP_000004_027","stop_code":null,"stop_name":"⑳ 池之端四丁目","stop_desc":null,"zone_id":"ZON_000004_027","location_type":0,"parent_station":null,"wheelchair_boarding":null}},{"type":"Feature","id":"F022:STP_000004_028","geometry":{"type":"Point","coordinates":[139.769795,35.716054]},"properties":{"id":"F022:STP_000004_028","feed_id":"F022","feed_slug":"taito-megurin","municipality":"台東区","service_name":"めぐりん","license":"CC BY 4.0","source_stop_id":"STP_000004_028","stop_code":null,"stop_name":"㉑ 池之端三丁目","stop_desc":null,"zone_id":"ZON_000004_028","location_type":0,"parent_station":null,"wheelchair_boarding":null}},{"type":"Feature","id":"F022:STP_000004_029","geometry":{"type":"Point","coordinates":[139.768113,35.71399]},"properties":{"id":"F022:STP_000004_029","feed_id":"F022","feed_slug":"taito-megurin","municipality":"台東区","service_name":"めぐりん","license":"CC BY 4.0","source_stop_id":"STP_000004_029","stop_code":null,"stop_name":"㉒ 上野動物園池之端門前","stop_desc":null,"zone_id":"ZON_000004_029","location_type":0,"parent_station":null,"wheelchair_boarding":null}},{"type":"Feature","id":"F022:STP_000004_030","geometry":{"type":"Point","coordinates":[139.770647,35.709492]},"properties":{"id":"F022:STP_000004_030","feed_id":"F022","feed_slug":"taito-megurin","municipality":"台東区","service_name":"めぐりん","license":"CC BY 4.0","source_stop_id":"STP_000004_030","stop_code":null,"stop_name":"㉓ 水上音楽堂","stop_desc":null,"zone_id":"ZON_000004_030","location_type":0,"parent_station":null,"wheelchair_boarding":null}},{"type":"Feature","id":"F022:STP_000004_031","geometry":{"type":"Point","coordinates":[139.773975,35.710994]},"properties":{"id":"F022:STP_000004_031","feed_id":"F022","feed_slug":"taito-megurin","municipality":"台東区","service_name":"めぐりん","license":"CC BY 4.0","source_stop_id":"STP_000004_031","stop_code":null,"stop_name":"㉔ 京成上野駅・上野公園","stop_desc":null,"zone_id":"ZON_000004_031","location_type":0,"parent_station":null,"wheelchair_boarding":null}},{"type":"Feature","id":"F022:STP_000004_032","geometry":{"type":"Point","coordinates":[139.779655,35.712474]},"properties":{"id":"F022:STP_000004_032","feed_id":"F022","feed_slug":"taito-megurin","municipality":"台東区","service_name":"めぐりん","license":"CC BY 4.0","source_stop_id":"STP_000004_032","stop_code":null,"stop_name":"㉕ 台東区役所","stop_desc":null,"zone_id":"ZON_000004_032","location_type":0,"parent_station":null,"wheelchair_boarding":null}},{"type":"Feature","id":"F022:STP_000004_033","geometry":{"type":"Point","coordinates":[139.778532,35.714538]},"properties":{"id":"F022:STP_000004_033","feed_id":"F022","feed_slug":"taito-megurin","municipality":"台東区","service_name":"めぐりん","license":"CC BY 4.0","source_stop_id":"STP_000004_033","stop_code":null,"stop_name":"㉖ 上野駅入谷口","stop_desc":null,"zone_id":"ZON_000004_033","location_type":0,"parent_station":null,"wheelchair_boarding":null}},{"type":"Feature","id":"F022:STP_000004_034","geometry":{"type":"Point","coordinates":[139.785194,35.715254]},"properties":{"id":"F022:STP_000004_034","feed_id":"F022","feed_slug":"taito-megurin","municipality":"台東区","service_name":"めぐりん","license":"CC BY 4.0","source_stop_id":"STP_000004_034","stop_code":null,"stop_name":"㉗ 北上野二丁目","stop_desc":null,"zone_id":"ZON_000004_034","location_type":0,"parent_station":null,"wheelchair_boarding":null}},{"type":"Feature","id":"F022:STP_000004_035","geometry":{"type":"Point","coordinates":[139.787624,35.714774]},"properties":{"id":"F022:STP_000004_035","feed_id":"F022","feed_slug":"taito-megurin","municipality":"台東区","service_name":"めぐりん","license":"CC BY 4.0","source_stop_id":"STP_000004_035","stop_code":null,"stop_name":"㉘ 松が谷","stop_desc":null,"zone_id":"ZON_000004_035","location_type":0,"parent_station":null,"wheelchair_boarding":null}},{"type":"Feature","id":"F022:STP_000004_036","geometry":{"type":"Point","coordinates":[139.791424,35.714035]},"properties":{"id":"F022:STP_000004_036","feed_id":"F022","feed_slug":"taito-megurin","municipality":"台東区","service_name":"めぐりん","license":"CC BY 4.0","source_stop_id":"STP_000004_036","stop_code":null,"stop_name":"㉙ 西浅草三丁目","stop_desc":null,"zone_id":"ZON_000004_036","location_type":0,"parent_station":null,"wheelchair_boarding":null}},{"type":"Feature","id":"F022:STP_000004_037","geometry":{"type":"Point","coordinates":[139.792389,35.71295]},"properties":{"id":"F022:STP_000004_037","feed_id":"F022","feed_slug":"taito-megurin","municipality":"台東区","service_name":"めぐりん","license":"CC BY 4.0","source_stop_id":"STP_000004_037","stop_code":null,"stop_name":"㉚ つくばエクスプレス浅草駅","stop_desc":null,"zone_id":"ZON_000004_037","location_type":0,"parent_station":null,"wheelchair_boarding":null}},{"type":"Feature","id":"F022:STP_000004_038","geometry":{"type":"Point","coordinates":[139.794334,35.711225]},"properties":{"id":"F022:STP_000004_038","feed_id":"F022","feed_slug":"taito-megurin","municipality":"台東区","service_name":"めぐりん","license":"CC BY 4.0","source_stop_id":"STP_000004_038","stop_code":null,"stop_name":"㉛ 雷門通り","stop_desc":null,"zone_id":"ZON_000004_038","location_type":0,"parent_station":null,"wheelchair_boarding":null}},{"type":"Feature","id":"F022:STP_000004_039","geometry":{"type":"Point","coordinates":[139.798193,35.711445]},"properties":{"id":"F022:STP_000004_039","feed_id":"F022","feed_slug":"taito-megurin","municipality":"台東区","service_name":"めぐりん","license":"CC BY 4.0","source_stop_id":"STP_000004_039","stop_code":null,"stop_name":"㉜ 浅草駅","stop_desc":null,"zone_id":"ZON_000004_039","location_type":0,"parent_station":null,"wheelchair_boarding":null}},{"type":"Feature","id":"F022:STP_000004_040","geometry":{"type":"Point","coordinates":[139.796317,35.710239]},"properties":{"id":"F022:STP_000004_040","feed_id":"F022","feed_slug":"taito-megurin","municipality":"台東区","service_name":"めぐりん","license":"CC BY 4.0","source_stop_id":"STP_000004_040","stop_code":null,"stop_name":"㉝ 雷門前","stop_desc":null,"zone_id":"ZON_000004_040","location_type":0,"parent_station":null,"wheelchair_boarding":null}},{"type":"Feature","id":"F022:STP_000004_041","geometry":{"type":"Point","coordinates":[139.794934,35.708935]},"properties":{"id":"F022:STP_000004_041","feed_id":"F022","feed_slug":"taito-megurin","municipality":"台東区","service_name":"めぐりん","license":"CC BY 4.0","source_stop_id":"STP_000004_041","stop_code":null,"stop_name":"㉞ 都営浅草駅","stop_desc":null,"zone_id":"ZON_000004_041","location_type":0,"parent_station":null,"wheelchair_boarding":null}},{"type":"Feature","id":"F022:STP_000004_042","geometry":{"type":"Point","coordinates":[139.793674,35.707185]},"properties":{"id":"F022:STP_000004_042","feed_id":"F022","feed_slug":"taito-megurin","municipality":"台東区","service_name":"めぐりん","license":"CC BY 4.0","source_stop_id":"STP_000004_042","stop_code":null,"stop_name":"㉟ 浅草消防署","stop_desc":null,"zone_id":"ZON_000004_042","location_type":0,"parent_station":null,"wheelchair_boarding":null}},{"type":"Feature","id":"F022:STP_000004_043","geometry":{"type":"Point","coordinates":[139.788994,35.707355]},"properties":{"id":"F022:STP_000004_043","feed_id":"F022","feed_slug":"taito-megurin","municipality":"台東区","service_name":"めぐりん","license":"CC BY 4.0","source_stop_id":"STP_000004_043","stop_code":null,"stop_name":"㊱ 南部区民事務所","stop_desc":null,"zone_id":"ZON_000004_043","location_type":0,"parent_station":null,"wheelchair_boarding":null}},{"type":"Feature","id":"F022:STP_000004_044","geometry":{"type":"Point","coordinates":[139.784963,35.706117]},"properties":{"id":"F022:STP_000004_044","feed_id":"F022","feed_slug":"taito-megurin","municipality":"台東区","service_name":"めぐりん","license":"CC BY 4.0","source_stop_id":"STP_000004_044","stop_code":null,"stop_name":"㊲ 三筋二丁目（台東デザイナーズビレッジ）","stop_desc":null,"zone_id":"ZON_000004_044","location_type":0,"parent_station":null,"wheelchair_boarding":null}},{"type":"Feature","id":"F022:STP_000004_045","geometry":{"type":"Point","coordinates":[139.781564,35.703771]},"properties":{"id":"F022:STP_000004_045","feed_id":"F022","feed_slug":"taito-megurin","municipality":"台東区","service_name":"めぐりん","license":"CC BY 4.0","source_stop_id":"STP_000004_045","stop_code":null,"stop_name":"㊳ 小島社会教育館","stop_desc":null,"zone_id":"ZON_000004_045","location_type":0,"parent_station":null,"wheelchair_boarding":null}},{"type":"Feature","id":"F022:STP_000004_046","geometry":{"type":"Point","coordinates":[139.781893,35.7073]},"properties":{"id":"F022:STP_000004_046","feed_id":"F022","feed_slug":"taito-megurin","municipality":"台東区","service_name":"めぐりん","license":"CC BY 4.0","source_stop_id":"STP_000004_046","stop_code":null,"stop_name":"㊴ 新御徒町駅","stop_desc":null,"zone_id":"ZON_000004_046","location_type":0,"parent_station":null,"wheelchair_boarding":null}},{"type":"Feature","id":"F022:STP_000004_047","geometry":{"type":"Point","coordinates":[139.780265,35.709695]},"properties":{"id":"F022:STP_000004_047","feed_id":"F022","feed_slug":"taito-megurin","municipality":"台東区","service_name":"めぐりん","license":"CC BY 4.0","source_stop_id":"STP_000004_047","stop_code":null,"stop_name":"㊵ 永寿総合病院東","stop_desc":null,"zone_id":"ZON_000004_047","location_type":0,"parent_station":null,"wheelchair_boarding":null}},{"type":"Feature","id":"F010:STP_000001_001","geometry":{"type":"Point","coordinates":[139.469368,35.696534]},"properties":{"id":"F010:STP_000001_001","feed_id":"F010","feed_slug":"kokubunji-bunbus","municipality":"国分寺市","service_name":"ぶんバス","license":"CC BY 4.0","source_stop_id":"STP_000001_001","stop_code":null,"stop_name":"国分寺市役所","stop_desc":null,"zone_id":"ZON_000001_001","location_type":0,"parent_station":null,"wheelchair_boarding":null}},{"type":"Feature","id":"F010:STP_000001_002","geometry":{"type":"Point","coordinates":[139.464709,35.695003]},"properties":{"id":"F010:STP_000001_002","feed_id":"F010","feed_slug":"kokubunji-bunbus","municipality":"国分寺市","service_name":"ぶんバス","license":"CC BY 4.0","source_stop_id":"STP_000001_002","stop_code":null,"stop_name":"泉町三丁目","stop_desc":null,"zone_id":"ZON_000001_002","location_type":0,"parent_station":null,"wheelchair_boarding":null}},{"type":"Feature","id":"F010:STP_000001_003","geometry":{"type":"Point","coordinates":[139.464668,35.697157]},"properties":{"id":"F010:STP_000001_003","feed_id":"F010","feed_slug":"kokubunji-bunbus","municipality":"国分寺市","service_name":"ぶんバス","license":"CC BY 4.0","source_stop_id":"STP_000001_003","stop_code":null,"stop_name":"多喜窪公会堂北","stop_desc":null,"zone_id":"ZON_000001_003","location_type":0,"parent_station":null,"wheelchair_boarding":null}},{"type":"Feature","id":"F010:STP_000001_004","geometry":{"type":"Point","coordinates":[139.465723,35.698691]},"properties":{"id":"F010:STP_000001_004","feed_id":"F010","feed_slug":"kokubunji-bunbus","municipality":"国分寺市","service_name":"ぶんバス","license":"CC BY 4.0","source_stop_id":"STP_000001_004","stop_code":null,"stop_name":"西国分寺駅","stop_desc":null,"zone_id":"ZON_000001_004","location_type":0,"parent_station":null,"wheelchair_boarding":null}},{"type":"Feature","id":"F010:STP_000001_005","geometry":{"type":"Point","coordinates":[139.464376,35.696749]},"properties":{"id":"F010:STP_000001_005","feed_id":"F010","feed_slug":"kokubunji-bunbus","municipality":"国分寺市","service_name":"ぶんバス","license":"CC BY 4.0","source_stop_id":"STP_000001_005","stop_code":null,"stop_name":"多喜窪公会堂南","stop_desc":null,"zone_id":"ZON_000001_005","location_type":0,"parent_station":null,"wheelchair_boarding":null}},{"type":"Feature","id":"F010:STP_000001_007","geometry":{"type":"Point","coordinates":[139.461942,35.694024]},"properties":{"id":"F010:STP_000001_007","feed_id":"F010","feed_slug":"kokubunji-bunbus","municipality":"国分寺市","service_name":"ぶんバス","license":"CC BY 4.0","source_stop_id":"STP_000001_007","stop_code":null,"stop_name":"武蔵台学園","stop_desc":null,"zone_id":"ZON_000001_007","location_type":0,"parent_station":null,"wheelchair_boarding":null}},{"type":"Feature","id":"F010:STP_000001_008","geometry":{"type":"Point","coordinates":[139.459719,35.697547]},"properties":{"id":"F010:STP_000001_008","feed_id":"F010","feed_slug":"kokubunji-bunbus","municipality":"国分寺市","service_name":"ぶんバス","license":"CC BY 4.0","source_stop_id":"STP_000001_008","stop_code":null,"stop_name":"内藤橋南","stop_desc":null,"zone_id":"ZON_000001_008","location_type":0,"parent_station":null,"wheelchair_boarding":null}},{"type":"Feature","id":"F010:STP_000001_009","geometry":{"type":"Point","coordinates":[139.45848,35.700191]},"properties":{"id":"F010:STP_000001_009","feed_id":"F010","feed_slug":"kokubunji-bunbus","municipality":"国分寺市","service_name":"ぶんバス","license":"CC BY 4.0","source_stop_id":"STP_000001_009","stop_code":null,"stop_name":"内藤橋北","stop_desc":null,"zone_id":"ZON_000001_009","location_type":0,"parent_station":null,"wheelchair_boarding":null}},{"type":"Feature","id":"F010:STP_000001_010","geometry":{"type":"Point","coordinates":[139.455611,35.702161]},"properties":{"id":"F010:STP_000001_010","feed_id":"F010","feed_slug":"kokubunji-bunbus","municipality":"国分寺市","service_name":"ぶんバス","license":"CC BY 4.0","source_stop_id":"STP_000001_010","stop_code":null,"stop_name":"日吉町三丁目","stop_desc":null,"zone_id":"ZON_000001_010","location_type":0,"parent_station":null,"wheelchair_boarding":null}},{"type":"Feature","id":"F010:STP_000001_011","geometry":{"type":"Point","coordinates":[139.454097,35.703531]},"properties":{"id":"F010:STP_000001_011","feed_id":"F010","feed_slug":"kokubunji-bunbus","municipality":"国分寺市","service_name":"ぶんバス","license":"CC BY 4.0","source_stop_id":"STP_000001_011","stop_code":null,"stop_name":"日吉町交差点南","stop_desc":null,"zone_id":"ZON_000001_011","location_type":0,"parent_station":null,"wheelchair_boarding":null}},{"type":"Feature","id":"F010:STP_000001_012","geometry":{"type":"Point","coordinates":[139.451436,35.706072]},"properties":{"id":"F010:STP_000001_012","feed_id":"F010","feed_slug":"kokubunji-bunbus","municipality":"国分寺市","service_name":"ぶんバス","license":"CC BY 4.0","source_stop_id":"STP_000001_012","stop_code":null,"stop_name":"富士本一丁目","stop_desc":null,"zone_id":"ZON_000001_012","location_type":0,"parent_station":null,"wheelchair_boarding":null}},{"type":"Feature","id":"F010:STP_000001_013","geometry":{"type":"Point","coordinates":[139.45,35.7075]},"properties":{"id":"F010:STP_000001_013","feed_id":"F010","feed_slug":"kokubunji-bunbus","municipality":"国分寺市","service_name":"ぶんバス","license":"CC BY 4.0","source_stop_id":"STP_000001_013","stop_code":null,"stop_name":"富士本二丁目","stop_desc":null,"zone_id":"ZON_000001_013","location_type":0,"parent_station":null,"wheelchair_boarding":null}},{"type":"Feature","id":"F010:STP_000001_014","geometry":{"type":"Point","coordinates":[139.450466,35.708196]},"properties":{"id":"F010:STP_000001_014","feed_id":"F010","feed_slug":"kokubunji-bunbus","municipality":"国分寺市","service_name":"ぶんバス","license":"CC BY 4.0","source_stop_id":"STP_000001_014","stop_code":null,"stop_name":"戸倉三丁目","stop_desc":null,"zone_id":"ZON_000001_014","location_type":0,"parent_station":null,"wheelchair_boarding":null}},{"type":"Feature","id":"F010:STP_000001_015","geometry":{"type":"Point","coordinates":[139.452511,35.709323]},"properties":{"id":"F010:STP_000001_015","feed_id":"F010","feed_slug":"kokubunji-bunbus","municipality":"国分寺市","service_name":"ぶんバス","license":"CC BY 4.0","source_stop_id":"STP_000001_015","stop_code":null,"stop_name":"第十小学校北","stop_desc":null,"zone_id":"ZON_000001_015","location_type":0,"parent_station":null,"wheelchair_boarding":null}},{"type":"Feature","id":"F010:STP_000001_016","geometry":{"type":"Point","coordinates":[139.453842,35.710048]},"properties":{"id":"F010:STP_000001_016","feed_id":"F010","feed_slug":"kokubunji-bunbus","municipality":"国分寺市","service_name":"ぶんバス","license":"CC BY 4.0","source_stop_id":"STP_000001_016","stop_code":null,"stop_name":"戸倉神社","stop_desc":null,"zone_id":"ZON_000001_016","location_type":0,"parent_station":null,"wheelchair_boarding":null}},{"type":"Feature","id":"F010:STP_000001_017","geometry":{"type":"Point","coordinates":[139.455408,35.708921]},"properties":{"id":"F010:STP_000001_017","feed_id":"F010","feed_slug":"kokubunji-bunbus","municipality":"国分寺市","service_name":"ぶんバス","license":"CC BY 4.0","source_stop_id":"STP_000001_017","stop_code":null,"stop_name":"福祉センター入口","stop_desc":null,"zone_id":"ZON_000001_017","location_type":0,"parent_station":null,"wheelchair_boarding":null}},{"type":"Feature","id":"F010:STP_000001_018","geometry":{"type":"Point","coordinates":[139.45634,35.709284]},"properties":{"id":"F010:STP_000001_018","feed_id":"F010","feed_slug":"kokubunji-bunbus","municipality":"国分寺市","service_name":"ぶんバス","license":"CC BY 4.0","source_stop_id":"STP_000001_018","stop_code":null,"stop_name":"戸倉四丁目","stop_desc":null,"zone_id":"ZON_000001_018","location_type":0,"parent_station":null,"wheelchair_boarding":null}},{"type":"Feature","id":"F010:STP_000001_019","geometry":{"type":"Point","coordinates":[139.457785,35.707216]},"properties":{"id":"F010:STP_000001_019","feed_id":"F010","feed_slug":"kokubunji-bunbus","municipality":"国分寺市","service_name":"ぶんバス","license":"CC BY 4.0","source_stop_id":"STP_000001_019","stop_code":null,"stop_name":"戸倉二丁目東","stop_desc":null,"zone_id":"ZON_000001_019","location_type":0,"parent_station":null,"wheelchair_boarding":null}},{"type":"Feature","id":"F010:STP_000001_020","geometry":{"type":"Point","coordinates":[139.458412,35.70681]},"properties":{"id":"F010:STP_000001_020","feed_id":"F010","feed_slug":"kokubunji-bunbus","municipality":"国分寺市","service_name":"ぶんバス","license":"CC BY 4.0","source_stop_id":"STP_000001_020","stop_code":null,"stop_name":"うれしのの里","stop_desc":null,"zone_id":"ZON_000001_020","location_type":0,"parent_station":null,"wheelchair_boarding":null}},{"type":"Feature","id":"F010:STP_000001_021","geometry":{"type":"Point","coordinates":[139.460994,35.70841]},"properties":{"id":"F010:STP_000001_021","feed_id":"F010","feed_slug":"kokubunji-bunbus","municipality":"国分寺市","service_name":"ぶんバス","license":"CC BY 4.0","source_stop_id":"STP_000001_021","stop_code":null,"stop_name":"内藤神社","stop_desc":null,"zone_id":"ZON_000001_021","location_type":0,"parent_station":null,"wheelchair_boarding":null}},{"type":"Feature","id":"F010:STP_000001_022","geometry":{"type":"Point","coordinates":[139.462317,35.710615]},"properties":{"id":"F010:STP_000001_022","feed_id":"F010","feed_slug":"kokubunji-bunbus","municipality":"国分寺市","service_name":"ぶんバス","license":"CC BY 4.0","source_stop_id":"STP_000001_022","stop_code":null,"stop_name":"恋ヶ窪駅西","stop_desc":null,"zone_id":"ZON_000001_022","location_type":0,"parent_station":null,"wheelchair_boarding":null}},{"type":"Feature","id":"F010:STP_000001_023","geometry":{"type":"Point","coordinates":[139.462254,35.708089]},"properties":{"id":"F010:STP_000001_023","feed_id":"F010","feed_slug":"kokubunji-bunbus","municipality":"国分寺市","service_name":"ぶんバス","license":"CC BY 4.0","source_stop_id":"STP_000001_023","stop_code":null,"stop_name":"日吉町四丁目","stop_desc":null,"zone_id":"ZON_000001_023","location_type":0,"parent_station":null,"wheelchair_boarding":null}},{"type":"Feature","id":"F010:STP_000001_024","geometry":{"type":"Point","coordinates":[139.464977,35.706143]},"properties":{"id":"F010:STP_000001_024","feed_id":"F010","feed_slug":"kokubunji-bunbus","municipality":"国分寺市","service_name":"ぶんバス","license":"CC BY 4.0","source_stop_id":"STP_000001_024","stop_code":null,"stop_name":"市民室内プール前","stop_desc":null,"zone_id":"ZON_000001_024","location_type":0,"parent_station":null,"wheelchair_boarding":null}},{"type":"Feature","id":"F010:STP_000001_025","geometry":{"type":"Point","coordinates":[139.466457,35.70358]},"properties":{"id":"F010:STP_000001_025","feed_id":"F010","feed_slug":"kokubunji-bunbus","municipality":"国分寺市","service_name":"ぶんバス","license":"CC BY 4.0","source_stop_id":"STP_000001_025","stop_code":null,"stop_name":"西恋ヶ窪一丁目北","stop_desc":null,"zone_id":"ZON_000001_025","location_type":0,"parent_station":null,"wheelchair_boarding":null}},{"type":"Feature","id":"F010:STP_000001_026","geometry":{"type":"Point","coordinates":[139.466238,35.701688]},"properties":{"id":"F010:STP_000001_026","feed_id":"F010","feed_slug":"kokubunji-bunbus","municipality":"国分寺市","service_name":"ぶんバス","license":"CC BY 4.0","source_stop_id":"STP_000001_026","stop_code":null,"stop_name":"西恋ヶ窪一丁目南","stop_desc":null,"zone_id":"ZON_000001_026","location_type":0,"parent_station":null,"wheelchair_boarding":null}},{"type":"Feature","id":"F010:STP_000001_027","geometry":{"type":"Point","coordinates":[139.466487,35.700428]},"properties":{"id":"F010:STP_000001_027","feed_id":"F010","feed_slug":"kokubunji-bunbus","municipality":"国分寺市","service_name":"ぶんバス","license":"CC BY 4.0","source_stop_id":"STP_000001_027","stop_code":null,"stop_name":"西国分寺駅北","stop_desc":null,"zone_id":"ZON_000001_027","location_type":0,"parent_station":null,"wheelchair_boarding":null}},{"type":"Feature","id":"F010:STP_000001_028","geometry":{"type":"Point","coordinates":[139.467868,35.699368]},"properties":{"id":"F010:STP_000001_028","feed_id":"F010","feed_slug":"kokubunji-bunbus","municipality":"国分寺市","service_name":"ぶんバス","license":"CC BY 4.0","source_stop_id":"STP_000001_028","stop_code":null,"stop_name":"西国分寺駅東","stop_desc":null,"zone_id":"ZON_000001_028","location_type":0,"parent_station":null,"wheelchair_boarding":null}},{"type":"Feature","id":"F010:STP_000002_001","geometry":{"type":"Point","coordinates":[139.480526,35.699154]},"properties":{"id":"F010:STP_000002_001","feed_id":"F010","feed_slug":"kokubunji-bunbus","municipality":"国分寺市","service_name":"ぶんバス","license":"CC BY 4.0","source_stop_id":"STP_000002_001","stop_code":null,"stop_name":"国分寺駅南口","stop_desc":null,"zone_id":"ZON_000002_001","location_type":0,"parent_station":null,"wheelchair_boarding":null}},{"type":"Feature","id":"F010:STP_000002_002","geometry":{"type":"Point","coordinates":[139.48083,35.696066]},"properties":{"id":"F010:STP_000002_002","feed_id":"F010","feed_slug":"kokubunji-bunbus","municipality":"国分寺市","service_name":"ぶんバス","license":"CC BY 4.0","source_stop_id":"STP_000002_002","stop_code":null,"stop_name":"一里塚","stop_desc":null,"zone_id":"ZON_000002_002","location_type":0,"parent_station":null,"wheelchair_boarding":null}},{"type":"Feature","id":"F010:STP_000002_003","geometry":{"type":"Point","coordinates":[139.480919,35.693558]},"properties":{"id":"F010:STP_000002_003","feed_id":"F010","feed_slug":"kokubunji-bunbus","municipality":"国分寺市","service_name":"ぶんバス","license":"CC BY 4.0","source_stop_id":"STP_000002_003","stop_code":null,"stop_name":"東元町","stop_desc":null,"zone_id":"ZON_000002_003","location_type":0,"parent_station":null,"wheelchair_boarding":null}},{"type":"Feature","id":"F010:STP_000002_004","geometry":{"type":"Point","coordinates":[139.483135,35.693874]},"properties":{"id":"F010:STP_000002_004","feed_id":"F010","feed_slug":"kokubunji-bunbus","municipality":"国分寺市","service_name":"ぶんバス","license":"CC BY 4.0","source_stop_id":"STP_000002_004","stop_code":null,"stop_name":"元町駐在所","stop_desc":null,"zone_id":"ZON_000002_004","location_type":0,"parent_station":null,"wheelchair_boarding":null}},{"type":"Feature","id":"F010:STP_000002_005","geometry":{"type":"Point","coordinates":[139.48501,35.694197]},"properties":{"id":"F010:STP_000002_005","feed_id":"F010","feed_slug":"kokubunji-bunbus","municipality":"国分寺市","service_name":"ぶんバス","license":"CC BY 4.0","source_stop_id":"STP_000002_005","stop_code":null,"stop_name":"東元町一丁目","stop_desc":null,"zone_id":"ZON_000002_005","location_type":0,"parent_station":null,"wheelchair_boarding":null}},{"type":"Feature","id":"F010:STP_000002_006","geometry":{"type":"Point","coordinates":[139.488653,35.694383]},"properties":{"id":"F010:STP_000002_006","feed_id":"F010","feed_slug":"kokubunji-bunbus","municipality":"国分寺市","service_name":"ぶんバス","license":"CC BY 4.0","source_stop_id":"STP_000002_006","stop_code":null,"stop_name":"新町三丁目","stop_desc":null,"zone_id":"ZON_000002_006","location_type":0,"parent_station":null,"wheelchair_boarding":null}},{"type":"Feature","id":"F010:STP_000002_007","geometry":{"type":"Point","coordinates":[139.490918,35.696798]},"properties":{"id":"F010:STP_000002_007","feed_id":"F010","feed_slug":"kokubunji-bunbus","municipality":"国分寺市","service_name":"ぶんバス","license":"CC BY 4.0","source_stop_id":"STP_000002_007","stop_code":null,"stop_name":"貫井南町四丁目","stop_desc":null,"zone_id":"ZON_000002_007","location_type":0,"parent_station":null,"wheelchair_boarding":null}},{"type":"Feature","id":"F010:STP_000002_008","geometry":{"type":"Point","coordinates":[139.487872,35.697663]},"properties":{"id":"F010:STP_000002_008","feed_id":"F010","feed_slug":"kokubunji-bunbus","municipality":"国分寺市","service_name":"ぶんバス","license":"CC BY 4.0","source_stop_id":"STP_000002_008","stop_code":null,"stop_name":"長谷戸橋","stop_desc":null,"zone_id":"ZON_000002_008","location_type":0,"parent_station":null,"wheelchair_boarding":null}},{"type":"Feature","id":"F010:STP_000002_009","geometry":{"type":"Point","coordinates":[139.486126,35.699011]},"properties":{"id":"F010:STP_000002_009","feed_id":"F010","feed_slug":"kokubunji-bunbus","municipality":"国分寺市","service_name":"ぶんバス","license":"CC BY 4.0","source_stop_id":"STP_000002_009","stop_code":null,"stop_name":"南町二丁目東","stop_desc":null,"zone_id":"ZON_000002_009","location_type":0,"parent_station":null,"wheelchair_boarding":null}},{"type":"Feature","id":"F010:STP_000002_010","geometry":{"type":"Point","coordinates":[139.483309,35.699542]},"properties":{"id":"F010:STP_000002_010","feed_id":"F010","feed_slug":"kokubunji-bunbus","municipality":"国分寺市","service_name":"ぶんバス","license":"CC BY 4.0","source_stop_id":"STP_000002_010","stop_code":null,"stop_name":"丸山通り","stop_desc":null,"zone_id":"ZON_000002_010","location_type":0,"parent_station":null,"wheelchair_boarding":null}},{"type":"Feature","id":"F010:STP_000003_001","geometry":{"type":"Point","coordinates":[139.480544,35.701197]},"properties":{"id":"F010:STP_000003_001","feed_id":"F010","feed_slug":"kokubunji-bunbus","municipality":"国分寺市","service_name":"ぶんバス","license":"CC BY 4.0","source_stop_id":"STP_000003_001","stop_code":null,"stop_name":"国分寺駅北口","stop_desc":null,"zone_id":"ZON_000003_001","location_type":0,"parent_station":null,"wheelchair_boarding":null}},{"type":"Feature","id":"F010:STP_000003_002","geometry":{"type":"Point","coordinates":[139.481427,35.701954]},"properties":{"id":"F010:STP_000003_002","feed_id":"F010","feed_slug":"kokubunji-bunbus","municipality":"国分寺市","service_name":"ぶんバス","license":"CC BY 4.0","source_stop_id":"STP_000003_002","stop_code":null,"stop_name":"本町二丁目西","stop_desc":null,"zone_id":"ZON_000003_002","location_type":0,"parent_station":null,"wheelchair_boarding":null}},{"type":"Feature","id":"F010:STP_000003_003","geometry":{"type":"Point","coordinates":[139.483283,35.701592]},"properties":{"id":"F010:STP_000003_003","feed_id":"F010","feed_slug":"kokubunji-bunbus","municipality":"国分寺市","service_name":"ぶんバス","license":"CC BY 4.0","source_stop_id":"STP_000003_003","stop_code":null,"stop_name":"本町二丁目東","stop_desc":null,"zone_id":"ZON_000003_003","location_type":0,"parent_station":null,"wheelchair_boarding":null}},{"type":"Feature","id":"F010:STP_000003_004","geometry":{"type":"Point","coordinates":[139.484264,35.702281]},"properties":{"id":"F010:STP_000003_004","feed_id":"F010","feed_slug":"kokubunji-bunbus","municipality":"国分寺市","service_name":"ぶんバス","license":"CC BY 4.0","source_stop_id":"STP_000003_004","stop_code":null,"stop_name":"早稲田実業学校","stop_desc":null,"zone_id":"ZON_000003_004","location_type":0,"parent_station":null,"wheelchair_boarding":null}},{"type":"Feature","id":"F010:STP_000003_005","geometry":{"type":"Point","coordinates":[139.485008,35.703656]},"properties":{"id":"F010:STP_000003_005","feed_id":"F010","feed_slug":"kokubunji-bunbus","municipality":"国分寺市","service_name":"ぶんバス","license":"CC BY 4.0","source_stop_id":"STP_000003_005","stop_code":null,"stop_name":"本多一丁目","stop_desc":null,"zone_id":"ZON_000003_005","location_type":0,"parent_station":null,"wheelchair_boarding":null}},{"type":"Feature","id":"F010:STP_000003_006","geometry":{"type":"Point","coordinates":[139.485186,35.704738]},"properties":{"id":"F010:STP_000003_006","feed_id":"F010","feed_slug":"kokubunji-bunbus","municipality":"国分寺市","service_name":"ぶんバス","license":"CC BY 4.0","source_stop_id":"STP_000003_006","stop_code":null,"stop_name":"本多五丁目","stop_desc":null,"zone_id":"ZON_000003_006","location_type":0,"parent_station":null,"wheelchair_boarding":null}},{"type":"Feature","id":"F010:STP_000003_007","geometry":{"type":"Point","coordinates":[139.482412,35.705015]},"properties":{"id":"F010:STP_000003_007","feed_id":"F010","feed_slug":"kokubunji-bunbus","municipality":"国分寺市","service_name":"ぶんバス","license":"CC BY 4.0","source_stop_id":"STP_000003_007","stop_code":null,"stop_name":"本多公民館","stop_desc":null,"zone_id":"ZON_000003_007","location_type":0,"parent_station":null,"wheelchair_boarding":null}},{"type":"Feature","id":"F010:STP_000003_008","geometry":{"type":"Point","coordinates":[139.482024,35.706106]},"properties":{"id":"F010:STP_000003_008","feed_id":"F010","feed_slug":"kokubunji-bunbus","municipality":"国分寺市","service_name":"ぶんバス","license":"CC BY 4.0","source_stop_id":"STP_000003_008","stop_code":null,"stop_name":"本多二丁目","stop_desc":null,"zone_id":"ZON_000003_008","location_type":0,"parent_station":null,"wheelchair_boarding":null}},{"type":"Feature","id":"F010:STP_000003_009","geometry":{"type":"Point","coordinates":[139.480736,35.707721]},"properties":{"id":"F010:STP_000003_009","feed_id":"F010","feed_slug":"kokubunji-bunbus","municipality":"国分寺市","service_name":"ぶんバス","license":"CC BY 4.0","source_stop_id":"STP_000003_009","stop_code":null,"stop_name":"本多八幡神社西","stop_desc":null,"zone_id":"ZON_000003_009","location_type":0,"parent_station":null,"wheelchair_boarding":null}},{"type":"Feature","id":"F010:STP_000003_010","geometry":{"type":"Point","coordinates":[139.481397,35.709945]},"properties":{"id":"F010:STP_000003_010","feed_id":"F010","feed_slug":"kokubunji-bunbus","municipality":"国分寺市","service_name":"ぶんバス","license":"CC BY 4.0","source_stop_id":"STP_000003_010","stop_code":null,"stop_name":"本多四丁目西","stop_desc":null,"zone_id":"ZON_000003_010","location_type":0,"parent_station":null,"wheelchair_boarding":null}},{"type":"Feature","id":"F010:STP_000003_011","geometry":{"type":"Point","coordinates":[139.481765,35.71116]},"properties":{"id":"F010:STP_000003_011","feed_id":"F010","feed_slug":"kokubunji-bunbus","municipality":"国分寺市","service_name":"ぶんバス","license":"CC BY 4.0","source_stop_id":"STP_000003_011","stop_code":null,"stop_name":"本多三丁目","stop_desc":null,"zone_id":"ZON_000003_011","location_type":0,"parent_station":null,"wheelchair_boarding":null}},{"type":"Feature","id":"F010:STP_000003_012","geometry":{"type":"Point","coordinates":[139.481025,35.712262]},"properties":{"id":"F010:STP_000003_012","feed_id":"F010","feed_slug":"kokubunji-bunbus","municipality":"国分寺市","service_name":"ぶんバス","license":"CC BY 4.0","source_stop_id":"STP_000003_012","stop_code":null,"stop_name":"本多三丁目北","stop_desc":null,"zone_id":"ZON_000003_012","location_type":0,"parent_station":null,"wheelchair_boarding":null}},{"type":"Feature","id":"F010:STP_000003_013","geometry":{"type":"Point","coordinates":[139.480375,35.712092]},"properties":{"id":"F010:STP_000003_013","feed_id":"F010","feed_slug":"kokubunji-bunbus","municipality":"国分寺市","service_name":"ぶんバス","license":"CC BY 4.0","source_stop_id":"STP_000003_013","stop_code":null,"stop_name":"ほんだ保育園東","stop_desc":null,"zone_id":"ZON_000003_013","location_type":0,"parent_station":null,"wheelchair_boarding":null}},{"type":"Feature","id":"F010:STP_000003_014","geometry":{"type":"Point","coordinates":[139.479595,35.709464]},"properties":{"id":"F010:STP_000003_014","feed_id":"F010","feed_slug":"kokubunji-bunbus","municipality":"国分寺市","service_name":"ぶんバス","license":"CC BY 4.0","source_stop_id":"STP_000003_014","stop_code":null,"stop_name":"もくれん公園","stop_desc":null,"zone_id":"ZON_000003_014","location_type":0,"parent_station":null,"wheelchair_boarding":null}},{"type":"Feature","id":"F010:STP_000003_015","geometry":{"type":"Point","coordinates":[139.479408,35.707769]},"properties":{"id":"F010:STP_000003_015","feed_id":"F010","feed_slug":"kokubunji-bunbus","municipality":"国分寺市","service_name":"ぶんバス","license":"CC BY 4.0","source_stop_id":"STP_000003_015","stop_code":null,"stop_name":"連雀通り北","stop_desc":null,"zone_id":"ZON_000003_015","location_type":0,"parent_station":null,"wheelchair_boarding":null}},{"type":"Feature","id":"F010:STP_000003_016","geometry":{"type":"Point","coordinates":[139.479822,35.705126]},"properties":{"id":"F010:STP_000003_016","feed_id":"F010","feed_slug":"kokubunji-bunbus","municipality":"国分寺市","service_name":"ぶんバス","license":"CC BY 4.0","source_stop_id":"STP_000003_016","stop_code":null,"stop_name":"商工会館","stop_desc":null,"zone_id":"ZON_000003_016","location_type":0,"parent_station":null,"wheelchair_boarding":null}},{"type":"Feature","id":"F010:STP_000003_017","geometry":{"type":"Point","coordinates":[139.481578,35.704689]},"properties":{"id":"F010:STP_000003_017","feed_id":"F010","feed_slug":"kokubunji-bunbus","municipality":"国分寺市","service_name":"ぶんバス","license":"CC BY 4.0","source_stop_id":"STP_000003_017","stop_code":null,"stop_name":"本多一丁目西","stop_desc":null,"zone_id":"ZON_000003_017","location_type":0,"parent_station":null,"wheelchair_boarding":null}},{"type":"Feature","id":"F010:STP_000003_018","geometry":{"type":"Point","coordinates":[139.48113,35.70339]},"properties":{"id":"F010:STP_000003_018","feed_id":"F010","feed_slug":"kokubunji-bunbus","municipality":"国分寺市","service_name":"ぶんバス","license":"CC BY 4.0","source_stop_id":"STP_000003_018","stop_code":null,"stop_name":"本町","stop_desc":null,"zone_id":"ZON_000003_018","location_type":0,"parent_station":null,"wheelchair_boarding":null}},{"type":"Feature","id":"F010:STP_000004_001","geometry":{"type":"Point","coordinates":[139.447014,35.699603]},"properties":{"id":"F010:STP_000004_001","feed_id":"F010","feed_slug":"kokubunji-bunbus","municipality":"国分寺市","service_name":"ぶんバス","license":"CC BY 4.0","source_stop_id":"STP_000004_001","stop_code":null,"stop_name":"国立駅北口","stop_desc":null,"zone_id":"ZON_000004_001","location_type":0,"parent_station":null,"wheelchair_boarding":null}},{"type":"Feature","id":"F010:STP_000004_002","geometry":{"type":"Point","coordinates":[139.447281,35.700696]},"properties":{"id":"F010:STP_000004_002","feed_id":"F010","feed_slug":"kokubunji-bunbus","municipality":"国分寺市","service_name":"ぶんバス","license":"CC BY 4.0","source_stop_id":"STP_000004_002","stop_code":null,"stop_name":"駅入口","stop_desc":null,"zone_id":"ZON_000004_002","location_type":0,"parent_station":null,"wheelchair_boarding":null}},{"type":"Feature","id":"F010:STP_000004_003","geometry":{"type":"Point","coordinates":[139.446413,35.701548]},"properties":{"id":"F010:STP_000004_003","feed_id":"F010","feed_slug":"kokubunji-bunbus","municipality":"国分寺市","service_name":"ぶんバス","license":"CC BY 4.0","source_stop_id":"STP_000004_003","stop_code":null,"stop_name":"光町通り","stop_desc":null,"zone_id":"ZON_000004_003","location_type":0,"parent_station":null,"wheelchair_boarding":null}},{"type":"Feature","id":"F010:STP_000004_004","geometry":{"type":"Point","coordinates":[139.44615,35.702652]},"properties":{"id":"F010:STP_000004_004","feed_id":"F010","feed_slug":"kokubunji-bunbus","municipality":"国分寺市","service_name":"ぶんバス","license":"CC BY 4.0","source_stop_id":"STP_000004_004","stop_code":null,"stop_name":"光町交番","stop_desc":null,"zone_id":"ZON_000004_004","location_type":0,"parent_station":null,"wheelchair_boarding":null}},{"type":"Feature","id":"F010:STP_000004_005","geometry":{"type":"Point","coordinates":[139.444663,35.702831]},"properties":{"id":"F010:STP_000004_005","feed_id":"F010","feed_slug":"kokubunji-bunbus","municipality":"国分寺市","service_name":"ぶんバス","license":"CC BY 4.0","source_stop_id":"STP_000004_005","stop_code":null,"stop_name":"ひかりプラザ","stop_desc":null,"zone_id":"ZON_000004_005","location_type":0,"parent_station":null,"wheelchair_boarding":null}},{"type":"Feature","id":"F010:STP_000004_006","geometry":{"type":"Point","coordinates":[139.444142,35.704425]},"properties":{"id":"F010:STP_000004_006","feed_id":"F010","feed_slug":"kokubunji-bunbus","municipality":"国分寺市","service_name":"ぶんバス","license":"CC BY 4.0","source_stop_id":"STP_000004_006","stop_code":null,"stop_name":"光町二丁目","stop_desc":null,"zone_id":"ZON_000004_006","location_type":0,"parent_station":null,"wheelchair_boarding":null}},{"type":"Feature","id":"F010:STP_000004_007","geometry":{"type":"Point","coordinates":[139.442829,35.705947]},"properties":{"id":"F010:STP_000004_007","feed_id":"F010","feed_slug":"kokubunji-bunbus","municipality":"国分寺市","service_name":"ぶんバス","license":"CC BY 4.0","source_stop_id":"STP_000004_007","stop_code":null,"stop_name":"稲荷神社","stop_desc":null,"zone_id":"ZON_000004_007","location_type":0,"parent_station":null,"wheelchair_boarding":null}},{"type":"Feature","id":"F010:STP_000004_008","geometry":{"type":"Point","coordinates":[139.443263,35.707608]},"properties":{"id":"F010:STP_000004_008","feed_id":"F010","feed_slug":"kokubunji-bunbus","municipality":"国分寺市","service_name":"ぶんバス","license":"CC BY 4.0","source_stop_id":"STP_000004_008","stop_code":null,"stop_name":"光公民館","stop_desc":null,"zone_id":"ZON_000004_008","location_type":0,"parent_station":null,"wheelchair_boarding":null}},{"type":"Feature","id":"F010:STP_000004_009","geometry":{"type":"Point","coordinates":[139.440528,35.706581]},"properties":{"id":"F010:STP_000004_009","feed_id":"F010","feed_slug":"kokubunji-bunbus","municipality":"国分寺市","service_name":"ぶんバス","license":"CC BY 4.0","source_stop_id":"STP_000004_009","stop_code":null,"stop_name":"ひかり保育園","stop_desc":null,"zone_id":"ZON_000004_009","location_type":0,"parent_station":null,"wheelchair_boarding":null}},{"type":"Feature","id":"F010:STP_000004_010","geometry":{"type":"Point","coordinates":[139.437981,35.706402]},"properties":{"id":"F010:STP_000004_010","feed_id":"F010","feed_slug":"kokubunji-bunbus","municipality":"国分寺市","service_name":"ぶんバス","license":"CC BY 4.0","source_stop_id":"STP_000004_010","stop_code":null,"stop_name":"西町カエデ公園","stop_desc":null,"zone_id":"ZON_000004_010","location_type":0,"parent_station":null,"wheelchair_boarding":null}},{"type":"Feature","id":"F010:STP_000004_011","geometry":{"type":"Point","coordinates":[139.438314,35.705735]},"properties":{"id":"F010:STP_000004_011","feed_id":"F010","feed_slug":"kokubunji-bunbus","municipality":"国分寺市","service_name":"ぶんバス","license":"CC BY 4.0","source_stop_id":"STP_000004_011","stop_code":null,"stop_name":"西町二丁目","stop_desc":null,"zone_id":"ZON_000004_011","location_type":0,"parent_station":null,"wheelchair_boarding":null}},{"type":"Feature","id":"F010:STP_000004_012","geometry":{"type":"Point","coordinates":[139.438141,35.704718]},"properties":{"id":"F010:STP_000004_012","feed_id":"F010","feed_slug":"kokubunji-bunbus","municipality":"国分寺市","service_name":"ぶんバス","license":"CC BY 4.0","source_stop_id":"STP_000004_012","stop_code":null,"stop_name":"弁天八幡宮","stop_desc":null,"zone_id":"ZON_000004_012","location_type":0,"parent_station":null,"wheelchair_boarding":null}},{"type":"Feature","id":"F010:STP_000004_013","geometry":{"type":"Point","coordinates":[139.436537,35.703984]},"properties":{"id":"F010:STP_000004_013","feed_id":"F010","feed_slug":"kokubunji-bunbus","municipality":"国分寺市","service_name":"ぶんバス","license":"CC BY 4.0","source_stop_id":"STP_000004_013","stop_code":null,"stop_name":"戸倉通り","stop_desc":null,"zone_id":"ZON_000004_013","location_type":0,"parent_station":null,"wheelchair_boarding":null}},{"type":"Feature","id":"F010:STP_000004_014","geometry":{"type":"Point","coordinates":[139.433871,35.703327]},"properties":{"id":"F010:STP_000004_014","feed_id":"F010","feed_slug":"kokubunji-bunbus","municipality":"国分寺市","service_name":"ぶんバス","license":"CC BY 4.0","source_stop_id":"STP_000004_014","stop_code":null,"stop_name":"上谷保","stop_desc":null,"zone_id":"ZON_000004_014","location_type":0,"parent_station":null,"wheelchair_boarding":null}},{"type":"Feature","id":"F010:STP_000004_015","geometry":{"type":"Point","coordinates":[139.433427,35.702799]},"properties":{"id":"F010:STP_000004_015","feed_id":"F010","feed_slug":"kokubunji-bunbus","municipality":"国分寺市","service_name":"ぶんバス","license":"CC BY 4.0","source_stop_id":"STP_000004_015","stop_code":null,"stop_name":"西町一丁目北","stop_desc":null,"zone_id":"ZON_000004_015","location_type":0,"parent_station":null,"wheelchair_boarding":null}},{"type":"Feature","id":"F010:STP_000004_016","geometry":{"type":"Point","coordinates":[139.436284,35.703599]},"properties":{"id":"F010:STP_000004_016","feed_id":"F010","feed_slug":"kokubunji-bunbus","municipality":"国分寺市","service_name":"ぶんバス","license":"CC BY 4.0","source_stop_id":"STP_000004_016","stop_code":null,"stop_name":"西町一丁目","stop_desc":null,"zone_id":"ZON_000004_016","location_type":0,"parent_station":null,"wheelchair_boarding":null}},{"type":"Feature","id":"F010:STP_000004_017","geometry":{"type":"Point","coordinates":[139.438219,35.702003]},"properties":{"id":"F010:STP_000004_017","feed_id":"F010","feed_slug":"kokubunji-bunbus","municipality":"国分寺市","service_name":"ぶんバス","license":"CC BY 4.0","source_stop_id":"STP_000004_017","stop_code":null,"stop_name":"都営住宅","stop_desc":null,"zone_id":"ZON_000004_017","location_type":0,"parent_station":null,"wheelchair_boarding":null}},{"type":"Feature","id":"F010:STP_000004_018","geometry":{"type":"Point","coordinates":[139.439533,35.701286]},"properties":{"id":"F010:STP_000004_018","feed_id":"F010","feed_slug":"kokubunji-bunbus","municipality":"国分寺市","service_name":"ぶんバス","license":"CC BY 4.0","source_stop_id":"STP_000004_018","stop_code":null,"stop_name":"弁天通り","stop_desc":null,"zone_id":"ZON_000004_018","location_type":0,"parent_station":null,"wheelchair_boarding":null}},{"type":"Feature","id":"F010:STP_000004_019","geometry":{"type":"Point","coordinates":[139.440919,35.700578]},"properties":{"id":"F010:STP_000004_019","feed_id":"F010","feed_slug":"kokubunji-bunbus","municipality":"国分寺市","service_name":"ぶんバス","license":"CC BY 4.0","source_stop_id":"STP_000004_019","stop_code":null,"stop_name":"北大通り東","stop_desc":null,"zone_id":"ZON_000004_019","location_type":0,"parent_station":null,"wheelchair_boarding":null}},{"type":"Feature","id":"F010:STP_000005_002","geometry":{"type":"Point","coordinates":[139.466417,35.7]},"properties":{"id":"F010:STP_000005_002","feed_id":"F010","feed_slug":"kokubunji-bunbus","municipality":"国分寺市","service_name":"ぶんバス","license":"CC BY 4.0","source_stop_id":"STP_000005_002","stop_code":null,"stop_name":"西国分寺駅北","stop_desc":null,"zone_id":"ZON_000005_002","location_type":0,"parent_station":null,"wheelchair_boarding":null}},{"type":"Feature","id":"F010:STP_000005_003","geometry":{"type":"Point","coordinates":[139.466389,35.70375]},"properties":{"id":"F010:STP_000005_003","feed_id":"F010","feed_slug":"kokubunji-bunbus","municipality":"国分寺市","service_name":"ぶんバス","license":"CC BY 4.0","source_stop_id":"STP_000005_003","stop_code":null,"stop_name":"西恋ヶ窪一丁目北","stop_desc":null,"zone_id":"ZON_000005_003","location_type":0,"parent_station":null,"wheelchair_boarding":null}},{"type":"Feature","id":"F010:STP_000005_004","geometry":{"type":"Point","coordinates":[139.468306,35.708778]},"properties":{"id":"F010:STP_000005_004","feed_id":"F010","feed_slug":"kokubunji-bunbus","municipality":"国分寺市","service_name":"ぶんバス","license":"CC BY 4.0","source_stop_id":"STP_000005_004","stop_code":null,"stop_name":"東恋ヶ窪五丁目","stop_desc":null,"zone_id":"ZON_000005_004","location_type":0,"parent_station":null,"wheelchair_boarding":null}},{"type":"Feature","id":"F010:STP_000005_005","geometry":{"type":"Point","coordinates":[139.466583,35.713306]},"properties":{"id":"F010:STP_000005_005","feed_id":"F010","feed_slug":"kokubunji-bunbus","municipality":"国分寺市","service_name":"ぶんバス","license":"CC BY 4.0","source_stop_id":"STP_000005_005","stop_code":null,"stop_name":"恋ヶ窪交差点北","stop_desc":null,"zone_id":"ZON_000005_005","location_type":0,"parent_station":null,"wheelchair_boarding":null}},{"type":"Feature","id":"F010:STP_000005_006","geometry":{"type":"Point","coordinates":[139.463117,35.717131]},"properties":{"id":"F010:STP_000005_006","feed_id":"F010","feed_slug":"kokubunji-bunbus","municipality":"国分寺市","service_name":"ぶんバス","license":"CC BY 4.0","source_stop_id":"STP_000005_006","stop_code":null,"stop_name":"二ツ塚","stop_desc":null,"zone_id":"ZON_000005_006","location_type":0,"parent_station":null,"wheelchair_boarding":null}},{"type":"Feature","id":"F010:STP_000005_007","geometry":{"type":"Point","coordinates":[139.460818,35.716998]},"properties":{"id":"F010:STP_000005_007","feed_id":"F010","feed_slug":"kokubunji-bunbus","municipality":"国分寺市","service_name":"ぶんバス","license":"CC BY 4.0","source_stop_id":"STP_000005_007","stop_code":null,"stop_name":"西武線踏切","stop_desc":null,"zone_id":"ZON_000005_007","location_type":0,"parent_station":null,"wheelchair_boarding":null}},{"type":"Feature","id":"F010:STP_000005_008","geometry":{"type":"Point","coordinates":[139.456117,35.717484]},"properties":{"id":"F010:STP_000005_008","feed_id":"F010","feed_slug":"kokubunji-bunbus","municipality":"国分寺市","service_name":"ぶんバス","license":"CC BY 4.0","source_stop_id":"STP_000005_008","stop_code":null,"stop_name":"並木町二丁目","stop_desc":null,"zone_id":"ZON_000005_008","location_type":0,"parent_station":null,"wheelchair_boarding":null}},{"type":"Feature","id":"F010:STP_000005_009","geometry":{"type":"Point","coordinates":[139.455475,35.719159]},"properties":{"id":"F010:STP_000005_009","feed_id":"F010","feed_slug":"kokubunji-bunbus","municipality":"国分寺市","service_name":"ぶんバス","license":"CC BY 4.0","source_stop_id":"STP_000005_009","stop_code":null,"stop_name":"北町二丁目","stop_desc":null,"zone_id":"ZON_000005_009","location_type":0,"parent_station":null,"wheelchair_boarding":null}},{"type":"Feature","id":"F010:STP_000005_010","geometry":{"type":"Point","coordinates":[139.45145,35.719766]},"properties":{"id":"F010:STP_000005_010","feed_id":"F010","feed_slug":"kokubunji-bunbus","municipality":"国分寺市","service_name":"ぶんバス","license":"CC BY 4.0","source_stop_id":"STP_000005_010","stop_code":null,"stop_name":"北町公園","stop_desc":null,"zone_id":"ZON_000005_010","location_type":0,"parent_station":null,"wheelchair_boarding":null}},{"type":"Feature","id":"F010:STP_000005_011","geometry":{"type":"Point","coordinates":[139.449169,35.720142]},"properties":{"id":"F010:STP_000005_011","feed_id":"F010","feed_slug":"kokubunji-bunbus","municipality":"国分寺市","service_name":"ぶんバス","license":"CC BY 4.0","source_stop_id":"STP_000005_011","stop_code":null,"stop_name":"北町三丁目北","stop_desc":null,"zone_id":"ZON_000005_011","location_type":0,"parent_station":null,"wheelchair_boarding":null}},{"type":"Feature","id":"F010:STP_000005_012","geometry":{"type":"Point","coordinates":[139.447046,35.721926]},"properties":{"id":"F010:STP_000005_012","feed_id":"F010","feed_slug":"kokubunji-bunbus","municipality":"国分寺市","service_name":"ぶんバス","license":"CC BY 4.0","source_stop_id":"STP_000005_012","stop_code":null,"stop_name":"北町パンダ公園","stop_desc":null,"zone_id":"ZON_000005_012","location_type":0,"parent_station":null,"wheelchair_boarding":null}},{"type":"Feature","id":"F010:STP_000005_013","geometry":{"type":"Point","coordinates":[139.450335,35.718388]},"properties":{"id":"F010:STP_000005_013","feed_id":"F010","feed_slug":"kokubunji-bunbus","municipality":"国分寺市","service_name":"ぶんバス","license":"CC BY 4.0","source_stop_id":"STP_000005_013","stop_code":null,"stop_name":"北町地域センター","stop_desc":null,"zone_id":"ZON_000005_013","location_type":0,"parent_station":null,"wheelchair_boarding":null}},{"type":"Feature","id":"F010:STP_000005_014","geometry":{"type":"Point","coordinates":[139.453172,35.716352]},"properties":{"id":"F010:STP_000005_014","feed_id":"F010","feed_slug":"kokubunji-bunbus","municipality":"国分寺市","service_name":"ぶんバス","license":"CC BY 4.0","source_stop_id":"STP_000005_014","stop_code":null,"stop_name":"並木公民館","stop_desc":null,"zone_id":"ZON_000005_014","location_type":0,"parent_station":null,"wheelchair_boarding":null}},{"type":"Feature","id":"F010:STP_000005_015","geometry":{"type":"Point","coordinates":[139.456363,35.716756]},"properties":{"id":"F010:STP_000005_015","feed_id":"F010","feed_slug":"kokubunji-bunbus","municipality":"国分寺市","service_name":"ぶんバス","license":"CC BY 4.0","source_stop_id":"STP_000005_015","stop_code":null,"stop_name":"並木町二丁目","stop_desc":null,"zone_id":"ZON_000005_015","location_type":0,"parent_station":null,"wheelchair_boarding":null}},{"type":"Feature","id":"F010:STP_000005_016","geometry":{"type":"Point","coordinates":[139.460855,35.717041]},"properties":{"id":"F010:STP_000005_016","feed_id":"F010","feed_slug":"kokubunji-bunbus","municipality":"国分寺市","service_name":"ぶんバス","license":"CC BY 4.0","source_stop_id":"STP_000005_016","stop_code":null,"stop_name":"西武線踏切","stop_desc":null,"zone_id":"ZON_000005_016","location_type":0,"parent_station":null,"wheelchair_boarding":null}},{"type":"Feature","id":"F010:STP_000005_017","geometry":{"type":"Point","coordinates":[139.465736,35.716114]},"properties":{"id":"F010:STP_000005_017","feed_id":"F010","feed_slug":"kokubunji-bunbus","municipality":"国分寺市","service_name":"ぶんバス","license":"CC BY 4.0","source_stop_id":"STP_000005_017","stop_code":null,"stop_name":"二ツ塚","stop_desc":null,"zone_id":"ZON_000005_017","location_type":0,"parent_station":null,"wheelchair_boarding":null}},{"type":"Feature","id":"F010:STP_000005_018","geometry":{"type":"Point","coordinates":[139.468083,35.711722]},"properties":{"id":"F010:STP_000005_018","feed_id":"F010","feed_slug":"kokubunji-bunbus","municipality":"国分寺市","service_name":"ぶんバス","license":"CC BY 4.0","source_stop_id":"STP_000005_018","stop_code":null,"stop_name":"恋ヶ窪交差点南","stop_desc":null,"zone_id":"ZON_000005_018","location_type":0,"parent_station":null,"wheelchair_boarding":null}},{"type":"Feature","id":"F010:STP_000005_019","geometry":{"type":"Point","coordinates":[139.468444,35.708861]},"properties":{"id":"F010:STP_000005_019","feed_id":"F010","feed_slug":"kokubunji-bunbus","municipality":"国分寺市","service_name":"ぶんバス","license":"CC BY 4.0","source_stop_id":"STP_000005_019","stop_code":null,"stop_name":"東恋ヶ窪五丁目","stop_desc":null,"zone_id":"ZON_000005_019","location_type":0,"parent_station":null,"wheelchair_boarding":null}},{"type":"Feature","id":"F010:STP_000005_023","geometry":{"type":"Point","coordinates":[139.468352,35.699681]},"properties":{"id":"F010:STP_000005_023","feed_id":"F010","feed_slug":"kokubunji-bunbus","municipality":"国分寺市","service_name":"ぶんバス","license":"CC BY 4.0","source_stop_id":"STP_000005_023","stop_code":null,"stop_name":"西国分寺駅東","stop_desc":null,"zone_id":"ZON_000005_023","location_type":0,"parent_station":null,"wheelchair_boarding":null}},{"type":"Feature","id":"F010:STP_000006_001","geometry":{"type":"Point","coordinates":[139.472424,35.690035]},"properties":{"id":"F010:STP_000006_001","feed_id":"F010","feed_slug":"kokubunji-bunbus","municipality":"国分寺市","service_name":"ぶんバス","license":"CC BY 4.0","source_stop_id":"STP_000006_001","stop_code":null,"stop_name":"史跡武蔵国分寺跡(南門跡前)","stop_desc":null,"zone_id":"ZON_000006_001","location_type":0,"parent_station":null,"wheelchair_boarding":null}},{"type":"Feature","id":"F010:STP_000006_002","geometry":{"type":"Point","coordinates":[139.468829,35.690054]},"properties":{"id":"F010:STP_000006_002","feed_id":"F010","feed_slug":"kokubunji-bunbus","municipality":"国分寺市","service_name":"ぶんバス","license":"CC BY 4.0","source_stop_id":"STP_000006_002","stop_code":null,"stop_name":"黒鐘公園入口(国分尼寺跡入口)","stop_desc":null,"zone_id":"ZON_000006_002","location_type":0,"parent_station":null,"wheelchair_boarding":null}},{"type":"Feature","id":"F010:STP_000006_003","geometry":{"type":"Point","coordinates":[139.467551,35.693624]},"properties":{"id":"F010:STP_000006_003","feed_id":"F010","feed_slug":"kokubunji-bunbus","municipality":"国分寺市","service_name":"ぶんバス","license":"CC BY 4.0","source_stop_id":"STP_000006_003","stop_code":null,"stop_name":"西元町二丁目","stop_desc":null,"zone_id":"ZON_000006_003","location_type":0,"parent_station":null,"wheelchair_boarding":null}},{"type":"Feature","id":"F010:STP_000006_004","geometry":{"type":"Point","coordinates":[139.469167,35.696244]},"properties":{"id":"F010:STP_000006_004","feed_id":"F010","feed_slug":"kokubunji-bunbus","municipality":"国分寺市","service_name":"ぶんバス","license":"CC BY 4.0","source_stop_id":"STP_000006_004","stop_code":null,"stop_name":"国分寺市役所","stop_desc":null,"zone_id":"ZON_000006_004","location_type":0,"parent_station":null,"wheelchair_boarding":null}},{"type":"Feature","id":"F010:STP_000006_006","geometry":{"type":"Point","coordinates":[139.470834,35.699823]},"properties":{"id":"F010:STP_000006_006","feed_id":"F010","feed_slug":"kokubunji-bunbus","municipality":"国分寺市","service_name":"ぶんバス","license":"CC BY 4.0","source_stop_id":"STP_000006_006","stop_code":null,"stop_name":"郵政宿舎前","stop_desc":null,"zone_id":"ZON_000006_006","location_type":0,"parent_station":null,"wheelchair_boarding":null}},{"type":"Feature","id":"F010:STP_000006_007","geometry":{"type":"Point","coordinates":[139.473262,35.698567]},"properties":{"id":"F010:STP_000006_007","feed_id":"F010","feed_slug":"kokubunji-bunbus","municipality":"国分寺市","service_name":"ぶんバス","license":"CC BY 4.0","source_stop_id":"STP_000006_007","stop_code":null,"stop_name":"武蔵国分寺公園東","stop_desc":null,"zone_id":"ZON_000006_007","location_type":0,"parent_station":null,"wheelchair_boarding":null}},{"type":"Feature","id":"F010:STP_000006_008","geometry":{"type":"Point","coordinates":[139.478231,35.699684]},"properties":{"id":"F010:STP_000006_008","feed_id":"F010","feed_slug":"kokubunji-bunbus","municipality":"国分寺市","service_name":"ぶんバス","license":"CC BY 4.0","source_stop_id":"STP_000006_008","stop_code":null,"stop_name":"国分寺駅西(本町・南町地域センター","stop_desc":null,"zone_id":"ZON_000006_008","location_type":0,"parent_station":null,"wheelchair_boarding":null}},{"type":"Feature","id":"F010:STP_000006_009","geometry":{"type":"Point","coordinates":[139.477045,35.703018]},"properties":{"id":"F010:STP_000006_009","feed_id":"F010","feed_slug":"kokubunji-bunbus","municipality":"国分寺市","service_name":"ぶんバス","license":"CC BY 4.0","source_stop_id":"STP_000006_009","stop_code":null,"stop_name":"本町四丁目","stop_desc":null,"zone_id":"ZON_000006_009","location_type":0,"parent_station":null,"wheelchair_boarding":null}},{"type":"Feature","id":"F010:STP_000006_010","geometry":{"type":"Point","coordinates":[139.473273,35.705321]},"properties":{"id":"F010:STP_000006_010","feed_id":"F010","feed_slug":"kokubunji-bunbus","municipality":"国分寺市","service_name":"ぶんバス","license":"CC BY 4.0","source_stop_id":"STP_000006_010","stop_code":null,"stop_name":"東恋ヶ窪三丁目","stop_desc":null,"zone_id":"ZON_000006_010","location_type":0,"parent_station":null,"wheelchair_boarding":null}},{"type":"Feature","id":"F010:STP_000006_011","geometry":{"type":"Point","coordinates":[139.477237,35.702711]},"properties":{"id":"F010:STP_000006_011","feed_id":"F010","feed_slug":"kokubunji-bunbus","municipality":"国分寺市","service_name":"ぶんバス","license":"CC BY 4.0","source_stop_id":"STP_000006_011","stop_code":null,"stop_name":"本町四丁目","stop_desc":null,"zone_id":"ZON_000006_011","location_type":0,"parent_station":null,"wheelchair_boarding":null}},{"type":"Feature","id":"F010:STP_000006_013","geometry":{"type":"Point","coordinates":[139.473228,35.698204]},"properties":{"id":"F010:STP_000006_013","feed_id":"F010","feed_slug":"kokubunji-bunbus","municipality":"国分寺市","service_name":"ぶんバス","license":"CC BY 4.0","source_stop_id":"STP_000006_013","stop_code":null,"stop_name":"武蔵国分寺公園東","stop_desc":null,"zone_id":"ZON_000006_013","location_type":0,"parent_station":null,"wheelchair_boarding":null}},{"type":"Feature","id":"F010:STP_000006_017","geometry":{"type":"Point","coordinates":[139.467298,35.694687]},"properties":{"id":"F010:STP_000006_017","feed_id":"F010","feed_slug":"kokubunji-bunbus","municipality":"国分寺市","service_name":"ぶんバス","license":"CC BY 4.0","source_stop_id":"STP_000006_017","stop_code":null,"stop_name":"西元町二丁目","stop_desc":null,"zone_id":"ZON_000006_017","location_type":0,"parent_station":null,"wheelchair_boarding":null}},{"type":"Feature","id":"F010:STP_000006_018","geometry":{"type":"Point","coordinates":[139.468729,35.690687]},"properties":{"id":"F010:STP_000006_018","feed_id":"F010","feed_slug":"kokubunji-bunbus","municipality":"国分寺市","service_name":"ぶんバス","license":"CC BY 4.0","source_stop_id":"STP_000006_018","stop_code":null,"stop_name":"黒鐘公園入口(国分尼寺跡入口)","stop_desc":null,"zone_id":"ZON_000006_018","location_type":0,"parent_station":null,"wheelchair_boarding":null}},{"type":"Feature","id":"F012:1_1","geometry":{"type":"Point","coordinates":[139.432573553187,35.6855394355244]},"properties":{"id":"F012:1_1","feed_id":"F012","feed_slug":"kunitachi-aoyagikko","municipality":"国立市","service_name":"あおやぎっこ","license":"CC BY 4.0","source_stop_id":"1_1","stop_code":null,"stop_name":"矢川駅","stop_desc":null,"zone_id":"1_1","location_type":0,"parent_station":null,"wheelchair_boarding":null}},{"type":"Feature","id":"F012:3_1","geometry":{"type":"Point","coordinates":[139.431274022925,35.6822412805871]},"properties":{"id":"F012:3_1","feed_id":"F012","feed_slug":"kunitachi-aoyagikko","municipality":"国立市","service_name":"あおやぎっこ","license":"CC BY 4.0","source_stop_id":"3_1","stop_code":null,"stop_name":"矢川駅入口","stop_desc":null,"zone_id":"3_1","location_type":0,"parent_station":null,"wheelchair_boarding":null}},{"type":"Feature","id":"F012:4_0","geometry":{"type":"Point","coordinates":[139.428200211393,35.6825048983449]},"properties":{"id":"F012:4_0","feed_id":"F012","feed_slug":"kunitachi-aoyagikko","municipality":"国立市","service_name":"あおやぎっこ","license":"CC BY 4.0","source_stop_id":"4_0","stop_code":null,"stop_name":"四軒在家福祉館","stop_desc":null,"zone_id":"4_0","location_type":0,"parent_station":null,"wheelchair_boarding":null}},{"type":"Feature","id":"F012:5_1","geometry":{"type":"Point","coordinates":[139.424386110178,35.6831977078104]},"properties":{"id":"F012:5_1","feed_id":"F012","feed_slug":"kunitachi-aoyagikko","municipality":"国立市","service_name":"あおやぎっこ","license":"CC BY 4.0","source_stop_id":"5_1","stop_code":null,"stop_name":"青柳福祉センター","stop_desc":null,"zone_id":"5_1","location_type":0,"parent_station":null,"wheelchair_boarding":null}},{"type":"Feature","id":"F012:6_0","geometry":{"type":"Point","coordinates":[139.421475913395,35.681775045396]},"properties":{"id":"F012:6_0","feed_id":"F012","feed_slug":"kunitachi-aoyagikko","municipality":"国立市","service_name":"あおやぎっこ","license":"CC BY 4.0","source_stop_id":"6_0","stop_code":null,"stop_name":"武蔵野の路","stop_desc":null,"zone_id":"6_0","location_type":0,"parent_station":null,"wheelchair_boarding":null}},{"type":"Feature","id":"F012:7_0","geometry":{"type":"Point","coordinates":[139.420335974562,35.6824613252215]},"properties":{"id":"F012:7_0","feed_id":"F012","feed_slug":"kunitachi-aoyagikko","municipality":"国立市","service_name":"あおやぎっこ","license":"CC BY 4.0","source_stop_id":"7_0","stop_code":null,"stop_name":"青柳南アパート東","stop_desc":null,"zone_id":"7_0","location_type":0,"parent_station":null,"wheelchair_boarding":null}},{"type":"Feature","id":"F012:8_1","geometry":{"type":"Point","coordinates":[139.421333756316,35.6850320987966]},"properties":{"id":"F012:8_1","feed_id":"F012","feed_slug":"kunitachi-aoyagikko","municipality":"国立市","service_name":"あおやぎっこ","license":"CC BY 4.0","source_stop_id":"8_1","stop_code":null,"stop_name":"青柳大通り南","stop_desc":null,"zone_id":"8_1","location_type":0,"parent_station":null,"wheelchair_boarding":null}},{"type":"Feature","id":"F012:9_0","geometry":{"type":"Point","coordinates":[139.421736087667,35.6860865277198]},"properties":{"id":"F012:9_0","feed_id":"F012","feed_slug":"kunitachi-aoyagikko","municipality":"国立市","service_name":"あおやぎっこ","license":"CC BY 4.0","source_stop_id":"9_0","stop_code":null,"stop_name":"緑川","stop_desc":null,"zone_id":"9_0","location_type":0,"parent_station":null,"wheelchair_boarding":null}},{"type":"Feature","id":"F012:10_0","geometry":{"type":"Point","coordinates":[139.423031594623,35.6859819568832]},"properties":{"id":"F012:10_0","feed_id":"F012","feed_slug":"kunitachi-aoyagikko","municipality":"国立市","service_name":"あおやぎっこ","license":"CC BY 4.0","source_stop_id":"10_0","stop_code":null,"stop_name":"緑川東公園","stop_desc":null,"zone_id":"10_0","location_type":0,"parent_station":null,"wheelchair_boarding":null}},{"type":"Feature","id":"F012:8_2","geometry":{"type":"Point","coordinates":[139.421639528141,35.6853610646887]},"properties":{"id":"F012:8_2","feed_id":"F012","feed_slug":"kunitachi-aoyagikko","municipality":"国立市","service_name":"あおやぎっこ","license":"CC BY 4.0","source_stop_id":"8_2","stop_code":null,"stop_name":"青柳大通り南","stop_desc":null,"zone_id":"8_2","location_type":0,"parent_station":null,"wheelchair_boarding":null}},{"type":"Feature","id":"F012:11_0","geometry":{"type":"Point","coordinates":[139.421858502631,35.6838871729842]},"properties":{"id":"F012:11_0","feed_id":"F012","feed_slug":"kunitachi-aoyagikko","municipality":"国立市","service_name":"あおやぎっこ","license":"CC BY 4.0","source_stop_id":"11_0","stop_code":null,"stop_name":"みのわ通り入口","stop_desc":null,"zone_id":"11_0","location_type":0,"parent_station":null,"wheelchair_boarding":null}},{"type":"Feature","id":"F012:5_2","geometry":{"type":"Point","coordinates":[139.425109339961,35.6832226917769]},"properties":{"id":"F012:5_2","feed_id":"F012","feed_slug":"kunitachi-aoyagikko","municipality":"国立市","service_name":"あおやぎっこ","license":"CC BY 4.0","source_stop_id":"5_2","stop_code":null,"stop_name":"青柳福祉センター","stop_desc":null,"zone_id":"5_2","location_type":0,"parent_station":null,"wheelchair_boarding":null}},{"type":"Feature","id":"F012:3_2","geometry":{"type":"Point","coordinates":[139.430937780158,35.6824253070246]},"properties":{"id":"F012:3_2","feed_id":"F012","feed_slug":"kunitachi-aoyagikko","municipality":"国立市","service_name":"あおやぎっこ","license":"CC BY 4.0","source_stop_id":"3_2","stop_code":null,"stop_name":"矢川駅入口","stop_desc":null,"zone_id":"3_2","location_type":0,"parent_station":null,"wheelchair_boarding":null}},{"type":"Feature","id":"F012:2_0","geometry":{"type":"Point","coordinates":[139.431860460053,35.6836932757534]},"properties":{"id":"F012:2_0","feed_id":"F012","feed_slug":"kunitachi-aoyagikko","municipality":"国立市","service_name":"あおやぎっこ","license":"CC BY 4.0","source_stop_id":"2_0","stop_code":null,"stop_name":"矢川駅南","stop_desc":null,"zone_id":"2_0","location_type":0,"parent_station":null,"wheelchair_boarding":null}},{"type":"Feature","id":"F012:1_2","geometry":{"type":"Point","coordinates":[139.431911422031,35.6851790828979]},"properties":{"id":"F012:1_2","feed_id":"F012","feed_slug":"kunitachi-aoyagikko","municipality":"国立市","service_name":"あおやぎっこ","license":"CC BY 4.0","source_stop_id":"1_2","stop_code":null,"stop_name":"矢川駅","stop_desc":null,"zone_id":"1_2","location_type":0,"parent_station":null,"wheelchair_boarding":null}},{"type":"Feature","id":"F012:12_1","geometry":{"type":"Point","coordinates":[139.43652750374,35.6859677258857]},"properties":{"id":"F012:12_1","feed_id":"F012","feed_slug":"kunitachi-aoyagikko","municipality":"国立市","service_name":"あおやぎっこ","license":"CC BY 4.0","source_stop_id":"12_1","stop_code":null,"stop_name":"第三団地・保健センター","stop_desc":null,"zone_id":"12_1","location_type":0,"parent_station":null,"wheelchair_boarding":null}},{"type":"Feature","id":"F012:13_1","geometry":{"type":"Point","coordinates":[139.439859241255,35.684890959673]},"properties":{"id":"F012:13_1","feed_id":"F012","feed_slug":"kunitachi-aoyagikko","municipality":"国立市","service_name":"あおやぎっこ","license":"CC BY 4.0","source_stop_id":"13_1","stop_code":null,"stop_name":"芸小・体育館","stop_desc":null,"zone_id":"13_1","location_type":0,"parent_station":null,"wheelchair_boarding":null}},{"type":"Feature","id":"F012:14_0","geometry":{"type":"Point","coordinates":[139.441028684375,35.6838583011262]},"properties":{"id":"F012:14_0","feed_id":"F012","feed_slug":"kunitachi-aoyagikko","municipality":"国立市","service_name":"あおやぎっこ","license":"CC BY 4.0","source_stop_id":"14_0","stop_code":null,"stop_name":"国立市役所","stop_desc":null,"zone_id":"14_0","location_type":0,"parent_station":null,"wheelchair_boarding":null}},{"type":"Feature","id":"F012:15_0","geometry":{"type":"Point","coordinates":[139.4446362555,35.6833898967503]},"properties":{"id":"F012:15_0","feed_id":"F012","feed_slug":"kunitachi-aoyagikko","municipality":"国立市","service_name":"あおやぎっこ","license":"CC BY 4.0","source_stop_id":"15_0","stop_code":null,"stop_name":"谷保駅西","stop_desc":null,"zone_id":"15_0","location_type":0,"parent_station":null,"wheelchair_boarding":null}},{"type":"Feature","id":"F012:13_2","geometry":{"type":"Point","coordinates":[139.439194053413,35.6855772127051]},"properties":{"id":"F012:13_2","feed_id":"F012","feed_slug":"kunitachi-aoyagikko","municipality":"国立市","service_name":"あおやぎっこ","license":"CC BY 4.0","source_stop_id":"13_2","stop_code":null,"stop_name":"芸小・体育館","stop_desc":null,"zone_id":"13_2","location_type":0,"parent_station":null,"wheelchair_boarding":null}},{"type":"Feature","id":"F012:12_2","geometry":{"type":"Point","coordinates":[139.436701847324,35.6858587977625]},"properties":{"id":"F012:12_2","feed_id":"F012","feed_slug":"kunitachi-aoyagikko","municipality":"国立市","service_name":"あおやぎっこ","license":"CC BY 4.0","source_stop_id":"12_2","stop_code":null,"stop_name":"第三団地・保健センター","stop_desc":null,"zone_id":"12_2","location_type":0,"parent_station":null,"wheelchair_boarding":null}},{"type":"Feature","id":"F011:010053_03","geometry":{"type":"Point","coordinates":[139.446268,35.699483]},"properties":{"id":"F011:010053_03","feed_id":"F011","feed_slug":"kunitachi-kunikko","municipality":"国立市","service_name":"くにっこ","license":"CC0 1.0","source_stop_id":"010053_03","stop_code":null,"stop_name":"国立駅北口","stop_desc":null,"zone_id":"010053_03","location_type":0,"parent_station":null,"wheelchair_boarding":null}},{"type":"Feature","id":"F011:020052_01","geometry":{"type":"Point","coordinates":[139.441292,35.699151]},"properties":{"id":"F011:020052_01","feed_id":"F011","feed_slug":"kunitachi-kunikko","municipality":"国立市","service_name":"くにっこ","license":"CC0 1.0","source_stop_id":"020052_01","stop_code":null,"stop_name":"高架下駐輪場前","stop_desc":null,"zone_id":"020052_01","location_type":0,"parent_station":null,"wheelchair_boarding":null}},{"type":"Feature","id":"F011:020052_02","geometry":{"type":"Point","coordinates":[139.441455,35.699216]},"properties":{"id":"F011:020052_02","feed_id":"F011","feed_slug":"kunitachi-kunikko","municipality":"国立市","service_name":"くにっこ","license":"CC0 1.0","source_stop_id":"020052_02","stop_code":null,"stop_name":"高架下駐輪場前","stop_desc":null,"zone_id":"020052_02","location_type":0,"parent_station":null,"wheelchair_boarding":null}},{"type":"Feature","id":"F011:030051_01","geometry":{"type":"Point","coordinates":[139.43854,35.700439]},"properties":{"id":"F011:030051_01","feed_id":"F011","feed_slug":"kunitachi-kunikko","municipality":"国立市","service_name":"くにっこ","license":"CC0 1.0","source_stop_id":"030051_01","stop_code":null,"stop_name":"北二丁目","stop_desc":null,"zone_id":"030051_01","location_type":0,"parent_station":null,"wheelchair_boarding":null}},{"type":"Feature","id":"F011:030051_02","geometry":{"type":"Point","coordinates":[139.43864,35.700486]},"properties":{"id":"F011:030051_02","feed_id":"F011","feed_slug":"kunitachi-kunikko","municipality":"国立市","service_name":"くにっこ","license":"CC0 1.0","source_stop_id":"030051_02","stop_code":null,"stop_name":"北二丁目","stop_desc":null,"zone_id":"030051_02","location_type":0,"parent_station":null,"wheelchair_boarding":null}},{"type":"Feature","id":"F011:040050_01","geometry":{"type":"Point","coordinates":[139.43694,35.70038]},"properties":{"id":"F011:040050_01","feed_id":"F011","feed_slug":"kunitachi-kunikko","municipality":"国立市","service_name":"くにっこ","license":"CC0 1.0","source_stop_id":"040050_01","stop_code":null,"stop_name":"北福祉館","stop_desc":null,"zone_id":"040050_01","location_type":0,"parent_station":null,"wheelchair_boarding":null}},{"type":"Feature","id":"F011:040050_02","geometry":{"type":"Point","coordinates":[139.437063,35.700427]},"properties":{"id":"F011:040050_02","feed_id":"F011","feed_slug":"kunitachi-kunikko","municipality":"国立市","service_name":"くにっこ","license":"CC0 1.0","source_stop_id":"040050_02","stop_code":null,"stop_name":"北福祉館","stop_desc":null,"zone_id":"040050_02","location_type":0,"parent_station":null,"wheelchair_boarding":null}},{"type":"Feature","id":"F011:050049_01","geometry":{"type":"Point","coordinates":[139.43483,35.700177]},"properties":{"id":"F011:050049_01","feed_id":"F011","feed_slug":"kunitachi-kunikko","municipality":"国立市","service_name":"くにっこ","license":"CC0 1.0","source_stop_id":"050049_01","stop_code":null,"stop_name":"４号棟東","stop_desc":null,"zone_id":"050049_01","location_type":0,"parent_station":null,"wheelchair_boarding":null}},{"type":"Feature","id":"F011:050049_02","geometry":{"type":"Point","coordinates":[139.433617,35.700077]},"properties":{"id":"F011:050049_02","feed_id":"F011","feed_slug":"kunitachi-kunikko","municipality":"国立市","service_name":"くにっこ","license":"CC0 1.0","source_stop_id":"050049_02","stop_code":null,"stop_name":"４号棟東","stop_desc":null,"zone_id":"050049_02","location_type":0,"parent_station":null,"wheelchair_boarding":null}},{"type":"Feature","id":"F011:060048_01","geometry":{"type":"Point","coordinates":[139.432683,35.699926]},"properties":{"id":"F011:060048_01","feed_id":"F011","feed_slug":"kunitachi-kunikko","municipality":"国立市","service_name":"くにっこ","license":"CC0 1.0","source_stop_id":"060048_01","stop_code":null,"stop_name":"北市民プラザ","stop_desc":null,"zone_id":"060048_01","location_type":0,"parent_station":null,"wheelchair_boarding":null}},{"type":"Feature","id":"F011:060048_02","geometry":{"type":"Point","coordinates":[139.431358,35.699808]},"properties":{"id":"F011:060048_02","feed_id":"F011","feed_slug":"kunitachi-kunikko","municipality":"国立市","service_name":"くにっこ","license":"CC0 1.0","source_stop_id":"060048_02","stop_code":null,"stop_name":"北市民プラザ","stop_desc":null,"zone_id":"060048_02","location_type":0,"parent_station":null,"wheelchair_boarding":null}},{"type":"Feature","id":"F011:070047_01","geometry":{"type":"Point","coordinates":[139.430414,35.699634]},"properties":{"id":"F011:070047_01","feed_id":"F011","feed_slug":"kunitachi-kunikko","municipality":"国立市","service_name":"くにっこ","license":"CC0 1.0","source_stop_id":"070047_01","stop_code":null,"stop_name":"北第一公園西","stop_desc":null,"zone_id":"070047_01","location_type":0,"parent_station":null,"wheelchair_boarding":null}},{"type":"Feature","id":"F011:070047_02","geometry":{"type":"Point","coordinates":[139.430164,35.699662]},"properties":{"id":"F011:070047_02","feed_id":"F011","feed_slug":"kunitachi-kunikko","municipality":"国立市","service_name":"くにっこ","license":"CC0 1.0","source_stop_id":"070047_02","stop_code":null,"stop_name":"北第一公園西","stop_desc":null,"zone_id":"070047_02","location_type":0,"parent_station":null,"wheelchair_boarding":null}},{"type":"Feature","id":"F011:080046_01","geometry":{"type":"Point","coordinates":[139.429484,35.698044]},"properties":{"id":"F011:080046_01","feed_id":"F011","feed_slug":"kunitachi-kunikko","municipality":"国立市","service_name":"くにっこ","license":"CC0 1.0","source_stop_id":"080046_01","stop_code":null,"stop_name":"西一丁目西","stop_desc":null,"zone_id":"080046_01","location_type":0,"parent_station":null,"wheelchair_boarding":null}},{"type":"Feature","id":"F011:080046_02","geometry":{"type":"Point","coordinates":[139.429521,35.697041]},"properties":{"id":"F011:080046_02","feed_id":"F011","feed_slug":"kunitachi-kunikko","municipality":"国立市","service_name":"くにっこ","license":"CC0 1.0","source_stop_id":"080046_02","stop_code":null,"stop_name":"西一丁目西","stop_desc":null,"zone_id":"080046_02","location_type":0,"parent_station":null,"wheelchair_boarding":null}},{"type":"Feature","id":"F011:090000_01","geometry":{"type":"Point","coordinates":[139.43075,35.6972]},"properties":{"id":"F011:090000_01","feed_id":"F011","feed_slug":"kunitachi-kunikko","municipality":"国立市","service_name":"くにっこ","license":"CC0 1.0","source_stop_id":"090000_01","stop_code":null,"stop_name":"都営西一丁目アパート","stop_desc":null,"zone_id":"090000_01","location_type":0,"parent_station":null,"wheelchair_boarding":null}},{"type":"Feature","id":"F011:100000_01","geometry":{"type":"Point","coordinates":[139.432469,35.697071]},"properties":{"id":"F011:100000_01","feed_id":"F011","feed_slug":"kunitachi-kunikko","municipality":"国立市","service_name":"くにっこ","license":"CC0 1.0","source_stop_id":"100000_01","stop_code":null,"stop_name":"くにたち西児童館","stop_desc":null,"zone_id":"100000_01","location_type":0,"parent_station":null,"wheelchair_boarding":null}},{"type":"Feature","id":"F011:110000_01","geometry":{"type":"Point","coordinates":[139.4355,35.69716]},"properties":{"id":"F011:110000_01","feed_id":"F011","feed_slug":"kunitachi-kunikko","municipality":"国立市","service_name":"くにっこ","license":"CC0 1.0","source_stop_id":"110000_01","stop_code":null,"stop_name":"国立西郵政宿舎","stop_desc":null,"zone_id":"110000_01","location_type":0,"parent_station":null,"wheelchair_boarding":null}},{"type":"Feature","id":"F011:120000_01","geometry":{"type":"Point","coordinates":[139.4393,35.69728]},"properties":{"id":"F011:120000_01","feed_id":"F011","feed_slug":"kunitachi-kunikko","municipality":"国立市","service_name":"くにっこ","license":"CC0 1.0","source_stop_id":"120000_01","stop_code":null,"stop_name":"ふれあい公園入口","stop_desc":null,"zone_id":"120000_01","location_type":0,"parent_station":null,"wheelchair_boarding":null}},{"type":"Feature","id":"F011:130000_01","geometry":{"type":"Point","coordinates":[139.441664,35.697355]},"properties":{"id":"F011:130000_01","feed_id":"F011","feed_slug":"kunitachi-kunikko","municipality":"国立市","service_name":"くにっこ","license":"CC0 1.0","source_stop_id":"130000_01","stop_code":null,"stop_name":"中一丁目","stop_desc":null,"zone_id":"130000_01","location_type":0,"parent_station":null,"wheelchair_boarding":null}},{"type":"Feature","id":"F011:140040_01","geometry":{"type":"Point","coordinates":[139.446183,35.698293]},"properties":{"id":"F011:140040_01","feed_id":"F011","feed_slug":"kunitachi-kunikko","municipality":"国立市","service_name":"くにっこ","license":"CC0 1.0","source_stop_id":"140040_01","stop_code":null,"stop_name":"国立駅南口","stop_desc":null,"zone_id":"140040_01","location_type":0,"parent_station":null,"wheelchair_boarding":null}},{"type":"Feature","id":"F011:153941_01","geometry":{"type":"Point","coordinates":[139.443455,35.697026]},"properties":{"id":"F011:153941_01","feed_id":"F011","feed_slug":"kunitachi-kunikko","municipality":"国立市","service_name":"くにっこ","license":"CC0 1.0","source_stop_id":"153941_01","stop_code":null,"stop_name":"国立公民館","stop_desc":null,"zone_id":"153941_01","location_type":0,"parent_station":null,"wheelchair_boarding":null}},{"type":"Feature","id":"F011:153941_02","geometry":{"type":"Point","coordinates":[139.443117,35.696927]},"properties":{"id":"F011:153941_02","feed_id":"F011","feed_slug":"kunitachi-kunikko","municipality":"国立市","service_name":"くにっこ","license":"CC0 1.0","source_stop_id":"153941_02","stop_code":null,"stop_name":"国立公民館","stop_desc":null,"zone_id":"153941_02","location_type":0,"parent_station":null,"wheelchair_boarding":null}},{"type":"Feature","id":"F011:160038_01","geometry":{"type":"Point","coordinates":[139.440534,35.695642]},"properties":{"id":"F011:160038_01","feed_id":"F011","feed_slug":"kunitachi-kunikko","municipality":"国立市","service_name":"くにっこ","license":"CC0 1.0","source_stop_id":"160038_01","stop_code":null,"stop_name":"国立学園","stop_desc":null,"zone_id":"160038_01","location_type":0,"parent_station":null,"wheelchair_boarding":null}},{"type":"Feature","id":"F011:160038_02","geometry":{"type":"Point","coordinates":[139.441565,35.696199]},"properties":{"id":"F011:160038_02","feed_id":"F011","feed_slug":"kunitachi-kunikko","municipality":"国立市","service_name":"くにっこ","license":"CC0 1.0","source_stop_id":"160038_02","stop_code":null,"stop_name":"国立学園","stop_desc":null,"zone_id":"160038_02","location_type":0,"parent_station":null,"wheelchair_boarding":null}},{"type":"Feature","id":"F011:170000_01","geometry":{"type":"Point","coordinates":[139.436793,35.693856]},"properties":{"id":"F011:170000_01","feed_id":"F011","feed_slug":"kunitachi-kunikko","municipality":"国立市","service_name":"くにっこ","license":"CC0 1.0","source_stop_id":"170000_01","stop_code":null,"stop_name":"音高","stop_desc":null,"zone_id":"170000_01","location_type":0,"parent_station":null,"wheelchair_boarding":null}},{"type":"Feature","id":"F011:180000_01","geometry":{"type":"Point","coordinates":[139.436355,35.691578]},"properties":{"id":"F011:180000_01","feed_id":"F011","feed_slug":"kunitachi-kunikko","municipality":"国立市","service_name":"くにっこ","license":"CC0 1.0","source_stop_id":"180000_01","stop_code":null,"stop_name":"ぶどう園西","stop_desc":null,"zone_id":"180000_01","location_type":0,"parent_station":null,"wheelchair_boarding":null}},{"type":"Feature","id":"F011:190000_01","geometry":{"type":"Point","coordinates":[139.4364,35.69043]},"properties":{"id":"F011:190000_01","feed_id":"F011","feed_slug":"kunitachi-kunikko","municipality":"国立市","service_name":"くにっこ","license":"CC0 1.0","source_stop_id":"190000_01","stop_code":null,"stop_name":"学園通り","stop_desc":null,"zone_id":"190000_01","location_type":0,"parent_station":null,"wheelchair_boarding":null}},{"type":"Feature","id":"F011:200000_01","geometry":{"type":"Point","coordinates":[139.436483,35.6886]},"properties":{"id":"F011:200000_01","feed_id":"F011","feed_slug":"kunitachi-kunikko","municipality":"国立市","service_name":"くにっこ","license":"CC0 1.0","source_stop_id":"200000_01","stop_code":null,"stop_name":"都営西三丁目アパート","stop_desc":null,"zone_id":"200000_01","location_type":0,"parent_station":null,"wheelchair_boarding":null}},{"type":"Feature","id":"F011:210000_01","geometry":{"type":"Point","coordinates":[139.436607,35.687185]},"properties":{"id":"F011:210000_01","feed_id":"F011","feed_slug":"kunitachi-kunikko","municipality":"国立市","service_name":"くにっこ","license":"CC0 1.0","source_stop_id":"210000_01","stop_code":null,"stop_name":"富士見台防災センター前","stop_desc":null,"zone_id":"210000_01","location_type":0,"parent_station":null,"wheelchair_boarding":null}},{"type":"Feature","id":"F011:220034_01","geometry":{"type":"Point","coordinates":[139.439342,35.686884]},"properties":{"id":"F011:220034_01","feed_id":"F011","feed_slug":"kunitachi-kunikko","municipality":"国立市","service_name":"くにっこ","license":"CC0 1.0","source_stop_id":"220034_01","stop_code":null,"stop_name":"さくら通り西","stop_desc":null,"zone_id":"220034_01","location_type":0,"parent_station":null,"wheelchair_boarding":null}},{"type":"Feature","id":"F011:220034_02","geometry":{"type":"Point","coordinates":[139.439237,35.686809]},"properties":{"id":"F011:220034_02","feed_id":"F011","feed_slug":"kunitachi-kunikko","municipality":"国立市","service_name":"くにっこ","license":"CC0 1.0","source_stop_id":"220034_02","stop_code":null,"stop_name":"さくら通り西","stop_desc":null,"zone_id":"220034_02","location_type":0,"parent_station":null,"wheelchair_boarding":null}},{"type":"Feature","id":"F011:230033_01","geometry":{"type":"Point","coordinates":[139.442242,35.686514]},"properties":{"id":"F011:230033_01","feed_id":"F011","feed_slug":"kunitachi-kunikko","municipality":"国立市","service_name":"くにっこ","license":"CC0 1.0","source_stop_id":"230033_01","stop_code":null,"stop_name":"国立郵便局","stop_desc":null,"zone_id":"230033_01","location_type":0,"parent_station":null,"wheelchair_boarding":null}},{"type":"Feature","id":"F011:230033_02","geometry":{"type":"Point","coordinates":[139.442083,35.686449]},"properties":{"id":"F011:230033_02","feed_id":"F011","feed_slug":"kunitachi-kunikko","municipality":"国立市","service_name":"くにっこ","license":"CC0 1.0","source_stop_id":"230033_02","stop_code":null,"stop_name":"国立郵便局","stop_desc":null,"zone_id":"230033_02","location_type":0,"parent_station":null,"wheelchair_boarding":null}},{"type":"Feature","id":"F011:240032_01","geometry":{"type":"Point","coordinates":[139.444509,35.687184]},"properties":{"id":"F011:240032_01","feed_id":"F011","feed_slug":"kunitachi-kunikko","municipality":"国立市","service_name":"くにっこ","license":"CC0 1.0","source_stop_id":"240032_01","stop_code":null,"stop_name":"くにたち福祉会館","stop_desc":null,"zone_id":"240032_01","location_type":0,"parent_station":null,"wheelchair_boarding":null}},{"type":"Feature","id":"F011:240032_02","geometry":{"type":"Point","coordinates":[139.444482,35.687172]},"properties":{"id":"F011:240032_02","feed_id":"F011","feed_slug":"kunitachi-kunikko","municipality":"国立市","service_name":"くにっこ","license":"CC0 1.0","source_stop_id":"240032_02","stop_code":null,"stop_name":"くにたち福祉会館","stop_desc":null,"zone_id":"240032_02","location_type":0,"parent_station":null,"wheelchair_boarding":null}},{"type":"Feature","id":"F011:250031_01","geometry":{"type":"Point","coordinates":[139.445449,35.686494]},"properties":{"id":"F011:250031_01","feed_id":"F011","feed_slug":"kunitachi-kunikko","municipality":"国立市","service_name":"くにっこ","license":"CC0 1.0","source_stop_id":"250031_01","stop_code":null,"stop_name":"多摩障害者センター西","stop_desc":null,"zone_id":"250031_01","location_type":0,"parent_station":null,"wheelchair_boarding":null}},{"type":"Feature","id":"F011:250031_02","geometry":{"type":"Point","coordinates":[139.445394,35.686404]},"properties":{"id":"F011:250031_02","feed_id":"F011","feed_slug":"kunitachi-kunikko","municipality":"国立市","service_name":"くにっこ","license":"CC0 1.0","source_stop_id":"250031_02","stop_code":null,"stop_name":"多摩障害者センター西","stop_desc":null,"zone_id":"250031_02","location_type":0,"parent_station":null,"wheelchair_boarding":null}},{"type":"Feature","id":"F011:260030_01","geometry":{"type":"Point","coordinates":[139.445151,35.685036]},"properties":{"id":"F011:260030_01","feed_id":"F011","feed_slug":"kunitachi-kunikko","municipality":"国立市","service_name":"くにっこ","license":"CC0 1.0","source_stop_id":"260030_01","stop_code":null,"stop_name":"くにたち中央図書館入口","stop_desc":null,"zone_id":"260030_01","location_type":0,"parent_station":null,"wheelchair_boarding":null}},{"type":"Feature","id":"F011:260030_02","geometry":{"type":"Point","coordinates":[139.445041,35.684651]},"properties":{"id":"F011:260030_02","feed_id":"F011","feed_slug":"kunitachi-kunikko","municipality":"国立市","service_name":"くにっこ","license":"CC0 1.0","source_stop_id":"260030_02","stop_code":null,"stop_name":"くにたち中央図書館入口","stop_desc":null,"zone_id":"260030_02","location_type":0,"parent_station":null,"wheelchair_boarding":null}},{"type":"Feature","id":"F011:270029_01","geometry":{"type":"Point","coordinates":[139.444443,35.682914]},"properties":{"id":"F011:270029_01","feed_id":"F011","feed_slug":"kunitachi-kunikko","municipality":"国立市","service_name":"くにっこ","license":"CC0 1.0","source_stop_id":"270029_01","stop_code":null,"stop_name":"谷保駅西","stop_desc":null,"zone_id":"270029_01","location_type":0,"parent_station":null,"wheelchair_boarding":null}},{"type":"Feature","id":"F011:270029_02","geometry":{"type":"Point","coordinates":[139.444638,35.683386]},"properties":{"id":"F011:270029_02","feed_id":"F011","feed_slug":"kunitachi-kunikko","municipality":"国立市","service_name":"くにっこ","license":"CC0 1.0","source_stop_id":"270029_02","stop_code":null,"stop_name":"谷保駅西","stop_desc":null,"zone_id":"270029_02","location_type":0,"parent_station":null,"wheelchair_boarding":null}},{"type":"Feature","id":"F011:280028_01","geometry":{"type":"Point","coordinates":[139.441028,35.683861]},"properties":{"id":"F011:280028_01","feed_id":"F011","feed_slug":"kunitachi-kunikko","municipality":"国立市","service_name":"くにっこ","license":"CC0 1.0","source_stop_id":"280028_01","stop_code":null,"stop_name":"国立市役所","stop_desc":null,"zone_id":"280028_01","location_type":0,"parent_station":null,"wheelchair_boarding":null}},{"type":"Feature","id":"F011:000035_02","geometry":{"type":"Point","coordinates":[139.438975,35.68807]},"properties":{"id":"F011:000035_02","feed_id":"F011","feed_slug":"kunitachi-kunikko","municipality":"国立市","service_name":"くにっこ","license":"CC0 1.0","source_stop_id":"000035_02","stop_code":null,"stop_name":"都立五商南","stop_desc":null,"zone_id":"000035_02","location_type":0,"parent_station":null,"wheelchair_boarding":null}},{"type":"Feature","id":"F011:000036_02","geometry":{"type":"Point","coordinates":[139.438821,35.691331]},"properties":{"id":"F011:000036_02","feed_id":"F011","feed_slug":"kunitachi-kunikko","municipality":"国立市","service_name":"くにっこ","license":"CC0 1.0","source_stop_id":"000036_02","stop_code":null,"stop_name":"ぶどう園東","stop_desc":null,"zone_id":"000036_02","location_type":0,"parent_station":null,"wheelchair_boarding":null}},{"type":"Feature","id":"F011:000037_02","geometry":{"type":"Point","coordinates":[139.438765,35.692772]},"properties":{"id":"F011:000037_02","feed_id":"F011","feed_slug":"kunitachi-kunikko","municipality":"国立市","service_name":"くにっこ","license":"CC0 1.0","source_stop_id":"000037_02","stop_code":null,"stop_name":"中防災センター入口","stop_desc":null,"zone_id":"000037_02","location_type":0,"parent_station":null,"wheelchair_boarding":null}},{"type":"Feature","id":"F011:000042_02","geometry":{"type":"Point","coordinates":[139.439221,35.69657]},"properties":{"id":"F011:000042_02","feed_id":"F011","feed_slug":"kunitachi-kunikko","municipality":"国立市","service_name":"くにっこ","license":"CC0 1.0","source_stop_id":"000042_02","stop_code":null,"stop_name":"音大附属小学校東","stop_desc":null,"zone_id":"000042_02","location_type":0,"parent_station":null,"wheelchair_boarding":null}},{"type":"Feature","id":"F011:000043_02","geometry":{"type":"Point","coordinates":[139.436972,35.696492]},"properties":{"id":"F011:000043_02","feed_id":"F011","feed_slug":"kunitachi-kunikko","municipality":"国立市","service_name":"くにっこ","license":"CC0 1.0","source_stop_id":"000043_02","stop_code":null,"stop_name":"音大附属小学校北","stop_desc":null,"zone_id":"000043_02","location_type":0,"parent_station":null,"wheelchair_boarding":null}},{"type":"Feature","id":"F011:000044_02","geometry":{"type":"Point","coordinates":[139.434138,35.696414]},"properties":{"id":"F011:000044_02","feed_id":"F011","feed_slug":"kunitachi-kunikko","municipality":"国立市","service_name":"くにっこ","license":"CC0 1.0","source_stop_id":"000044_02","stop_code":null,"stop_name":"西一丁目交差点","stop_desc":null,"zone_id":"000044_02","location_type":0,"parent_station":null,"wheelchair_boarding":null}},{"type":"Feature","id":"F011:000045_02","geometry":{"type":"Point","coordinates":[139.430653,35.696317]},"properties":{"id":"F011:000045_02","feed_id":"F011","feed_slug":"kunitachi-kunikko","municipality":"国立市","service_name":"くにっこ","license":"CC0 1.0","source_stop_id":"000045_02","stop_code":null,"stop_name":"児童遊園東","stop_desc":null,"zone_id":"000045_02","location_type":0,"parent_station":null,"wheelchair_boarding":null}},{"type":"Feature","id":"F011:13023902_01","geometry":{"type":"Point","coordinates":[139.445614,35.698927]},"properties":{"id":"F011:13023902_01","feed_id":"F011","feed_slug":"kunitachi-kunikko","municipality":"国立市","service_name":"くにっこ","license":"CC0 1.0","source_stop_id":"13023902_01","stop_code":null,"stop_name":"国立駅子育て支援施設前","stop_desc":null,"zone_id":"13023902_01","location_type":0,"parent_station":null,"wheelchair_boarding":null}},{"type":"Feature","id":"F023:1_01","geometry":{"type":"Point","coordinates":[142.192109,27.094564]},"properties":{"id":"F023:1_01","feed_id":"F023","feed_slug":"ogasawara-village-bus","municipality":"小笠原村","service_name":"村営バス","license":"CC BY 4.0","source_stop_id":"1_01","stop_code":null,"stop_name":"村役場前","stop_desc":null,"zone_id":"1_01","location_type":0,"parent_station":null,"wheelchair_boarding":null}},{"type":"Feature","id":"F023:1_02","geometry":{"type":"Point","coordinates":[142.192078,27.094497]},"properties":{"id":"F023:1_02","feed_id":"F023","feed_slug":"ogasawara-village-bus","municipality":"小笠原村","service_name":"村営バス","license":"CC BY 4.0","source_stop_id":"1_02","stop_code":null,"stop_name":"村役場前","stop_desc":null,"zone_id":"1_02","location_type":0,"parent_station":null,"wheelchair_boarding":null}},{"type":"Feature","id":"F023:10_01","geometry":{"type":"Point","coordinates":[142.194892,27.100962]},"properties":{"id":"F023:10_01","feed_id":"F023","feed_slug":"ogasawara-village-bus","municipality":"小笠原村","service_name":"村営バス","license":"CC BY 4.0","source_stop_id":"10_01","stop_code":null,"stop_name":"清瀬西","stop_desc":null,"zone_id":"10_01","location_type":0,"parent_station":null,"wheelchair_boarding":null}},{"type":"Feature","id":"F023:11_01","geometry":{"type":"Point","coordinates":[142.19803,27.100582]},"properties":{"id":"F023:11_01","feed_id":"F023","feed_slug":"ogasawara-village-bus","municipality":"小笠原村","service_name":"村営バス","license":"CC BY 4.0","source_stop_id":"11_01","stop_code":null,"stop_name":"清瀬","stop_desc":null,"zone_id":"11_01","location_type":0,"parent_station":null,"wheelchair_boarding":null}},{"type":"Feature","id":"F023:12_01","geometry":{"type":"Point","coordinates":[142.194607,27.099826]},"properties":{"id":"F023:12_01","feed_id":"F023","feed_slug":"ogasawara-village-bus","municipality":"小笠原村","service_name":"村営バス","license":"CC BY 4.0","source_stop_id":"12_01","stop_code":null,"stop_name":"宮之浜入口","stop_desc":null,"zone_id":"12_01","location_type":0,"parent_station":null,"wheelchair_boarding":null}},{"type":"Feature","id":"F023:13_01","geometry":{"type":"Point","coordinates":[142.191627,27.09697]},"properties":{"id":"F023:13_01","feed_id":"F023","feed_slug":"ogasawara-village-bus","municipality":"小笠原村","service_name":"村営バス","license":"CC BY 4.0","source_stop_id":"13_01","stop_code":null,"stop_name":"小中学校裏","stop_desc":null,"zone_id":"13_01","location_type":0,"parent_station":null,"wheelchair_boarding":null}},{"type":"Feature","id":"F023:14_01","geometry":{"type":"Point","coordinates":[142.189546,27.094576]},"properties":{"id":"F023:14_01","feed_id":"F023","feed_slug":"ogasawara-village-bus","municipality":"小笠原村","service_name":"村営バス","license":"CC BY 4.0","source_stop_id":"14_01","stop_code":null,"stop_name":"三日月山入口","stop_desc":null,"zone_id":"14_01","location_type":0,"parent_station":null,"wheelchair_boarding":null}},{"type":"Feature","id":"F023:15_01","geometry":{"type":"Point","coordinates":[142.191478,27.093351]},"properties":{"id":"F023:15_01","feed_id":"F023","feed_slug":"ogasawara-village-bus","municipality":"小笠原村","service_name":"村営バス","license":"CC BY 4.0","source_stop_id":"15_01","stop_code":null,"stop_name":"西町","stop_desc":null,"zone_id":"15_01","location_type":0,"parent_station":null,"wheelchair_boarding":null}},{"type":"Feature","id":"F023:15_02","geometry":{"type":"Point","coordinates":[142.191551,27.093313]},"properties":{"id":"F023:15_02","feed_id":"F023","feed_slug":"ogasawara-village-bus","municipality":"小笠原村","service_name":"村営バス","license":"CC BY 4.0","source_stop_id":"15_02","stop_code":null,"stop_name":"西町","stop_desc":null,"zone_id":"15_02","location_type":0,"parent_station":null,"wheelchair_boarding":null}},{"type":"Feature","id":"F023:16_01","geometry":{"type":"Point","coordinates":[142.207249,27.087027]},"properties":{"id":"F023:16_01","feed_id":"F023","feed_slug":"ogasawara-village-bus","municipality":"小笠原村","service_name":"村営バス","license":"CC BY 4.0","source_stop_id":"16_01","stop_code":null,"stop_name":"境浦海岸","stop_desc":null,"zone_id":"16_01","location_type":0,"parent_station":null,"wheelchair_boarding":null}},{"type":"Feature","id":"F023:16_02","geometry":{"type":"Point","coordinates":[142.207259,27.086962]},"properties":{"id":"F023:16_02","feed_id":"F023","feed_slug":"ogasawara-village-bus","municipality":"小笠原村","service_name":"村営バス","license":"CC BY 4.0","source_stop_id":"16_02","stop_code":null,"stop_name":"境浦海岸","stop_desc":null,"zone_id":"16_02","location_type":0,"parent_station":null,"wheelchair_boarding":null}},{"type":"Feature","id":"F023:17_01","geometry":{"type":"Point","coordinates":[142.204013,27.07294]},"properties":{"id":"F023:17_01","feed_id":"F023","feed_slug":"ogasawara-village-bus","municipality":"小笠原村","service_name":"村営バス","license":"CC BY 4.0","source_stop_id":"17_01","stop_code":null,"stop_name":"扇浦海岸","stop_desc":null,"zone_id":"17_01","location_type":0,"parent_station":null,"wheelchair_boarding":null}},{"type":"Feature","id":"F023:17_02","geometry":{"type":"Point","coordinates":[142.204007,27.073012]},"properties":{"id":"F023:17_02","feed_id":"F023","feed_slug":"ogasawara-village-bus","municipality":"小笠原村","service_name":"村営バス","license":"CC BY 4.0","source_stop_id":"17_02","stop_code":null,"stop_name":"扇浦海岸","stop_desc":null,"zone_id":"17_02","location_type":0,"parent_station":null,"wheelchair_boarding":null}},{"type":"Feature","id":"F023:18_01","geometry":{"type":"Point","coordinates":[142.202782,27.071198]},"properties":{"id":"F023:18_01","feed_id":"F023","feed_slug":"ogasawara-village-bus","municipality":"小笠原村","service_name":"村営バス","license":"CC BY 4.0","source_stop_id":"18_01","stop_code":null,"stop_name":"交流センター","stop_desc":null,"zone_id":"18_01","location_type":0,"parent_station":null,"wheelchair_boarding":null}},{"type":"Feature","id":"F023:19_01","geometry":{"type":"Point","coordinates":[142.204714,27.067051]},"properties":{"id":"F023:19_01","feed_id":"F023","feed_slug":"ogasawara-village-bus","municipality":"小笠原村","service_name":"村営バス","license":"CC BY 4.0","source_stop_id":"19_01","stop_code":null,"stop_name":"農業センター","stop_desc":null,"zone_id":"19_01","location_type":0,"parent_station":null,"wheelchair_boarding":null}},{"type":"Feature","id":"F023:2_01","geometry":{"type":"Point","coordinates":[142.194712,27.094942]},"properties":{"id":"F023:2_01","feed_id":"F023","feed_slug":"ogasawara-village-bus","municipality":"小笠原村","service_name":"村営バス","license":"CC BY 4.0","source_stop_id":"2_01","stop_code":null,"stop_name":"青灯台入口","stop_desc":null,"zone_id":"2_01","location_type":0,"parent_station":null,"wheelchair_boarding":null}},{"type":"Feature","id":"F023:2_02","geometry":{"type":"Point","coordinates":[142.194584,27.094849]},"properties":{"id":"F023:2_02","feed_id":"F023","feed_slug":"ogasawara-village-bus","municipality":"小笠原村","service_name":"村営バス","license":"CC BY 4.0","source_stop_id":"2_02","stop_code":null,"stop_name":"青灯台入口","stop_desc":null,"zone_id":"2_02","location_type":0,"parent_station":null,"wheelchair_boarding":null}},{"type":"Feature","id":"F023:20_01","geometry":{"type":"Point","coordinates":[142.196856,27.060263]},"properties":{"id":"F023:20_01","feed_id":"F023","feed_slug":"ogasawara-village-bus","municipality":"小笠原村","service_name":"村営バス","license":"CC BY 4.0","source_stop_id":"20_01","stop_code":null,"stop_name":"小港海岸","stop_desc":null,"zone_id":"20_01","location_type":0,"parent_station":null,"wheelchair_boarding":null}},{"type":"Feature","id":"F023:3_01","geometry":{"type":"Point","coordinates":[142.196281,27.095342]},"properties":{"id":"F023:3_01","feed_id":"F023","feed_slug":"ogasawara-village-bus","municipality":"小笠原村","service_name":"村営バス","license":"CC BY 4.0","source_stop_id":"3_01","stop_code":null,"stop_name":"船客待合所","stop_desc":null,"zone_id":"3_01","location_type":0,"parent_station":null,"wheelchair_boarding":null}},{"type":"Feature","id":"F023:3_02","geometry":{"type":"Point","coordinates":[142.196303,27.095271]},"properties":{"id":"F023:3_02","feed_id":"F023","feed_slug":"ogasawara-village-bus","municipality":"小笠原村","service_name":"村営バス","license":"CC BY 4.0","source_stop_id":"3_02","stop_code":null,"stop_name":"船客待合所","stop_desc":null,"zone_id":"3_02","location_type":0,"parent_station":null,"wheelchair_boarding":null}},{"type":"Feature","id":"F023:4_01","geometry":{"type":"Point","coordinates":[142.198214,27.098869]},"properties":{"id":"F023:4_01","feed_id":"F023","feed_slug":"ogasawara-village-bus","municipality":"小笠原村","service_name":"村営バス","license":"CC BY 4.0","source_stop_id":"4_01","stop_code":null,"stop_name":"清瀬交差点","stop_desc":null,"zone_id":"4_01","location_type":0,"parent_station":null,"wheelchair_boarding":null}},{"type":"Feature","id":"F023:4_02","geometry":{"type":"Point","coordinates":[142.198282,27.098813]},"properties":{"id":"F023:4_02","feed_id":"F023","feed_slug":"ogasawara-village-bus","municipality":"小笠原村","service_name":"村営バス","license":"CC BY 4.0","source_stop_id":"4_02","stop_code":null,"stop_name":"清瀬交差点","stop_desc":null,"zone_id":"4_02","location_type":0,"parent_station":null,"wheelchair_boarding":null}},{"type":"Feature","id":"F023:5_01","geometry":{"type":"Point","coordinates":[142.199788,27.099802]},"properties":{"id":"F023:5_01","feed_id":"F023","feed_slug":"ogasawara-village-bus","municipality":"小笠原村","service_name":"村営バス","license":"CC BY 4.0","source_stop_id":"5_01","stop_code":null,"stop_name":"福祉センター","stop_desc":null,"zone_id":"5_01","location_type":0,"parent_station":null,"wheelchair_boarding":null}},{"type":"Feature","id":"F023:5_02","geometry":{"type":"Point","coordinates":[142.199875,27.099763]},"properties":{"id":"F023:5_02","feed_id":"F023","feed_slug":"ogasawara-village-bus","municipality":"小笠原村","service_name":"村営バス","license":"CC BY 4.0","source_stop_id":"5_02","stop_code":null,"stop_name":"福祉センター","stop_desc":null,"zone_id":"5_02","location_type":0,"parent_station":null,"wheelchair_boarding":null}},{"type":"Feature","id":"F023:6_01","geometry":{"type":"Point","coordinates":[142.201679,27.099518]},"properties":{"id":"F023:6_01","feed_id":"F023","feed_slug":"ogasawara-village-bus","municipality":"小笠原村","service_name":"村営バス","license":"CC BY 4.0","source_stop_id":"6_01","stop_code":null,"stop_name":"奥村運動場","stop_desc":null,"zone_id":"6_01","location_type":0,"parent_station":null,"wheelchair_boarding":null}},{"type":"Feature","id":"F023:7_01","geometry":{"type":"Point","coordinates":[142.203705,27.099552]},"properties":{"id":"F023:7_01","feed_id":"F023","feed_slug":"ogasawara-village-bus","municipality":"小笠原村","service_name":"村営バス","license":"CC BY 4.0","source_stop_id":"7_01","stop_code":null,"stop_name":"奥村","stop_desc":null,"zone_id":"7_01","location_type":0,"parent_station":null,"wheelchair_boarding":null}},{"type":"Feature","id":"F023:7_02","geometry":{"type":"Point","coordinates":[142.203707,27.099458]},"properties":{"id":"F023:7_02","feed_id":"F023","feed_slug":"ogasawara-village-bus","municipality":"小笠原村","service_name":"村営バス","license":"CC BY 4.0","source_stop_id":"7_02","stop_code":null,"stop_name":"奥村","stop_desc":null,"zone_id":"7_02","location_type":0,"parent_station":null,"wheelchair_boarding":null}},{"type":"Feature","id":"F023:8_01","geometry":{"type":"Point","coordinates":[142.196209,27.098854]},"properties":{"id":"F023:8_01","feed_id":"F023","feed_slug":"ogasawara-village-bus","municipality":"小笠原村","service_name":"村営バス","license":"CC BY 4.0","source_stop_id":"8_01","stop_code":null,"stop_name":"診療所","stop_desc":null,"zone_id":"8_01","location_type":0,"parent_station":null,"wheelchair_boarding":null}},{"type":"Feature","id":"F023:9_01","geometry":{"type":"Point","coordinates":[142.194519,27.09895]},"properties":{"id":"F023:9_01","feed_id":"F023","feed_slug":"ogasawara-village-bus","municipality":"小笠原村","service_name":"村営バス","license":"CC BY 4.0","source_stop_id":"9_01","stop_code":null,"stop_name":"二見台新都住","stop_desc":null,"zone_id":"9_01","location_type":0,"parent_station":null,"wheelchair_boarding":null}},{"type":"Feature","id":"F003:STP_000001_001","geometry":{"type":"Point","coordinates":[139.753965,35.706627]},"properties":{"id":"F003:STP_000001_001","feed_id":"F003","feed_slug":"bunkyo-b-guru","municipality":"文京区","service_name":"Bーぐる","license":"CC BY 4.0","source_stop_id":"STP_000001_001","stop_code":null,"stop_name":"ラクーア","stop_desc":null,"zone_id":"000001_001","location_type":0,"parent_station":null,"wheelchair_boarding":null}},{"type":"Feature","id":"F003:STP_000001_002","geometry":{"type":"Point","coordinates":[139.752795,35.710616]},"properties":{"id":"F003:STP_000001_002","feed_id":"F003","feed_slug":"bunkyo-b-guru","municipality":"文京区","service_name":"Bーぐる","license":"CC BY 4.0","source_stop_id":"STP_000001_002","stop_code":null,"stop_name":"文京小石川クリニック（三田線春日駅）","stop_desc":null,"zone_id":"000001_002","location_type":0,"parent_station":null,"wheelchair_boarding":null}},{"type":"Feature","id":"F003:STP_000001_003","geometry":{"type":"Point","coordinates":[139.752291,35.712751]},"properties":{"id":"F003:STP_000001_003","feed_id":"F003","feed_slug":"bunkyo-b-guru","municipality":"文京区","service_name":"Bーぐる","license":"CC BY 4.0","source_stop_id":"STP_000001_003","stop_code":null,"stop_name":"文化シヤッター前","stop_desc":null,"zone_id":"000001_003","location_type":0,"parent_station":null,"wheelchair_boarding":null}},{"type":"Feature","id":"F003:STP_000001_004","geometry":{"type":"Point","coordinates":[139.751958,35.714576]},"properties":{"id":"F003:STP_000001_004","feed_id":"F003","feed_slug":"bunkyo-b-guru","municipality":"文京区","service_name":"Bーぐる","license":"CC BY 4.0","source_stop_id":"STP_000001_004","stop_code":null,"stop_name":"クイーンズ伊勢丹小石川店前","stop_desc":null,"zone_id":"000001_004","location_type":0,"parent_station":null,"wheelchair_boarding":null}},{"type":"Feature","id":"F003:STP_000001_005","geometry":{"type":"Point","coordinates":[139.751563,35.716836]},"properties":{"id":"F003:STP_000001_005","feed_id":"F003","feed_slug":"bunkyo-b-guru","municipality":"文京区","service_name":"Bーぐる","license":"CC BY 4.0","source_stop_id":"STP_000001_005","stop_code":null,"stop_name":"指ヶ谷小学校","stop_desc":null,"zone_id":"000001_005","location_type":0,"parent_station":null,"wheelchair_boarding":null}},{"type":"Feature","id":"F003:STP_000001_006","geometry":{"type":"Point","coordinates":[139.751515,35.719581]},"properties":{"id":"F003:STP_000001_006","feed_id":"F003","feed_slug":"bunkyo-b-guru","municipality":"文京区","service_name":"Bーぐる","license":"CC BY 4.0","source_stop_id":"STP_000001_006","stop_code":null,"stop_name":"白山下","stop_desc":null,"zone_id":"000001_006","location_type":0,"parent_station":null,"wheelchair_boarding":null}},{"type":"Feature","id":"F003:STP_000001_007","geometry":{"type":"Point","coordinates":[139.752258,35.721751]},"properties":{"id":"F003:STP_000001_007","feed_id":"F003","feed_slug":"bunkyo-b-guru","municipality":"文京区","service_name":"Bーぐる","license":"CC BY 4.0","source_stop_id":"STP_000001_007","stop_code":null,"stop_name":"白山駅","stop_desc":null,"zone_id":"000001_007","location_type":0,"parent_station":null,"wheelchair_boarding":null}},{"type":"Feature","id":"F003:STP_000001_008","geometry":{"type":"Point","coordinates":[139.753255,35.722862]},"properties":{"id":"F003:STP_000001_008","feed_id":"F003","feed_slug":"bunkyo-b-guru","municipality":"文京区","service_name":"Bーぐる","license":"CC BY 4.0","source_stop_id":"STP_000001_008","stop_code":null,"stop_name":"白山上","stop_desc":null,"zone_id":"000001_008","location_type":0,"parent_station":null,"wheelchair_boarding":null}},{"type":"Feature","id":"F003:STP_000001_009","geometry":{"type":"Point","coordinates":[139.755755,35.721009]},"properties":{"id":"F003:STP_000001_009","feed_id":"F003","feed_slug":"bunkyo-b-guru","municipality":"文京区","service_name":"Bーぐる","license":"CC BY 4.0","source_stop_id":"STP_000001_009","stop_code":null,"stop_name":"向丘一丁目","stop_desc":null,"zone_id":"000001_009","location_type":0,"parent_station":null,"wheelchair_boarding":null}},{"type":"Feature","id":"F003:STP_000001_010","geometry":{"type":"Point","coordinates":[139.757871,35.720575]},"properties":{"id":"F003:STP_000001_010","feed_id":"F003","feed_slug":"bunkyo-b-guru","municipality":"文京区","service_name":"Bーぐる","license":"CC BY 4.0","source_stop_id":"STP_000001_010","stop_code":null,"stop_name":"向丘二丁目","stop_desc":null,"zone_id":"000001_010","location_type":0,"parent_station":null,"wheelchair_boarding":null}},{"type":"Feature","id":"F003:STP_000001_011","geometry":{"type":"Point","coordinates":[139.759293,35.720792]},"properties":{"id":"F003:STP_000001_011","feed_id":"F003","feed_slug":"bunkyo-b-guru","municipality":"文京区","service_name":"Bーぐる","license":"CC BY 4.0","source_stop_id":"STP_000001_011","stop_code":null,"stop_name":"日本医大病院","stop_desc":null,"zone_id":"000001_011","location_type":0,"parent_station":null,"wheelchair_boarding":null}},{"type":"Feature","id":"F003:STP_000001_012","geometry":{"type":"Point","coordinates":[139.762019,35.721595]},"properties":{"id":"F003:STP_000001_012","feed_id":"F003","feed_slug":"bunkyo-b-guru","municipality":"文京区","service_name":"Bーぐる","license":"CC BY 4.0","source_stop_id":"STP_000001_012","stop_code":null,"stop_name":"千駄木二丁目","stop_desc":null,"zone_id":"000001_012","location_type":0,"parent_station":null,"wheelchair_boarding":null}},{"type":"Feature","id":"F003:STP_000001_013","geometry":{"type":"Point","coordinates":[139.762853,35.724449]},"properties":{"id":"F003:STP_000001_013","feed_id":"F003","feed_slug":"bunkyo-b-guru","municipality":"文京区","service_name":"Bーぐる","license":"CC BY 4.0","source_stop_id":"STP_000001_013","stop_code":null,"stop_name":"千駄木駅（団子坂下）","stop_desc":null,"zone_id":"000001_013","location_type":0,"parent_station":null,"wheelchair_boarding":null}},{"type":"Feature","id":"F003:STP_000001_014","geometry":{"type":"Point","coordinates":[139.760678,35.726633]},"properties":{"id":"F003:STP_000001_014","feed_id":"F003","feed_slug":"bunkyo-b-guru","municipality":"文京区","service_name":"Bーぐる","license":"CC BY 4.0","source_stop_id":"STP_000001_014","stop_code":null,"stop_name":"特養ホーム千駄木の郷","stop_desc":null,"zone_id":"000001_014","location_type":0,"parent_station":null,"wheelchair_boarding":null}},{"type":"Feature","id":"F003:STP_000001_015","geometry":{"type":"Point","coordinates":[139.759713,35.72909]},"properties":{"id":"F003:STP_000001_015","feed_id":"F003","feed_slug":"bunkyo-b-guru","municipality":"文京区","service_name":"Bーぐる","license":"CC BY 4.0","source_stop_id":"STP_000001_015","stop_code":null,"stop_name":"千駄木小学校","stop_desc":null,"zone_id":"000001_015","location_type":0,"parent_station":null,"wheelchair_boarding":null}},{"type":"Feature","id":"F003:STP_000001_016","geometry":{"type":"Point","coordinates":[139.756979,35.730657]},"properties":{"id":"F003:STP_000001_016","feed_id":"F003","feed_slug":"bunkyo-b-guru","municipality":"文京区","service_name":"Bーぐる","license":"CC BY 4.0","source_stop_id":"STP_000001_016","stop_code":null,"stop_name":"駒込病院","stop_desc":null,"zone_id":"000001_016","location_type":0,"parent_station":null,"wheelchair_boarding":null}},{"type":"Feature","id":"F003:STP_000001_017","geometry":{"type":"Point","coordinates":[139.753846,35.730832]},"properties":{"id":"F003:STP_000001_017","feed_id":"F003","feed_slug":"bunkyo-b-guru","municipality":"文京区","service_name":"Bーぐる","license":"CC BY 4.0","source_stop_id":"STP_000001_017","stop_code":null,"stop_name":"本駒込三丁目","stop_desc":null,"zone_id":"000001_017","location_type":0,"parent_station":null,"wheelchair_boarding":null}},{"type":"Feature","id":"F003:STP_000001_018","geometry":{"type":"Point","coordinates":[139.751374,35.730527]},"properties":{"id":"F003:STP_000001_018","feed_id":"F003","feed_slug":"bunkyo-b-guru","municipality":"文京区","service_name":"Bーぐる","license":"CC BY 4.0","source_stop_id":"STP_000001_018","stop_code":null,"stop_name":"富士神社前","stop_desc":null,"zone_id":"000001_018","location_type":0,"parent_station":null,"wheelchair_boarding":null}},{"type":"Feature","id":"F003:STP_000001_019","geometry":{"type":"Point","coordinates":[139.7498,35.731618]},"properties":{"id":"F003:STP_000001_019","feed_id":"F003","feed_slug":"bunkyo-b-guru","municipality":"文京区","service_name":"Bーぐる","license":"CC BY 4.0","source_stop_id":"STP_000001_019","stop_code":null,"stop_name":"昭和小学校（上富士前）","stop_desc":null,"zone_id":"000001_019","location_type":0,"parent_station":null,"wheelchair_boarding":null}},{"type":"Feature","id":"F003:STP_000001_020","geometry":{"type":"Point","coordinates":[139.748699,35.732865]},"properties":{"id":"F003:STP_000001_020","feed_id":"F003","feed_slug":"bunkyo-b-guru","municipality":"文京区","service_name":"Bーぐる","license":"CC BY 4.0","source_stop_id":"STP_000001_020","stop_code":null,"stop_name":"六義園入口","stop_desc":null,"zone_id":"000001_020","location_type":0,"parent_station":null,"wheelchair_boarding":null}},{"type":"Feature","id":"F003:STP_000001_021","geometry":{"type":"Point","coordinates":[139.746625,35.734907]},"properties":{"id":"F003:STP_000001_021","feed_id":"F003","feed_slug":"bunkyo-b-guru","municipality":"文京区","service_name":"Bーぐる","license":"CC BY 4.0","source_stop_id":"STP_000001_021","stop_code":null,"stop_name":"南北線駒込駅","stop_desc":null,"zone_id":"000001_021","location_type":0,"parent_station":null,"wheelchair_boarding":null}},{"type":"Feature","id":"F003:STP_000001_022","geometry":{"type":"Point","coordinates":[139.744128,35.733152]},"properties":{"id":"F003:STP_000001_022","feed_id":"F003","feed_slug":"bunkyo-b-guru","municipality":"文京区","service_name":"Bーぐる","license":"CC BY 4.0","source_stop_id":"STP_000001_022","stop_code":null,"stop_name":"六義公園運動場入口","stop_desc":null,"zone_id":"000001_022","location_type":0,"parent_station":null,"wheelchair_boarding":null}},{"type":"Feature","id":"F003:STP_000001_023","geometry":{"type":"Point","coordinates":[139.741795,35.730866]},"properties":{"id":"F003:STP_000001_023","feed_id":"F003","feed_slug":"bunkyo-b-guru","municipality":"文京区","service_name":"Bーぐる","license":"CC BY 4.0","source_stop_id":"STP_000001_023","stop_code":null,"stop_name":"本駒込六丁目","stop_desc":null,"zone_id":"000001_023","location_type":0,"parent_station":null,"wheelchair_boarding":null}},{"type":"Feature","id":"F003:STP_000001_024","geometry":{"type":"Point","coordinates":[139.744859,35.728116]},"properties":{"id":"F003:STP_000001_024","feed_id":"F003","feed_slug":"bunkyo-b-guru","municipality":"文京区","service_name":"Bーぐる","license":"CC BY 4.0","source_stop_id":"STP_000001_024","stop_code":null,"stop_name":"千石駅","stop_desc":null,"zone_id":"000001_024","location_type":0,"parent_station":null,"wheelchair_boarding":null}},{"type":"Feature","id":"F003:STP_000001_025","geometry":{"type":"Point","coordinates":[139.746448,35.724662]},"properties":{"id":"F003:STP_000001_025","feed_id":"F003","feed_slug":"bunkyo-b-guru","municipality":"文京区","service_name":"Bーぐる","license":"CC BY 4.0","source_stop_id":"STP_000001_025","stop_code":null,"stop_name":"特養ホーム白山の郷","stop_desc":null,"zone_id":"000001_025","location_type":0,"parent_station":null,"wheelchair_boarding":null}},{"type":"Feature","id":"F003:STP_000001_026","geometry":{"type":"Point","coordinates":[139.748457,35.722365]},"properties":{"id":"F003:STP_000001_026","feed_id":"F003","feed_slug":"bunkyo-b-guru","municipality":"文京区","service_name":"Bーぐる","license":"CC BY 4.0","source_stop_id":"STP_000001_026","stop_code":null,"stop_name":"東洋大学前","stop_desc":null,"zone_id":"000001_026","location_type":0,"parent_station":null,"wheelchair_boarding":null}},{"type":"Feature","id":"F003:STP_000001_027","geometry":{"type":"Point","coordinates":[139.750123,35.720753]},"properties":{"id":"F003:STP_000001_027","feed_id":"F003","feed_slug":"bunkyo-b-guru","municipality":"文京区","service_name":"Bーぐる","license":"CC BY 4.0","source_stop_id":"STP_000001_027","stop_code":null,"stop_name":"白山五丁目","stop_desc":null,"zone_id":"000001_027","location_type":0,"parent_station":null,"wheelchair_boarding":null}},{"type":"Feature","id":"F003:STP_000001_029","geometry":{"type":"Point","coordinates":[139.751762,35.717762]},"properties":{"id":"F003:STP_000001_029","feed_id":"F003","feed_slug":"bunkyo-b-guru","municipality":"文京区","service_name":"Bーぐる","license":"CC BY 4.0","source_stop_id":"STP_000001_029","stop_code":null,"stop_name":"指ヶ谷小学校","stop_desc":null,"zone_id":"000001_029","location_type":0,"parent_station":null,"wheelchair_boarding":null}},{"type":"Feature","id":"F003:STP_000001_030","geometry":{"type":"Point","coordinates":[139.752191,35.715235]},"properties":{"id":"F003:STP_000001_030","feed_id":"F003","feed_slug":"bunkyo-b-guru","municipality":"文京区","service_name":"Bーぐる","license":"CC BY 4.0","source_stop_id":"STP_000001_030","stop_code":null,"stop_name":"白山一丁目","stop_desc":null,"zone_id":"000001_030","location_type":0,"parent_station":null,"wheelchair_boarding":null}},{"type":"Feature","id":"F003:STP_000001_031","geometry":{"type":"Point","coordinates":[139.752667,35.712636]},"properties":{"id":"F003:STP_000001_031","feed_id":"F003","feed_slug":"bunkyo-b-guru","municipality":"文京区","service_name":"Bーぐる","license":"CC BY 4.0","source_stop_id":"STP_000001_031","stop_code":null,"stop_name":"文化シヤッター前","stop_desc":null,"zone_id":"000001_031","location_type":0,"parent_station":null,"wheelchair_boarding":null}},{"type":"Feature","id":"F003:STP_000001_032","geometry":{"type":"Point","coordinates":[139.753098,35.710747]},"properties":{"id":"F003:STP_000001_032","feed_id":"F003","feed_slug":"bunkyo-b-guru","municipality":"文京区","service_name":"Bーぐる","license":"CC BY 4.0","source_stop_id":"STP_000001_032","stop_code":null,"stop_name":"三田線春日駅","stop_desc":null,"zone_id":"000001_032","location_type":0,"parent_station":null,"wheelchair_boarding":null}},{"type":"Feature","id":"F003:STP_000001_033","geometry":{"type":"Point","coordinates":[139.751926,35.707881]},"properties":{"id":"F003:STP_000001_033","feed_id":"F003","feed_slug":"bunkyo-b-guru","municipality":"文京区","service_name":"Bーぐる","license":"CC BY 4.0","source_stop_id":"STP_000001_033","stop_code":null,"stop_name":"文京シビックセンター（春日駅前）","stop_desc":null,"zone_id":"000001_033","location_type":0,"parent_station":null,"wheelchair_boarding":null}},{"type":"Feature","id":"F003:STP_000001_034","geometry":{"type":"Point","coordinates":[139.747537,35.704516]},"properties":{"id":"F003:STP_000001_034","feed_id":"F003","feed_slug":"bunkyo-b-guru","municipality":"文京区","service_name":"Bーぐる","license":"CC BY 4.0","source_stop_id":"STP_000001_034","stop_code":null,"stop_name":"小石川後楽園入口","stop_desc":null,"zone_id":"000001_034","location_type":0,"parent_station":null,"wheelchair_boarding":null}},{"type":"Feature","id":"F003:STP_000001_035","geometry":{"type":"Point","coordinates":[139.748498,35.703373]},"properties":{"id":"F003:STP_000001_035","feed_id":"F003","feed_slug":"bunkyo-b-guru","municipality":"文京区","service_name":"Bーぐる","license":"CC BY 4.0","source_stop_id":"STP_000001_035","stop_code":null,"stop_name":"後楽一丁目","stop_desc":null,"zone_id":"000001_035","location_type":0,"parent_station":null,"wheelchair_boarding":null}},{"type":"Feature","id":"F003:STP_000001_036","geometry":{"type":"Point","coordinates":[139.753666,35.703409]},"properties":{"id":"F003:STP_000001_036","feed_id":"F003","feed_slug":"bunkyo-b-guru","municipality":"文京区","service_name":"Bーぐる","license":"CC BY 4.0","source_stop_id":"STP_000001_036","stop_code":null,"stop_name":"東京ドームホテル","stop_desc":null,"zone_id":"000001_036","location_type":0,"parent_station":null,"wheelchair_boarding":null}},{"type":"Feature","id":"F003:STP_000001_037","geometry":{"type":"Point","coordinates":[139.754621,35.704466]},"properties":{"id":"F003:STP_000001_037","feed_id":"F003","feed_slug":"bunkyo-b-guru","municipality":"文京区","service_name":"Bーぐる","license":"CC BY 4.0","source_stop_id":"STP_000001_037","stop_code":null,"stop_name":"ミーツポート","stop_desc":null,"zone_id":"000001_037","location_type":0,"parent_station":null,"wheelchair_boarding":null}},{"type":"Feature","id":"F003:STP_000002_002","geometry":{"type":"Point","coordinates":[139.747454,35.70672]},"properties":{"id":"F003:STP_000002_002","feed_id":"F003","feed_slug":"bunkyo-b-guru","municipality":"文京区","service_name":"Bーぐる","license":"CC BY 4.0","source_stop_id":"STP_000002_002","stop_code":null,"stop_name":"小石川税務署","stop_desc":null,"zone_id":"000002_002","location_type":0,"parent_station":null,"wheelchair_boarding":null}},{"type":"Feature","id":"F003:STP_000002_003","geometry":{"type":"Point","coordinates":[139.745748,35.70745]},"properties":{"id":"F003:STP_000002_003","feed_id":"F003","feed_slug":"bunkyo-b-guru","municipality":"文京区","service_name":"Bーぐる","license":"CC BY 4.0","source_stop_id":"STP_000002_003","stop_code":null,"stop_name":"後楽二丁目","stop_desc":null,"zone_id":"000002_003","location_type":0,"parent_station":null,"wheelchair_boarding":null}},{"type":"Feature","id":"F003:STP_000002_004","geometry":{"type":"Point","coordinates":[139.743464,35.709692]},"properties":{"id":"F003:STP_000002_004","feed_id":"F003","feed_slug":"bunkyo-b-guru","municipality":"文京区","service_name":"Bーぐる","license":"CC BY 4.0","source_stop_id":"STP_000002_004","stop_code":null,"stop_name":"ＴＯＰＰＡＮホール・印刷博物館","stop_desc":null,"zone_id":"000002_004","location_type":0,"parent_station":null,"wheelchair_boarding":null}},{"type":"Feature","id":"F003:STP_000002_005","geometry":{"type":"Point","coordinates":[139.739675,35.710908]},"properties":{"id":"F003:STP_000002_005","feed_id":"F003","feed_slug":"bunkyo-b-guru","municipality":"文京区","service_name":"Bーぐる","license":"CC BY 4.0","source_stop_id":"STP_000002_005","stop_code":null,"stop_name":"水道二丁目","stop_desc":null,"zone_id":"000002_005","location_type":0,"parent_station":null,"wheelchair_boarding":null}},{"type":"Feature","id":"F003:STP_000002_006","geometry":{"type":"Point","coordinates":[139.733993,35.710578]},"properties":{"id":"F003:STP_000002_006","feed_id":"F003","feed_slug":"bunkyo-b-guru","municipality":"文京区","service_name":"Bーぐる","license":"CC BY 4.0","source_stop_id":"STP_000002_006","stop_code":null,"stop_name":"文京総合福祉センター","stop_desc":null,"zone_id":"000002_006","location_type":0,"parent_station":null,"wheelchair_boarding":null}},{"type":"Feature","id":"F003:STP_000002_007","geometry":{"type":"Point","coordinates":[139.733072,35.709378]},"properties":{"id":"F003:STP_000002_007","feed_id":"F003","feed_slug":"bunkyo-b-guru","municipality":"文京区","service_name":"Bーぐる","license":"CC BY 4.0","source_stop_id":"STP_000002_007","stop_code":null,"stop_name":"江戸川橋駅","stop_desc":null,"zone_id":"000002_007","location_type":0,"parent_station":null,"wheelchair_boarding":null}},{"type":"Feature","id":"F003:STP_000002_008","geometry":{"type":"Point","coordinates":[139.731283,35.710914]},"properties":{"id":"F003:STP_000002_008","feed_id":"F003","feed_slug":"bunkyo-b-guru","municipality":"文京区","service_name":"Bーぐる","license":"CC BY 4.0","source_stop_id":"STP_000002_008","stop_code":null,"stop_name":"江戸川公園","stop_desc":null,"zone_id":"000002_008","location_type":0,"parent_station":null,"wheelchair_boarding":null}},{"type":"Feature","id":"F003:STP_000002_009","geometry":{"type":"Point","coordinates":[139.729733,35.712059]},"properties":{"id":"F003:STP_000002_009","feed_id":"F003","feed_slug":"bunkyo-b-guru","municipality":"文京区","service_name":"Bーぐる","license":"CC BY 4.0","source_stop_id":"STP_000002_009","stop_code":null,"stop_name":"関口二丁目","stop_desc":null,"zone_id":"000002_009","location_type":0,"parent_station":null,"wheelchair_boarding":null}},{"type":"Feature","id":"F003:STP_000002_010","geometry":{"type":"Point","coordinates":[139.72604,35.713293]},"properties":{"id":"F003:STP_000002_010","feed_id":"F003","feed_slug":"bunkyo-b-guru","municipality":"文京区","service_name":"Bーぐる","license":"CC BY 4.0","source_stop_id":"STP_000002_010","stop_code":null,"stop_name":"ホテル椿山荘東京","stop_desc":null,"zone_id":"000002_010","location_type":0,"parent_station":null,"wheelchair_boarding":null}},{"type":"Feature","id":"F003:STP_000002_011","geometry":{"type":"Point","coordinates":[139.725366,35.714404]},"properties":{"id":"F003:STP_000002_011","feed_id":"F003","feed_slug":"bunkyo-b-guru","municipality":"文京区","service_name":"Bーぐる","license":"CC BY 4.0","source_stop_id":"STP_000002_011","stop_code":null,"stop_name":"目白台一丁目","stop_desc":null,"zone_id":"000002_011","location_type":0,"parent_station":null,"wheelchair_boarding":null}},{"type":"Feature","id":"F003:STP_000002_012","geometry":{"type":"Point","coordinates":[139.721855,35.715604]},"properties":{"id":"F003:STP_000002_012","feed_id":"F003","feed_slug":"bunkyo-b-guru","municipality":"文京区","service_name":"Bーぐる","license":"CC BY 4.0","source_stop_id":"STP_000002_012","stop_code":null,"stop_name":"目白台運動公園","stop_desc":null,"zone_id":"000002_012","location_type":0,"parent_station":null,"wheelchair_boarding":null}},{"type":"Feature","id":"F003:STP_000002_013","geometry":{"type":"Point","coordinates":[139.719381,35.716216]},"properties":{"id":"F003:STP_000002_013","feed_id":"F003","feed_slug":"bunkyo-b-guru","municipality":"文京区","service_name":"Bーぐる","license":"CC BY 4.0","source_stop_id":"STP_000002_013","stop_code":null,"stop_name":"日本女子大前","stop_desc":null,"zone_id":"000002_013","location_type":0,"parent_station":null,"wheelchair_boarding":null}},{"type":"Feature","id":"F003:STP_000002_014","geometry":{"type":"Point","coordinates":[139.72123,35.718097]},"properties":{"id":"F003:STP_000002_014","feed_id":"F003","feed_slug":"bunkyo-b-guru","municipality":"文京区","service_name":"Bーぐる","license":"CC BY 4.0","source_stop_id":"STP_000002_014","stop_code":null,"stop_name":"目白台二丁目","stop_desc":null,"zone_id":"000002_014","location_type":0,"parent_station":null,"wheelchair_boarding":null}},{"type":"Feature","id":"F003:STP_000002_015","geometry":{"type":"Point","coordinates":[139.725716,35.719834]},"properties":{"id":"F003:STP_000002_015","feed_id":"F003","feed_slug":"bunkyo-b-guru","municipality":"文京区","service_name":"Bーぐる","license":"CC BY 4.0","source_stop_id":"STP_000002_015","stop_code":null,"stop_name":"アカデミー音羽","stop_desc":null,"zone_id":"000002_015","location_type":0,"parent_station":null,"wheelchair_boarding":null}},{"type":"Feature","id":"F003:STP_000002_016","geometry":{"type":"Point","coordinates":[139.727383,35.719538]},"properties":{"id":"F003:STP_000002_016","feed_id":"F003","feed_slug":"bunkyo-b-guru","municipality":"文京区","service_name":"Bーぐる","license":"CC BY 4.0","source_stop_id":"STP_000002_016","stop_code":null,"stop_name":"護国寺駅","stop_desc":null,"zone_id":"000002_016","location_type":0,"parent_station":null,"wheelchair_boarding":null}},{"type":"Feature","id":"F003:STP_000002_017","geometry":{"type":"Point","coordinates":[139.727971,35.718348]},"properties":{"id":"F003:STP_000002_017","feed_id":"F003","feed_slug":"bunkyo-b-guru","municipality":"文京区","service_name":"Bーぐる","license":"CC BY 4.0","source_stop_id":"STP_000002_017","stop_code":null,"stop_name":"講談社前","stop_desc":null,"zone_id":"000002_017","location_type":0,"parent_station":null,"wheelchair_boarding":null}},{"type":"Feature","id":"F003:STP_000002_018","geometry":{"type":"Point","coordinates":[139.732749,35.717526]},"properties":{"id":"F003:STP_000002_018","feed_id":"F003","feed_slug":"bunkyo-b-guru","municipality":"文京区","service_name":"Bーぐる","license":"CC BY 4.0","source_stop_id":"STP_000002_018","stop_code":null,"stop_name":"大塚二丁目","stop_desc":null,"zone_id":"000002_018","location_type":0,"parent_station":null,"wheelchair_boarding":null}},{"type":"Feature","id":"F003:STP_000002_019","geometry":{"type":"Point","coordinates":[139.734128,35.716984]},"properties":{"id":"F003:STP_000002_019","feed_id":"F003","feed_slug":"bunkyo-b-guru","municipality":"文京区","service_name":"Bーぐる","license":"CC BY 4.0","source_stop_id":"STP_000002_019","stop_code":null,"stop_name":"跡見女子大西門前","stop_desc":null,"zone_id":"000002_019","location_type":0,"parent_station":null,"wheelchair_boarding":null}},{"type":"Feature","id":"F003:STP_000002_020","geometry":{"type":"Point","coordinates":[139.733138,35.714101]},"properties":{"id":"F003:STP_000002_020","feed_id":"F003","feed_slug":"bunkyo-b-guru","municipality":"文京区","service_name":"Bーぐる","license":"CC BY 4.0","source_stop_id":"STP_000002_020","stop_code":null,"stop_name":"都営小日向二丁目アパート","stop_desc":null,"zone_id":"000002_020","location_type":0,"parent_station":null,"wheelchair_boarding":null}},{"type":"Feature","id":"F003:STP_000002_021","geometry":{"type":"Point","coordinates":[139.734536,35.710386]},"properties":{"id":"F003:STP_000002_021","feed_id":"F003","feed_slug":"bunkyo-b-guru","municipality":"文京区","service_name":"Bーぐる","license":"CC BY 4.0","source_stop_id":"STP_000002_021","stop_code":null,"stop_name":"文京総合福祉センター","stop_desc":null,"zone_id":"000002_021","location_type":0,"parent_station":null,"wheelchair_boarding":null}},{"type":"Feature","id":"F003:STP_000002_022","geometry":{"type":"Point","coordinates":[139.734433,35.712846]},"properties":{"id":"F003:STP_000002_022","feed_id":"F003","feed_slug":"bunkyo-b-guru","municipality":"文京区","service_name":"Bーぐる","license":"CC BY 4.0","source_stop_id":"STP_000002_022","stop_code":null,"stop_name":"小日向台町小学校","stop_desc":null,"zone_id":"000002_022","location_type":0,"parent_station":null,"wheelchair_boarding":null}},{"type":"Feature","id":"F003:STP_000002_023","geometry":{"type":"Point","coordinates":[139.734037,35.714441]},"properties":{"id":"F003:STP_000002_023","feed_id":"F003","feed_slug":"bunkyo-b-guru","municipality":"文京区","service_name":"Bーぐる","license":"CC BY 4.0","source_stop_id":"STP_000002_023","stop_code":null,"stop_name":"小日向二丁目","stop_desc":null,"zone_id":"000002_023","location_type":0,"parent_station":null,"wheelchair_boarding":null}},{"type":"Feature","id":"F003:STP_000002_024","geometry":{"type":"Point","coordinates":[139.734106,35.716646]},"properties":{"id":"F003:STP_000002_024","feed_id":"F003","feed_slug":"bunkyo-b-guru","municipality":"文京区","service_name":"Bーぐる","license":"CC BY 4.0","source_stop_id":"STP_000002_024","stop_code":null,"stop_name":"新大塚公園","stop_desc":null,"zone_id":"000002_024","location_type":0,"parent_station":null,"wheelchair_boarding":null}},{"type":"Feature","id":"F003:STP_000002_025","geometry":{"type":"Point","coordinates":[139.735463,35.718764]},"properties":{"id":"F003:STP_000002_025","feed_id":"F003","feed_slug":"bunkyo-b-guru","municipality":"文京区","service_name":"Bーぐる","license":"CC BY 4.0","source_stop_id":"STP_000002_025","stop_code":null,"stop_name":"窪町小学校(竹添義之税理士事務所前)","stop_desc":null,"zone_id":"000002_025","location_type":0,"parent_station":null,"wheelchair_boarding":null}},{"type":"Feature","id":"F003:STP_000002_026","geometry":{"type":"Point","coordinates":[139.737295,35.717564]},"properties":{"id":"F003:STP_000002_026","feed_id":"F003","feed_slug":"bunkyo-b-guru","municipality":"文京区","service_name":"Bーぐる","license":"CC BY 4.0","source_stop_id":"STP_000002_026","stop_code":null,"stop_name":"茗荷谷駅","stop_desc":null,"zone_id":"000002_026","location_type":0,"parent_station":null,"wheelchair_boarding":null}},{"type":"Feature","id":"F003:STP_000002_027","geometry":{"type":"Point","coordinates":[139.739257,35.717524]},"properties":{"id":"F003:STP_000002_027","feed_id":"F003","feed_slug":"bunkyo-b-guru","municipality":"文京区","service_name":"Bーぐる","license":"CC BY 4.0","source_stop_id":"STP_000002_027","stop_code":null,"stop_name":"第一中学校","stop_desc":null,"zone_id":"000002_027","location_type":0,"parent_station":null,"wheelchair_boarding":null}},{"type":"Feature","id":"F003:STP_000002_028","geometry":{"type":"Point","coordinates":[139.743074,35.717127]},"properties":{"id":"F003:STP_000002_028","feed_id":"F003","feed_slug":"bunkyo-b-guru","municipality":"文京区","service_name":"Bーぐる","license":"CC BY 4.0","source_stop_id":"STP_000002_028","stop_code":null,"stop_name":"胡蝶蘭専門店らんや（播磨坂）","stop_desc":null,"zone_id":"000002_028","location_type":0,"parent_station":null,"wheelchair_boarding":null}},{"type":"Feature","id":"F003:STP_000002_029","geometry":{"type":"Point","coordinates":[139.746189,35.716532]},"properties":{"id":"F003:STP_000002_029","feed_id":"F003","feed_slug":"bunkyo-b-guru","municipality":"文京区","service_name":"Bーぐる","license":"CC BY 4.0","source_stop_id":"STP_000002_029","stop_code":null,"stop_name":"共同印刷","stop_desc":null,"zone_id":"000002_029","location_type":0,"parent_station":null,"wheelchair_boarding":null}},{"type":"Feature","id":"F003:STP_000002_030","geometry":{"type":"Point","coordinates":[139.749663,35.714033]},"properties":{"id":"F003:STP_000002_030","feed_id":"F003","feed_slug":"bunkyo-b-guru","municipality":"文京区","service_name":"Bーぐる","license":"CC BY 4.0","source_stop_id":"STP_000002_030","stop_code":null,"stop_name":"小石川一丁目","stop_desc":null,"zone_id":"000002_030","location_type":0,"parent_station":null,"wheelchair_boarding":null}},{"type":"Feature","id":"F003:STP_000002_031","geometry":{"type":"Point","coordinates":[139.751637,35.711305]},"properties":{"id":"F003:STP_000002_031","feed_id":"F003","feed_slug":"bunkyo-b-guru","municipality":"文京区","service_name":"Bーぐる","license":"CC BY 4.0","source_stop_id":"STP_000002_031","stop_code":null,"stop_name":"こんにゃくえんま","stop_desc":null,"zone_id":"000002_031","location_type":0,"parent_station":null,"wheelchair_boarding":null}},{"type":"Feature","id":"F003:STP_000002_032","geometry":{"type":"Point","coordinates":[139.751902,35.709562]},"properties":{"id":"F003:STP_000002_032","feed_id":"F003","feed_slug":"bunkyo-b-guru","municipality":"文京区","service_name":"Bーぐる","license":"CC BY 4.0","source_stop_id":"STP_000002_032","stop_code":null,"stop_name":"富坂下","stop_desc":null,"zone_id":"000002_032","location_type":0,"parent_station":null,"wheelchair_boarding":null}},{"type":"Feature","id":"F003:STP_000003_001","geometry":{"type":"Point","coordinates":[139.752484,35.706744]},"properties":{"id":"F003:STP_000003_001","feed_id":"F003","feed_slug":"bunkyo-b-guru","municipality":"文京区","service_name":"Bーぐる","license":"CC BY 4.0","source_stop_id":"STP_000003_001","stop_code":null,"stop_name":"春日一丁目","stop_desc":null,"zone_id":"000003_001","location_type":0,"parent_station":null,"wheelchair_boarding":null}},{"type":"Feature","id":"F003:STP_000003_002","geometry":{"type":"Point","coordinates":[139.757561,35.704511]},"properties":{"id":"F003:STP_000003_002","feed_id":"F003","feed_slug":"bunkyo-b-guru","municipality":"文京区","service_name":"Bーぐる","license":"CC BY 4.0","source_stop_id":"STP_000003_002","stop_code":null,"stop_name":"東洋学園大学前","stop_desc":null,"zone_id":"000003_002","location_type":0,"parent_station":null,"wheelchair_boarding":null}},{"type":"Feature","id":"F003:STP_000003_003","geometry":{"type":"Point","coordinates":[139.760149,35.70465]},"properties":{"id":"F003:STP_000003_003","feed_id":"F003","feed_slug":"bunkyo-b-guru","municipality":"文京区","service_name":"Bーぐる","license":"CC BY 4.0","source_stop_id":"STP_000003_003","stop_code":null,"stop_name":"宇佐美本郷ビル前（壱岐坂上）","stop_desc":null,"zone_id":"000003_003","location_type":0,"parent_station":null,"wheelchair_boarding":null}},{"type":"Feature","id":"F003:STP_000003_004","geometry":{"type":"Point","coordinates":[139.764144,35.704062]},"properties":{"id":"F003:STP_000003_004","feed_id":"F003","feed_slug":"bunkyo-b-guru","municipality":"文京区","service_name":"Bーぐる","license":"CC BY 4.0","source_stop_id":"STP_000003_004","stop_code":null,"stop_name":"湯島総合センター","stop_desc":null,"zone_id":"000003_004","location_type":0,"parent_station":null,"wheelchair_boarding":null}},{"type":"Feature","id":"F003:STP_000003_005","geometry":{"type":"Point","coordinates":[139.764321,35.707404]},"properties":{"id":"F003:STP_000003_005","feed_id":"F003","feed_slug":"bunkyo-b-guru","municipality":"文京区","service_name":"Bーぐる","license":"CC BY 4.0","source_stop_id":"STP_000003_005","stop_code":null,"stop_name":"湯島四丁目","stop_desc":null,"zone_id":"000003_005","location_type":0,"parent_station":null,"wheelchair_boarding":null}},{"type":"Feature","id":"F003:STP_000003_006","geometry":{"type":"Point","coordinates":[139.76225,35.70504]},"properties":{"id":"F003:STP_000003_006","feed_id":"F003","feed_slug":"bunkyo-b-guru","municipality":"文京区","service_name":"Bーぐる","license":"CC BY 4.0","source_stop_id":"STP_000003_006","stop_code":null,"stop_name":"消防署前通り","stop_desc":null,"zone_id":"000003_006","location_type":0,"parent_station":null,"wheelchair_boarding":null}},{"type":"Feature","id":"F003:STP_000003_007","geometry":{"type":"Point","coordinates":[139.761986,35.702935]},"properties":{"id":"F003:STP_000003_007","feed_id":"F003","feed_slug":"bunkyo-b-guru","municipality":"文京区","service_name":"Bーぐる","license":"CC BY 4.0","source_stop_id":"STP_000003_007","stop_code":null,"stop_name":"順天堂病院前","stop_desc":null,"zone_id":"000003_007","location_type":0,"parent_station":null,"wheelchair_boarding":null}},{"type":"Feature","id":"F003:STP_000003_008","geometry":{"type":"Point","coordinates":[139.763521,35.699856]},"properties":{"id":"F003:STP_000003_008","feed_id":"F003","feed_slug":"bunkyo-b-guru","municipality":"文京区","service_name":"Bーぐる","license":"CC BY 4.0","source_stop_id":"STP_000003_008","stop_code":null,"stop_name":"御茶ノ水駅前","stop_desc":null,"zone_id":"000003_008","location_type":0,"parent_station":null,"wheelchair_boarding":null}},{"type":"Feature","id":"F003:STP_000003_009","geometry":{"type":"Point","coordinates":[139.762066,35.697281]},"properties":{"id":"F003:STP_000003_009","feed_id":"F003","feed_slug":"bunkyo-b-guru","municipality":"文京区","service_name":"Bーぐる","license":"CC BY 4.0","source_stop_id":"STP_000003_009","stop_code":null,"stop_name":"日大病院","stop_desc":null,"zone_id":"000003_009","location_type":0,"parent_station":null,"wheelchair_boarding":null}},{"type":"Feature","id":"F003:STP_000003_010","geometry":{"type":"Point","coordinates":[139.765345,35.69695]},"properties":{"id":"F003:STP_000003_010","feed_id":"F003","feed_slug":"bunkyo-b-guru","municipality":"文京区","service_name":"Bーぐる","license":"CC BY 4.0","source_stop_id":"STP_000003_010","stop_code":null,"stop_name":"新御茶ノ水駅","stop_desc":null,"zone_id":"000003_010","location_type":0,"parent_station":null,"wheelchair_boarding":null}},{"type":"Feature","id":"F003:STP_000003_011","geometry":{"type":"Point","coordinates":[139.7655,35.700359]},"properties":{"id":"F003:STP_000003_011","feed_id":"F003","feed_slug":"bunkyo-b-guru","municipality":"文京区","service_name":"Bーぐる","license":"CC BY 4.0","source_stop_id":"STP_000003_011","stop_code":null,"stop_name":"聖橋","stop_desc":null,"zone_id":"000003_011","location_type":0,"parent_station":null,"wheelchair_boarding":null}},{"type":"Feature","id":"F003:STP_000003_012","geometry":{"type":"Point","coordinates":[139.766382,35.702368]},"properties":{"id":"F003:STP_000003_012","feed_id":"F003","feed_slug":"bunkyo-b-guru","municipality":"文京区","service_name":"Bーぐる","license":"CC BY 4.0","source_stop_id":"STP_000003_012","stop_code":null,"stop_name":"湯島一丁目","stop_desc":null,"zone_id":"000003_012","location_type":0,"parent_station":null,"wheelchair_boarding":null}},{"type":"Feature","id":"F003:STP_000003_013","geometry":{"type":"Point","coordinates":[139.767159,35.70466]},"properties":{"id":"F003:STP_000003_013","feed_id":"F003","feed_slug":"bunkyo-b-guru","municipality":"文京区","service_name":"Bーぐる","license":"CC BY 4.0","source_stop_id":"STP_000003_013","stop_code":null,"stop_name":"東都文京病院入口","stop_desc":null,"zone_id":"000003_013","location_type":0,"parent_station":null,"wheelchair_boarding":null}},{"type":"Feature","id":"F003:STP_000003_014","geometry":{"type":"Point","coordinates":[139.767422,35.705492]},"properties":{"id":"F003:STP_000003_014","feed_id":"F003","feed_slug":"bunkyo-b-guru","municipality":"文京区","service_name":"Bーぐる","license":"CC BY 4.0","source_stop_id":"STP_000003_014","stop_code":null,"stop_name":"湯島天神入口","stop_desc":null,"zone_id":"000003_014","location_type":0,"parent_station":null,"wheelchair_boarding":null}},{"type":"Feature","id":"F003:STP_000003_015","geometry":{"type":"Point","coordinates":[139.769868,35.706771]},"properties":{"id":"F003:STP_000003_015","feed_id":"F003","feed_slug":"bunkyo-b-guru","municipality":"文京区","service_name":"Bーぐる","license":"CC BY 4.0","source_stop_id":"STP_000003_015","stop_code":null,"stop_name":"湯島駅","stop_desc":null,"zone_id":"000003_015","location_type":0,"parent_station":null,"wheelchair_boarding":null}},{"type":"Feature","id":"F003:STP_000003_016","geometry":{"type":"Point","coordinates":[139.772422,35.70726]},"properties":{"id":"F003:STP_000003_016","feed_id":"F003","feed_slug":"bunkyo-b-guru","municipality":"文京区","service_name":"Bーぐる","license":"CC BY 4.0","source_stop_id":"STP_000003_016","stop_code":null,"stop_name":"上野松坂屋前","stop_desc":null,"zone_id":"000003_016","location_type":0,"parent_station":null,"wheelchair_boarding":null}},{"type":"Feature","id":"F003:STP_000003_017","geometry":{"type":"Point","coordinates":[139.770926,35.708108]},"properties":{"id":"F003:STP_000003_017","feed_id":"F003","feed_slug":"bunkyo-b-guru","municipality":"文京区","service_name":"Bーぐる","license":"CC BY 4.0","source_stop_id":"STP_000003_017","stop_code":null,"stop_name":"天神下","stop_desc":null,"zone_id":"000003_017","location_type":0,"parent_station":null,"wheelchair_boarding":null}},{"type":"Feature","id":"F003:STP_000003_018","geometry":{"type":"Point","coordinates":[139.769589,35.706548]},"properties":{"id":"F003:STP_000003_018","feed_id":"F003","feed_slug":"bunkyo-b-guru","municipality":"文京区","service_name":"Bーぐる","license":"CC BY 4.0","source_stop_id":"STP_000003_018","stop_code":null,"stop_name":"湯島駅","stop_desc":null,"zone_id":"000003_018","location_type":0,"parent_station":null,"wheelchair_boarding":null}},{"type":"Feature","id":"F003:STP_000003_019","geometry":{"type":"Point","coordinates":[139.767604,35.705758]},"properties":{"id":"F003:STP_000003_019","feed_id":"F003","feed_slug":"bunkyo-b-guru","municipality":"文京区","service_name":"Bーぐる","license":"CC BY 4.0","source_stop_id":"STP_000003_019","stop_code":null,"stop_name":"サミットストア湯島天神南店（湯島天神入口）","stop_desc":null,"zone_id":"000003_019","location_type":0,"parent_station":null,"wheelchair_boarding":null}},{"type":"Feature","id":"F003:STP_000003_020","geometry":{"type":"Point","coordinates":[139.764136,35.705467]},"properties":{"id":"F003:STP_000003_020","feed_id":"F003","feed_slug":"bunkyo-b-guru","municipality":"文京区","service_name":"Bーぐる","license":"CC BY 4.0","source_stop_id":"STP_000003_020","stop_code":null,"stop_name":"湯島二丁目","stop_desc":null,"zone_id":"000003_020","location_type":0,"parent_station":null,"wheelchair_boarding":null}},{"type":"Feature","id":"F003:STP_000003_022","geometry":{"type":"Point","coordinates":[139.760873,35.705227]},"properties":{"id":"F003:STP_000003_022","feed_id":"F003","feed_slug":"bunkyo-b-guru","municipality":"文京区","service_name":"Bーぐる","license":"CC BY 4.0","source_stop_id":"STP_000003_022","stop_code":null,"stop_name":"本郷二丁目","stop_desc":null,"zone_id":"000003_022","location_type":0,"parent_station":null,"wheelchair_boarding":null}},{"type":"Feature","id":"F003:STP_000003_023","geometry":{"type":"Point","coordinates":[139.75907,35.708533]},"properties":{"id":"F003:STP_000003_023","feed_id":"F003","feed_slug":"bunkyo-b-guru","municipality":"文京区","service_name":"Bーぐる","license":"CC BY 4.0","source_stop_id":"STP_000003_023","stop_code":null,"stop_name":"菊坂通り","stop_desc":null,"zone_id":"000003_023","location_type":0,"parent_station":null,"wheelchair_boarding":null}},{"type":"Feature","id":"F003:STP_000003_024","geometry":{"type":"Point","coordinates":[139.754155,35.711317]},"properties":{"id":"F003:STP_000003_024","feed_id":"F003","feed_slug":"bunkyo-b-guru","municipality":"文京区","service_name":"Bーぐる","license":"CC BY 4.0","source_stop_id":"STP_000003_024","stop_code":null,"stop_name":"メレ・ド・ショコラ本店前（菊坂下）","stop_desc":null,"zone_id":"000003_024","location_type":0,"parent_station":null,"wheelchair_boarding":null}},{"type":"Feature","id":"F025:000001_001","geometry":{"type":"Point","coordinates":[139.618697,35.704232]},"properties":{"id":"F025:000001_001","feed_id":"F025","feed_slug":"suginami-green-slow-mobility","municipality":"杉並区","service_name":"グリーンスローモビリティ","license":"CC BY 4.0","source_stop_id":"000001_001","stop_code":null,"stop_name":"荻窪駅西口","stop_desc":null,"zone_id":"000001_001","location_type":0,"parent_station":null,"wheelchair_boarding":null}},{"type":"Feature","id":"F025:000001_002","geometry":{"type":"Point","coordinates":[139.624049,35.70148]},"properties":{"id":"F025:000001_002","feed_id":"F025","feed_slug":"suginami-green-slow-mobility","municipality":"杉並区","service_name":"グリーンスローモビリティ","license":"CC BY 4.0","source_stop_id":"000001_002","stop_code":null,"stop_name":"大田黒公園","stop_desc":null,"zone_id":"000001_002","location_type":0,"parent_station":null,"wheelchair_boarding":null}},{"type":"Feature","id":"F025:000001_003","geometry":{"type":"Point","coordinates":[139.622044,35.698334]},"properties":{"id":"F025:000001_003","feed_id":"F025","feed_slug":"suginami-green-slow-mobility","municipality":"杉並区","service_name":"グリーンスローモビリティ","license":"CC BY 4.0","source_stop_id":"000001_003","stop_code":null,"stop_name":"荻外荘公園","stop_desc":null,"zone_id":"000001_003","location_type":0,"parent_station":null,"wheelchair_boarding":null}},{"type":"Feature","id":"F025:000001_004","geometry":{"type":"Point","coordinates":[139.617976,35.702023]},"properties":{"id":"F025:000001_004","feed_id":"F025","feed_slug":"suginami-green-slow-mobility","municipality":"杉並区","service_name":"グリーンスローモビリティ","license":"CC BY 4.0","source_stop_id":"000001_004","stop_code":null,"stop_name":"桃井第二小学校","stop_desc":null,"zone_id":"000001_004","location_type":0,"parent_station":null,"wheelchair_boarding":null}},{"type":"Feature","id":"F026:10_03","geometry":{"type":"Point","coordinates":[139.424674711646,35.7415562773796]},"properties":{"id":"F026:10_03","feed_id":"F026","feed_slug":"higashiyamato-chokobus","municipality":"東大和市","service_name":"ちょこバス","license":"CC0 1.0","source_stop_id":"10_03","stop_code":null,"stop_name":"いちょう通り","stop_desc":null,"zone_id":"10_03","location_type":0,"parent_station":null,"wheelchair_boarding":null}},{"type":"Feature","id":"F026:10_04","geometry":{"type":"Point","coordinates":[139.424588924446,35.7413037019574]},"properties":{"id":"F026:10_04","feed_id":"F026","feed_slug":"higashiyamato-chokobus","municipality":"東大和市","service_name":"ちょこバス","license":"CC0 1.0","source_stop_id":"10_04","stop_code":null,"stop_name":"いちょう通り","stop_desc":null,"zone_id":"10_04","location_type":0,"parent_station":null,"wheelchair_boarding":null}},{"type":"Feature","id":"F026:11_03","geometry":{"type":"Point","coordinates":[139.434675456276,35.7386411136928]},"properties":{"id":"F026:11_03","feed_id":"F026","feed_slug":"higashiyamato-chokobus","municipality":"東大和市","service_name":"ちょこバス","license":"CC0 1.0","source_stop_id":"11_03","stop_code":null,"stop_name":"ハミングホール","stop_desc":null,"zone_id":"11_03","location_type":0,"parent_station":null,"wheelchair_boarding":null}},{"type":"Feature","id":"F026:11_04","geometry":{"type":"Point","coordinates":[139.434550733563,35.7385605601514]},"properties":{"id":"F026:11_04","feed_id":"F026","feed_slug":"higashiyamato-chokobus","municipality":"東大和市","service_name":"ちょこバス","license":"CC0 1.0","source_stop_id":"11_04","stop_code":null,"stop_name":"ハミングホール","stop_desc":null,"zone_id":"11_04","location_type":0,"parent_station":null,"wheelchair_boarding":null}},{"type":"Feature","id":"F026:12_01","geometry":{"type":"Point","coordinates":[139.434068840248,35.7391744632798]},"properties":{"id":"F026:12_01","feed_id":"F026","feed_slug":"higashiyamato-chokobus","municipality":"東大和市","service_name":"ちょこバス","license":"CC0 1.0","source_stop_id":"12_01","stop_code":null,"stop_name":"ハミングホール北","stop_desc":null,"zone_id":"12_01","location_type":0,"parent_station":null,"wheelchair_boarding":null}},{"type":"Feature","id":"F026:12_02","geometry":{"type":"Point","coordinates":[139.43380206323,35.7390065186471]},"properties":{"id":"F026:12_02","feed_id":"F026","feed_slug":"higashiyamato-chokobus","municipality":"東大和市","service_name":"ちょこバス","license":"CC0 1.0","source_stop_id":"12_02","stop_code":null,"stop_name":"ハミングホール北","stop_desc":null,"zone_id":"12_02","location_type":0,"parent_station":null,"wheelchair_boarding":null}},{"type":"Feature","id":"F026:13_01","geometry":{"type":"Point","coordinates":[139.4397775,35.7571209]},"properties":{"id":"F026:13_01","feed_id":"F026","feed_slug":"higashiyamato-chokobus","municipality":"東大和市","service_name":"ちょこバス","license":"CC0 1.0","source_stop_id":"13_01","stop_code":null,"stop_name":"やまと苑","stop_desc":null,"zone_id":"13_01","location_type":0,"parent_station":null,"wheelchair_boarding":null}},{"type":"Feature","id":"F026:13_02","geometry":{"type":"Point","coordinates":[139.439763378111,35.7572562348767]},"properties":{"id":"F026:13_02","feed_id":"F026","feed_slug":"higashiyamato-chokobus","municipality":"東大和市","service_name":"ちょこバス","license":"CC0 1.0","source_stop_id":"13_02","stop_code":null,"stop_name":"やまと苑","stop_desc":null,"zone_id":"13_02","location_type":0,"parent_station":null,"wheelchair_boarding":null}},{"type":"Feature","id":"F026:14_01","geometry":{"type":"Point","coordinates":[139.435762314377,35.758864486644]},"properties":{"id":"F026:14_01","feed_id":"F026","feed_slug":"higashiyamato-chokobus","municipality":"東大和市","service_name":"ちょこバス","license":"CC0 1.0","source_stop_id":"14_01","stop_code":null,"stop_name":"狭山一丁目","stop_desc":null,"zone_id":"14_01","location_type":0,"parent_station":null,"wheelchair_boarding":null}},{"type":"Feature","id":"F026:14_02","geometry":{"type":"Point","coordinates":[139.436066570426,35.7587726983931]},"properties":{"id":"F026:14_02","feed_id":"F026","feed_slug":"higashiyamato-chokobus","municipality":"東大和市","service_name":"ちょこバス","license":"CC0 1.0","source_stop_id":"14_02","stop_code":null,"stop_name":"狭山一丁目","stop_desc":null,"zone_id":"14_02","location_type":0,"parent_station":null,"wheelchair_boarding":null}},{"type":"Feature","id":"F026:15_01","geometry":{"type":"Point","coordinates":[139.423108602568,35.7527883813392]},"properties":{"id":"F026:15_01","feed_id":"F026","feed_slug":"higashiyamato-chokobus","municipality":"東大和市","service_name":"ちょこバス","license":"CC0 1.0","source_stop_id":"15_01","stop_code":null,"stop_name":"郷土博物館入口(八幡神社・狭山緑地下)","stop_desc":null,"zone_id":"15_01","location_type":0,"parent_station":null,"wheelchair_boarding":null}},{"type":"Feature","id":"F026:15_02","geometry":{"type":"Point","coordinates":[139.423837270743,35.7530767793418]},"properties":{"id":"F026:15_02","feed_id":"F026","feed_slug":"higashiyamato-chokobus","municipality":"東大和市","service_name":"ちょこバス","license":"CC0 1.0","source_stop_id":"15_02","stop_code":null,"stop_name":"郷土博物館入口(八幡神社・狭山緑地下)","stop_desc":null,"zone_id":"15_02","location_type":0,"parent_station":null,"wheelchair_boarding":null}},{"type":"Feature","id":"F026:16_03","geometry":{"type":"Point","coordinates":[139.41826035157,35.7323747633492]},"properties":{"id":"F026:16_03","feed_id":"F026","feed_slug":"higashiyamato-chokobus","municipality":"東大和市","service_name":"ちょこバス","license":"CC0 1.0","source_stop_id":"16_03","stop_code":null,"stop_name":"玉川上水駅","stop_desc":null,"zone_id":"16_03","location_type":0,"parent_station":null,"wheelchair_boarding":null}},{"type":"Feature","id":"F026:17_01","geometry":{"type":"Point","coordinates":[139.433047392631,35.7587502496698]},"properties":{"id":"F026:17_01","feed_id":"F026","feed_slug":"higashiyamato-chokobus","municipality":"東大和市","service_name":"ちょこバス","license":"CC0 1.0","source_stop_id":"17_01","stop_code":null,"stop_name":"湖畔","stop_desc":null,"zone_id":"17_01","location_type":0,"parent_station":null,"wheelchair_boarding":null}},{"type":"Feature","id":"F026:17_02","geometry":{"type":"Point","coordinates":[139.433273445829,35.7588511473902]},"properties":{"id":"F026:17_02","feed_id":"F026","feed_slug":"higashiyamato-chokobus","municipality":"東大和市","service_name":"ちょこバス","license":"CC0 1.0","source_stop_id":"17_02","stop_code":null,"stop_name":"湖畔","stop_desc":null,"zone_id":"17_02","location_type":0,"parent_station":null,"wheelchair_boarding":null}},{"type":"Feature","id":"F026:18_01","geometry":{"type":"Point","coordinates":[139.430987737929,35.7581419412792]},"properties":{"id":"F026:18_01","feed_id":"F026","feed_slug":"higashiyamato-chokobus","municipality":"東大和市","service_name":"ちょこバス","license":"CC0 1.0","source_stop_id":"18_01","stop_code":null,"stop_name":"湖畔集会所","stop_desc":null,"zone_id":"18_01","location_type":0,"parent_station":null,"wheelchair_boarding":null}},{"type":"Feature","id":"F026:18_02","geometry":{"type":"Point","coordinates":[139.430989264502,35.7582488107522]},"properties":{"id":"F026:18_02","feed_id":"F026","feed_slug":"higashiyamato-chokobus","municipality":"東大和市","service_name":"ちょこバス","license":"CC0 1.0","source_stop_id":"18_02","stop_code":null,"stop_name":"湖畔集会所","stop_desc":null,"zone_id":"18_02","location_type":0,"parent_station":null,"wheelchair_boarding":null}},{"type":"Feature","id":"F026:19_01","geometry":{"type":"Point","coordinates":[139.444248496681,35.7513077892982]},"properties":{"id":"F026:19_01","feed_id":"F026","feed_slug":"higashiyamato-chokobus","municipality":"東大和市","service_name":"ちょこバス","license":"CC0 1.0","source_stop_id":"19_01","stop_code":null,"stop_name":"庚申街道","stop_desc":null,"zone_id":"19_01","location_type":0,"parent_station":null,"wheelchair_boarding":null}},{"type":"Feature","id":"F026:19_02","geometry":{"type":"Point","coordinates":[139.444410825493,35.751157130263]},"properties":{"id":"F026:19_02","feed_id":"F026","feed_slug":"higashiyamato-chokobus","municipality":"東大和市","service_name":"ちょこバス","license":"CC0 1.0","source_stop_id":"19_02","stop_code":null,"stop_name":"庚申街道","stop_desc":null,"zone_id":"19_02","location_type":0,"parent_station":null,"wheelchair_boarding":null}},{"type":"Feature","id":"F026:20_01","geometry":{"type":"Point","coordinates":[139.440616325723,35.7464906115743]},"properties":{"id":"F026:20_01","feed_id":"F026","feed_slug":"higashiyamato-chokobus","municipality":"東大和市","service_name":"ちょこバス","license":"CC0 1.0","source_stop_id":"20_01","stop_code":null,"stop_name":"江戸街道","stop_desc":null,"zone_id":"20_01","location_type":0,"parent_station":null,"wheelchair_boarding":null}},{"type":"Feature","id":"F026:20_02","geometry":{"type":"Point","coordinates":[139.440912806893,35.7463348632905]},"properties":{"id":"F026:20_02","feed_id":"F026","feed_slug":"higashiyamato-chokobus","municipality":"東大和市","service_name":"ちょこバス","license":"CC0 1.0","source_stop_id":"20_02","stop_code":null,"stop_name":"江戸街道","stop_desc":null,"zone_id":"20_02","location_type":0,"parent_station":null,"wheelchair_boarding":null}},{"type":"Feature","id":"F026:21_01","geometry":{"type":"Point","coordinates":[139.419628115527,35.7487696593423]},"properties":{"id":"F026:21_01","feed_id":"F026","feed_slug":"higashiyamato-chokobus","municipality":"東大和市","service_name":"ちょこバス","license":"CC0 1.0","source_stop_id":"21_01","stop_code":null,"stop_name":"芝中団地中央","stop_desc":null,"zone_id":"21_01","location_type":0,"parent_station":null,"wheelchair_boarding":null}},{"type":"Feature","id":"F026:21_02","geometry":{"type":"Point","coordinates":[139.4196324,35.7491835]},"properties":{"id":"F026:21_02","feed_id":"F026","feed_slug":"higashiyamato-chokobus","municipality":"東大和市","service_name":"ちょこバス","license":"CC0 1.0","source_stop_id":"21_02","stop_code":null,"stop_name":"芝中団地中央","stop_desc":null,"zone_id":"21_02","location_type":0,"parent_station":null,"wheelchair_boarding":null}},{"type":"Feature","id":"F026:22_01","geometry":{"type":"Point","coordinates":[139.421488447154,35.7499744092365]},"properties":{"id":"F026:22_01","feed_id":"F026","feed_slug":"higashiyamato-chokobus","municipality":"東大和市","service_name":"ちょこバス","license":"CC0 1.0","source_stop_id":"22_01","stop_code":null,"stop_name":"芝中団地北","stop_desc":null,"zone_id":"22_01","location_type":0,"parent_station":null,"wheelchair_boarding":null}},{"type":"Feature","id":"F026:22_02","geometry":{"type":"Point","coordinates":[139.4214125,35.7500783]},"properties":{"id":"F026:22_02","feed_id":"F026","feed_slug":"higashiyamato-chokobus","municipality":"東大和市","service_name":"ちょこバス","license":"CC0 1.0","source_stop_id":"22_02","stop_code":null,"stop_name":"芝中団地北","stop_desc":null,"zone_id":"22_02","location_type":0,"parent_station":null,"wheelchair_boarding":null}},{"type":"Feature","id":"F026:23_01","geometry":{"type":"Point","coordinates":[139.437919428602,35.7457063710365]},"properties":{"id":"F026:23_01","feed_id":"F026","feed_slug":"higashiyamato-chokobus","municipality":"東大和市","service_name":"ちょこバス","license":"CC0 1.0","source_stop_id":"23_01","stop_code":null,"stop_name":"消防署","stop_desc":null,"zone_id":"23_01","location_type":0,"parent_station":null,"wheelchair_boarding":null}},{"type":"Feature","id":"F026:23_02","geometry":{"type":"Point","coordinates":[139.438053783692,35.7460656403399]},"properties":{"id":"F026:23_02","feed_id":"F026","feed_slug":"higashiyamato-chokobus","municipality":"東大和市","service_name":"ちょこバス","license":"CC0 1.0","source_stop_id":"23_02","stop_code":null,"stop_name":"消防署","stop_desc":null,"zone_id":"23_02","location_type":0,"parent_station":null,"wheelchair_boarding":null}},{"type":"Feature","id":"F026:24_01","geometry":{"type":"Point","coordinates":[139.444326801995,35.7480969170987]},"properties":{"id":"F026:24_01","feed_id":"F026","feed_slug":"higashiyamato-chokobus","municipality":"東大和市","service_name":"ちょこバス","license":"CC0 1.0","source_stop_id":"24_01","stop_code":null,"stop_name":"上砂台","stop_desc":null,"zone_id":"24_01","location_type":0,"parent_station":null,"wheelchair_boarding":null}},{"type":"Feature","id":"F026:24_02","geometry":{"type":"Point","coordinates":[139.44445823023,35.7483265463126]},"properties":{"id":"F026:24_02","feed_id":"F026","feed_slug":"higashiyamato-chokobus","municipality":"東大和市","service_name":"ちょこバス","license":"CC0 1.0","source_stop_id":"24_02","stop_code":null,"stop_name":"上砂台","stop_desc":null,"zone_id":"24_02","location_type":0,"parent_station":null,"wheelchair_boarding":null}},{"type":"Feature","id":"F026:25_01","geometry":{"type":"Point","coordinates":[139.4163846,35.7463643]},"properties":{"id":"F026:25_01","feed_id":"F026","feed_slug":"higashiyamato-chokobus","municipality":"東大和市","service_name":"ちょこバス","license":"CC0 1.0","source_stop_id":"25_01","stop_code":null,"stop_name":"上北台駅","stop_desc":null,"zone_id":"25_01","location_type":0,"parent_station":null,"wheelchair_boarding":null}},{"type":"Feature","id":"F026:26_01","geometry":{"type":"Point","coordinates":[139.416733198964,35.7427209625997]},"properties":{"id":"F026:26_01","feed_id":"F026","feed_slug":"higashiyamato-chokobus","municipality":"東大和市","service_name":"ちょこバス","license":"CC0 1.0","source_stop_id":"26_01","stop_code":null,"stop_name":"上北台団地東","stop_desc":null,"zone_id":"26_01","location_type":0,"parent_station":null,"wheelchair_boarding":null}},{"type":"Feature","id":"F026:26_02","geometry":{"type":"Point","coordinates":[139.415846394728,35.7431207712355]},"properties":{"id":"F026:26_02","feed_id":"F026","feed_slug":"higashiyamato-chokobus","municipality":"東大和市","service_name":"ちょこバス","license":"CC0 1.0","source_stop_id":"26_02","stop_code":null,"stop_name":"上北台団地東","stop_desc":null,"zone_id":"26_02","location_type":0,"parent_station":null,"wheelchair_boarding":null}},{"type":"Feature","id":"F026:27_01","geometry":{"type":"Point","coordinates":[139.4408006,35.7561331]},"properties":{"id":"F026:27_01","feed_id":"F026","feed_slug":"higashiyamato-chokobus","municipality":"東大和市","service_name":"ちょこバス","license":"CC0 1.0","source_stop_id":"27_01","stop_code":null,"stop_name":"清水一丁目","stop_desc":null,"zone_id":"27_01","location_type":0,"parent_station":null,"wheelchair_boarding":null}},{"type":"Feature","id":"F026:27_02","geometry":{"type":"Point","coordinates":[139.4413666342,35.755945557248]},"properties":{"id":"F026:27_02","feed_id":"F026","feed_slug":"higashiyamato-chokobus","municipality":"東大和市","service_name":"ちょこバス","license":"CC0 1.0","source_stop_id":"27_02","stop_code":null,"stop_name":"清水一丁目","stop_desc":null,"zone_id":"27_02","location_type":0,"parent_station":null,"wheelchair_boarding":null}},{"type":"Feature","id":"F026:28_01","geometry":{"type":"Point","coordinates":[139.442054730732,35.755102474223]},"properties":{"id":"F026:28_01","feed_id":"F026","feed_slug":"higashiyamato-chokobus","municipality":"東大和市","service_name":"ちょこバス","license":"CC0 1.0","source_stop_id":"28_01","stop_code":null,"stop_name":"清水観音堂（郷土美術園）","stop_desc":null,"zone_id":"28_01","location_type":0,"parent_station":null,"wheelchair_boarding":null}},{"type":"Feature","id":"F026:28_02","geometry":{"type":"Point","coordinates":[139.442212845168,35.755180645602]},"properties":{"id":"F026:28_02","feed_id":"F026","feed_slug":"higashiyamato-chokobus","municipality":"東大和市","service_name":"ちょこバス","license":"CC0 1.0","source_stop_id":"28_02","stop_code":null,"stop_name":"清水観音堂（郷土美術園）","stop_desc":null,"zone_id":"28_02","location_type":0,"parent_station":null,"wheelchair_boarding":null}},{"type":"Feature","id":"F026:29_01","geometry":{"type":"Point","coordinates":[139.444176345217,35.753051280707]},"properties":{"id":"F026:29_01","feed_id":"F026","feed_slug":"higashiyamato-chokobus","municipality":"東大和市","service_name":"ちょこバス","license":"CC0 1.0","source_stop_id":"29_01","stop_code":null,"stop_name":"清水集会所","stop_desc":null,"zone_id":"29_01","location_type":0,"parent_station":null,"wheelchair_boarding":null}},{"type":"Feature","id":"F026:29_02","geometry":{"type":"Point","coordinates":[139.444306432348,35.7530850199769]},"properties":{"id":"F026:29_02","feed_id":"F026","feed_slug":"higashiyamato-chokobus","municipality":"東大和市","service_name":"ちょこバス","license":"CC0 1.0","source_stop_id":"29_02","stop_code":null,"stop_name":"清水集会所","stop_desc":null,"zone_id":"29_02","location_type":0,"parent_station":null,"wheelchair_boarding":null}},{"type":"Feature","id":"F026:30_01","geometry":{"type":"Point","coordinates":[139.44428154036,35.7495675747029]},"properties":{"id":"F026:30_01","feed_id":"F026","feed_slug":"higashiyamato-chokobus","municipality":"東大和市","service_name":"ちょこバス","license":"CC0 1.0","source_stop_id":"30_01","stop_code":null,"stop_name":"清水大橋","stop_desc":null,"zone_id":"30_01","location_type":0,"parent_station":null,"wheelchair_boarding":null}},{"type":"Feature","id":"F026:30_02","geometry":{"type":"Point","coordinates":[139.444432027125,35.7499730260836]},"properties":{"id":"F026:30_02","feed_id":"F026","feed_slug":"higashiyamato-chokobus","municipality":"東大和市","service_name":"ちょこバス","license":"CC0 1.0","source_stop_id":"30_02","stop_code":null,"stop_name":"清水大橋","stop_desc":null,"zone_id":"30_02","location_type":0,"parent_station":null,"wheelchair_boarding":null}},{"type":"Feature","id":"F026:31_01","geometry":{"type":"Point","coordinates":[139.444369255003,35.7465642326987]},"properties":{"id":"F026:31_01","feed_id":"F026","feed_slug":"higashiyamato-chokobus","municipality":"東大和市","service_name":"ちょこバス","license":"CC0 1.0","source_stop_id":"31_01","stop_code":null,"stop_name":"清水六丁目","stop_desc":null,"zone_id":"31_01","location_type":0,"parent_station":null,"wheelchair_boarding":null}},{"type":"Feature","id":"F026:31_02","geometry":{"type":"Point","coordinates":[139.444516500594,35.7466686117828]},"properties":{"id":"F026:31_02","feed_id":"F026","feed_slug":"higashiyamato-chokobus","municipality":"東大和市","service_name":"ちょこバス","license":"CC0 1.0","source_stop_id":"31_02","stop_code":null,"stop_name":"清水六丁目","stop_desc":null,"zone_id":"31_02","location_type":0,"parent_station":null,"wheelchair_boarding":null}},{"type":"Feature","id":"F026:32_03","geometry":{"type":"Point","coordinates":[139.41968,35.73469]},"properties":{"id":"F026:32_03","feed_id":"F026","feed_slug":"higashiyamato-chokobus","municipality":"東大和市","service_name":"ちょこバス","license":"CC0 1.0","source_stop_id":"32_03","stop_code":null,"stop_name":"総合福祉センター「は～とふる」","stop_desc":null,"zone_id":"32_03","location_type":0,"parent_station":null,"wheelchair_boarding":null}},{"type":"Feature","id":"F026:32_04","geometry":{"type":"Point","coordinates":[139.41993,35.73478]},"properties":{"id":"F026:32_04","feed_id":"F026","feed_slug":"higashiyamato-chokobus","municipality":"東大和市","service_name":"ちょこバス","license":"CC0 1.0","source_stop_id":"32_04","stop_code":null,"stop_name":"総合福祉センター「は～とふる」","stop_desc":null,"zone_id":"32_04","location_type":0,"parent_station":null,"wheelchair_boarding":null}},{"type":"Feature","id":"F026:33_01","geometry":{"type":"Point","coordinates":[139.437455256793,35.7583346958887]},"properties":{"id":"F026:33_01","feed_id":"F026","feed_slug":"higashiyamato-chokobus","municipality":"東大和市","service_name":"ちょこバス","license":"CC0 1.0","source_stop_id":"33_01","stop_code":null,"stop_name":"多摩湖堤防下（狭山保育園入口）","stop_desc":null,"zone_id":"33_01","location_type":0,"parent_station":null,"wheelchair_boarding":null}},{"type":"Feature","id":"F026:33_02","geometry":{"type":"Point","coordinates":[139.437355369706,35.7584340551114]},"properties":{"id":"F026:33_02","feed_id":"F026","feed_slug":"higashiyamato-chokobus","municipality":"東大和市","service_name":"ちょこバス","license":"CC0 1.0","source_stop_id":"33_02","stop_code":null,"stop_name":"多摩湖堤防下（狭山保育園入口）","stop_desc":null,"zone_id":"33_02","location_type":0,"parent_station":null,"wheelchair_boarding":null}},{"type":"Feature","id":"F026:34_01","geometry":{"type":"Point","coordinates":[139.430223298772,35.7429139769593]},"properties":{"id":"F026:34_01","feed_id":"F026","feed_slug":"higashiyamato-chokobus","municipality":"東大和市","service_name":"ちょこバス","license":"CC0 1.0","source_stop_id":"34_01","stop_code":null,"stop_name":"中央二丁目","stop_desc":null,"zone_id":"34_01","location_type":0,"parent_station":null,"wheelchair_boarding":null}},{"type":"Feature","id":"F026:34_02","geometry":{"type":"Point","coordinates":[139.429984023901,35.7431490660285]},"properties":{"id":"F026:34_02","feed_id":"F026","feed_slug":"higashiyamato-chokobus","municipality":"東大和市","service_name":"ちょこバス","license":"CC0 1.0","source_stop_id":"34_02","stop_code":null,"stop_name":"中央二丁目","stop_desc":null,"zone_id":"34_02","location_type":0,"parent_station":null,"wheelchair_boarding":null}},{"type":"Feature","id":"F026:35_01","geometry":{"type":"Point","coordinates":[139.415946450971,35.7441475095119]},"properties":{"id":"F026:35_01","feed_id":"F026","feed_slug":"higashiyamato-chokobus","municipality":"東大和市","service_name":"ちょこバス","license":"CC0 1.0","source_stop_id":"35_01","stop_code":null,"stop_name":"中北台","stop_desc":null,"zone_id":"35_01","location_type":0,"parent_station":null,"wheelchair_boarding":null}},{"type":"Feature","id":"F026:35_02","geometry":{"type":"Point","coordinates":[139.415757424092,35.7442308503293]},"properties":{"id":"F026:35_02","feed_id":"F026","feed_slug":"higashiyamato-chokobus","municipality":"東大和市","service_name":"ちょこバス","license":"CC0 1.0","source_stop_id":"35_02","stop_code":null,"stop_name":"中北台","stop_desc":null,"zone_id":"35_02","location_type":0,"parent_station":null,"wheelchair_boarding":null}},{"type":"Feature","id":"F026:36_01","geometry":{"type":"Point","coordinates":[139.437641192603,35.7443244451397]},"properties":{"id":"F026:36_01","feed_id":"F026","feed_slug":"higashiyamato-chokobus","municipality":"東大和市","service_name":"ちょこバス","license":"CC0 1.0","source_stop_id":"36_01","stop_code":null,"stop_name":"仲原三丁目","stop_desc":null,"zone_id":"36_01","location_type":0,"parent_station":null,"wheelchair_boarding":null}},{"type":"Feature","id":"F026:36_02","geometry":{"type":"Point","coordinates":[139.437564964708,35.7442348150062]},"properties":{"id":"F026:36_02","feed_id":"F026","feed_slug":"higashiyamato-chokobus","municipality":"東大和市","service_name":"ちょこバス","license":"CC0 1.0","source_stop_id":"36_02","stop_code":null,"stop_name":"仲原三丁目","stop_desc":null,"zone_id":"36_02","location_type":0,"parent_station":null,"wheelchair_boarding":null}},{"type":"Feature","id":"F026:37_01","geometry":{"type":"Point","coordinates":[139.436009823354,35.7425808216085]},"properties":{"id":"F026:37_01","feed_id":"F026","feed_slug":"higashiyamato-chokobus","municipality":"東大和市","service_name":"ちょこバス","license":"CC0 1.0","source_stop_id":"37_01","stop_code":null,"stop_name":"仲原四丁目","stop_desc":null,"zone_id":"37_01","location_type":0,"parent_station":null,"wheelchair_boarding":null}},{"type":"Feature","id":"F026:37_02","geometry":{"type":"Point","coordinates":[139.436239796666,35.7424949273432]},"properties":{"id":"F026:37_02","feed_id":"F026","feed_slug":"higashiyamato-chokobus","municipality":"東大和市","service_name":"ちょこバス","license":"CC0 1.0","source_stop_id":"37_02","stop_code":null,"stop_name":"仲原四丁目","stop_desc":null,"zone_id":"37_02","location_type":0,"parent_station":null,"wheelchair_boarding":null}},{"type":"Feature","id":"F026:38_01","geometry":{"type":"Point","coordinates":[139.4345,35.74091]},"properties":{"id":"F026:38_01","feed_id":"F026","feed_slug":"higashiyamato-chokobus","municipality":"東大和市","service_name":"ちょこバス","license":"CC0 1.0","source_stop_id":"38_01","stop_code":null,"stop_name":"都営向原アパート","stop_desc":null,"zone_id":"38_01","location_type":0,"parent_station":null,"wheelchair_boarding":null}},{"type":"Feature","id":"F026:38_02","geometry":{"type":"Point","coordinates":[139.43462,35.74102]},"properties":{"id":"F026:38_02","feed_id":"F026","feed_slug":"higashiyamato-chokobus","municipality":"東大和市","service_name":"ちょこバス","license":"CC0 1.0","source_stop_id":"38_02","stop_code":null,"stop_name":"都営向原アパート","stop_desc":null,"zone_id":"38_02","location_type":0,"parent_station":null,"wheelchair_boarding":null}},{"type":"Feature","id":"F026:39_01","geometry":{"type":"Point","coordinates":[139.424117350167,35.7436713951119]},"properties":{"id":"F026:39_01","feed_id":"F026","feed_slug":"higashiyamato-chokobus","municipality":"東大和市","service_name":"ちょこバス","license":"CC0 1.0","source_stop_id":"39_01","stop_code":null,"stop_name":"都立東大和高校南","stop_desc":null,"zone_id":"39_01","location_type":0,"parent_station":null,"wheelchair_boarding":null}},{"type":"Feature","id":"F026:39_02","geometry":{"type":"Point","coordinates":[139.424273171534,35.7433734113703]},"properties":{"id":"F026:39_02","feed_id":"F026","feed_slug":"higashiyamato-chokobus","municipality":"東大和市","service_name":"ちょこバス","license":"CC0 1.0","source_stop_id":"39_02","stop_code":null,"stop_name":"都立東大和高校南","stop_desc":null,"zone_id":"39_02","location_type":0,"parent_station":null,"wheelchair_boarding":null}},{"type":"Feature","id":"F026:40_03","geometry":{"type":"Point","coordinates":[139.425399031579,35.7380634742148]},"properties":{"id":"F026:40_03","feed_id":"F026","feed_slug":"higashiyamato-chokobus","municipality":"東大和市","service_name":"ちょこバス","license":"CC0 1.0","source_stop_id":"40_03","stop_code":null,"stop_name":"東大和グリーンタウン","stop_desc":null,"zone_id":"40_03","location_type":0,"parent_station":null,"wheelchair_boarding":null}},{"type":"Feature","id":"F026:40_04","geometry":{"type":"Point","coordinates":[139.425185367928,35.7384558971428]},"properties":{"id":"F026:40_04","feed_id":"F026","feed_slug":"higashiyamato-chokobus","municipality":"東大和市","service_name":"ちょこバス","license":"CC0 1.0","source_stop_id":"40_04","stop_code":null,"stop_name":"東大和グリーンタウン","stop_desc":null,"zone_id":"40_04","location_type":0,"parent_station":null,"wheelchair_boarding":null}},{"type":"Feature","id":"F026:41_01","geometry":{"type":"Point","coordinates":[139.4296142,35.7565022]},"properties":{"id":"F026:41_01","feed_id":"F026","feed_slug":"higashiyamato-chokobus","municipality":"東大和市","service_name":"ちょこバス","license":"CC0 1.0","source_stop_id":"41_01","stop_code":null,"stop_name":"東大和公園入口","stop_desc":null,"zone_id":"41_01","location_type":0,"parent_station":null,"wheelchair_boarding":null}},{"type":"Feature","id":"F026:41_02","geometry":{"type":"Point","coordinates":[139.429655320684,35.756714723049]},"properties":{"id":"F026:41_02","feed_id":"F026","feed_slug":"higashiyamato-chokobus","municipality":"東大和市","service_name":"ちょこバス","license":"CC0 1.0","source_stop_id":"41_02","stop_code":null,"stop_name":"東大和公園入口","stop_desc":null,"zone_id":"41_02","location_type":0,"parent_station":null,"wheelchair_boarding":null}},{"type":"Feature","id":"F026:42_01","geometry":{"type":"Point","coordinates":[139.418893489404,35.7426975890816]},"properties":{"id":"F026:42_01","feed_id":"F026","feed_slug":"higashiyamato-chokobus","municipality":"東大和市","service_name":"ちょこバス","license":"CC0 1.0","source_stop_id":"42_01","stop_code":null,"stop_name":"東大和四中南","stop_desc":null,"zone_id":"42_01","location_type":0,"parent_station":null,"wheelchair_boarding":null}},{"type":"Feature","id":"F026:42_02","geometry":{"type":"Point","coordinates":[139.418751332333,35.7425430211706]},"properties":{"id":"F026:42_02","feed_id":"F026","feed_slug":"higashiyamato-chokobus","municipality":"東大和市","service_name":"ちょこバス","license":"CC0 1.0","source_stop_id":"42_02","stop_code":null,"stop_name":"東大和四中南","stop_desc":null,"zone_id":"42_02","location_type":0,"parent_station":null,"wheelchair_boarding":null}},{"type":"Feature","id":"F026:43_03","geometry":{"type":"Point","coordinates":[139.420733086991,35.7353681390813]},"properties":{"id":"F026:43_03","feed_id":"F026","feed_slug":"higashiyamato-chokobus","municipality":"東大和市","service_name":"ちょこバス","license":"CC0 1.0","source_stop_id":"43_03","stop_code":null,"stop_name":"東大和S＆D体育館（戦災建造物「変電所」）","stop_desc":null,"zone_id":"43_03","location_type":0,"parent_station":null,"wheelchair_boarding":null}},{"type":"Feature","id":"F026:43_04","geometry":{"type":"Point","coordinates":[139.420566391463,35.7351287751686]},"properties":{"id":"F026:43_04","feed_id":"F026","feed_slug":"higashiyamato-chokobus","municipality":"東大和市","service_name":"ちょこバス","license":"CC0 1.0","source_stop_id":"43_04","stop_code":null,"stop_name":"東大和S＆D体育館（戦災建造物「変電所」）","stop_desc":null,"zone_id":"43_04","location_type":0,"parent_station":null,"wheelchair_boarding":null}},{"type":"Feature","id":"F026:44_03","geometry":{"type":"Point","coordinates":[139.434358845572,35.7336096153405]},"properties":{"id":"F026:44_03","feed_id":"F026","feed_slug":"higashiyamato-chokobus","municipality":"東大和市","service_name":"ちょこバス","license":"CC0 1.0","source_stop_id":"44_03","stop_code":null,"stop_name":"東大和市駅","stop_desc":null,"zone_id":"44_03","location_type":0,"parent_station":null,"wheelchair_boarding":null}},{"type":"Feature","id":"F026:45_01","geometry":{"type":"Point","coordinates":[139.4259019,35.7455964]},"properties":{"id":"F026:45_01","feed_id":"F026","feed_slug":"higashiyamato-chokobus","municipality":"東大和市","service_name":"ちょこバス","license":"CC0 1.0","source_stop_id":"45_01","stop_code":null,"stop_name":"東大和市役所","stop_desc":null,"zone_id":"45_01","location_type":0,"parent_station":null,"wheelchair_boarding":null}},{"type":"Feature","id":"F026:45_02","geometry":{"type":"Point","coordinates":[139.425847783188,35.7454791779365]},"properties":{"id":"F026:45_02","feed_id":"F026","feed_slug":"higashiyamato-chokobus","municipality":"東大和市","service_name":"ちょこバス","license":"CC0 1.0","source_stop_id":"45_02","stop_code":null,"stop_name":"東大和市役所","stop_desc":null,"zone_id":"45_02","location_type":0,"parent_station":null,"wheelchair_boarding":null}},{"type":"Feature","id":"F026:46_01","geometry":{"type":"Point","coordinates":[139.42937169349,35.7443810107507]},"properties":{"id":"F026:46_01","feed_id":"F026","feed_slug":"higashiyamato-chokobus","municipality":"東大和市","service_name":"ちょこバス","license":"CC0 1.0","source_stop_id":"46_01","stop_code":null,"stop_name":"東大和市役所入口","stop_desc":null,"zone_id":"46_01","location_type":0,"parent_station":null,"wheelchair_boarding":null}},{"type":"Feature","id":"F026:46_02","geometry":{"type":"Point","coordinates":[139.42935213202,35.7442343087096]},"properties":{"id":"F026:46_02","feed_id":"F026","feed_slug":"higashiyamato-chokobus","municipality":"東大和市","service_name":"ちょこバス","license":"CC0 1.0","source_stop_id":"46_02","stop_code":null,"stop_name":"東大和市役所入口","stop_desc":null,"zone_id":"46_02","location_type":0,"parent_station":null,"wheelchair_boarding":null}},{"type":"Feature","id":"F026:47_01","geometry":{"type":"Point","coordinates":[139.421804668047,35.742629689175]},"properties":{"id":"F026:47_01","feed_id":"F026","feed_slug":"higashiyamato-chokobus","municipality":"東大和市","service_name":"ちょこバス","license":"CC0 1.0","source_stop_id":"47_01","stop_code":null,"stop_name":"東大和八小北","stop_desc":null,"zone_id":"47_01","location_type":0,"parent_station":null,"wheelchair_boarding":null}},{"type":"Feature","id":"F026:47_02","geometry":{"type":"Point","coordinates":[139.421796801011,35.7425226287877]},"properties":{"id":"F026:47_02","feed_id":"F026","feed_slug":"higashiyamato-chokobus","municipality":"東大和市","service_name":"ちょこバス","license":"CC0 1.0","source_stop_id":"47_02","stop_code":null,"stop_name":"東大和八小北","stop_desc":null,"zone_id":"47_02","location_type":0,"parent_station":null,"wheelchair_boarding":null}},{"type":"Feature","id":"F026:48_01","geometry":{"type":"Point","coordinates":[139.431213176411,35.7412540625738]},"properties":{"id":"F026:48_01","feed_id":"F026","feed_slug":"higashiyamato-chokobus","municipality":"東大和市","service_name":"ちょこバス","license":"CC0 1.0","source_stop_id":"48_01","stop_code":null,"stop_name":"東大和病院","stop_desc":null,"zone_id":"48_01","location_type":0,"parent_station":null,"wheelchair_boarding":null}},{"type":"Feature","id":"F026:48_02","geometry":{"type":"Point","coordinates":[139.43102778172,35.7413610836911]},"properties":{"id":"F026:48_02","feed_id":"F026","feed_slug":"higashiyamato-chokobus","municipality":"東大和市","service_name":"ちょこバス","license":"CC0 1.0","source_stop_id":"48_02","stop_code":null,"stop_name":"東大和病院","stop_desc":null,"zone_id":"48_02","location_type":0,"parent_station":null,"wheelchair_boarding":null}},{"type":"Feature","id":"F026:49_03","geometry":{"type":"Point","coordinates":[139.431720916278,35.7425511109179]},"properties":{"id":"F026:49_03","feed_id":"F026","feed_slug":"higashiyamato-chokobus","municipality":"東大和市","service_name":"ちょこバス","license":"CC0 1.0","source_stop_id":"49_03","stop_code":null,"stop_name":"東大和病院北","stop_desc":null,"zone_id":"49_03","location_type":0,"parent_station":null,"wheelchair_boarding":null}},{"type":"Feature","id":"F026:49_04","geometry":{"type":"Point","coordinates":[139.431908879983,35.7424379195512]},"properties":{"id":"F026:49_04","feed_id":"F026","feed_slug":"higashiyamato-chokobus","municipality":"東大和市","service_name":"ちょこバス","license":"CC0 1.0","source_stop_id":"49_04","stop_code":null,"stop_name":"東大和病院北","stop_desc":null,"zone_id":"49_04","location_type":0,"parent_station":null,"wheelchair_boarding":null}},{"type":"Feature","id":"F026:50_01","geometry":{"type":"Point","coordinates":[139.443957346742,35.7460135182125]},"properties":{"id":"F026:50_01","feed_id":"F026","feed_slug":"higashiyamato-chokobus","municipality":"東大和市","service_name":"ちょこバス","license":"CC0 1.0","source_stop_id":"50_01","stop_code":null,"stop_name":"東大和六小北","stop_desc":null,"zone_id":"50_01","location_type":0,"parent_station":null,"wheelchair_boarding":null}},{"type":"Feature","id":"F026:50_02","geometry":{"type":"Point","coordinates":[139.443663334293,35.7459491950224]},"properties":{"id":"F026:50_02","feed_id":"F026","feed_slug":"higashiyamato-chokobus","municipality":"東大和市","service_name":"ちょこバス","license":"CC0 1.0","source_stop_id":"50_02","stop_code":null,"stop_name":"東大和六小北","stop_desc":null,"zone_id":"50_02","location_type":0,"parent_station":null,"wheelchair_boarding":null}},{"type":"Feature","id":"F026:51_01","geometry":{"type":"Point","coordinates":[139.4257256,35.7526795]},"properties":{"id":"F026:51_01","feed_id":"F026","feed_slug":"higashiyamato-chokobus","municipality":"東大和市","service_name":"ちょこバス","license":"CC0 1.0","source_stop_id":"51_01","stop_code":null,"stop_name":"奈良橋市民センター","stop_desc":null,"zone_id":"51_01","location_type":0,"parent_station":null,"wheelchair_boarding":null}},{"type":"Feature","id":"F026:51_02","geometry":{"type":"Point","coordinates":[139.4261882,35.7527694]},"properties":{"id":"F026:51_02","feed_id":"F026","feed_slug":"higashiyamato-chokobus","municipality":"東大和市","service_name":"ちょこバス","license":"CC0 1.0","source_stop_id":"51_02","stop_code":null,"stop_name":"奈良橋市民センター","stop_desc":null,"zone_id":"51_02","location_type":0,"parent_station":null,"wheelchair_boarding":null}},{"type":"Feature","id":"F026:52_01","geometry":{"type":"Point","coordinates":[139.42678923026,35.7532822826111]},"properties":{"id":"F026:52_01","feed_id":"F026","feed_slug":"higashiyamato-chokobus","municipality":"東大和市","service_name":"ちょこバス","license":"CC0 1.0","source_stop_id":"52_01","stop_code":null,"stop_name":"奈良橋川","stop_desc":null,"zone_id":"52_01","location_type":0,"parent_station":null,"wheelchair_boarding":null}},{"type":"Feature","id":"F026:52_02","geometry":{"type":"Point","coordinates":[139.426809426008,35.7535839784536]},"properties":{"id":"F026:52_02","feed_id":"F026","feed_slug":"higashiyamato-chokobus","municipality":"東大和市","service_name":"ちょこバス","license":"CC0 1.0","source_stop_id":"52_02","stop_code":null,"stop_name":"奈良橋川","stop_desc":null,"zone_id":"52_02","location_type":0,"parent_station":null,"wheelchair_boarding":null}},{"type":"Feature","id":"F026:53_03","geometry":{"type":"Point","coordinates":[139.423966946645,35.7365967179722]},"properties":{"id":"F026:53_03","feed_id":"F026","feed_slug":"higashiyamato-chokobus","municipality":"東大和市","service_name":"ちょこバス","license":"CC0 1.0","source_stop_id":"53_03","stop_code":null,"stop_name":"南街","stop_desc":null,"zone_id":"53_03","location_type":0,"parent_station":null,"wheelchair_boarding":null}},{"type":"Feature","id":"F026:53_04","geometry":{"type":"Point","coordinates":[139.423408273807,35.7368681771334]},"properties":{"id":"F026:53_04","feed_id":"F026","feed_slug":"higashiyamato-chokobus","municipality":"東大和市","service_name":"ちょこバス","license":"CC0 1.0","source_stop_id":"53_04","stop_code":null,"stop_name":"南街","stop_desc":null,"zone_id":"53_04","location_type":0,"parent_station":null,"wheelchair_boarding":null}},{"type":"Feature","id":"F026:54_03","geometry":{"type":"Point","coordinates":[139.434710270182,35.7360791374897]},"properties":{"id":"F026:54_03","feed_id":"F026","feed_slug":"higashiyamato-chokobus","municipality":"東大和市","service_name":"ちょこバス","license":"CC0 1.0","source_stop_id":"54_03","stop_code":null,"stop_name":"南街四丁目","stop_desc":null,"zone_id":"54_03","location_type":0,"parent_station":null,"wheelchair_boarding":null}},{"type":"Feature","id":"F026:54_04","geometry":{"type":"Point","coordinates":[139.434589919868,35.7363610090293]},"properties":{"id":"F026:54_04","feed_id":"F026","feed_slug":"higashiyamato-chokobus","municipality":"東大和市","service_name":"ちょこバス","license":"CC0 1.0","source_stop_id":"54_04","stop_code":null,"stop_name":"南街四丁目","stop_desc":null,"zone_id":"54_04","location_type":0,"parent_station":null,"wheelchair_boarding":null}},{"type":"Feature","id":"F026:55_01","geometry":{"type":"Point","coordinates":[139.432242544952,35.739420425433]},"properties":{"id":"F026:55_01","feed_id":"F026","feed_slug":"higashiyamato-chokobus","municipality":"東大和市","service_name":"ちょこバス","license":"CC0 1.0","source_stop_id":"55_01","stop_code":null,"stop_name":"南街入口","stop_desc":null,"zone_id":"55_01","location_type":0,"parent_station":null,"wheelchair_boarding":null}},{"type":"Feature","id":"F026:55_02","geometry":{"type":"Point","coordinates":[139.43236268507,35.7390110287374]},"properties":{"id":"F026:55_02","feed_id":"F026","feed_slug":"higashiyamato-chokobus","municipality":"東大和市","service_name":"ちょこバス","license":"CC0 1.0","source_stop_id":"55_02","stop_code":null,"stop_name":"南街入口","stop_desc":null,"zone_id":"55_02","location_type":0,"parent_station":null,"wheelchair_boarding":null}},{"type":"Feature","id":"F026:56_01","geometry":{"type":"Point","coordinates":[139.4283347,35.7560231]},"properties":{"id":"F026:56_01","feed_id":"F026","feed_slug":"higashiyamato-chokobus","municipality":"東大和市","service_name":"ちょこバス","license":"CC0 1.0","source_stop_id":"56_01","stop_code":null,"stop_name":"二ツ池公園","stop_desc":null,"zone_id":"56_01","location_type":0,"parent_station":null,"wheelchair_boarding":null}},{"type":"Feature","id":"F026:56_02","geometry":{"type":"Point","coordinates":[139.4281149,35.7560371]},"properties":{"id":"F026:56_02","feed_id":"F026","feed_slug":"higashiyamato-chokobus","municipality":"東大和市","service_name":"ちょこバス","license":"CC0 1.0","source_stop_id":"56_02","stop_code":null,"stop_name":"二ツ池公園","stop_desc":null,"zone_id":"56_02","location_type":0,"parent_station":null,"wheelchair_boarding":null}},{"type":"Feature","id":"F026:57_01","geometry":{"type":"Point","coordinates":[139.422828826448,35.7503142915479]},"properties":{"id":"F026:57_01","feed_id":"F026","feed_slug":"higashiyamato-chokobus","municipality":"東大和市","service_name":"ちょこバス","license":"CC0 1.0","source_stop_id":"57_01","stop_code":null,"stop_name":"八幡通り","stop_desc":null,"zone_id":"57_01","location_type":0,"parent_station":null,"wheelchair_boarding":null}},{"type":"Feature","id":"F026:57_02","geometry":{"type":"Point","coordinates":[139.422678622751,35.7503208219549]},"properties":{"id":"F026:57_02","feed_id":"F026","feed_slug":"higashiyamato-chokobus","municipality":"東大和市","service_name":"ちょこバス","license":"CC0 1.0","source_stop_id":"57_02","stop_code":null,"stop_name":"八幡通り","stop_desc":null,"zone_id":"57_02","location_type":0,"parent_station":null,"wheelchair_boarding":null}},{"type":"Feature","id":"F026:58_01","geometry":{"type":"Point","coordinates":[139.443790354876,35.7545050826105]},"properties":{"id":"F026:58_01","feed_id":"F026","feed_slug":"higashiyamato-chokobus","municipality":"東大和市","service_name":"ちょこバス","license":"CC0 1.0","source_stop_id":"58_01","stop_code":null,"stop_name":"武蔵大和駅入口","stop_desc":null,"zone_id":"58_01","location_type":0,"parent_station":null,"wheelchair_boarding":null}},{"type":"Feature","id":"F026:58_02","geometry":{"type":"Point","coordinates":[139.443771639609,35.7549979664427]},"properties":{"id":"F026:58_02","feed_id":"F026","feed_slug":"higashiyamato-chokobus","municipality":"東大和市","service_name":"ちょこバス","license":"CC0 1.0","source_stop_id":"58_02","stop_code":null,"stop_name":"武蔵大和駅入口","stop_desc":null,"zone_id":"58_02","location_type":0,"parent_station":null,"wheelchair_boarding":null}},{"type":"Feature","id":"F026:59_01","geometry":{"type":"Point","coordinates":[139.423519184664,35.7426392364815]},"properties":{"id":"F026:59_01","feed_id":"F026","feed_slug":"higashiyamato-chokobus","municipality":"東大和市","service_name":"ちょこバス","license":"CC0 1.0","source_stop_id":"59_01","stop_code":null,"stop_name":"立野東公園南","stop_desc":null,"zone_id":"59_01","location_type":0,"parent_station":null,"wheelchair_boarding":null}},{"type":"Feature","id":"F026:59_02","geometry":{"type":"Point","coordinates":[139.42352284309,35.742511483592]},"properties":{"id":"F026:59_02","feed_id":"F026","feed_slug":"higashiyamato-chokobus","municipality":"東大和市","service_name":"ちょこバス","license":"CC0 1.0","source_stop_id":"59_02","stop_code":null,"stop_name":"立野東公園南","stop_desc":null,"zone_id":"59_02","location_type":0,"parent_station":null,"wheelchair_boarding":null}},{"type":"Feature","id":"F015:1_1","geometry":{"type":"Point","coordinates":[139.466216,35.76111]},"properties":{"id":"F015:1_1","feed_id":"F015","feed_slug":"higashimurayama-green-bus","municipality":"東村山市","service_name":"グリーンバス","license":"CC BY 4.0","source_stop_id":"1_1","stop_code":null,"stop_name":"東村山駅東口","stop_desc":null,"zone_id":"1_1","location_type":0,"parent_station":null,"wheelchair_boarding":null}},{"type":"Feature","id":"F015:1_2","geometry":{"type":"Point","coordinates":[139.466639,35.760951]},"properties":{"id":"F015:1_2","feed_id":"F015","feed_slug":"higashimurayama-green-bus","municipality":"東村山市","service_name":"グリーンバス","license":"CC BY 4.0","source_stop_id":"1_2","stop_code":null,"stop_name":"東村山駅東口","stop_desc":null,"zone_id":"1_2","location_type":0,"parent_station":null,"wheelchair_boarding":null}},{"type":"Feature","id":"F015:2_1","geometry":{"type":"Point","coordinates":[139.468312,35.760867]},"properties":{"id":"F015:2_1","feed_id":"F015","feed_slug":"higashimurayama-green-bus","municipality":"東村山市","service_name":"グリーンバス","license":"CC BY 4.0","source_stop_id":"2_1","stop_code":null,"stop_name":"桜並木","stop_desc":null,"zone_id":"2_1","location_type":0,"parent_station":null,"wheelchair_boarding":null}},{"type":"Feature","id":"F015:2_2","geometry":{"type":"Point","coordinates":[139.467812,35.760774]},"properties":{"id":"F015:2_2","feed_id":"F015","feed_slug":"higashimurayama-green-bus","municipality":"東村山市","service_name":"グリーンバス","license":"CC BY 4.0","source_stop_id":"2_2","stop_code":null,"stop_name":"桜並木","stop_desc":null,"zone_id":"2_2","location_type":0,"parent_station":null,"wheelchair_boarding":null}},{"type":"Feature","id":"F015:3_1","geometry":{"type":"Point","coordinates":[139.468725,35.759415]},"properties":{"id":"F015:3_1","feed_id":"F015","feed_slug":"higashimurayama-green-bus","municipality":"東村山市","service_name":"グリーンバス","license":"CC BY 4.0","source_stop_id":"3_1","stop_code":null,"stop_name":"本町二丁目","stop_desc":null,"zone_id":"3_1","location_type":0,"parent_station":null,"wheelchair_boarding":null}},{"type":"Feature","id":"F015:3_2","geometry":{"type":"Point","coordinates":[139.468664,35.759156]},"properties":{"id":"F015:3_2","feed_id":"F015","feed_slug":"higashimurayama-green-bus","municipality":"東村山市","service_name":"グリーンバス","license":"CC BY 4.0","source_stop_id":"3_2","stop_code":null,"stop_name":"本町二丁目","stop_desc":null,"zone_id":"3_2","location_type":0,"parent_station":null,"wheelchair_boarding":null}},{"type":"Feature","id":"F015:4_1","geometry":{"type":"Point","coordinates":[139.46881,35.757666]},"properties":{"id":"F015:4_1","feed_id":"F015","feed_slug":"higashimurayama-green-bus","municipality":"東村山市","service_name":"グリーンバス","license":"CC BY 4.0","source_stop_id":"4_1","stop_code":null,"stop_name":"東村山税務署","stop_desc":null,"zone_id":"4_1","location_type":0,"parent_station":null,"wheelchair_boarding":null}},{"type":"Feature","id":"F015:4_2","geometry":{"type":"Point","coordinates":[139.468709,35.75786]},"properties":{"id":"F015:4_2","feed_id":"F015","feed_slug":"higashimurayama-green-bus","municipality":"東村山市","service_name":"グリーンバス","license":"CC BY 4.0","source_stop_id":"4_2","stop_code":null,"stop_name":"東村山税務署","stop_desc":null,"zone_id":"4_2","location_type":0,"parent_station":null,"wheelchair_boarding":null}},{"type":"Feature","id":"F015:5_1","geometry":{"type":"Point","coordinates":[139.467965,35.754545]},"properties":{"id":"F015:5_1","feed_id":"F015","feed_slug":"higashimurayama-green-bus","municipality":"東村山市","service_name":"グリーンバス","license":"CC BY 4.0","source_stop_id":"5_1","stop_code":null,"stop_name":"東村山市役所","stop_desc":null,"zone_id":"5_1","location_type":0,"parent_station":null,"wheelchair_boarding":null}},{"type":"Feature","id":"F015:6_1","geometry":{"type":"Point","coordinates":[139.469333,35.75513]},"properties":{"id":"F015:6_1","feed_id":"F015","feed_slug":"higashimurayama-green-bus","municipality":"東村山市","service_name":"グリーンバス","license":"CC BY 4.0","source_stop_id":"6_1","stop_code":null,"stop_name":"市役所入口・久米川病院前","stop_desc":null,"zone_id":"6_1","location_type":0,"parent_station":null,"wheelchair_boarding":null}},{"type":"Feature","id":"F015:6_2","geometry":{"type":"Point","coordinates":[139.469689,35.755113]},"properties":{"id":"F015:6_2","feed_id":"F015","feed_slug":"higashimurayama-green-bus","municipality":"東村山市","service_name":"グリーンバス","license":"CC BY 4.0","source_stop_id":"6_2","stop_code":null,"stop_name":"市役所入口・久米川病院前","stop_desc":null,"zone_id":"6_2","location_type":0,"parent_station":null,"wheelchair_boarding":null}},{"type":"Feature","id":"F015:7_1","geometry":{"type":"Point","coordinates":[139.47053,35.757411]},"properties":{"id":"F015:7_1","feed_id":"F015","feed_slug":"higashimurayama-green-bus","municipality":"東村山市","service_name":"グリーンバス","license":"CC BY 4.0","source_stop_id":"7_1","stop_code":null,"stop_name":"むさしのアイタウン中央","stop_desc":null,"zone_id":"7_1","location_type":0,"parent_station":null,"wheelchair_boarding":null}},{"type":"Feature","id":"F015:7_2","geometry":{"type":"Point","coordinates":[139.470869,35.75697]},"properties":{"id":"F015:7_2","feed_id":"F015","feed_slug":"higashimurayama-green-bus","municipality":"東村山市","service_name":"グリーンバス","license":"CC BY 4.0","source_stop_id":"7_2","stop_code":null,"stop_name":"むさしのアイタウン中央","stop_desc":null,"zone_id":"7_2","location_type":0,"parent_station":null,"wheelchair_boarding":null}},{"type":"Feature","id":"F015:8_1","geometry":{"type":"Point","coordinates":[139.471129,35.759224]},"properties":{"id":"F015:8_1","feed_id":"F015","feed_slug":"higashimurayama-green-bus","municipality":"東村山市","service_name":"グリーンバス","license":"CC BY 4.0","source_stop_id":"8_1","stop_code":null,"stop_name":"本町三丁目","stop_desc":null,"zone_id":"8_1","location_type":0,"parent_station":null,"wheelchair_boarding":null}},{"type":"Feature","id":"F015:8_2","geometry":{"type":"Point","coordinates":[139.471973,35.759314]},"properties":{"id":"F015:8_2","feed_id":"F015","feed_slug":"higashimurayama-green-bus","municipality":"東村山市","service_name":"グリーンバス","license":"CC BY 4.0","source_stop_id":"8_2","stop_code":null,"stop_name":"本町三丁目","stop_desc":null,"zone_id":"8_2","location_type":0,"parent_station":null,"wheelchair_boarding":null}},{"type":"Feature","id":"F015:9_1","geometry":{"type":"Point","coordinates":[139.474214,35.759743]},"properties":{"id":"F015:9_1","feed_id":"F015","feed_slug":"higashimurayama-green-bus","municipality":"東村山市","service_name":"グリーンバス","license":"CC BY 4.0","source_stop_id":"9_1","stop_code":null,"stop_name":"鷹の道中央","stop_desc":null,"zone_id":"9_1","location_type":0,"parent_station":null,"wheelchair_boarding":null}},{"type":"Feature","id":"F015:9_2","geometry":{"type":"Point","coordinates":[139.474003,35.759652]},"properties":{"id":"F015:9_2","feed_id":"F015","feed_slug":"higashimurayama-green-bus","municipality":"東村山市","service_name":"グリーンバス","license":"CC BY 4.0","source_stop_id":"9_2","stop_code":null,"stop_name":"鷹の道中央","stop_desc":null,"zone_id":"9_2","location_type":0,"parent_station":null,"wheelchair_boarding":null}},{"type":"Feature","id":"F015:10_1","geometry":{"type":"Point","coordinates":[139.476356,35.760105]},"properties":{"id":"F015:10_1","feed_id":"F015","feed_slug":"higashimurayama-green-bus","municipality":"東村山市","service_name":"グリーンバス","license":"CC BY 4.0","source_stop_id":"10_1","stop_code":null,"stop_name":"都立東村山高校","stop_desc":null,"zone_id":"10_1","location_type":0,"parent_station":null,"wheelchair_boarding":null}},{"type":"Feature","id":"F015:11_1","geometry":{"type":"Point","coordinates":[139.476762,35.760122]},"properties":{"id":"F015:11_1","feed_id":"F015","feed_slug":"higashimurayama-green-bus","municipality":"東村山市","service_name":"グリーンバス","license":"CC BY 4.0","source_stop_id":"11_1","stop_code":null,"stop_name":"都立東村山高校","stop_desc":null,"zone_id":"11_1","location_type":0,"parent_station":null,"wheelchair_boarding":null}},{"type":"Feature","id":"F015:12_1","geometry":{"type":"Point","coordinates":[139.480058,35.760804]},"properties":{"id":"F015:12_1","feed_id":"F015","feed_slug":"higashimurayama-green-bus","municipality":"東村山市","service_name":"グリーンバス","license":"CC BY 4.0","source_stop_id":"12_1","stop_code":null,"stop_name":"スポーツセンター","stop_desc":null,"zone_id":"12_1","location_type":0,"parent_station":null,"wheelchair_boarding":null}},{"type":"Feature","id":"F015:12_2","geometry":{"type":"Point","coordinates":[139.480407,35.760799]},"properties":{"id":"F015:12_2","feed_id":"F015","feed_slug":"higashimurayama-green-bus","municipality":"東村山市","service_name":"グリーンバス","license":"CC BY 4.0","source_stop_id":"12_2","stop_code":null,"stop_name":"スポーツセンター","stop_desc":null,"zone_id":"12_2","location_type":0,"parent_station":null,"wheelchair_boarding":null}},{"type":"Feature","id":"F015:13_1","geometry":{"type":"Point","coordinates":[139.482514,35.761254]},"properties":{"id":"F015:13_1","feed_id":"F015","feed_slug":"higashimurayama-green-bus","municipality":"東村山市","service_name":"グリーンバス","license":"CC BY 4.0","source_stop_id":"13_1","stop_code":null,"stop_name":"恩田町四丁目","stop_desc":null,"zone_id":"13_1","location_type":0,"parent_station":null,"wheelchair_boarding":null}},{"type":"Feature","id":"F015:14_1","geometry":{"type":"Point","coordinates":[139.482305,35.761149]},"properties":{"id":"F015:14_1","feed_id":"F015","feed_slug":"higashimurayama-green-bus","municipality":"東村山市","service_name":"グリーンバス","license":"CC BY 4.0","source_stop_id":"14_1","stop_code":null,"stop_name":"恩多町四丁目","stop_desc":null,"zone_id":"14_1","location_type":0,"parent_station":null,"wheelchair_boarding":null}},{"type":"Feature","id":"F015:15_1","geometry":{"type":"Point","coordinates":[139.484387,35.761749]},"properties":{"id":"F015:15_1","feed_id":"F015","feed_slug":"higashimurayama-green-bus","municipality":"東村山市","service_name":"グリーンバス","license":"CC BY 4.0","source_stop_id":"15_1","stop_code":null,"stop_name":"鷹の道入口","stop_desc":null,"zone_id":"15_1","location_type":0,"parent_station":null,"wheelchair_boarding":null}},{"type":"Feature","id":"F015:15_2","geometry":{"type":"Point","coordinates":[139.484193,35.761617]},"properties":{"id":"F015:15_2","feed_id":"F015","feed_slug":"higashimurayama-green-bus","municipality":"東村山市","service_name":"グリーンバス","license":"CC BY 4.0","source_stop_id":"15_2","stop_code":null,"stop_name":"鷹の道入口","stop_desc":null,"zone_id":"15_2","location_type":0,"parent_station":null,"wheelchair_boarding":null}},{"type":"Feature","id":"F015:16_1","geometry":{"type":"Point","coordinates":[139.48611,35.76283]},"properties":{"id":"F015:16_1","feed_id":"F015","feed_slug":"higashimurayama-green-bus","municipality":"東村山市","service_name":"グリーンバス","license":"CC BY 4.0","source_stop_id":"16_1","stop_code":null,"stop_name":"青葉商店街北","stop_desc":null,"zone_id":"16_1","location_type":0,"parent_station":null,"wheelchair_boarding":null}},{"type":"Feature","id":"F015:16_2","geometry":{"type":"Point","coordinates":[139.485862,35.762988]},"properties":{"id":"F015:16_2","feed_id":"F015","feed_slug":"higashimurayama-green-bus","municipality":"東村山市","service_name":"グリーンバス","license":"CC BY 4.0","source_stop_id":"16_2","stop_code":null,"stop_name":"青葉商店街北","stop_desc":null,"zone_id":"16_2","location_type":0,"parent_station":null,"wheelchair_boarding":null}},{"type":"Feature","id":"F015:17_1","geometry":{"type":"Point","coordinates":[139.487314,35.761721]},"properties":{"id":"F015:17_1","feed_id":"F015","feed_slug":"higashimurayama-green-bus","municipality":"東村山市","service_name":"グリーンバス","license":"CC BY 4.0","source_stop_id":"17_1","stop_code":null,"stop_name":"青葉商店街中央","stop_desc":null,"zone_id":"17_1","location_type":0,"parent_station":null,"wheelchair_boarding":null}},{"type":"Feature","id":"F015:17_2","geometry":{"type":"Point","coordinates":[139.487445,35.761525]},"properties":{"id":"F015:17_2","feed_id":"F015","feed_slug":"higashimurayama-green-bus","municipality":"東村山市","service_name":"グリーンバス","license":"CC BY 4.0","source_stop_id":"17_2","stop_code":null,"stop_name":"青葉商店街中央","stop_desc":null,"zone_id":"17_2","location_type":0,"parent_station":null,"wheelchair_boarding":null}},{"type":"Feature","id":"F015:18_1","geometry":{"type":"Point","coordinates":[139.4889,35.760255]},"properties":{"id":"F015:18_1","feed_id":"F015","feed_slug":"higashimurayama-green-bus","municipality":"東村山市","service_name":"グリーンバス","license":"CC BY 4.0","source_stop_id":"18_1","stop_code":null,"stop_name":"青葉商店街南","stop_desc":null,"zone_id":"18_1","location_type":0,"parent_station":null,"wheelchair_boarding":null}},{"type":"Feature","id":"F015:18_2","geometry":{"type":"Point","coordinates":[139.488689,35.760376]},"properties":{"id":"F015:18_2","feed_id":"F015","feed_slug":"higashimurayama-green-bus","municipality":"東村山市","service_name":"グリーンバス","license":"CC BY 4.0","source_stop_id":"18_2","stop_code":null,"stop_name":"青葉商店街南","stop_desc":null,"zone_id":"18_2","location_type":0,"parent_station":null,"wheelchair_boarding":null}},{"type":"Feature","id":"F015:19_1","geometry":{"type":"Point","coordinates":[139.491842,35.761466]},"properties":{"id":"F015:19_1","feed_id":"F015","feed_slug":"higashimurayama-green-bus","municipality":"東村山市","service_name":"グリーンバス","license":"CC BY 4.0","source_stop_id":"19_1","stop_code":null,"stop_name":"医療センター入口","stop_desc":null,"zone_id":"19_1","location_type":0,"parent_station":null,"wheelchair_boarding":null}},{"type":"Feature","id":"F015:20_1","geometry":{"type":"Point","coordinates":[139.492641,35.7607]},"properties":{"id":"F015:20_1","feed_id":"F015","feed_slug":"higashimurayama-green-bus","municipality":"東村山市","service_name":"グリーンバス","license":"CC BY 4.0","source_stop_id":"20_1","stop_code":null,"stop_name":"多摩北部医療センター","stop_desc":null,"zone_id":"20_1","location_type":0,"parent_station":null,"wheelchair_boarding":null}},{"type":"Feature","id":"F015:21_1","geometry":{"type":"Point","coordinates":[139.465456,35.761032]},"properties":{"id":"F015:21_1","feed_id":"F015","feed_slug":"higashimurayama-green-bus","municipality":"東村山市","service_name":"グリーンバス","license":"CC BY 4.0","source_stop_id":"21_1","stop_code":null,"stop_name":"東村山駅西口","stop_desc":null,"zone_id":"21_1","location_type":0,"parent_station":null,"wheelchair_boarding":null}},{"type":"Feature","id":"F015:22_1","geometry":{"type":"Point","coordinates":[139.466542,35.766189]},"properties":{"id":"F015:22_1","feed_id":"F015","feed_slug":"higashimurayama-green-bus","municipality":"東村山市","service_name":"グリーンバス","license":"CC BY 4.0","source_stop_id":"22_1","stop_code":null,"stop_name":"ふるさと歴史館","stop_desc":null,"zone_id":"22_1","location_type":0,"parent_station":null,"wheelchair_boarding":null}},{"type":"Feature","id":"F015:23_1","geometry":{"type":"Point","coordinates":[139.466406,35.765618]},"properties":{"id":"F015:23_1","feed_id":"F015","feed_slug":"higashimurayama-green-bus","municipality":"東村山市","service_name":"グリーンバス","license":"CC BY 4.0","source_stop_id":"23_1","stop_code":null,"stop_name":"社会福祉センター","stop_desc":null,"zone_id":"23_1","location_type":0,"parent_station":null,"wheelchair_boarding":null}},{"type":"Feature","id":"F015:24_1","geometry":{"type":"Point","coordinates":[139.467335,35.767359]},"properties":{"id":"F015:24_1","feed_id":"F015","feed_slug":"higashimurayama-green-bus","municipality":"東村山市","service_name":"グリーンバス","license":"CC BY 4.0","source_stop_id":"24_1","stop_code":null,"stop_name":"西宿通り中央","stop_desc":null,"zone_id":"24_1","location_type":0,"parent_station":null,"wheelchair_boarding":null}},{"type":"Feature","id":"F015:25_1","geometry":{"type":"Point","coordinates":[139.468525,35.769512]},"properties":{"id":"F015:25_1","feed_id":"F015","feed_slug":"higashimurayama-green-bus","municipality":"東村山市","service_name":"グリーンバス","license":"CC BY 4.0","source_stop_id":"25_1","stop_code":null,"stop_name":"西宿通り北","stop_desc":null,"zone_id":"25_1","location_type":0,"parent_station":null,"wheelchair_boarding":null}},{"type":"Feature","id":"F015:26_1","geometry":{"type":"Point","coordinates":[139.468007,35.770185]},"properties":{"id":"F015:26_1","feed_id":"F015","feed_slug":"higashimurayama-green-bus","municipality":"東村山市","service_name":"グリーンバス","license":"CC BY 4.0","source_stop_id":"26_1","stop_code":null,"stop_name":"徳蔵寺","stop_desc":null,"zone_id":"26_1","location_type":0,"parent_station":null,"wheelchair_boarding":null}},{"type":"Feature","id":"F015:27_1","geometry":{"type":"Point","coordinates":[139.466221,35.771702]},"properties":{"id":"F015:27_1","feed_id":"F015","feed_slug":"higashimurayama-green-bus","municipality":"東村山市","service_name":"グリーンバス","license":"CC BY 4.0","source_stop_id":"27_1","stop_code":null,"stop_name":"諏訪町二丁目","stop_desc":null,"zone_id":"27_1","location_type":0,"parent_station":null,"wheelchair_boarding":null}},{"type":"Feature","id":"F015:28_1","geometry":{"type":"Point","coordinates":[139.464018,35.770908]},"properties":{"id":"F015:28_1","feed_id":"F015","feed_slug":"higashimurayama-green-bus","municipality":"東村山市","service_name":"グリーンバス","license":"CC BY 4.0","source_stop_id":"28_1","stop_code":null,"stop_name":"白十字病院","stop_desc":null,"zone_id":"28_1","location_type":0,"parent_station":null,"wheelchair_boarding":null}},{"type":"Feature","id":"F015:29_1","geometry":{"type":"Point","coordinates":[139.461781,35.770029]},"properties":{"id":"F015:29_1","feed_id":"F015","feed_slug":"higashimurayama-green-bus","municipality":"東村山市","service_name":"グリーンバス","license":"CC BY 4.0","source_stop_id":"29_1","stop_code":null,"stop_name":"新山手病院","stop_desc":null,"zone_id":"29_1","location_type":0,"parent_station":null,"wheelchair_boarding":null}},{"type":"Feature","id":"F015:30_1","geometry":{"type":"Point","coordinates":[139.467633,35.772988]},"properties":{"id":"F015:30_1","feed_id":"F015","feed_slug":"higashimurayama-green-bus","municipality":"東村山市","service_name":"グリーンバス","license":"CC BY 4.0","source_stop_id":"30_1","stop_code":null,"stop_name":"西宿公園","stop_desc":null,"zone_id":"30_1","location_type":0,"parent_station":null,"wheelchair_boarding":null}},{"type":"Feature","id":"F015:31_1","geometry":{"type":"Point","coordinates":[139.469214,35.773207]},"properties":{"id":"F015:31_1","feed_id":"F015","feed_slug":"higashimurayama-green-bus","municipality":"東村山市","service_name":"グリーンバス","license":"CC BY 4.0","source_stop_id":"31_1","stop_code":null,"stop_name":"北山緑道入口","stop_desc":null,"zone_id":"31_1","location_type":0,"parent_station":null,"wheelchair_boarding":null}},{"type":"Feature","id":"F015:32_1","geometry":{"type":"Point","coordinates":[139.471491,35.772652]},"properties":{"id":"F015:32_1","feed_id":"F015","feed_slug":"higashimurayama-green-bus","municipality":"東村山市","service_name":"グリーンバス","license":"CC BY 4.0","source_stop_id":"32_1","stop_code":null,"stop_name":"公事道北","stop_desc":null,"zone_id":"32_1","location_type":0,"parent_station":null,"wheelchair_boarding":null}},{"type":"Feature","id":"F015:33_1","geometry":{"type":"Point","coordinates":[139.470056,35.770241]},"properties":{"id":"F015:33_1","feed_id":"F015","feed_slug":"higashimurayama-green-bus","municipality":"東村山市","service_name":"グリーンバス","license":"CC BY 4.0","source_stop_id":"33_1","stop_code":null,"stop_name":"公事道南","stop_desc":null,"zone_id":"33_1","location_type":0,"parent_station":null,"wheelchair_boarding":null}},{"type":"Feature","id":"F015:34_1","geometry":{"type":"Point","coordinates":[139.464379,35.758739]},"properties":{"id":"F015:34_1","feed_id":"F015","feed_slug":"higashimurayama-green-bus","municipality":"東村山市","service_name":"グリーンバス","license":"CC BY 4.0","source_stop_id":"34_1","stop_code":null,"stop_name":"地域福祉センター","stop_desc":null,"zone_id":"34_1","location_type":0,"parent_station":null,"wheelchair_boarding":null}},{"type":"Feature","id":"F015:34_2","geometry":{"type":"Point","coordinates":[139.464404,35.758423]},"properties":{"id":"F015:34_2","feed_id":"F015","feed_slug":"higashimurayama-green-bus","municipality":"東村山市","service_name":"グリーンバス","license":"CC BY 4.0","source_stop_id":"34_2","stop_code":null,"stop_name":"地域福祉センター","stop_desc":null,"zone_id":"34_2","location_type":0,"parent_station":null,"wheelchair_boarding":null}},{"type":"Feature","id":"F015:35_1","geometry":{"type":"Point","coordinates":[139.462057,35.757273]},"properties":{"id":"F015:35_1","feed_id":"F015","feed_slug":"higashimurayama-green-bus","municipality":"東村山市","service_name":"グリーンバス","license":"CC BY 4.0","source_stop_id":"35_1","stop_code":null,"stop_name":"夢ハウス","stop_desc":null,"zone_id":"35_1","location_type":0,"parent_station":null,"wheelchair_boarding":null}},{"type":"Feature","id":"F015:35_2","geometry":{"type":"Point","coordinates":[139.461439,35.757086]},"properties":{"id":"F015:35_2","feed_id":"F015","feed_slug":"higashimurayama-green-bus","municipality":"東村山市","service_name":"グリーンバス","license":"CC BY 4.0","source_stop_id":"35_2","stop_code":null,"stop_name":"夢ハウス","stop_desc":null,"zone_id":"35_2","location_type":0,"parent_station":null,"wheelchair_boarding":null}},{"type":"Feature","id":"F015:36_1","geometry":{"type":"Point","coordinates":[139.459431,35.756205]},"properties":{"id":"F015:36_1","feed_id":"F015","feed_slug":"higashimurayama-green-bus","municipality":"東村山市","service_name":"グリーンバス","license":"CC BY 4.0","source_stop_id":"36_1","stop_code":null,"stop_name":"第七中学校前","stop_desc":null,"zone_id":"36_1","location_type":0,"parent_station":null,"wheelchair_boarding":null}},{"type":"Feature","id":"F015:36_2","geometry":{"type":"Point","coordinates":[139.459098,35.756142]},"properties":{"id":"F015:36_2","feed_id":"F015","feed_slug":"higashimurayama-green-bus","municipality":"東村山市","service_name":"グリーンバス","license":"CC BY 4.0","source_stop_id":"36_2","stop_code":null,"stop_name":"第七中学校前","stop_desc":null,"zone_id":"36_2","location_type":0,"parent_station":null,"wheelchair_boarding":null}},{"type":"Feature","id":"F015:37_1","geometry":{"type":"Point","coordinates":[139.456406,35.755014]},"properties":{"id":"F015:37_1","feed_id":"F015","feed_slug":"higashimurayama-green-bus","municipality":"東村山市","service_name":"グリーンバス","license":"CC BY 4.0","source_stop_id":"37_1","stop_code":null,"stop_name":"浄水場北","stop_desc":null,"zone_id":"37_1","location_type":0,"parent_station":null,"wheelchair_boarding":null}},{"type":"Feature","id":"F015:37_2","geometry":{"type":"Point","coordinates":[139.456834,35.755219]},"properties":{"id":"F015:37_2","feed_id":"F015","feed_slug":"higashimurayama-green-bus","municipality":"東村山市","service_name":"グリーンバス","license":"CC BY 4.0","source_stop_id":"37_2","stop_code":null,"stop_name":"浄水場北","stop_desc":null,"zone_id":"37_2","location_type":0,"parent_station":null,"wheelchair_boarding":null}},{"type":"Feature","id":"F015:38_1","geometry":{"type":"Point","coordinates":[139.454264,35.75423]},"properties":{"id":"F015:38_1","feed_id":"F015","feed_slug":"higashimurayama-green-bus","municipality":"東村山市","service_name":"グリーンバス","license":"CC BY 4.0","source_stop_id":"38_1","stop_code":null,"stop_name":"浄水場西","stop_desc":null,"zone_id":"38_1","location_type":0,"parent_station":null,"wheelchair_boarding":null}},{"type":"Feature","id":"F015:38_2","geometry":{"type":"Point","coordinates":[139.454037,35.75354]},"properties":{"id":"F015:38_2","feed_id":"F015","feed_slug":"higashimurayama-green-bus","municipality":"東村山市","service_name":"グリーンバス","license":"CC BY 4.0","source_stop_id":"38_2","stop_code":null,"stop_name":"浄水場西","stop_desc":null,"zone_id":"38_2","location_type":0,"parent_station":null,"wheelchair_boarding":null}},{"type":"Feature","id":"F015:39_1","geometry":{"type":"Point","coordinates":[139.451691,35.752575]},"properties":{"id":"F015:39_1","feed_id":"F015","feed_slug":"higashimurayama-green-bus","municipality":"東村山市","service_name":"グリーンバス","license":"CC BY 4.0","source_stop_id":"39_1","stop_code":null,"stop_name":"消防署東","stop_desc":null,"zone_id":"39_1","location_type":0,"parent_station":null,"wheelchair_boarding":null}},{"type":"Feature","id":"F015:39_2","geometry":{"type":"Point","coordinates":[139.451667,35.752808]},"properties":{"id":"F015:39_2","feed_id":"F015","feed_slug":"higashimurayama-green-bus","municipality":"東村山市","service_name":"グリーンバス","license":"CC BY 4.0","source_stop_id":"39_2","stop_code":null,"stop_name":"消防署東","stop_desc":null,"zone_id":"39_2","location_type":0,"parent_station":null,"wheelchair_boarding":null}},{"type":"Feature","id":"F015:40_1","geometry":{"type":"Point","coordinates":[139.448424,35.75246]},"properties":{"id":"F015:40_1","feed_id":"F015","feed_slug":"higashimurayama-green-bus","municipality":"東村山市","service_name":"グリーンバス","license":"CC BY 4.0","source_stop_id":"40_1","stop_code":null,"stop_name":"富士見町四丁目北","stop_desc":null,"zone_id":"40_1","location_type":0,"parent_station":null,"wheelchair_boarding":null}},{"type":"Feature","id":"F015:40_2","geometry":{"type":"Point","coordinates":[139.448773,35.752883]},"properties":{"id":"F015:40_2","feed_id":"F015","feed_slug":"higashimurayama-green-bus","municipality":"東村山市","service_name":"グリーンバス","license":"CC BY 4.0","source_stop_id":"40_2","stop_code":null,"stop_name":"富士見町四丁目北","stop_desc":null,"zone_id":"40_2","location_type":0,"parent_station":null,"wheelchair_boarding":null}},{"type":"Feature","id":"F015:41_1","geometry":{"type":"Point","coordinates":[139.449286,35.750318]},"properties":{"id":"F015:41_1","feed_id":"F015","feed_slug":"higashimurayama-green-bus","municipality":"東村山市","service_name":"グリーンバス","license":"CC BY 4.0","source_stop_id":"41_1","stop_code":null,"stop_name":"富士見町四丁目中央","stop_desc":null,"zone_id":"41_1","location_type":0,"parent_station":null,"wheelchair_boarding":null}},{"type":"Feature","id":"F015:41_2","geometry":{"type":"Point","coordinates":[139.449412,35.7498]},"properties":{"id":"F015:41_2","feed_id":"F015","feed_slug":"higashimurayama-green-bus","municipality":"東村山市","service_name":"グリーンバス","license":"CC BY 4.0","source_stop_id":"41_2","stop_code":null,"stop_name":"富士見町四丁目中央","stop_desc":null,"zone_id":"41_2","location_type":0,"parent_station":null,"wheelchair_boarding":null}},{"type":"Feature","id":"F015:42_1","geometry":{"type":"Point","coordinates":[139.460877,35.7498]},"properties":{"id":"F015:42_1","feed_id":"F015","feed_slug":"higashimurayama-green-bus","municipality":"東村山市","service_name":"グリーンバス","license":"CC BY 4.0","source_stop_id":"42_1","stop_code":null,"stop_name":"グリーンタウン西","stop_desc":null,"zone_id":"42_1","location_type":0,"parent_station":null,"wheelchair_boarding":null}},{"type":"Feature","id":"F015:42_2","geometry":{"type":"Point","coordinates":[139.460727,35.750082]},"properties":{"id":"F015:42_2","feed_id":"F015","feed_slug":"higashimurayama-green-bus","municipality":"東村山市","service_name":"グリーンバス","license":"CC BY 4.0","source_stop_id":"42_2","stop_code":null,"stop_name":"グリーンタウン西","stop_desc":null,"zone_id":"42_2","location_type":0,"parent_station":null,"wheelchair_boarding":null}},{"type":"Feature","id":"F015:43_1","geometry":{"type":"Point","coordinates":[139.463005,35.748533]},"properties":{"id":"F015:43_1","feed_id":"F015","feed_slug":"higashimurayama-green-bus","municipality":"東村山市","service_name":"グリーンバス","license":"CC BY 4.0","source_stop_id":"43_1","stop_code":null,"stop_name":"グリーンタウン南","stop_desc":null,"zone_id":"43_1","location_type":0,"parent_station":null,"wheelchair_boarding":null}},{"type":"Feature","id":"F015:43_2","geometry":{"type":"Point","coordinates":[139.463442,35.748494]},"properties":{"id":"F015:43_2","feed_id":"F015","feed_slug":"higashimurayama-green-bus","municipality":"東村山市","service_name":"グリーンバス","license":"CC BY 4.0","source_stop_id":"43_2","stop_code":null,"stop_name":"グリーンタウン南","stop_desc":null,"zone_id":"43_2","location_type":0,"parent_station":null,"wheelchair_boarding":null}},{"type":"Feature","id":"F015:44_1","geometry":{"type":"Point","coordinates":[139.471732,35.74983]},"properties":{"id":"F015:44_1","feed_id":"F015","feed_slug":"higashimurayama-green-bus","municipality":"東村山市","service_name":"グリーンバス","license":"CC BY 4.0","source_stop_id":"44_1","stop_code":null,"stop_name":"久米川駅南口","stop_desc":null,"zone_id":"44_1","location_type":0,"parent_station":null,"wheelchair_boarding":null}},{"type":"Feature","id":"F015:44_2","geometry":{"type":"Point","coordinates":[139.471374,35.749776]},"properties":{"id":"F015:44_2","feed_id":"F015","feed_slug":"higashimurayama-green-bus","municipality":"東村山市","service_name":"グリーンバス","license":"CC BY 4.0","source_stop_id":"44_2","stop_code":null,"stop_name":"久米川駅南口","stop_desc":null,"zone_id":"44_2","location_type":0,"parent_station":null,"wheelchair_boarding":null}},{"type":"Feature","id":"F015:45_1","geometry":{"type":"Point","coordinates":[139.492236,35.763754]},"properties":{"id":"F015:45_1","feed_id":"F015","feed_slug":"higashimurayama-green-bus","municipality":"東村山市","service_name":"グリーンバス","license":"CC BY 4.0","source_stop_id":"45_1","stop_code":null,"stop_name":"青葉通り","stop_desc":null,"zone_id":"45_1","location_type":0,"parent_station":null,"wheelchair_boarding":null}},{"type":"Feature","id":"F015:45_2","geometry":{"type":"Point","coordinates":[139.491812,35.764133]},"properties":{"id":"F015:45_2","feed_id":"F015","feed_slug":"higashimurayama-green-bus","municipality":"東村山市","service_name":"グリーンバス","license":"CC BY 4.0","source_stop_id":"45_2","stop_code":null,"stop_name":"青葉通り","stop_desc":null,"zone_id":"45_2","location_type":0,"parent_station":null,"wheelchair_boarding":null}},{"type":"Feature","id":"F015:46_1","geometry":{"type":"Point","coordinates":[139.490404,35.765074]},"properties":{"id":"F015:46_1","feed_id":"F015","feed_slug":"higashimurayama-green-bus","municipality":"東村山市","service_name":"グリーンバス","license":"CC BY 4.0","source_stop_id":"46_1","stop_code":null,"stop_name":"青葉小学校","stop_desc":null,"zone_id":"46_1","location_type":0,"parent_station":null,"wheelchair_boarding":null}},{"type":"Feature","id":"F015:46_2","geometry":{"type":"Point","coordinates":[139.490203,35.765233]},"properties":{"id":"F015:46_2","feed_id":"F015","feed_slug":"higashimurayama-green-bus","municipality":"東村山市","service_name":"グリーンバス","license":"CC BY 4.0","source_stop_id":"46_2","stop_code":null,"stop_name":"青葉小学校","stop_desc":null,"zone_id":"46_2","location_type":0,"parent_station":null,"wheelchair_boarding":null}},{"type":"Feature","id":"F015:47_1","geometry":{"type":"Point","coordinates":[139.488211,35.765982]},"properties":{"id":"F015:47_1","feed_id":"F015","feed_slug":"higashimurayama-green-bus","municipality":"東村山市","service_name":"グリーンバス","license":"CC BY 4.0","source_stop_id":"47_1","stop_code":null,"stop_name":"青葉町住宅","stop_desc":null,"zone_id":"47_1","location_type":0,"parent_station":null,"wheelchair_boarding":null}},{"type":"Feature","id":"F015:47_2","geometry":{"type":"Point","coordinates":[139.489131,35.765706]},"properties":{"id":"F015:47_2","feed_id":"F015","feed_slug":"higashimurayama-green-bus","municipality":"東村山市","service_name":"グリーンバス","license":"CC BY 4.0","source_stop_id":"47_2","stop_code":null,"stop_name":"青葉町住宅","stop_desc":null,"zone_id":"47_2","location_type":0,"parent_station":null,"wheelchair_boarding":null}},{"type":"Feature","id":"F015:48_1","geometry":{"type":"Point","coordinates":[139.486295,35.766838]},"properties":{"id":"F015:48_1","feed_id":"F015","feed_slug":"higashimurayama-green-bus","municipality":"東村山市","service_name":"グリーンバス","license":"CC BY 4.0","source_stop_id":"48_1","stop_code":null,"stop_name":"久米川町一丁目","stop_desc":null,"zone_id":"48_1","location_type":0,"parent_station":null,"wheelchair_boarding":null}},{"type":"Feature","id":"F015:48_2","geometry":{"type":"Point","coordinates":[139.48646,35.766842]},"properties":{"id":"F015:48_2","feed_id":"F015","feed_slug":"higashimurayama-green-bus","municipality":"東村山市","service_name":"グリーンバス","license":"CC BY 4.0","source_stop_id":"48_2","stop_code":null,"stop_name":"久米川町一丁目","stop_desc":null,"zone_id":"48_2","location_type":0,"parent_station":null,"wheelchair_boarding":null}},{"type":"Feature","id":"F015:49_1","geometry":{"type":"Point","coordinates":[139.485838,35.76827]},"properties":{"id":"F015:49_1","feed_id":"F015","feed_slug":"higashimurayama-green-bus","municipality":"東村山市","service_name":"グリーンバス","license":"CC BY 4.0","source_stop_id":"49_1","stop_code":null,"stop_name":"所沢街道入口","stop_desc":null,"zone_id":"49_1","location_type":0,"parent_station":null,"wheelchair_boarding":null}},{"type":"Feature","id":"F015:49_2","geometry":{"type":"Point","coordinates":[139.485484,35.767605]},"properties":{"id":"F015:49_2","feed_id":"F015","feed_slug":"higashimurayama-green-bus","municipality":"東村山市","service_name":"グリーンバス","license":"CC BY 4.0","source_stop_id":"49_2","stop_code":null,"stop_name":"所沢街道入口","stop_desc":null,"zone_id":"49_2","location_type":0,"parent_station":null,"wheelchair_boarding":null}},{"type":"Feature","id":"F015:50_1","geometry":{"type":"Point","coordinates":[139.486195,35.770688]},"properties":{"id":"F015:50_1","feed_id":"F015","feed_slug":"higashimurayama-green-bus","municipality":"東村山市","service_name":"グリーンバス","license":"CC BY 4.0","source_stop_id":"50_1","stop_code":null,"stop_name":"秋津文化センター","stop_desc":null,"zone_id":"50_1","location_type":0,"parent_station":null,"wheelchair_boarding":null}},{"type":"Feature","id":"F015:50_2","geometry":{"type":"Point","coordinates":[139.486218,35.771001]},"properties":{"id":"F015:50_2","feed_id":"F015","feed_slug":"higashimurayama-green-bus","municipality":"東村山市","service_name":"グリーンバス","license":"CC BY 4.0","source_stop_id":"50_2","stop_code":null,"stop_name":"秋津文化センター","stop_desc":null,"zone_id":"50_2","location_type":0,"parent_station":null,"wheelchair_boarding":null}},{"type":"Feature","id":"F015:51_1","geometry":{"type":"Point","coordinates":[139.483301,35.772708]},"properties":{"id":"F015:51_1","feed_id":"F015","feed_slug":"higashimurayama-green-bus","municipality":"東村山市","service_name":"グリーンバス","license":"CC BY 4.0","source_stop_id":"51_1","stop_code":null,"stop_name":"秋津小学校","stop_desc":null,"zone_id":"51_1","location_type":0,"parent_station":null,"wheelchair_boarding":null}},{"type":"Feature","id":"F015:51_2","geometry":{"type":"Point","coordinates":[139.483131,35.773263]},"properties":{"id":"F015:51_2","feed_id":"F015","feed_slug":"higashimurayama-green-bus","municipality":"東村山市","service_name":"グリーンバス","license":"CC BY 4.0","source_stop_id":"51_2","stop_code":null,"stop_name":"秋津小学校","stop_desc":null,"zone_id":"51_2","location_type":0,"parent_station":null,"wheelchair_boarding":null}},{"type":"Feature","id":"F015:52_1","geometry":{"type":"Point","coordinates":[139.485643,35.775092]},"properties":{"id":"F015:52_1","feed_id":"F015","feed_slug":"higashimurayama-green-bus","municipality":"東村山市","service_name":"グリーンバス","license":"CC BY 4.0","source_stop_id":"52_1","stop_code":null,"stop_name":"中通り中央","stop_desc":null,"zone_id":"52_1","location_type":0,"parent_station":null,"wheelchair_boarding":null}},{"type":"Feature","id":"F015:52_2","geometry":{"type":"Point","coordinates":[139.48655,35.775504]},"properties":{"id":"F015:52_2","feed_id":"F015","feed_slug":"higashimurayama-green-bus","municipality":"東村山市","service_name":"グリーンバス","license":"CC BY 4.0","source_stop_id":"52_2","stop_code":null,"stop_name":"中通り中央","stop_desc":null,"zone_id":"52_2","location_type":0,"parent_station":null,"wheelchair_boarding":null}},{"type":"Feature","id":"F015:53_1","geometry":{"type":"Point","coordinates":[139.490306,35.776902]},"properties":{"id":"F015:53_1","feed_id":"F015","feed_slug":"higashimurayama-green-bus","municipality":"東村山市","service_name":"グリーンバス","license":"CC BY 4.0","source_stop_id":"53_1","stop_code":null,"stop_name":"秋津中通り","stop_desc":null,"zone_id":"53_1","location_type":0,"parent_station":null,"wheelchair_boarding":null}},{"type":"Feature","id":"F015:53_2","geometry":{"type":"Point","coordinates":[139.491079,35.776936]},"properties":{"id":"F015:53_2","feed_id":"F015","feed_slug":"higashimurayama-green-bus","municipality":"東村山市","service_name":"グリーンバス","license":"CC BY 4.0","source_stop_id":"53_2","stop_code":null,"stop_name":"秋津中通り","stop_desc":null,"zone_id":"53_2","location_type":0,"parent_station":null,"wheelchair_boarding":null}},{"type":"Feature","id":"F015:54_1","geometry":{"type":"Point","coordinates":[139.492925,35.777566]},"properties":{"id":"F015:54_1","feed_id":"F015","feed_slug":"higashimurayama-green-bus","municipality":"東村山市","service_name":"グリーンバス","license":"CC BY 4.0","source_stop_id":"54_1","stop_code":null,"stop_name":"新秋津駅","stop_desc":null,"zone_id":"54_1","location_type":0,"parent_station":null,"wheelchair_boarding":null}},{"type":"Feature","id":"F015:55_1","geometry":{"type":"Point","coordinates":[139.469388,35.764807]},"properties":{"id":"F015:55_1","feed_id":"F015","feed_slug":"higashimurayama-green-bus","municipality":"東村山市","service_name":"グリーンバス","license":"CC BY 4.0","source_stop_id":"55_1","stop_code":null,"stop_name":"久米川四丁目","stop_desc":null,"zone_id":"55_1","location_type":0,"parent_station":null,"wheelchair_boarding":null}},{"type":"Feature","id":"F015:56_1","geometry":{"type":"Point","coordinates":[139.472321,35.768881]},"properties":{"id":"F015:56_1","feed_id":"F015","feed_slug":"higashimurayama-green-bus","municipality":"東村山市","service_name":"グリーンバス","license":"CC BY 4.0","source_stop_id":"56_1","stop_code":null,"stop_name":"久米川辻","stop_desc":null,"zone_id":"56_1","location_type":0,"parent_station":null,"wheelchair_boarding":null}},{"type":"Feature","id":"F015:56_2","geometry":{"type":"Point","coordinates":[139.472369,35.768773]},"properties":{"id":"F015:56_2","feed_id":"F015","feed_slug":"higashimurayama-green-bus","municipality":"東村山市","service_name":"グリーンバス","license":"CC BY 4.0","source_stop_id":"56_2","stop_code":null,"stop_name":"久米川辻","stop_desc":null,"zone_id":"56_2","location_type":0,"parent_station":null,"wheelchair_boarding":null}},{"type":"Feature","id":"F015:57_1","geometry":{"type":"Point","coordinates":[139.474407,35.770881]},"properties":{"id":"F015:57_1","feed_id":"F015","feed_slug":"higashimurayama-green-bus","municipality":"東村山市","service_name":"グリーンバス","license":"CC BY 4.0","source_stop_id":"57_1","stop_code":null,"stop_name":"第二中学校前","stop_desc":null,"zone_id":"57_1","location_type":0,"parent_station":null,"wheelchair_boarding":null}},{"type":"Feature","id":"F015:58_1","geometry":{"type":"Point","coordinates":[139.476033,35.771482]},"properties":{"id":"F015:58_1","feed_id":"F015","feed_slug":"higashimurayama-green-bus","municipality":"東村山市","service_name":"グリーンバス","license":"CC BY 4.0","source_stop_id":"58_1","stop_code":null,"stop_name":"野行通り入口","stop_desc":null,"zone_id":"58_1","location_type":0,"parent_station":null,"wheelchair_boarding":null}},{"type":"Feature","id":"F015:59_1","geometry":{"type":"Point","coordinates":[139.477367,35.772793]},"properties":{"id":"F015:59_1","feed_id":"F015","feed_slug":"higashimurayama-green-bus","municipality":"東村山市","service_name":"グリーンバス","license":"CC BY 4.0","source_stop_id":"59_1","stop_code":null,"stop_name":"南秋津","stop_desc":null,"zone_id":"59_1","location_type":0,"parent_station":null,"wheelchair_boarding":null}},{"type":"Feature","id":"F015:60_1","geometry":{"type":"Point","coordinates":[139.476739,35.774204]},"properties":{"id":"F015:60_1","feed_id":"F015","feed_slug":"higashimurayama-green-bus","municipality":"東村山市","service_name":"グリーンバス","license":"CC BY 4.0","source_stop_id":"60_1","stop_code":null,"stop_name":"二柳橋南","stop_desc":null,"zone_id":"60_1","location_type":0,"parent_station":null,"wheelchair_boarding":null}},{"type":"Feature","id":"F015:61_1","geometry":{"type":"Point","coordinates":[139.475056,35.774124]},"properties":{"id":"F015:61_1","feed_id":"F015","feed_slug":"higashimurayama-green-bus","municipality":"東村山市","service_name":"グリーンバス","license":"CC BY 4.0","source_stop_id":"61_1","stop_code":null,"stop_name":"二瀬橋東","stop_desc":null,"zone_id":"61_1","location_type":0,"parent_station":null,"wheelchair_boarding":null}},{"type":"Feature","id":"F015:62_1","geometry":{"type":"Point","coordinates":[139.473312,35.771152]},"properties":{"id":"F015:62_1","feed_id":"F015","feed_slug":"higashimurayama-green-bus","municipality":"東村山市","service_name":"グリーンバス","license":"CC BY 4.0","source_stop_id":"62_1","stop_code":null,"stop_name":"消防第二分団","stop_desc":null,"zone_id":"62_1","location_type":0,"parent_station":null,"wheelchair_boarding":null}},{"type":"Feature","id":"F015:63_1","geometry":{"type":"Point","coordinates":[139.474148,35.76757]},"properties":{"id":"F015:63_1","feed_id":"F015","feed_slug":"higashimurayama-green-bus","municipality":"東村山市","service_name":"グリーンバス","license":"CC BY 4.0","source_stop_id":"63_1","stop_code":null,"stop_name":"江戸道","stop_desc":null,"zone_id":"63_1","location_type":0,"parent_station":null,"wheelchair_boarding":null}},{"type":"Feature","id":"F015:64_1","geometry":{"type":"Point","coordinates":[139.475732,35.766214]},"properties":{"id":"F015:64_1","feed_id":"F015","feed_slug":"higashimurayama-green-bus","municipality":"東村山市","service_name":"グリーンバス","license":"CC BY 4.0","source_stop_id":"64_1","stop_code":null,"stop_name":"野際通り北","stop_desc":null,"zone_id":"64_1","location_type":0,"parent_station":null,"wheelchair_boarding":null}},{"type":"Feature","id":"F015:65_1","geometry":{"type":"Point","coordinates":[139.477296,35.763003]},"properties":{"id":"F015:65_1","feed_id":"F015","feed_slug":"higashimurayama-green-bus","municipality":"東村山市","service_name":"グリーンバス","license":"CC BY 4.0","source_stop_id":"65_1","stop_code":null,"stop_name":"野際神社","stop_desc":null,"zone_id":"65_1","location_type":0,"parent_station":null,"wheelchair_boarding":null}},{"type":"Feature","id":"F015:66_1","geometry":{"type":"Point","coordinates":[139.47739,35.760798]},"properties":{"id":"F015:66_1","feed_id":"F015","feed_slug":"higashimurayama-green-bus","municipality":"東村山市","service_name":"グリーンバス","license":"CC BY 4.0","source_stop_id":"66_1","stop_code":null,"stop_name":"野際通り西","stop_desc":null,"zone_id":"66_1","location_type":0,"parent_station":null,"wheelchair_boarding":null}},{"type":"Feature","id":"F015:67_1","geometry":{"type":"Point","coordinates":[139.471813,35.760765]},"properties":{"id":"F015:67_1","feed_id":"F015","feed_slug":"higashimurayama-green-bus","municipality":"東村山市","service_name":"グリーンバス","license":"CC BY 4.0","source_stop_id":"67_1","stop_code":null,"stop_name":"天王森保育園","stop_desc":null,"zone_id":"67_1","location_type":0,"parent_station":null,"wheelchair_boarding":null}},{"type":"Feature","id":"F008:80001_1","geometry":{"type":"Point","coordinates":[139.650747,35.792545]},"properties":{"id":"F008:80001_1","feed_id":"F008","feed_slug":"itabashi-rinringo","municipality":"板橋区","service_name":"りんりんGO","license":"CC BY 4.0","source_stop_id":"80001_1","stop_code":null,"stop_name":"板橋市場","stop_desc":null,"zone_id":"80001_1","location_type":0,"parent_station":null,"wheelchair_boarding":null}},{"type":"Feature","id":"F008:80002_1","geometry":{"type":"Point","coordinates":[139.653193,35.790817]},"properties":{"id":"F008:80002_1","feed_id":"F008","feed_slug":"itabashi-rinringo","municipality":"板橋区","service_name":"りんりんGO","license":"CC BY 4.0","source_stop_id":"80002_1","stop_code":null,"stop_name":"新高島平駅","stop_desc":null,"zone_id":"80002_1","location_type":0,"parent_station":null,"wheelchair_boarding":null}},{"type":"Feature","id":"F008:80002_2","geometry":{"type":"Point","coordinates":[139.652426,35.790265]},"properties":{"id":"F008:80002_2","feed_id":"F008","feed_slug":"itabashi-rinringo","municipality":"板橋区","service_name":"りんりんGO","license":"CC BY 4.0","source_stop_id":"80002_2","stop_code":null,"stop_name":"新高島平駅","stop_desc":null,"zone_id":"80002_2","location_type":0,"parent_station":null,"wheelchair_boarding":null}},{"type":"Feature","id":"F008:80003_1","geometry":{"type":"Point","coordinates":[139.651932,35.786549]},"properties":{"id":"F008:80003_1","feed_id":"F008","feed_slug":"itabashi-rinringo","municipality":"板橋区","service_name":"りんりんGO","license":"CC BY 4.0","source_stop_id":"80003_1","stop_code":null,"stop_name":"高島平三丁目","stop_desc":null,"zone_id":"80003_1","location_type":0,"parent_station":null,"wheelchair_boarding":null}},{"type":"Feature","id":"F008:80003_2","geometry":{"type":"Point","coordinates":[139.651782,35.786614]},"properties":{"id":"F008:80003_2","feed_id":"F008","feed_slug":"itabashi-rinringo","municipality":"板橋区","service_name":"りんりんGO","license":"CC BY 4.0","source_stop_id":"80003_2","stop_code":null,"stop_name":"高島平三丁目","stop_desc":null,"zone_id":"80003_2","location_type":0,"parent_station":null,"wheelchair_boarding":null}},{"type":"Feature","id":"F008:80004_1","geometry":{"type":"Point","coordinates":[139.649025,35.783946]},"properties":{"id":"F008:80004_1","feed_id":"F008","feed_slug":"itabashi-rinringo","municipality":"板橋区","service_name":"りんりんGO","license":"CC BY 4.0","source_stop_id":"80004_1","stop_code":null,"stop_name":"大門竹の子公園","stop_desc":null,"zone_id":"80004_1","location_type":0,"parent_station":null,"wheelchair_boarding":null}},{"type":"Feature","id":"F008:80004_2","geometry":{"type":"Point","coordinates":[139.647957,35.784055]},"properties":{"id":"F008:80004_2","feed_id":"F008","feed_slug":"itabashi-rinringo","municipality":"板橋区","service_name":"りんりんGO","license":"CC BY 4.0","source_stop_id":"80004_2","stop_code":null,"stop_name":"大門竹の子公園","stop_desc":null,"zone_id":"80004_2","location_type":0,"parent_station":null,"wheelchair_boarding":null}},{"type":"Feature","id":"F008:80005_1","geometry":{"type":"Point","coordinates":[139.645275,35.782449]},"properties":{"id":"F008:80005_1","feed_id":"F008","feed_slug":"itabashi-rinringo","municipality":"板橋区","service_name":"りんりんGO","license":"CC BY 4.0","source_stop_id":"80005_1","stop_code":null,"stop_name":"区立美術館入口","stop_desc":null,"zone_id":"80005_1","location_type":0,"parent_station":null,"wheelchair_boarding":null}},{"type":"Feature","id":"F008:80005_2","geometry":{"type":"Point","coordinates":[139.644899,35.783011]},"properties":{"id":"F008:80005_2","feed_id":"F008","feed_slug":"itabashi-rinringo","municipality":"板橋区","service_name":"りんりんGO","license":"CC BY 4.0","source_stop_id":"80005_2","stop_code":null,"stop_name":"区立美術館入口","stop_desc":null,"zone_id":"80005_2","location_type":0,"parent_station":null,"wheelchair_boarding":null}},{"type":"Feature","id":"F008:80006_1","geometry":{"type":"Point","coordinates":[139.647276,35.778263]},"properties":{"id":"F008:80006_1","feed_id":"F008","feed_slug":"itabashi-rinringo","municipality":"板橋区","service_name":"りんりんGO","license":"CC BY 4.0","source_stop_id":"80006_1","stop_code":null,"stop_name":"赤塚庁舎入口","stop_desc":null,"zone_id":"80006_1","location_type":0,"parent_station":null,"wheelchair_boarding":null}},{"type":"Feature","id":"F008:80006_2","geometry":{"type":"Point","coordinates":[139.647185,35.778432]},"properties":{"id":"F008:80006_2","feed_id":"F008","feed_slug":"itabashi-rinringo","municipality":"板橋区","service_name":"りんりんGO","license":"CC BY 4.0","source_stop_id":"80006_2","stop_code":null,"stop_name":"赤塚庁舎入口","stop_desc":null,"zone_id":"80006_2","location_type":0,"parent_station":null,"wheelchair_boarding":null}},{"type":"Feature","id":"F008:80007_1","geometry":{"type":"Point","coordinates":[139.647008,35.775516]},"properties":{"id":"F008:80007_1","feed_id":"F008","feed_slug":"itabashi-rinringo","municipality":"板橋区","service_name":"りんりんGO","license":"CC BY 4.0","source_stop_id":"80007_1","stop_code":null,"stop_name":"赤塚六丁目","stop_desc":null,"zone_id":"80007_1","location_type":0,"parent_station":null,"wheelchair_boarding":null}},{"type":"Feature","id":"F008:80007_2","geometry":{"type":"Point","coordinates":[139.646863,35.775312]},"properties":{"id":"F008:80007_2","feed_id":"F008","feed_slug":"itabashi-rinringo","municipality":"板橋区","service_name":"りんりんGO","license":"CC BY 4.0","source_stop_id":"80007_2","stop_code":null,"stop_name":"赤塚六丁目","stop_desc":null,"zone_id":"80007_2","location_type":0,"parent_station":null,"wheelchair_boarding":null}},{"type":"Feature","id":"F008:80008_1","geometry":{"type":"Point","coordinates":[139.646482,35.772922]},"properties":{"id":"F008:80008_1","feed_id":"F008","feed_slug":"itabashi-rinringo","municipality":"板橋区","service_name":"りんりんGO","license":"CC BY 4.0","source_stop_id":"80008_1","stop_code":null,"stop_name":"赤塚健康福祉センター入口","stop_desc":null,"zone_id":"80008_1","location_type":0,"parent_station":null,"wheelchair_boarding":null}},{"type":"Feature","id":"F008:80008_2","geometry":{"type":"Point","coordinates":[139.646557,35.773884]},"properties":{"id":"F008:80008_2","feed_id":"F008","feed_slug":"itabashi-rinringo","municipality":"板橋区","service_name":"りんりんGO","license":"CC BY 4.0","source_stop_id":"80008_2","stop_code":null,"stop_name":"赤塚健康福祉センター入口","stop_desc":null,"zone_id":"80008_2","location_type":0,"parent_station":null,"wheelchair_boarding":null}},{"type":"Feature","id":"F008:80009_1","geometry":{"type":"Point","coordinates":[139.646021,35.770672]},"properties":{"id":"F008:80009_1","feed_id":"F008","feed_slug":"itabashi-rinringo","municipality":"板橋区","service_name":"りんりんGO","license":"CC BY 4.0","source_stop_id":"80009_1","stop_code":null,"stop_name":"下赤塚駅","stop_desc":null,"zone_id":"80009_1","location_type":0,"parent_station":null,"wheelchair_boarding":null}},{"type":"Feature","id":"F008:80009_2","geometry":{"type":"Point","coordinates":[139.646203,35.770529]},"properties":{"id":"F008:80009_2","feed_id":"F008","feed_slug":"itabashi-rinringo","municipality":"板橋区","service_name":"りんりんGO","license":"CC BY 4.0","source_stop_id":"80009_2","stop_code":null,"stop_name":"下赤塚駅","stop_desc":null,"zone_id":"80009_2","location_type":0,"parent_station":null,"wheelchair_boarding":null}},{"type":"Feature","id":"F008:80010_1","geometry":{"type":"Point","coordinates":[139.649245,35.770254]},"properties":{"id":"F008:80010_1","feed_id":"F008","feed_slug":"itabashi-rinringo","municipality":"板橋区","service_name":"りんりんGO","license":"CC BY 4.0","source_stop_id":"80010_1","stop_code":null,"stop_name":"赤塚一丁目","stop_desc":null,"zone_id":"80010_1","location_type":0,"parent_station":null,"wheelchair_boarding":null}},{"type":"Feature","id":"F008:80010_2","geometry":{"type":"Point","coordinates":[139.649207,35.770176]},"properties":{"id":"F008:80010_2","feed_id":"F008","feed_slug":"itabashi-rinringo","municipality":"板橋区","service_name":"りんりんGO","license":"CC BY 4.0","source_stop_id":"80010_2","stop_code":null,"stop_name":"赤塚一丁目","stop_desc":null,"zone_id":"80010_2","location_type":0,"parent_station":null,"wheelchair_boarding":null}},{"type":"Feature","id":"F008:80011_1","geometry":{"type":"Point","coordinates":[139.652672,35.770189]},"properties":{"id":"F008:80011_1","feed_id":"F008","feed_slug":"itabashi-rinringo","municipality":"板橋区","service_name":"りんりんGO","license":"CC BY 4.0","source_stop_id":"80011_1","stop_code":null,"stop_name":"赤塚第一中学校","stop_desc":null,"zone_id":"80011_1","location_type":0,"parent_station":null,"wheelchair_boarding":null}},{"type":"Feature","id":"F008:80011_2","geometry":{"type":"Point","coordinates":[139.652597,35.770115]},"properties":{"id":"F008:80011_2","feed_id":"F008","feed_slug":"itabashi-rinringo","municipality":"板橋区","service_name":"りんりんGO","license":"CC BY 4.0","source_stop_id":"80011_2","stop_code":null,"stop_name":"赤塚第一中学校","stop_desc":null,"zone_id":"80011_2","location_type":0,"parent_station":null,"wheelchair_boarding":null}},{"type":"Feature","id":"F008:80012_1","geometry":{"type":"Point","coordinates":[139.654861,35.771421]},"properties":{"id":"F008:80012_1","feed_id":"F008","feed_slug":"itabashi-rinringo","municipality":"板橋区","service_name":"りんりんGO","license":"CC BY 4.0","source_stop_id":"80012_1","stop_code":null,"stop_name":"徳丸本町公園入口","stop_desc":null,"zone_id":"80012_1","location_type":0,"parent_station":null,"wheelchair_boarding":null}},{"type":"Feature","id":"F008:80012_2","geometry":{"type":"Point","coordinates":[139.65499,35.771517]},"properties":{"id":"F008:80012_2","feed_id":"F008","feed_slug":"itabashi-rinringo","municipality":"板橋区","service_name":"りんりんGO","license":"CC BY 4.0","source_stop_id":"80012_2","stop_code":null,"stop_name":"徳丸本町公園入口","stop_desc":null,"zone_id":"80012_2","location_type":0,"parent_station":null,"wheelchair_boarding":null}},{"type":"Feature","id":"F008:80013_1","geometry":{"type":"Point","coordinates":[139.655505,35.774376]},"properties":{"id":"F008:80013_1","feed_id":"F008","feed_slug":"itabashi-rinringo","municipality":"板橋区","service_name":"りんりんGO","license":"CC BY 4.0","source_stop_id":"80013_1","stop_code":null,"stop_name":"おいせ坂上","stop_desc":null,"zone_id":"80013_1","location_type":0,"parent_station":null,"wheelchair_boarding":null}},{"type":"Feature","id":"F008:80013_2","geometry":{"type":"Point","coordinates":[139.655601,35.77452]},"properties":{"id":"F008:80013_2","feed_id":"F008","feed_slug":"itabashi-rinringo","municipality":"板橋区","service_name":"りんりんGO","license":"CC BY 4.0","source_stop_id":"80013_2","stop_code":null,"stop_name":"おいせ坂上","stop_desc":null,"zone_id":"80013_2","location_type":0,"parent_station":null,"wheelchair_boarding":null}},{"type":"Feature","id":"F008:80014_1","geometry":{"type":"Point","coordinates":[139.654641,35.777192]},"properties":{"id":"F008:80014_1","feed_id":"F008","feed_slug":"itabashi-rinringo","municipality":"板橋区","service_name":"りんりんGO","license":"CC BY 4.0","source_stop_id":"80014_1","stop_code":null,"stop_name":"徳丸五丁目","stop_desc":null,"zone_id":"80014_1","location_type":0,"parent_station":null,"wheelchair_boarding":null}},{"type":"Feature","id":"F008:80014_2","geometry":{"type":"Point","coordinates":[139.654791,35.776839]},"properties":{"id":"F008:80014_2","feed_id":"F008","feed_slug":"itabashi-rinringo","municipality":"板橋区","service_name":"りんりんGO","license":"CC BY 4.0","source_stop_id":"80014_2","stop_code":null,"stop_name":"徳丸五丁目","stop_desc":null,"zone_id":"80014_2","location_type":0,"parent_station":null,"wheelchair_boarding":null}},{"type":"Feature","id":"F008:80015_1","geometry":{"type":"Point","coordinates":[139.654706,35.780143]},"properties":{"id":"F008:80015_1","feed_id":"F008","feed_slug":"itabashi-rinringo","municipality":"板橋区","service_name":"りんりんGO","license":"CC BY 4.0","source_stop_id":"80015_1","stop_code":null,"stop_name":"徳丸西","stop_desc":null,"zone_id":"80015_1","location_type":0,"parent_station":null,"wheelchair_boarding":null}},{"type":"Feature","id":"F008:80015_2","geometry":{"type":"Point","coordinates":[139.654706,35.780487]},"properties":{"id":"F008:80015_2","feed_id":"F008","feed_slug":"itabashi-rinringo","municipality":"板橋区","service_name":"りんりんGO","license":"CC BY 4.0","source_stop_id":"80015_2","stop_code":null,"stop_name":"徳丸西","stop_desc":null,"zone_id":"80015_2","location_type":0,"parent_station":null,"wheelchair_boarding":null}},{"type":"Feature","id":"F008:80016_1","geometry":{"type":"Point","coordinates":[139.652383,35.781422]},"properties":{"id":"F008:80016_1","feed_id":"F008","feed_slug":"itabashi-rinringo","municipality":"板橋区","service_name":"りんりんGO","license":"CC BY 4.0","source_stop_id":"80016_1","stop_code":null,"stop_name":"四葉二丁目","stop_desc":null,"zone_id":"80016_1","location_type":0,"parent_station":null,"wheelchair_boarding":null}},{"type":"Feature","id":"F008:80016_2","geometry":{"type":"Point","coordinates":[139.652474,35.781474]},"properties":{"id":"F008:80016_2","feed_id":"F008","feed_slug":"itabashi-rinringo","municipality":"板橋区","service_name":"りんりんGO","license":"CC BY 4.0","source_stop_id":"80016_2","stop_code":null,"stop_name":"四葉二丁目","stop_desc":null,"zone_id":"80016_2","location_type":0,"parent_station":null,"wheelchair_boarding":null}},{"type":"Feature","id":"F008:80017_1","geometry":{"type":"Point","coordinates":[139.653659,35.784099]},"properties":{"id":"F008:80017_1","feed_id":"F008","feed_slug":"itabashi-rinringo","municipality":"板橋区","service_name":"りんりんGO","license":"CC BY 4.0","source_stop_id":"80017_1","stop_code":null,"stop_name":"赤塚高速下","stop_desc":null,"zone_id":"80017_1","location_type":0,"parent_station":null,"wheelchair_boarding":null}},{"type":"Feature","id":"F008:80017_2","geometry":{"type":"Point","coordinates":[139.652597,35.78473]},"properties":{"id":"F008:80017_2","feed_id":"F008","feed_slug":"itabashi-rinringo","municipality":"板橋区","service_name":"りんりんGO","license":"CC BY 4.0","source_stop_id":"80017_2","stop_code":null,"stop_name":"赤塚高速下","stop_desc":null,"zone_id":"80017_2","location_type":0,"parent_station":null,"wheelchair_boarding":null}},{"type":"Feature","id":"F013:100191-01","geometry":{"type":"Point","coordinates":[139.5155,35.776]},"properties":{"id":"F013:100191-01","feed_id":"F013","feed_slug":"kiyose-kiyobus","municipality":"清瀬市","service_name":"きよバス","license":"CC BY 4.0","source_stop_id":"100191-01","stop_code":null,"stop_name":"元町二丁目","stop_desc":null,"zone_id":"100191-01","location_type":0,"parent_station":null,"wheelchair_boarding":null}},{"type":"Feature","id":"F013:100191-02","geometry":{"type":"Point","coordinates":[139.51596,35.7762]},"properties":{"id":"F013:100191-02","feed_id":"F013","feed_slug":"kiyose-kiyobus","municipality":"清瀬市","service_name":"きよバス","license":"CC BY 4.0","source_stop_id":"100191-02","stop_code":null,"stop_name":"元町二丁目","stop_desc":null,"zone_id":"100191-02","location_type":0,"parent_station":null,"wheelchair_boarding":null}},{"type":"Feature","id":"F013:100192-01","geometry":{"type":"Point","coordinates":[139.51356,35.77577]},"properties":{"id":"F013:100192-01","feed_id":"F013","feed_slug":"kiyose-kiyobus","municipality":"清瀬市","service_name":"きよバス","license":"CC BY 4.0","source_stop_id":"100192-01","stop_code":null,"stop_name":"芝山小学校東","stop_desc":null,"zone_id":"100192-01","location_type":0,"parent_station":null,"wheelchair_boarding":null}},{"type":"Feature","id":"F013:100192-02","geometry":{"type":"Point","coordinates":[139.51405,35.77595]},"properties":{"id":"F013:100192-02","feed_id":"F013","feed_slug":"kiyose-kiyobus","municipality":"清瀬市","service_name":"きよバス","license":"CC BY 4.0","source_stop_id":"100192-02","stop_code":null,"stop_name":"芝山小学校東","stop_desc":null,"zone_id":"100192-02","location_type":0,"parent_station":null,"wheelchair_boarding":null}},{"type":"Feature","id":"F013:100193-01","geometry":{"type":"Point","coordinates":[139.5102,35.77655]},"properties":{"id":"F013:100193-01","feed_id":"F013","feed_slug":"kiyose-kiyobus","municipality":"清瀬市","service_name":"きよバス","license":"CC BY 4.0","source_stop_id":"100193-01","stop_code":null,"stop_name":"中里一丁目","stop_desc":null,"zone_id":"100193-01","location_type":0,"parent_station":null,"wheelchair_boarding":null}},{"type":"Feature","id":"F013:100193-02","geometry":{"type":"Point","coordinates":[139.51018,35.77691]},"properties":{"id":"F013:100193-02","feed_id":"F013","feed_slug":"kiyose-kiyobus","municipality":"清瀬市","service_name":"きよバス","license":"CC BY 4.0","source_stop_id":"100193-02","stop_code":null,"stop_name":"中里一丁目","stop_desc":null,"zone_id":"100193-02","location_type":0,"parent_station":null,"wheelchair_boarding":null}},{"type":"Feature","id":"F013:100194-01","geometry":{"type":"Point","coordinates":[139.50951,35.77913]},"properties":{"id":"F013:100194-01","feed_id":"F013","feed_slug":"kiyose-kiyobus","municipality":"清瀬市","service_name":"きよバス","license":"CC BY 4.0","source_stop_id":"100194-01","stop_code":null,"stop_name":"第四中学校東","stop_desc":null,"zone_id":"100194-01","location_type":0,"parent_station":null,"wheelchair_boarding":null}},{"type":"Feature","id":"F013:100194-02","geometry":{"type":"Point","coordinates":[139.50966,35.77896]},"properties":{"id":"F013:100194-02","feed_id":"F013","feed_slug":"kiyose-kiyobus","municipality":"清瀬市","service_name":"きよバス","license":"CC BY 4.0","source_stop_id":"100194-02","stop_code":null,"stop_name":"第四中学校東","stop_desc":null,"zone_id":"100194-02","location_type":0,"parent_station":null,"wheelchair_boarding":null}},{"type":"Feature","id":"F013:100195-01","geometry":{"type":"Point","coordinates":[139.50854,35.78181]},"properties":{"id":"F013:100195-01","feed_id":"F013","feed_slug":"kiyose-kiyobus","municipality":"清瀬市","service_name":"きよバス","license":"CC BY 4.0","source_stop_id":"100195-01","stop_code":null,"stop_name":"第四小学校西","stop_desc":null,"zone_id":"100195-01","location_type":0,"parent_station":null,"wheelchair_boarding":null}},{"type":"Feature","id":"F013:100195-02","geometry":{"type":"Point","coordinates":[139.50816,35.78166]},"properties":{"id":"F013:100195-02","feed_id":"F013","feed_slug":"kiyose-kiyobus","municipality":"清瀬市","service_name":"きよバス","license":"CC BY 4.0","source_stop_id":"100195-02","stop_code":null,"stop_name":"第四小学校西","stop_desc":null,"zone_id":"100195-02","location_type":0,"parent_station":null,"wheelchair_boarding":null}},{"type":"Feature","id":"F013:100196-01","geometry":{"type":"Point","coordinates":[139.50564,35.78003]},"properties":{"id":"F013:100196-01","feed_id":"F013","feed_slug":"kiyose-kiyobus","municipality":"清瀬市","service_name":"きよバス","license":"CC BY 4.0","source_stop_id":"100196-01","stop_code":null,"stop_name":"明治薬科大学","stop_desc":null,"zone_id":"100196-01","location_type":0,"parent_station":null,"wheelchair_boarding":null}},{"type":"Feature","id":"F013:100196-02","geometry":{"type":"Point","coordinates":[139.50572,35.78043]},"properties":{"id":"F013:100196-02","feed_id":"F013","feed_slug":"kiyose-kiyobus","municipality":"清瀬市","service_name":"きよバス","license":"CC BY 4.0","source_stop_id":"100196-02","stop_code":null,"stop_name":"明治薬科大学","stop_desc":null,"zone_id":"100196-02","location_type":0,"parent_station":null,"wheelchair_boarding":null}},{"type":"Feature","id":"F013:100197-01","geometry":{"type":"Point","coordinates":[139.50127,35.78203]},"properties":{"id":"F013:100197-01","feed_id":"F013","feed_slug":"kiyose-kiyobus","municipality":"清瀬市","service_name":"きよバス","license":"CC BY 4.0","source_stop_id":"100197-01","stop_code":null,"stop_name":"野塩団地","stop_desc":null,"zone_id":"100197-01","location_type":0,"parent_station":null,"wheelchair_boarding":null}},{"type":"Feature","id":"F013:100198-01","geometry":{"type":"Point","coordinates":[139.49983,35.77828]},"properties":{"id":"F013:100198-01","feed_id":"F013","feed_slug":"kiyose-kiyobus","municipality":"清瀬市","service_name":"きよバス","license":"CC BY 4.0","source_stop_id":"100198-01","stop_code":null,"stop_name":"野塩市民センター南","stop_desc":null,"zone_id":"100198-01","location_type":0,"parent_station":null,"wheelchair_boarding":null}},{"type":"Feature","id":"F013:100198-02","geometry":{"type":"Point","coordinates":[139.49952,35.77822]},"properties":{"id":"F013:100198-02","feed_id":"F013","feed_slug":"kiyose-kiyobus","municipality":"清瀬市","service_name":"きよバス","license":"CC BY 4.0","source_stop_id":"100198-02","stop_code":null,"stop_name":"野塩市民センター南","stop_desc":null,"zone_id":"100198-02","location_type":0,"parent_station":null,"wheelchair_boarding":null}},{"type":"Feature","id":"F013:100199-01","geometry":{"type":"Point","coordinates":[139.50168,35.77816]},"properties":{"id":"F013:100199-01","feed_id":"F013","feed_slug":"kiyose-kiyobus","municipality":"清瀬市","service_name":"きよバス","license":"CC BY 4.0","source_stop_id":"100199-01","stop_code":null,"stop_name":"野塩郵便局東","stop_desc":null,"zone_id":"100199-01","location_type":0,"parent_station":null,"wheelchair_boarding":null}},{"type":"Feature","id":"F013:100199-02","geometry":{"type":"Point","coordinates":[139.50122,35.77812]},"properties":{"id":"F013:100199-02","feed_id":"F013","feed_slug":"kiyose-kiyobus","municipality":"清瀬市","service_name":"きよバス","license":"CC BY 4.0","source_stop_id":"100199-02","stop_code":null,"stop_name":"野塩郵便局東","stop_desc":null,"zone_id":"100199-02","location_type":0,"parent_station":null,"wheelchair_boarding":null}},{"type":"Feature","id":"F013:100200-01","geometry":{"type":"Point","coordinates":[139.50208,35.77563]},"properties":{"id":"F013:100200-01","feed_id":"F013","feed_slug":"kiyose-kiyobus","municipality":"清瀬市","service_name":"きよバス","license":"CC BY 4.0","source_stop_id":"100200-01","stop_code":null,"stop_name":"野塩四丁目","stop_desc":null,"zone_id":"100200-01","location_type":0,"parent_station":null,"wheelchair_boarding":null}},{"type":"Feature","id":"F013:100200-02","geometry":{"type":"Point","coordinates":[139.50195,35.77578]},"properties":{"id":"F013:100200-02","feed_id":"F013","feed_slug":"kiyose-kiyobus","municipality":"清瀬市","service_name":"きよバス","license":"CC BY 4.0","source_stop_id":"100200-02","stop_code":null,"stop_name":"野塩四丁目","stop_desc":null,"zone_id":"100200-02","location_type":0,"parent_station":null,"wheelchair_boarding":null}},{"type":"Feature","id":"F013:100201-01","geometry":{"type":"Point","coordinates":[139.50139,35.77445]},"properties":{"id":"F013:100201-01","feed_id":"F013","feed_slug":"kiyose-kiyobus","municipality":"清瀬市","service_name":"きよバス","license":"CC BY 4.0","source_stop_id":"100201-01","stop_code":null,"stop_name":"東星学園","stop_desc":null,"zone_id":"100201-01","location_type":0,"parent_station":null,"wheelchair_boarding":null}},{"type":"Feature","id":"F013:100201-02","geometry":{"type":"Point","coordinates":[139.50118,35.77454]},"properties":{"id":"F013:100201-02","feed_id":"F013","feed_slug":"kiyose-kiyobus","municipality":"清瀬市","service_name":"きよバス","license":"CC BY 4.0","source_stop_id":"100201-02","stop_code":null,"stop_name":"東星学園","stop_desc":null,"zone_id":"100201-02","location_type":0,"parent_station":null,"wheelchair_boarding":null}},{"type":"Feature","id":"F013:100202-01","geometry":{"type":"Point","coordinates":[139.50062,35.77171]},"properties":{"id":"F013:100202-01","feed_id":"F013","feed_slug":"kiyose-kiyobus","municipality":"清瀬市","service_name":"きよバス","license":"CC BY 4.0","source_stop_id":"100202-01","stop_code":null,"stop_name":"ベトレヘム","stop_desc":null,"zone_id":"100202-01","location_type":0,"parent_station":null,"wheelchair_boarding":null}},{"type":"Feature","id":"F013:100202-02","geometry":{"type":"Point","coordinates":[139.50047,35.772]},"properties":{"id":"F013:100202-02","feed_id":"F013","feed_slug":"kiyose-kiyobus","municipality":"清瀬市","service_name":"きよバス","license":"CC BY 4.0","source_stop_id":"100202-02","stop_code":null,"stop_name":"ベトレヘム","stop_desc":null,"zone_id":"100202-02","location_type":0,"parent_station":null,"wheelchair_boarding":null}},{"type":"Feature","id":"F013:100203-01","geometry":{"type":"Point","coordinates":[139.50125,35.77014]},"properties":{"id":"F013:100203-01","feed_id":"F013","feed_slug":"kiyose-kiyobus","municipality":"清瀬市","service_name":"きよバス","license":"CC BY 4.0","source_stop_id":"100203-01","stop_code":null,"stop_name":"梅園三丁目","stop_desc":null,"zone_id":"100203-01","location_type":0,"parent_station":null,"wheelchair_boarding":null}},{"type":"Feature","id":"F013:100203-02","geometry":{"type":"Point","coordinates":[139.50115,35.77021]},"properties":{"id":"F013:100203-02","feed_id":"F013","feed_slug":"kiyose-kiyobus","municipality":"清瀬市","service_name":"きよバス","license":"CC BY 4.0","source_stop_id":"100203-02","stop_code":null,"stop_name":"梅園三丁目","stop_desc":null,"zone_id":"100203-02","location_type":0,"parent_station":null,"wheelchair_boarding":null}},{"type":"Feature","id":"F013:100204-01","geometry":{"type":"Point","coordinates":[139.50233,35.76741]},"properties":{"id":"F013:100204-01","feed_id":"F013","feed_slug":"kiyose-kiyobus","municipality":"清瀬市","service_name":"きよバス","license":"CC BY 4.0","source_stop_id":"100204-01","stop_code":null,"stop_name":"上宮病院","stop_desc":null,"zone_id":"100204-01","location_type":0,"parent_station":null,"wheelchair_boarding":null}},{"type":"Feature","id":"F013:100204-02","geometry":{"type":"Point","coordinates":[139.50218,35.76764]},"properties":{"id":"F013:100204-02","feed_id":"F013","feed_slug":"kiyose-kiyobus","municipality":"清瀬市","service_name":"きよバス","license":"CC BY 4.0","source_stop_id":"100204-02","stop_code":null,"stop_name":"上宮病院","stop_desc":null,"zone_id":"100204-02","location_type":0,"parent_station":null,"wheelchair_boarding":null}},{"type":"Feature","id":"F013:100205-01","geometry":{"type":"Point","coordinates":[139.50459,35.76418]},"properties":{"id":"F013:100205-01","feed_id":"F013","feed_slug":"kiyose-kiyobus","municipality":"清瀬市","service_name":"きよバス","license":"CC BY 4.0","source_stop_id":"100205-01","stop_code":null,"stop_name":"喜望園・療護園","stop_desc":null,"zone_id":"100205-01","location_type":0,"parent_station":null,"wheelchair_boarding":null}},{"type":"Feature","id":"F013:100205-02","geometry":{"type":"Point","coordinates":[139.50434,35.764]},"properties":{"id":"F013:100205-02","feed_id":"F013","feed_slug":"kiyose-kiyobus","municipality":"清瀬市","service_name":"きよバス","license":"CC BY 4.0","source_stop_id":"100205-02","stop_code":null,"stop_name":"喜望園・療護園","stop_desc":null,"zone_id":"100205-02","location_type":0,"parent_station":null,"wheelchair_boarding":null}},{"type":"Feature","id":"F013:100206-01","geometry":{"type":"Point","coordinates":[139.51141,35.76733]},"properties":{"id":"F013:100206-01","feed_id":"F013","feed_slug":"kiyose-kiyobus","municipality":"清瀬市","service_name":"きよバス","license":"CC BY 4.0","source_stop_id":"100206-01","stop_code":null,"stop_name":"第七小学校西","stop_desc":null,"zone_id":"100206-01","location_type":0,"parent_station":null,"wheelchair_boarding":null}},{"type":"Feature","id":"F013:100206-02","geometry":{"type":"Point","coordinates":[139.51121,35.7674]},"properties":{"id":"F013:100206-02","feed_id":"F013","feed_slug":"kiyose-kiyobus","municipality":"清瀬市","service_name":"きよバス","license":"CC BY 4.0","source_stop_id":"100206-02","stop_code":null,"stop_name":"第七小学校西","stop_desc":null,"zone_id":"100206-02","location_type":0,"parent_station":null,"wheelchair_boarding":null}},{"type":"Feature","id":"F013:100207-01","geometry":{"type":"Point","coordinates":[139.5092,35.77003]},"properties":{"id":"F013:100207-01","feed_id":"F013","feed_slug":"kiyose-kiyobus","municipality":"清瀬市","service_name":"きよバス","license":"CC BY 4.0","source_stop_id":"100207-01","stop_code":null,"stop_name":"第三小学校北","stop_desc":null,"zone_id":"100207-01","location_type":0,"parent_station":null,"wheelchair_boarding":null}},{"type":"Feature","id":"F013:100207-02","geometry":{"type":"Point","coordinates":[139.5096,35.76988]},"properties":{"id":"F013:100207-02","feed_id":"F013","feed_slug":"kiyose-kiyobus","municipality":"清瀬市","service_name":"きよバス","license":"CC BY 4.0","source_stop_id":"100207-02","stop_code":null,"stop_name":"第三小学校北","stop_desc":null,"zone_id":"100207-02","location_type":0,"parent_station":null,"wheelchair_boarding":null}},{"type":"Feature","id":"F013:100208-01","geometry":{"type":"Point","coordinates":[139.51428,35.7713]},"properties":{"id":"F013:100208-01","feed_id":"F013","feed_slug":"kiyose-kiyobus","municipality":"清瀬市","service_name":"きよバス","license":"CC BY 4.0","source_stop_id":"100208-01","stop_code":null,"stop_name":"清瀬高校北","stop_desc":null,"zone_id":"100208-01","location_type":0,"parent_station":null,"wheelchair_boarding":null}},{"type":"Feature","id":"F013:100208-02","geometry":{"type":"Point","coordinates":[139.51424,35.77122]},"properties":{"id":"F013:100208-02","feed_id":"F013","feed_slug":"kiyose-kiyobus","municipality":"清瀬市","service_name":"きよバス","license":"CC BY 4.0","source_stop_id":"100208-02","stop_code":null,"stop_name":"清瀬高校北","stop_desc":null,"zone_id":"100208-02","location_type":0,"parent_station":null,"wheelchair_boarding":null}},{"type":"Feature","id":"F013:100209-01","geometry":{"type":"Point","coordinates":[139.49705,35.77879]},"properties":{"id":"F013:100209-01","feed_id":"F013","feed_slug":"kiyose-kiyobus","municipality":"清瀬市","service_name":"きよバス","license":"CC BY 4.0","source_stop_id":"100209-01","stop_code":null,"stop_name":"秋津駅北口","stop_desc":null,"zone_id":"100209-01","location_type":0,"parent_station":null,"wheelchair_boarding":null}},{"type":"Feature","id":"F013:100210-01","geometry":{"type":"Point","coordinates":[139.50303,35.77443]},"properties":{"id":"F013:100210-01","feed_id":"F013","feed_slug":"kiyose-kiyobus","municipality":"清瀬市","service_name":"きよバス","license":"CC BY 4.0","source_stop_id":"100210-01","stop_code":null,"stop_name":"信愛病院","stop_desc":null,"zone_id":"100210-01","location_type":0,"parent_station":null,"wheelchair_boarding":null}},{"type":"Feature","id":"F013:100210-02","geometry":{"type":"Point","coordinates":[139.50312,35.77433]},"properties":{"id":"F013:100210-02","feed_id":"F013","feed_slug":"kiyose-kiyobus","municipality":"清瀬市","service_name":"きよバス","license":"CC BY 4.0","source_stop_id":"100210-02","stop_code":null,"stop_name":"信愛病院","stop_desc":null,"zone_id":"100210-02","location_type":0,"parent_station":null,"wheelchair_boarding":null}},{"type":"Feature","id":"F013:100211-01","geometry":{"type":"Point","coordinates":[139.50574,35.7742]},"properties":{"id":"F013:100211-01","feed_id":"F013","feed_slug":"kiyose-kiyobus","municipality":"清瀬市","service_name":"きよバス","license":"CC BY 4.0","source_stop_id":"100211-01","stop_code":null,"stop_name":"第二中学校北","stop_desc":null,"zone_id":"100211-01","location_type":0,"parent_station":null,"wheelchair_boarding":null}},{"type":"Feature","id":"F013:100211-02","geometry":{"type":"Point","coordinates":[139.50512,35.77411]},"properties":{"id":"F013:100211-02","feed_id":"F013","feed_slug":"kiyose-kiyobus","municipality":"清瀬市","service_name":"きよバス","license":"CC BY 4.0","source_stop_id":"100211-02","stop_code":null,"stop_name":"第二中学校北","stop_desc":null,"zone_id":"100211-02","location_type":0,"parent_station":null,"wheelchair_boarding":null}},{"type":"Feature","id":"F013:100212-01","geometry":{"type":"Point","coordinates":[139.51081,35.77422]},"properties":{"id":"F013:100212-01","feed_id":"F013","feed_slug":"kiyose-kiyobus","municipality":"清瀬市","service_name":"きよバス","license":"CC BY 4.0","source_stop_id":"100212-01","stop_code":null,"stop_name":"中央公園","stop_desc":null,"zone_id":"100212-01","location_type":0,"parent_station":null,"wheelchair_boarding":null}},{"type":"Feature","id":"F013:100212-02","geometry":{"type":"Point","coordinates":[139.51107,35.77387]},"properties":{"id":"F013:100212-02","feed_id":"F013","feed_slug":"kiyose-kiyobus","municipality":"清瀬市","service_name":"きよバス","license":"CC BY 4.0","source_stop_id":"100212-02","stop_code":null,"stop_name":"中央公園","stop_desc":null,"zone_id":"100212-02","location_type":0,"parent_station":null,"wheelchair_boarding":null}},{"type":"Feature","id":"F013:100213-01","geometry":{"type":"Point","coordinates":[139.51939,35.77452]},"properties":{"id":"F013:100213-01","feed_id":"F013","feed_slug":"kiyose-kiyobus","municipality":"清瀬市","service_name":"きよバス","license":"CC BY 4.0","source_stop_id":"100213-01","stop_code":null,"stop_name":"けやきホール","stop_desc":null,"zone_id":"100213-01","location_type":0,"parent_station":null,"wheelchair_boarding":null}},{"type":"Feature","id":"F013:105150-01","geometry":{"type":"Point","coordinates":[139.52046,35.77223]},"properties":{"id":"F013:105150-01","feed_id":"F013","feed_slug":"kiyose-kiyobus","municipality":"清瀬市","service_name":"きよバス","license":"CC BY 4.0","source_stop_id":"105150-01","stop_code":null,"stop_name":"清瀬駅北口","stop_desc":null,"zone_id":"105150-01","location_type":0,"parent_station":null,"wheelchair_boarding":null}},{"type":"Feature","id":"F013:105150-15","geometry":{"type":"Point","coordinates":[139.52046,35.77223]},"properties":{"id":"F013:105150-15","feed_id":"F013","feed_slug":"kiyose-kiyobus","municipality":"清瀬市","service_name":"きよバス","license":"CC BY 4.0","source_stop_id":"105150-15","stop_code":null,"stop_name":"清瀬駅北口","stop_desc":null,"zone_id":"105150-15","location_type":0,"parent_station":null,"wheelchair_boarding":null}},{"type":"Feature","id":"F013:105151-01","geometry":{"type":"Point","coordinates":[139.51808,35.77599]},"properties":{"id":"F013:105151-01","feed_id":"F013","feed_slug":"kiyose-kiyobus","municipality":"清瀬市","service_name":"きよバス","license":"CC BY 4.0","source_stop_id":"105151-01","stop_code":null,"stop_name":"清瀬郵便局","stop_desc":null,"zone_id":"105151-01","location_type":0,"parent_station":null,"wheelchair_boarding":null}},{"type":"Feature","id":"F013:105151-02","geometry":{"type":"Point","coordinates":[139.5182,35.776]},"properties":{"id":"F013:105151-02","feed_id":"F013","feed_slug":"kiyose-kiyobus","municipality":"清瀬市","service_name":"きよバス","license":"CC BY 4.0","source_stop_id":"105151-02","stop_code":null,"stop_name":"清瀬郵便局","stop_desc":null,"zone_id":"105151-02","location_type":0,"parent_station":null,"wheelchair_boarding":null}},{"type":"Feature","id":"F013:105152-01","geometry":{"type":"Point","coordinates":[139.51848,35.77233]},"properties":{"id":"F013:105152-01","feed_id":"F013","feed_slug":"kiyose-kiyobus","municipality":"清瀬市","service_name":"きよバス","license":"CC BY 4.0","source_stop_id":"105152-01","stop_code":null,"stop_name":"松山二丁目","stop_desc":null,"zone_id":"105152-01","location_type":0,"parent_station":null,"wheelchair_boarding":null}},{"type":"Feature","id":"F013:105152-02","geometry":{"type":"Point","coordinates":[139.51764,35.77258]},"properties":{"id":"F013:105152-02","feed_id":"F013","feed_slug":"kiyose-kiyobus","municipality":"清瀬市","service_name":"きよバス","license":"CC BY 4.0","source_stop_id":"105152-02","stop_code":null,"stop_name":"松山二丁目","stop_desc":null,"zone_id":"105152-02","location_type":0,"parent_station":null,"wheelchair_boarding":null}},{"type":"Feature","id":"F013:105153-01","geometry":{"type":"Point","coordinates":[139.50759,35.76626]},"properties":{"id":"F013:105153-01","feed_id":"F013","feed_slug":"kiyose-kiyobus","municipality":"清瀬市","service_name":"きよバス","license":"CC BY 4.0","source_stop_id":"105153-01","stop_code":null,"stop_name":"社会事業大学","stop_desc":null,"zone_id":"105153-01","location_type":0,"parent_station":null,"wheelchair_boarding":null}},{"type":"Feature","id":"F013:105153-02","geometry":{"type":"Point","coordinates":[139.50746,35.76595]},"properties":{"id":"F013:105153-02","feed_id":"F013","feed_slug":"kiyose-kiyobus","municipality":"清瀬市","service_name":"きよバス","license":"CC BY 4.0","source_stop_id":"105153-02","stop_code":null,"stop_name":"社会事業大学","stop_desc":null,"zone_id":"105153-02","location_type":0,"parent_station":null,"wheelchair_boarding":null}},{"type":"Feature","id":"F013:105154-01","geometry":{"type":"Point","coordinates":[139.50873,35.77102]},"properties":{"id":"F013:105154-01","feed_id":"F013","feed_slug":"kiyose-kiyobus","municipality":"清瀬市","service_name":"きよバス","license":"CC BY 4.0","source_stop_id":"105154-01","stop_code":null,"stop_name":"梅園","stop_desc":null,"zone_id":"105154-01","location_type":0,"parent_station":null,"wheelchair_boarding":null}},{"type":"Feature","id":"F013:105154-02","geometry":{"type":"Point","coordinates":[139.50943,35.77112]},"properties":{"id":"F013:105154-02","feed_id":"F013","feed_slug":"kiyose-kiyobus","municipality":"清瀬市","service_name":"きよバス","license":"CC BY 4.0","source_stop_id":"105154-02","stop_code":null,"stop_name":"梅園","stop_desc":null,"zone_id":"105154-02","location_type":0,"parent_station":null,"wheelchair_boarding":null}},{"type":"Feature","id":"F013:105155-01","geometry":{"type":"Point","coordinates":[139.5115,35.77223]},"properties":{"id":"F013:105155-01","feed_id":"F013","feed_slug":"kiyose-kiyobus","municipality":"清瀬市","service_name":"きよバス","license":"CC BY 4.0","source_stop_id":"105155-01","stop_code":null,"stop_name":"複十字病院","stop_desc":null,"zone_id":"105155-01","location_type":0,"parent_station":null,"wheelchair_boarding":null}},{"type":"Feature","id":"F013:105155-02","geometry":{"type":"Point","coordinates":[139.51179,35.77229]},"properties":{"id":"F013:105155-02","feed_id":"F013","feed_slug":"kiyose-kiyobus","municipality":"清瀬市","service_name":"きよバス","license":"CC BY 4.0","source_stop_id":"105155-02","stop_code":null,"stop_name":"複十字病院","stop_desc":null,"zone_id":"105155-02","location_type":0,"parent_station":null,"wheelchair_boarding":null}},{"type":"Feature","id":"F013:105156-01","geometry":{"type":"Point","coordinates":[139.51988,35.77157]},"properties":{"id":"F013:105156-01","feed_id":"F013","feed_slug":"kiyose-kiyobus","municipality":"清瀬市","service_name":"きよバス","license":"CC BY 4.0","source_stop_id":"105156-01","stop_code":null,"stop_name":"清瀬駅南口","stop_desc":null,"zone_id":"105156-01","location_type":0,"parent_station":null,"wheelchair_boarding":null}},{"type":"Feature","id":"F013:105156-15","geometry":{"type":"Point","coordinates":[139.51988,35.77157]},"properties":{"id":"F013:105156-15","feed_id":"F013","feed_slug":"kiyose-kiyobus","municipality":"清瀬市","service_name":"きよバス","license":"CC BY 4.0","source_stop_id":"105156-15","stop_code":null,"stop_name":"清瀬駅南口","stop_desc":null,"zone_id":"105156-15","location_type":0,"parent_station":null,"wheelchair_boarding":null}},{"type":"Feature","id":"F001:1_01","geometry":{"type":"Point","coordinates":[139.6994481,35.6649178]},"properties":{"id":"F001:1_01","feed_id":"F001","feed_slug":"shibuya-hachiko-bus","municipality":"渋谷区","service_name":"ハチ公バス","license":"CC BY 4.0","source_stop_id":"1_01","stop_code":null,"stop_name":"渋谷区役所","stop_desc":null,"zone_id":"1_01","location_type":0,"parent_station":null,"wheelchair_boarding":null}},{"type":"Feature","id":"F001:1_02","geometry":{"type":"Point","coordinates":[139.6992193,35.6647487]},"properties":{"id":"F001:1_02","feed_id":"F001","feed_slug":"shibuya-hachiko-bus","municipality":"渋谷区","service_name":"ハチ公バス","license":"CC BY 4.0","source_stop_id":"1_02","stop_code":null,"stop_name":"渋谷区役所","stop_desc":null,"zone_id":"1_02","location_type":0,"parent_station":null,"wheelchair_boarding":null}},{"type":"Feature","id":"F001:1_03","geometry":{"type":"Point","coordinates":[139.6991212,35.6647111]},"properties":{"id":"F001:1_03","feed_id":"F001","feed_slug":"shibuya-hachiko-bus","municipality":"渋谷区","service_name":"ハチ公バス","license":"CC BY 4.0","source_stop_id":"1_03","stop_code":null,"stop_name":"渋谷区役所","stop_desc":null,"zone_id":"1_03","location_type":0,"parent_station":null,"wheelchair_boarding":null}},{"type":"Feature","id":"F001:10_01","geometry":{"type":"Point","coordinates":[139.6977363,35.6554852]},"properties":{"id":"F001:10_01","feed_id":"F001","feed_slug":"shibuya-hachiko-bus","municipality":"渋谷区","service_name":"ハチ公バス","license":"CC BY 4.0","source_stop_id":"10_01","stop_code":null,"stop_name":"ＪＴ前","stop_desc":null,"zone_id":"10_01","location_type":0,"parent_station":null,"wheelchair_boarding":null}},{"type":"Feature","id":"F001:100_01","geometry":{"type":"Point","coordinates":[139.7102958,35.6779671]},"properties":{"id":"F001:100_01","feed_id":"F001","feed_slug":"shibuya-hachiko-bus","municipality":"渋谷区","service_name":"ハチ公バス","license":"CC BY 4.0","source_stop_id":"100_01","stop_code":null,"stop_name":"千駄ヶ谷社会教育館","stop_desc":null,"zone_id":"100_01","location_type":0,"parent_station":null,"wheelchair_boarding":null}},{"type":"Feature","id":"F001:100_02","geometry":{"type":"Point","coordinates":[139.7098532,35.6780394]},"properties":{"id":"F001:100_02","feed_id":"F001","feed_slug":"shibuya-hachiko-bus","municipality":"渋谷区","service_name":"ハチ公バス","license":"CC BY 4.0","source_stop_id":"100_02","stop_code":null,"stop_name":"千駄ヶ谷社会教育館","stop_desc":null,"zone_id":"100_02","location_type":0,"parent_station":null,"wheelchair_boarding":null}},{"type":"Feature","id":"F001:101_01","geometry":{"type":"Point","coordinates":[139.7109386,35.6808103]},"properties":{"id":"F001:101_01","feed_id":"F001","feed_slug":"shibuya-hachiko-bus","municipality":"渋谷区","service_name":"ハチ公バス","license":"CC BY 4.0","source_stop_id":"101_01","stop_code":null,"stop_name":"千駄ヶ谷駅（東京体育館）","stop_desc":null,"zone_id":"101_01","location_type":0,"parent_station":null,"wheelchair_boarding":null}},{"type":"Feature","id":"F001:101_02","geometry":{"type":"Point","coordinates":[139.7113568,35.6802504]},"properties":{"id":"F001:101_02","feed_id":"F001","feed_slug":"shibuya-hachiko-bus","municipality":"渋谷区","service_name":"ハチ公バス","license":"CC BY 4.0","source_stop_id":"101_02","stop_code":null,"stop_name":"千駄ヶ谷駅（東京体育館）","stop_desc":null,"zone_id":"101_02","location_type":0,"parent_station":null,"wheelchair_boarding":null}},{"type":"Feature","id":"F001:102_01","geometry":{"type":"Point","coordinates":[139.7081801,35.6811651]},"properties":{"id":"F001:102_01","feed_id":"F001","feed_slug":"shibuya-hachiko-bus","municipality":"渋谷区","service_name":"ハチ公バス","license":"CC BY 4.0","source_stop_id":"102_01","stop_code":null,"stop_name":"国立能楽堂","stop_desc":null,"zone_id":"102_01","location_type":0,"parent_station":null,"wheelchair_boarding":null}},{"type":"Feature","id":"F001:102_02","geometry":{"type":"Point","coordinates":[139.70742,35.6812417]},"properties":{"id":"F001:102_02","feed_id":"F001","feed_slug":"shibuya-hachiko-bus","municipality":"渋谷区","service_name":"ハチ公バス","license":"CC BY 4.0","source_stop_id":"102_02","stop_code":null,"stop_name":"国立能楽堂","stop_desc":null,"zone_id":"102_02","location_type":0,"parent_station":null,"wheelchair_boarding":null}},{"type":"Feature","id":"F001:103_01","geometry":{"type":"Point","coordinates":[139.7056919,35.6807995]},"properties":{"id":"F001:103_01","feed_id":"F001","feed_slug":"shibuya-hachiko-bus","municipality":"渋谷区","service_name":"ハチ公バス","license":"CC BY 4.0","source_stop_id":"103_01","stop_code":null,"stop_name":"北参道交差点","stop_desc":null,"zone_id":"103_01","location_type":0,"parent_station":null,"wheelchair_boarding":null}},{"type":"Feature","id":"F001:103_02","geometry":{"type":"Point","coordinates":[139.7053052,35.6807123]},"properties":{"id":"F001:103_02","feed_id":"F001","feed_slug":"shibuya-hachiko-bus","municipality":"渋谷区","service_name":"ハチ公バス","license":"CC BY 4.0","source_stop_id":"103_02","stop_code":null,"stop_name":"北参道交差点","stop_desc":null,"zone_id":"103_02","location_type":0,"parent_station":null,"wheelchair_boarding":null}},{"type":"Feature","id":"F001:104_01","geometry":{"type":"Point","coordinates":[139.7016748,35.680303]},"properties":{"id":"F001:104_01","feed_id":"F001","feed_slug":"shibuya-hachiko-bus","municipality":"渋谷区","service_name":"ハチ公バス","license":"CC BY 4.0","source_stop_id":"104_01","stop_code":null,"stop_name":"北参道入口","stop_desc":null,"zone_id":"104_01","location_type":0,"parent_station":null,"wheelchair_boarding":null}},{"type":"Feature","id":"F001:105_01","geometry":{"type":"Point","coordinates":[139.693676,35.6801111]},"properties":{"id":"F001:105_01","feed_id":"F001","feed_slug":"shibuya-hachiko-bus","municipality":"渋谷区","service_name":"ハチ公バス","license":"CC BY 4.0","source_stop_id":"105_01","stop_code":null,"stop_name":"参宮橋（駒テラス西参道）","stop_desc":null,"zone_id":"105_01","location_type":0,"parent_station":null,"wheelchair_boarding":null}},{"type":"Feature","id":"F001:106_01","geometry":{"type":"Point","coordinates":[139.6949819,35.6820396]},"properties":{"id":"F001:106_01","feed_id":"F001","feed_slug":"shibuya-hachiko-bus","municipality":"渋谷区","service_name":"ハチ公バス","license":"CC BY 4.0","source_stop_id":"106_01","stop_code":null,"stop_name":"代々木区民会館","stop_desc":null,"zone_id":"106_01","location_type":0,"parent_station":null,"wheelchair_boarding":null}},{"type":"Feature","id":"F001:107_01","geometry":{"type":"Point","coordinates":[139.6992205,35.6821969]},"properties":{"id":"F001:107_01","feed_id":"F001","feed_slug":"shibuya-hachiko-bus","municipality":"渋谷区","service_name":"ハチ公バス","license":"CC BY 4.0","source_stop_id":"107_01","stop_code":null,"stop_name":"代々木一丁目","stop_desc":null,"zone_id":"107_01","location_type":0,"parent_station":null,"wheelchair_boarding":null}},{"type":"Feature","id":"F001:108_01","geometry":{"type":"Point","coordinates":[139.7019902,35.6821971]},"properties":{"id":"F001:108_01","feed_id":"F001","feed_slug":"shibuya-hachiko-bus","municipality":"渋谷区","service_name":"ハチ公バス","license":"CC BY 4.0","source_stop_id":"108_01","stop_code":null,"stop_name":"代々木駅","stop_desc":null,"zone_id":"108_01","location_type":0,"parent_station":null,"wheelchair_boarding":null}},{"type":"Feature","id":"F001:109_01","geometry":{"type":"Point","coordinates":[139.7103524,35.6764785]},"properties":{"id":"F001:109_01","feed_id":"F001","feed_slug":"shibuya-hachiko-bus","municipality":"渋谷区","service_name":"ハチ公バス","license":"CC BY 4.0","source_stop_id":"109_01","stop_code":null,"stop_name":"千駄ヶ谷二丁目","stop_desc":null,"zone_id":"109_01","location_type":0,"parent_station":null,"wheelchair_boarding":null}},{"type":"Feature","id":"F001:11_01","geometry":{"type":"Point","coordinates":[139.7064657,35.6606348]},"properties":{"id":"F001:11_01","feed_id":"F001","feed_slug":"shibuya-hachiko-bus","municipality":"渋谷区","service_name":"ハチ公バス","license":"CC BY 4.0","source_stop_id":"11_01","stop_code":null,"stop_name":"渋谷２丁目","stop_desc":null,"zone_id":"11_01","location_type":0,"parent_station":null,"wheelchair_boarding":null}},{"type":"Feature","id":"F001:110_01","geometry":{"type":"Point","coordinates":[139.7009116,35.6627234]},"properties":{"id":"F001:110_01","feed_id":"F001","feed_slug":"shibuya-hachiko-bus","municipality":"渋谷区","service_name":"ハチ公バス","license":"CC BY 4.0","source_stop_id":"110_01","stop_code":null,"stop_name":"宮下公園","stop_desc":null,"zone_id":"110_01","location_type":0,"parent_station":null,"wheelchair_boarding":null}},{"type":"Feature","id":"F001:12_01","geometry":{"type":"Point","coordinates":[139.7089925,35.6597183]},"properties":{"id":"F001:12_01","feed_id":"F001","feed_slug":"shibuya-hachiko-bus","municipality":"渋谷区","service_name":"ハチ公バス","license":"CC BY 4.0","source_stop_id":"12_01","stop_code":null,"stop_name":"青山学院西門","stop_desc":null,"zone_id":"12_01","location_type":0,"parent_station":null,"wheelchair_boarding":null}},{"type":"Feature","id":"F001:13_01","geometry":{"type":"Point","coordinates":[139.7132283,35.6582309]},"properties":{"id":"F001:13_01","feed_id":"F001","feed_slug":"shibuya-hachiko-bus","municipality":"渋谷区","service_name":"ハチ公バス","license":"CC BY 4.0","source_stop_id":"13_01","stop_code":null,"stop_name":"渋谷４丁目","stop_desc":null,"zone_id":"13_01","location_type":0,"parent_station":null,"wheelchair_boarding":null}},{"type":"Feature","id":"F001:14_01","geometry":{"type":"Point","coordinates":[139.7124478,35.6565082]},"properties":{"id":"F001:14_01","feed_id":"F001","feed_slug":"shibuya-hachiko-bus","municipality":"渋谷区","service_name":"ハチ公バス","license":"CC BY 4.0","source_stop_id":"14_01","stop_code":null,"stop_name":"郷土博物館・文学館","stop_desc":null,"zone_id":"14_01","location_type":0,"parent_station":null,"wheelchair_boarding":null}},{"type":"Feature","id":"F001:15_01","geometry":{"type":"Point","coordinates":[139.7103639,35.6554576]},"properties":{"id":"F001:15_01","feed_id":"F001","feed_slug":"shibuya-hachiko-bus","municipality":"渋谷区","service_name":"ハチ公バス","license":"CC BY 4.0","source_stop_id":"15_01","stop_code":null,"stop_name":"区立常磐松小学校前","stop_desc":null,"zone_id":"15_01","location_type":0,"parent_station":null,"wheelchair_boarding":null}},{"type":"Feature","id":"F001:16_01","geometry":{"type":"Point","coordinates":[139.7082257,35.6539368]},"properties":{"id":"F001:16_01","feed_id":"F001","feed_slug":"shibuya-hachiko-bus","municipality":"渋谷区","service_name":"ハチ公バス","license":"CC BY 4.0","source_stop_id":"16_01","stop_code":null,"stop_name":"渋谷車庫前","stop_desc":null,"zone_id":"16_01","location_type":0,"parent_station":null,"wheelchair_boarding":null}},{"type":"Feature","id":"F001:17_01","geometry":{"type":"Point","coordinates":[139.7090958,35.6519244]},"properties":{"id":"F001:17_01","feed_id":"F001","feed_slug":"shibuya-hachiko-bus","municipality":"渋谷区","service_name":"ハチ公バス","license":"CC BY 4.0","source_stop_id":"17_01","stop_code":null,"stop_name":"東２丁目","stop_desc":null,"zone_id":"17_01","location_type":0,"parent_station":null,"wheelchair_boarding":null}},{"type":"Feature","id":"F001:18_01","geometry":{"type":"Point","coordinates":[139.7078231,35.649478]},"properties":{"id":"F001:18_01","feed_id":"F001","feed_slug":"shibuya-hachiko-bus","municipality":"渋谷区","service_name":"ハチ公バス","license":"CC BY 4.0","source_stop_id":"18_01","stop_code":null,"stop_name":"恵比寿区民施設","stop_desc":null,"zone_id":"18_01","location_type":0,"parent_station":null,"wheelchair_boarding":null}},{"type":"Feature","id":"F001:18_02","geometry":{"type":"Point","coordinates":[139.7074295,35.6500585]},"properties":{"id":"F001:18_02","feed_id":"F001","feed_slug":"shibuya-hachiko-bus","municipality":"渋谷区","service_name":"ハチ公バス","license":"CC BY 4.0","source_stop_id":"18_02","stop_code":null,"stop_name":"恵比寿区民施設","stop_desc":null,"zone_id":"18_02","location_type":0,"parent_station":null,"wheelchair_boarding":null}},{"type":"Feature","id":"F001:19_01","geometry":{"type":"Point","coordinates":[139.7111988,35.6472718]},"properties":{"id":"F001:19_01","feed_id":"F001","feed_slug":"shibuya-hachiko-bus","municipality":"渋谷区","service_name":"ハチ公バス","license":"CC BY 4.0","source_stop_id":"19_01","stop_code":null,"stop_name":"恵比寿駅東口","stop_desc":null,"zone_id":"19_01","location_type":0,"parent_station":null,"wheelchair_boarding":null}},{"type":"Feature","id":"F001:2_01","geometry":{"type":"Point","coordinates":[139.7004791,35.6585271]},"properties":{"id":"F001:2_01","feed_id":"F001","feed_slug":"shibuya-hachiko-bus","municipality":"渋谷区","service_name":"ハチ公バス","license":"CC BY 4.0","source_stop_id":"2_01","stop_code":null,"stop_name":"渋谷駅ハチ公口","stop_desc":null,"zone_id":"2_01","location_type":0,"parent_station":null,"wheelchair_boarding":null}},{"type":"Feature","id":"F001:20_01","geometry":{"type":"Point","coordinates":[139.71318,35.64711]},"properties":{"id":"F001:20_01","feed_id":"F001","feed_slug":"shibuya-hachiko-bus","municipality":"渋谷区","service_name":"ハチ公バス","license":"CC BY 4.0","source_stop_id":"20_01","stop_code":null,"stop_name":"恵比寿１丁目","stop_desc":null,"zone_id":"20_01","location_type":0,"parent_station":null,"wheelchair_boarding":null}},{"type":"Feature","id":"F001:21_01","geometry":{"type":"Point","coordinates":[139.7164524,35.6478092]},"properties":{"id":"F001:21_01","feed_id":"F001","feed_slug":"shibuya-hachiko-bus","municipality":"渋谷区","service_name":"ハチ公バス","license":"CC BY 4.0","source_stop_id":"21_01","stop_code":null,"stop_name":"新橋区民施設","stop_desc":null,"zone_id":"21_01","location_type":0,"parent_station":null,"wheelchair_boarding":null}},{"type":"Feature","id":"F001:22_01","geometry":{"type":"Point","coordinates":[139.7192643,35.646789]},"properties":{"id":"F001:22_01","feed_id":"F001","feed_slug":"shibuya-hachiko-bus","municipality":"渋谷区","service_name":"ハチ公バス","license":"CC BY 4.0","source_stop_id":"22_01","stop_code":null,"stop_name":"豊沢児童遊園地","stop_desc":null,"zone_id":"22_01","location_type":0,"parent_station":null,"wheelchair_boarding":null}},{"type":"Feature","id":"F001:23_01","geometry":{"type":"Point","coordinates":[139.7182267,35.6489217]},"properties":{"id":"F001:23_01","feed_id":"F001","feed_slug":"shibuya-hachiko-bus","municipality":"渋谷区","service_name":"ハチ公バス","license":"CC BY 4.0","source_stop_id":"23_01","stop_code":null,"stop_name":"広尾１丁目","stop_desc":null,"zone_id":"23_01","location_type":0,"parent_station":null,"wheelchair_boarding":null}},{"type":"Feature","id":"F001:24_01","geometry":{"type":"Point","coordinates":[139.7204967,35.6477976]},"properties":{"id":"F001:24_01","feed_id":"F001","feed_slug":"shibuya-hachiko-bus","municipality":"渋谷区","service_name":"ハチ公バス","license":"CC BY 4.0","source_stop_id":"24_01","stop_code":null,"stop_name":"新豊沢橋","stop_desc":null,"zone_id":"24_01","location_type":0,"parent_station":null,"wheelchair_boarding":null}},{"type":"Feature","id":"F001:25_01","geometry":{"type":"Point","coordinates":[139.7193642,35.6454697]},"properties":{"id":"F001:25_01","feed_id":"F001","feed_slug":"shibuya-hachiko-bus","municipality":"渋谷区","service_name":"ハチ公バス","license":"CC BY 4.0","source_stop_id":"25_01","stop_code":null,"stop_name":"恵比寿社会教育館","stop_desc":null,"zone_id":"25_01","location_type":0,"parent_station":null,"wheelchair_boarding":null}},{"type":"Feature","id":"F001:26_01","geometry":{"type":"Point","coordinates":[139.716734,35.6455112]},"properties":{"id":"F001:26_01","feed_id":"F001","feed_slug":"shibuya-hachiko-bus","municipality":"渋谷区","service_name":"ハチ公バス","license":"CC BY 4.0","source_stop_id":"26_01","stop_code":null,"stop_name":"恵比寿４丁目","stop_desc":null,"zone_id":"26_01","location_type":0,"parent_station":null,"wheelchair_boarding":null}},{"type":"Feature","id":"F001:27_01","geometry":{"type":"Point","coordinates":[139.7145597,35.6437047]},"properties":{"id":"F001:27_01","feed_id":"F001","feed_slug":"shibuya-hachiko-bus","municipality":"渋谷区","service_name":"ハチ公バス","license":"CC BY 4.0","source_stop_id":"27_01","stop_code":null,"stop_name":"加計塚小学校","stop_desc":null,"zone_id":"27_01","location_type":0,"parent_station":null,"wheelchair_boarding":null}},{"type":"Feature","id":"F001:28_01","geometry":{"type":"Point","coordinates":[139.7129276,35.6433346]},"properties":{"id":"F001:28_01","feed_id":"F001","feed_slug":"shibuya-hachiko-bus","municipality":"渋谷区","service_name":"ハチ公バス","license":"CC BY 4.0","source_stop_id":"28_01","stop_code":null,"stop_name":"恵比寿ガーデンプレイス","stop_desc":null,"zone_id":"28_01","location_type":0,"parent_station":null,"wheelchair_boarding":null}},{"type":"Feature","id":"F001:29_01","geometry":{"type":"Point","coordinates":[139.7101495,35.6435462]},"properties":{"id":"F001:29_01","feed_id":"F001","feed_slug":"shibuya-hachiko-bus","municipality":"渋谷区","service_name":"ハチ公バス","license":"CC BY 4.0","source_stop_id":"29_01","stop_code":null,"stop_name":"恵比寿南１丁目","stop_desc":null,"zone_id":"29_01","location_type":0,"parent_station":null,"wheelchair_boarding":null}},{"type":"Feature","id":"F001:3_01","geometry":{"type":"Point","coordinates":[139.7037139,35.658305]},"properties":{"id":"F001:3_01","feed_id":"F001","feed_slug":"shibuya-hachiko-bus","municipality":"渋谷区","service_name":"ハチ公バス","license":"CC BY 4.0","source_stop_id":"3_01","stop_code":null,"stop_name":"渋谷駅東口","stop_desc":null,"zone_id":"3_01","location_type":0,"parent_station":null,"wheelchair_boarding":null}},{"type":"Feature","id":"F001:30_01","geometry":{"type":"Point","coordinates":[139.7080249,35.6454891]},"properties":{"id":"F001:30_01","feed_id":"F001","feed_slug":"shibuya-hachiko-bus","municipality":"渋谷区","service_name":"ハチ公バス","license":"CC BY 4.0","source_stop_id":"30_01","stop_code":null,"stop_name":"恵比寿駅入口","stop_desc":null,"zone_id":"30_01","location_type":0,"parent_station":null,"wheelchair_boarding":null}},{"type":"Feature","id":"F001:31_01","geometry":{"type":"Point","coordinates":[139.7071635,35.6471454]},"properties":{"id":"F001:31_01","feed_id":"F001","feed_slug":"shibuya-hachiko-bus","municipality":"渋谷区","service_name":"ハチ公バス","license":"CC BY 4.0","source_stop_id":"31_01","stop_code":null,"stop_name":"恵比寿公園","stop_desc":null,"zone_id":"31_01","location_type":0,"parent_station":null,"wheelchair_boarding":null}},{"type":"Feature","id":"F001:32_01","geometry":{"type":"Point","coordinates":[139.7065037,35.6517746]},"properties":{"id":"F001:32_01","feed_id":"F001","feed_slug":"shibuya-hachiko-bus","municipality":"渋谷区","service_name":"ハチ公バス","license":"CC BY 4.0","source_stop_id":"32_01","stop_code":null,"stop_name":"恵比寿西２丁目","stop_desc":null,"zone_id":"32_01","location_type":0,"parent_station":null,"wheelchair_boarding":null}},{"type":"Feature","id":"F001:33_01","geometry":{"type":"Point","coordinates":[139.7051958,35.6506704]},"properties":{"id":"F001:33_01","feed_id":"F001","feed_slug":"shibuya-hachiko-bus","municipality":"渋谷区","service_name":"ハチ公バス","license":"CC BY 4.0","source_stop_id":"33_01","stop_code":null,"stop_name":"代官山保育園・ログロード代官山","stop_desc":null,"zone_id":"33_01","location_type":0,"parent_station":null,"wheelchair_boarding":null}},{"type":"Feature","id":"F001:34_01","geometry":{"type":"Point","coordinates":[139.7038723,35.6486576]},"properties":{"id":"F001:34_01","feed_id":"F001","feed_slug":"shibuya-hachiko-bus","municipality":"渋谷区","service_name":"ハチ公バス","license":"CC BY 4.0","source_stop_id":"34_01","stop_code":null,"stop_name":"代官山駅","stop_desc":null,"zone_id":"34_01","location_type":0,"parent_station":null,"wheelchair_boarding":null}},{"type":"Feature","id":"F001:35_01","geometry":{"type":"Point","coordinates":[139.7001341,35.6498316]},"properties":{"id":"F001:35_01","feed_id":"F001","feed_slug":"shibuya-hachiko-bus","municipality":"渋谷区","service_name":"ハチ公バス","license":"CC BY 4.0","source_stop_id":"35_01","stop_code":null,"stop_name":"猿楽トレーニングジム入口・代官山Ｔサイト","stop_desc":null,"zone_id":"35_01","location_type":0,"parent_station":null,"wheelchair_boarding":null}},{"type":"Feature","id":"F001:36_01","geometry":{"type":"Point","coordinates":[139.6992196,35.6508544]},"properties":{"id":"F001:36_01","feed_id":"F001","feed_slug":"shibuya-hachiko-bus","municipality":"渋谷区","service_name":"ハチ公バス","license":"CC BY 4.0","source_stop_id":"36_01","stop_code":null,"stop_name":"都立一商","stop_desc":null,"zone_id":"36_01","location_type":0,"parent_station":null,"wheelchair_boarding":null}},{"type":"Feature","id":"F001:37_01","geometry":{"type":"Point","coordinates":[139.6981844,35.6526116]},"properties":{"id":"F001:37_01","feed_id":"F001","feed_slug":"shibuya-hachiko-bus","municipality":"渋谷区","service_name":"ハチ公バス","license":"CC BY 4.0","source_stop_id":"37_01","stop_code":null,"stop_name":"鉢山町交番","stop_desc":null,"zone_id":"37_01","location_type":0,"parent_station":null,"wheelchair_boarding":null}},{"type":"Feature","id":"F001:38_01","geometry":{"type":"Point","coordinates":[139.7007282,35.661847]},"properties":{"id":"F001:38_01","feed_id":"F001","feed_slug":"shibuya-hachiko-bus","municipality":"渋谷区","service_name":"ハチ公バス","license":"CC BY 4.0","source_stop_id":"38_01","stop_code":null,"stop_name":"神南郵便局","stop_desc":null,"zone_id":"38_01","location_type":0,"parent_station":null,"wheelchair_boarding":null}},{"type":"Feature","id":"F001:39_01","geometry":{"type":"Point","coordinates":[139.7012295,35.6637201]},"properties":{"id":"F001:39_01","feed_id":"F001","feed_slug":"shibuya-hachiko-bus","municipality":"渋谷区","service_name":"ハチ公バス","license":"CC BY 4.0","source_stop_id":"39_01","stop_code":null,"stop_name":"消防署入口","stop_desc":null,"zone_id":"39_01","location_type":0,"parent_station":null,"wheelchair_boarding":null}},{"type":"Feature","id":"F001:4_01","geometry":{"type":"Point","coordinates":[139.70063873,35.660011]},"properties":{"id":"F001:4_01","feed_id":"F001","feed_slug":"shibuya-hachiko-bus","municipality":"渋谷区","service_name":"ハチ公バス","license":"CC BY 4.0","source_stop_id":"4_01","stop_code":null,"stop_name":"渋谷駅西口","stop_desc":null,"zone_id":"4_01","location_type":0,"parent_station":null,"wheelchair_boarding":null}},{"type":"Feature","id":"F001:40_01","geometry":{"type":"Point","coordinates":[139.7018256,35.6681818]},"properties":{"id":"F001:40_01","feed_id":"F001","feed_slug":"shibuya-hachiko-bus","municipality":"渋谷区","service_name":"ハチ公バス","license":"CC BY 4.0","source_stop_id":"40_01","stop_code":null,"stop_name":"原宿駅入口","stop_desc":null,"zone_id":"40_01","location_type":0,"parent_station":null,"wheelchair_boarding":null}},{"type":"Feature","id":"F001:40_02","geometry":{"type":"Point","coordinates":[139.7020266,35.6684539]},"properties":{"id":"F001:40_02","feed_id":"F001","feed_slug":"shibuya-hachiko-bus","municipality":"渋谷区","service_name":"ハチ公バス","license":"CC BY 4.0","source_stop_id":"40_02","stop_code":null,"stop_name":"原宿駅入口","stop_desc":null,"zone_id":"40_02","location_type":0,"parent_station":null,"wheelchair_boarding":null}},{"type":"Feature","id":"F001:41_01","geometry":{"type":"Point","coordinates":[139.6979425,35.6682614]},"properties":{"id":"F001:41_01","feed_id":"F001","feed_slug":"shibuya-hachiko-bus","municipality":"渋谷区","service_name":"ハチ公バス","license":"CC BY 4.0","source_stop_id":"41_01","stop_code":null,"stop_name":"代々木公園","stop_desc":null,"zone_id":"41_01","location_type":0,"parent_station":null,"wheelchair_boarding":null}},{"type":"Feature","id":"F001:41_02","geometry":{"type":"Point","coordinates":[139.6971426,35.668458]},"properties":{"id":"F001:41_02","feed_id":"F001","feed_slug":"shibuya-hachiko-bus","municipality":"渋谷区","service_name":"ハチ公バス","license":"CC BY 4.0","source_stop_id":"41_02","stop_code":null,"stop_name":"代々木公園","stop_desc":null,"zone_id":"41_02","location_type":0,"parent_station":null,"wheelchair_boarding":null}},{"type":"Feature","id":"F001:42_01","geometry":{"type":"Point","coordinates":[139.6913225,35.6676033]},"properties":{"id":"F001:42_01","feed_id":"F001","feed_slug":"shibuya-hachiko-bus","municipality":"渋谷区","service_name":"ハチ公バス","license":"CC BY 4.0","source_stop_id":"42_01","stop_code":null,"stop_name":"富ヶ谷","stop_desc":null,"zone_id":"42_01","location_type":0,"parent_station":null,"wheelchair_boarding":null}},{"type":"Feature","id":"F001:42_02","geometry":{"type":"Point","coordinates":[139.6895341,35.6677777]},"properties":{"id":"F001:42_02","feed_id":"F001","feed_slug":"shibuya-hachiko-bus","municipality":"渋谷区","service_name":"ハチ公バス","license":"CC BY 4.0","source_stop_id":"42_02","stop_code":null,"stop_name":"富ヶ谷","stop_desc":null,"zone_id":"42_02","location_type":0,"parent_station":null,"wheelchair_boarding":null}},{"type":"Feature","id":"F001:43_01","geometry":{"type":"Point","coordinates":[139.68767,35.67007]},"properties":{"id":"F001:43_01","feed_id":"F001","feed_slug":"shibuya-hachiko-bus","municipality":"渋谷区","service_name":"ハチ公バス","license":"CC BY 4.0","source_stop_id":"43_01","stop_code":null,"stop_name":"代々木八幡駅入口","stop_desc":null,"zone_id":"43_01","location_type":0,"parent_station":null,"wheelchair_boarding":null}},{"type":"Feature","id":"F001:43_02","geometry":{"type":"Point","coordinates":[139.6880071,35.6694884]},"properties":{"id":"F001:43_02","feed_id":"F001","feed_slug":"shibuya-hachiko-bus","municipality":"渋谷区","service_name":"ハチ公バス","license":"CC BY 4.0","source_stop_id":"43_02","stop_code":null,"stop_name":"代々木八幡駅入口","stop_desc":null,"zone_id":"43_02","location_type":0,"parent_station":null,"wheelchair_boarding":null}},{"type":"Feature","id":"F001:44_01","geometry":{"type":"Point","coordinates":[139.68753,35.67239]},"properties":{"id":"F001:44_01","feed_id":"F001","feed_slug":"shibuya-hachiko-bus","municipality":"渋谷区","service_name":"ハチ公バス","license":"CC BY 4.0","source_stop_id":"44_01","stop_code":null,"stop_name":"八幡下","stop_desc":null,"zone_id":"44_01","location_type":0,"parent_station":null,"wheelchair_boarding":null}},{"type":"Feature","id":"F001:44_02","geometry":{"type":"Point","coordinates":[139.6878628,35.6721638]},"properties":{"id":"F001:44_02","feed_id":"F001","feed_slug":"shibuya-hachiko-bus","municipality":"渋谷区","service_name":"ハチ公バス","license":"CC BY 4.0","source_stop_id":"44_02","stop_code":null,"stop_name":"八幡下","stop_desc":null,"zone_id":"44_02","location_type":0,"parent_station":null,"wheelchair_boarding":null}},{"type":"Feature","id":"F001:45_01","geometry":{"type":"Point","coordinates":[139.6847404,35.6748055]},"properties":{"id":"F001:45_01","feed_id":"F001","feed_slug":"shibuya-hachiko-bus","municipality":"渋谷区","service_name":"ハチ公バス","license":"CC BY 4.0","source_stop_id":"45_01","stop_code":null,"stop_name":"代々木中学入口","stop_desc":null,"zone_id":"45_01","location_type":0,"parent_station":null,"wheelchair_boarding":null}},{"type":"Feature","id":"F001:45_02","geometry":{"type":"Point","coordinates":[139.6861977,35.6742426]},"properties":{"id":"F001:45_02","feed_id":"F001","feed_slug":"shibuya-hachiko-bus","municipality":"渋谷区","service_name":"ハチ公バス","license":"CC BY 4.0","source_stop_id":"45_02","stop_code":null,"stop_name":"代々木中学入口","stop_desc":null,"zone_id":"45_02","location_type":0,"parent_station":null,"wheelchair_boarding":null}},{"type":"Feature","id":"F001:46_01","geometry":{"type":"Point","coordinates":[139.6818675,35.6756312]},"properties":{"id":"F001:46_01","feed_id":"F001","feed_slug":"shibuya-hachiko-bus","municipality":"渋谷区","service_name":"ハチ公バス","license":"CC BY 4.0","source_stop_id":"46_01","stop_code":null,"stop_name":"ケアコミュニティ・せせらぎ","stop_desc":null,"zone_id":"46_01","location_type":0,"parent_station":null,"wheelchair_boarding":null}},{"type":"Feature","id":"F001:47_01","geometry":{"type":"Point","coordinates":[139.682826,35.6767358]},"properties":{"id":"F001:47_01","feed_id":"F001","feed_slug":"shibuya-hachiko-bus","municipality":"渋谷区","service_name":"ハチ公バス","license":"CC BY 4.0","source_stop_id":"47_01","stop_code":null,"stop_name":"代々木郵便局","stop_desc":null,"zone_id":"47_01","location_type":0,"parent_station":null,"wheelchair_boarding":null}},{"type":"Feature","id":"F001:47_02","geometry":{"type":"Point","coordinates":[139.6832303,35.6763672]},"properties":{"id":"F001:47_02","feed_id":"F001","feed_slug":"shibuya-hachiko-bus","municipality":"渋谷区","service_name":"ハチ公バス","license":"CC BY 4.0","source_stop_id":"47_02","stop_code":null,"stop_name":"代々木郵便局","stop_desc":null,"zone_id":"47_02","location_type":0,"parent_station":null,"wheelchair_boarding":null}},{"type":"Feature","id":"F001:48_01","geometry":{"type":"Point","coordinates":[139.6815063,35.6790094]},"properties":{"id":"F001:48_01","feed_id":"F001","feed_slug":"shibuya-hachiko-bus","municipality":"渋谷区","service_name":"ハチ公バス","license":"CC BY 4.0","source_stop_id":"48_01","stop_code":null,"stop_name":"幡代","stop_desc":null,"zone_id":"48_01","location_type":0,"parent_station":null,"wheelchair_boarding":null}},{"type":"Feature","id":"F001:48_02","geometry":{"type":"Point","coordinates":[139.6825478,35.6791208]},"properties":{"id":"F001:48_02","feed_id":"F001","feed_slug":"shibuya-hachiko-bus","municipality":"渋谷区","service_name":"ハチ公バス","license":"CC BY 4.0","source_stop_id":"48_02","stop_code":null,"stop_name":"幡代","stop_desc":null,"zone_id":"48_02","location_type":0,"parent_station":null,"wheelchair_boarding":null}},{"type":"Feature","id":"F001:49_01","geometry":{"type":"Point","coordinates":[139.6857628,35.6810372]},"properties":{"id":"F001:49_01","feed_id":"F001","feed_slug":"shibuya-hachiko-bus","municipality":"渋谷区","service_name":"ハチ公バス","license":"CC BY 4.0","source_stop_id":"49_01","stop_code":null,"stop_name":"新国立劇場","stop_desc":null,"zone_id":"49_01","location_type":0,"parent_station":null,"wheelchair_boarding":null}},{"type":"Feature","id":"F001:49_02","geometry":{"type":"Point","coordinates":[139.6872864,35.6816284]},"properties":{"id":"F001:49_02","feed_id":"F001","feed_slug":"shibuya-hachiko-bus","municipality":"渋谷区","service_name":"ハチ公バス","license":"CC BY 4.0","source_stop_id":"49_02","stop_code":null,"stop_name":"新国立劇場","stop_desc":null,"zone_id":"49_02","location_type":0,"parent_station":null,"wheelchair_boarding":null}},{"type":"Feature","id":"F001:5_01","geometry":{"type":"Point","coordinates":[139.700679,35.666404]},"properties":{"id":"F001:5_01","feed_id":"F001","feed_slug":"shibuya-hachiko-bus","municipality":"渋谷区","service_name":"ハチ公バス","license":"CC BY 4.0","source_stop_id":"5_01","stop_code":null,"stop_name":"国立代々木競技場","stop_desc":null,"zone_id":"5_01","location_type":0,"parent_station":null,"wheelchair_boarding":null}},{"type":"Feature","id":"F001:5_02","geometry":{"type":"Point","coordinates":[139.7005628,35.6662133]},"properties":{"id":"F001:5_02","feed_id":"F001","feed_slug":"shibuya-hachiko-bus","municipality":"渋谷区","service_name":"ハチ公バス","license":"CC BY 4.0","source_stop_id":"5_02","stop_code":null,"stop_name":"国立代々木競技場","stop_desc":null,"zone_id":"5_02","location_type":0,"parent_station":null,"wheelchair_boarding":null}},{"type":"Feature","id":"F001:50_01","geometry":{"type":"Point","coordinates":[139.6850061,35.6822701]},"properties":{"id":"F001:50_01","feed_id":"F001","feed_slug":"shibuya-hachiko-bus","municipality":"渋谷区","service_name":"ハチ公バス","license":"CC BY 4.0","source_stop_id":"50_01","stop_code":null,"stop_name":"オペラ通り","stop_desc":null,"zone_id":"50_01","location_type":0,"parent_station":null,"wheelchair_boarding":null}},{"type":"Feature","id":"F001:51_01","geometry":{"type":"Point","coordinates":[139.6843984,35.6834113]},"properties":{"id":"F001:51_01","feed_id":"F001","feed_slug":"shibuya-hachiko-bus","municipality":"渋谷区","service_name":"ハチ公バス","license":"CC BY 4.0","source_stop_id":"51_01","stop_code":null,"stop_name":"幡ヶ谷不動尊","stop_desc":null,"zone_id":"51_01","location_type":0,"parent_station":null,"wheelchair_boarding":null}},{"type":"Feature","id":"F001:52_01","geometry":{"type":"Point","coordinates":[139.6857775,35.684864]},"properties":{"id":"F001:52_01","feed_id":"F001","feed_slug":"shibuya-hachiko-bus","municipality":"渋谷区","service_name":"ハチ公バス","license":"CC BY 4.0","source_stop_id":"52_01","stop_code":null,"stop_name":"西新宿四丁目","stop_desc":null,"zone_id":"52_01","location_type":0,"parent_station":null,"wheelchair_boarding":null}},{"type":"Feature","id":"F001:53_01","geometry":{"type":"Point","coordinates":[139.6841436,35.6868608]},"properties":{"id":"F001:53_01","feed_id":"F001","feed_slug":"shibuya-hachiko-bus","municipality":"渋谷区","service_name":"ハチ公バス","license":"CC BY 4.0","source_stop_id":"53_01","stop_code":null,"stop_name":"関東国際高校","stop_desc":null,"zone_id":"53_01","location_type":0,"parent_station":null,"wheelchair_boarding":null}},{"type":"Feature","id":"F001:54_01","geometry":{"type":"Point","coordinates":[139.681511,35.6876746]},"properties":{"id":"F001:54_01","feed_id":"F001","feed_slug":"shibuya-hachiko-bus","municipality":"渋谷区","service_name":"ハチ公バス","license":"CC BY 4.0","source_stop_id":"54_01","stop_code":null,"stop_name":"つばめの里・本町東","stop_desc":null,"zone_id":"54_01","location_type":0,"parent_station":null,"wheelchair_boarding":null}},{"type":"Feature","id":"F001:55_01","geometry":{"type":"Point","coordinates":[139.6805758,35.6869162]},"properties":{"id":"F001:55_01","feed_id":"F001","feed_slug":"shibuya-hachiko-bus","municipality":"渋谷区","service_name":"ハチ公バス","license":"CC BY 4.0","source_stop_id":"55_01","stop_code":null,"stop_name":"本町区民施設","stop_desc":null,"zone_id":"55_01","location_type":0,"parent_station":null,"wheelchair_boarding":null}},{"type":"Feature","id":"F001:56_01","geometry":{"type":"Point","coordinates":[139.6788277,35.6855995]},"properties":{"id":"F001:56_01","feed_id":"F001","feed_slug":"shibuya-hachiko-bus","municipality":"渋谷区","service_name":"ハチ公バス","license":"CC BY 4.0","source_stop_id":"56_01","stop_code":null,"stop_name":"本町四丁目","stop_desc":null,"zone_id":"56_01","location_type":0,"parent_station":null,"wheelchair_boarding":null}},{"type":"Feature","id":"F001:57_01","geometry":{"type":"Point","coordinates":[139.6770389,35.6853311]},"properties":{"id":"F001:57_01","feed_id":"F001","feed_slug":"shibuya-hachiko-bus","municipality":"渋谷区","service_name":"ハチ公バス","license":"CC BY 4.0","source_stop_id":"57_01","stop_code":null,"stop_name":"本町五丁目","stop_desc":null,"zone_id":"57_01","location_type":0,"parent_station":null,"wheelchair_boarding":null}},{"type":"Feature","id":"F001:58_01","geometry":{"type":"Point","coordinates":[139.6749201,35.6837767]},"properties":{"id":"F001:58_01","feed_id":"F001","feed_slug":"shibuya-hachiko-bus","municipality":"渋谷区","service_name":"ハチ公バス","license":"CC BY 4.0","source_stop_id":"58_01","stop_code":null,"stop_name":"本町幼稚園","stop_desc":null,"zone_id":"58_01","location_type":0,"parent_station":null,"wheelchair_boarding":null}},{"type":"Feature","id":"F001:59_01","geometry":{"type":"Point","coordinates":[139.6748507,35.6821244]},"properties":{"id":"F001:59_01","feed_id":"F001","feed_slug":"shibuya-hachiko-bus","municipality":"渋谷区","service_name":"ハチ公バス","license":"CC BY 4.0","source_stop_id":"59_01","stop_code":null,"stop_name":"六号大通り","stop_desc":null,"zone_id":"59_01","location_type":0,"parent_station":null,"wheelchair_boarding":null}},{"type":"Feature","id":"F001:6_01","geometry":{"type":"Point","coordinates":[139.701484,35.6648027]},"properties":{"id":"F001:6_01","feed_id":"F001","feed_slug":"shibuya-hachiko-bus","municipality":"渋谷区","service_name":"ハチ公バス","license":"CC BY 4.0","source_stop_id":"6_01","stop_code":null,"stop_name":"かんなみの杜・渋谷","stop_desc":null,"zone_id":"6_01","location_type":0,"parent_station":null,"wheelchair_boarding":null}},{"type":"Feature","id":"F001:6_02","geometry":{"type":"Point","coordinates":[139.701386,35.6649217]},"properties":{"id":"F001:6_02","feed_id":"F001","feed_slug":"shibuya-hachiko-bus","municipality":"渋谷区","service_name":"ハチ公バス","license":"CC BY 4.0","source_stop_id":"6_02","stop_code":null,"stop_name":"かんなみの杜・渋谷","stop_desc":null,"zone_id":"6_02","location_type":0,"parent_station":null,"wheelchair_boarding":null}},{"type":"Feature","id":"F001:60_01","geometry":{"type":"Point","coordinates":[139.674533,35.6807999]},"properties":{"id":"F001:60_01","feed_id":"F001","feed_slug":"shibuya-hachiko-bus","municipality":"渋谷区","service_name":"ハチ公バス","license":"CC BY 4.0","source_stop_id":"60_01","stop_code":null,"stop_name":"中幡小学校","stop_desc":null,"zone_id":"60_01","location_type":0,"parent_station":null,"wheelchair_boarding":null}},{"type":"Feature","id":"F001:61_01","geometry":{"type":"Point","coordinates":[139.6717159,35.6789412]},"properties":{"id":"F001:61_01","feed_id":"F001","feed_slug":"shibuya-hachiko-bus","municipality":"渋谷区","service_name":"ハチ公バス","license":"CC BY 4.0","source_stop_id":"61_01","stop_code":null,"stop_name":"幡ヶ谷保健相談所","stop_desc":null,"zone_id":"61_01","location_type":0,"parent_station":null,"wheelchair_boarding":null}},{"type":"Feature","id":"F001:62_01","geometry":{"type":"Point","coordinates":[139.6701696,35.6788073]},"properties":{"id":"F001:62_01","feed_id":"F001","feed_slug":"shibuya-hachiko-bus","municipality":"渋谷区","service_name":"ハチ公バス","license":"CC BY 4.0","source_stop_id":"62_01","stop_code":null,"stop_name":"笹塚こども図書館","stop_desc":null,"zone_id":"62_01","location_type":0,"parent_station":null,"wheelchair_boarding":null}},{"type":"Feature","id":"F001:63_01","geometry":{"type":"Point","coordinates":[139.6706444,35.6767385]},"properties":{"id":"F001:63_01","feed_id":"F001","feed_slug":"shibuya-hachiko-bus","municipality":"渋谷区","service_name":"ハチ公バス","license":"CC BY 4.0","source_stop_id":"63_01","stop_code":null,"stop_name":"笹塚中学","stop_desc":null,"zone_id":"63_01","location_type":0,"parent_station":null,"wheelchair_boarding":null}},{"type":"Feature","id":"F001:63_02","geometry":{"type":"Point","coordinates":[139.671219,35.6779153]},"properties":{"id":"F001:63_02","feed_id":"F001","feed_slug":"shibuya-hachiko-bus","municipality":"渋谷区","service_name":"ハチ公バス","license":"CC BY 4.0","source_stop_id":"63_02","stop_code":null,"stop_name":"笹塚中学","stop_desc":null,"zone_id":"63_02","location_type":0,"parent_station":null,"wheelchair_boarding":null}},{"type":"Feature","id":"F001:64_01","geometry":{"type":"Point","coordinates":[139.6672459,35.6742407]},"properties":{"id":"F001:64_01","feed_id":"F001","feed_slug":"shibuya-hachiko-bus","municipality":"渋谷区","service_name":"ハチ公バス","license":"CC BY 4.0","source_stop_id":"64_01","stop_code":null,"stop_name":"笹塚駅","stop_desc":null,"zone_id":"64_01","location_type":0,"parent_station":null,"wheelchair_boarding":null}},{"type":"Feature","id":"F001:65_01","geometry":{"type":"Point","coordinates":[139.6643322,35.6734035]},"properties":{"id":"F001:65_01","feed_id":"F001","feed_slug":"shibuya-hachiko-bus","municipality":"渋谷区","service_name":"ハチ公バス","license":"CC BY 4.0","source_stop_id":"65_01","stop_code":null,"stop_name":"笹塚二丁目","stop_desc":null,"zone_id":"65_01","location_type":0,"parent_station":null,"wheelchair_boarding":null}},{"type":"Feature","id":"F001:66_01","geometry":{"type":"Point","coordinates":[139.6638559,35.675247]},"properties":{"id":"F001:66_01","feed_id":"F001","feed_slug":"shibuya-hachiko-bus","municipality":"渋谷区","service_name":"ハチ公バス","license":"CC BY 4.0","source_stop_id":"66_01","stop_code":null,"stop_name":"笹塚三丁目","stop_desc":null,"zone_id":"66_01","location_type":0,"parent_station":null,"wheelchair_boarding":null}},{"type":"Feature","id":"F001:67_01","geometry":{"type":"Point","coordinates":[139.6672241,35.6764731]},"properties":{"id":"F001:67_01","feed_id":"F001","feed_slug":"shibuya-hachiko-bus","municipality":"渋谷区","service_name":"ハチ公バス","license":"CC BY 4.0","source_stop_id":"67_01","stop_code":null,"stop_name":"富士見丘学園","stop_desc":null,"zone_id":"67_01","location_type":0,"parent_station":null,"wheelchair_boarding":null}},{"type":"Feature","id":"F001:68_01","geometry":{"type":"Point","coordinates":[139.6738056,35.6788503]},"properties":{"id":"F001:68_01","feed_id":"F001","feed_slug":"shibuya-hachiko-bus","municipality":"渋谷区","service_name":"ハチ公バス","license":"CC BY 4.0","source_stop_id":"68_01","stop_code":null,"stop_name":"七号通り","stop_desc":null,"zone_id":"68_01","location_type":0,"parent_station":null,"wheelchair_boarding":null}},{"type":"Feature","id":"F001:69_01","geometry":{"type":"Point","coordinates":[139.6776488,35.6802232]},"properties":{"id":"F001:69_01","feed_id":"F001","feed_slug":"shibuya-hachiko-bus","municipality":"渋谷区","service_name":"ハチ公バス","license":"CC BY 4.0","source_stop_id":"69_01","stop_code":null,"stop_name":"六号通り","stop_desc":null,"zone_id":"69_01","location_type":0,"parent_station":null,"wheelchair_boarding":null}},{"type":"Feature","id":"F001:70_01","geometry":{"type":"Point","coordinates":[139.680891,35.6814072]},"properties":{"id":"F001:70_01","feed_id":"F001","feed_slug":"shibuya-hachiko-bus","municipality":"渋谷区","service_name":"ハチ公バス","license":"CC BY 4.0","source_stop_id":"70_01","stop_code":null,"stop_name":"本町一丁目","stop_desc":null,"zone_id":"70_01","location_type":0,"parent_station":null,"wheelchair_boarding":null}},{"type":"Feature","id":"F001:71_01","geometry":{"type":"Point","coordinates":[139.6827166,35.6824418]},"properties":{"id":"F001:71_01","feed_id":"F001","feed_slug":"shibuya-hachiko-bus","municipality":"渋谷区","service_name":"ハチ公バス","license":"CC BY 4.0","source_stop_id":"71_01","stop_code":null,"stop_name":"不動通り入口","stop_desc":null,"zone_id":"71_01","location_type":0,"parent_station":null,"wheelchair_boarding":null}},{"type":"Feature","id":"F001:72_01","geometry":{"type":"Point","coordinates":[139.6960069,35.6601656]},"properties":{"id":"F001:72_01","feed_id":"F001","feed_slug":"shibuya-hachiko-bus","municipality":"渋谷区","service_name":"ハチ公バス","license":"CC BY 4.0","source_stop_id":"72_01","stop_code":null,"stop_name":"東急百貨店本店前","stop_desc":null,"zone_id":"72_01","location_type":0,"parent_station":null,"wheelchair_boarding":null}},{"type":"Feature","id":"F001:72_02","geometry":{"type":"Point","coordinates":[139.6967879,35.6607594]},"properties":{"id":"F001:72_02","feed_id":"F001","feed_slug":"shibuya-hachiko-bus","municipality":"渋谷区","service_name":"ハチ公バス","license":"CC BY 4.0","source_stop_id":"72_02","stop_code":null,"stop_name":"東急百貨店本店前","stop_desc":null,"zone_id":"72_02","location_type":0,"parent_station":null,"wheelchair_boarding":null}},{"type":"Feature","id":"F001:73_01","geometry":{"type":"Point","coordinates":[139.6930231,35.6587077]},"properties":{"id":"F001:73_01","feed_id":"F001","feed_slug":"shibuya-hachiko-bus","municipality":"渋谷区","service_name":"ハチ公バス","license":"CC BY 4.0","source_stop_id":"73_01","stop_code":null,"stop_name":"松濤美術館入口","stop_desc":null,"zone_id":"73_01","location_type":0,"parent_station":null,"wheelchair_boarding":null}},{"type":"Feature","id":"F001:74_01","geometry":{"type":"Point","coordinates":[139.6903045,35.6583399]},"properties":{"id":"F001:74_01","feed_id":"F001","feed_slug":"shibuya-hachiko-bus","municipality":"渋谷区","service_name":"ハチ公バス","license":"CC BY 4.0","source_stop_id":"74_01","stop_code":null,"stop_name":"東大前","stop_desc":null,"zone_id":"74_01","location_type":0,"parent_station":null,"wheelchair_boarding":null}},{"type":"Feature","id":"F001:75_01","geometry":{"type":"Point","coordinates":[139.6878215,35.6613907]},"properties":{"id":"F001:75_01","feed_id":"F001","feed_slug":"shibuya-hachiko-bus","municipality":"渋谷区","service_name":"ハチ公バス","license":"CC BY 4.0","source_stop_id":"75_01","stop_code":null,"stop_name":"東大裏","stop_desc":null,"zone_id":"75_01","location_type":0,"parent_station":null,"wheelchair_boarding":null}},{"type":"Feature","id":"F001:76_01","geometry":{"type":"Point","coordinates":[139.6876486,35.6643472]},"properties":{"id":"F001:76_01","feed_id":"F001","feed_slug":"shibuya-hachiko-bus","municipality":"渋谷区","service_name":"ハチ公バス","license":"CC BY 4.0","source_stop_id":"76_01","stop_code":null,"stop_name":"富ヶ谷二丁目","stop_desc":null,"zone_id":"76_01","location_type":0,"parent_station":null,"wheelchair_boarding":null}},{"type":"Feature","id":"F001:77_01","geometry":{"type":"Point","coordinates":[139.6877753,35.6658744]},"properties":{"id":"F001:77_01","feed_id":"F001","feed_slug":"shibuya-hachiko-bus","municipality":"渋谷区","service_name":"ハチ公バス","license":"CC BY 4.0","source_stop_id":"77_01","stop_code":null,"stop_name":"富ヶ谷交差点","stop_desc":null,"zone_id":"77_01","location_type":0,"parent_station":null,"wheelchair_boarding":null}},{"type":"Feature","id":"F001:78_01","geometry":{"type":"Point","coordinates":[139.6863045,35.6678097]},"properties":{"id":"F001:78_01","feed_id":"F001","feed_slug":"shibuya-hachiko-bus","municipality":"渋谷区","service_name":"ハチ公バス","license":"CC BY 4.0","source_stop_id":"78_01","stop_code":null,"stop_name":"上原一丁目（富ヶ谷図書館入口）","stop_desc":null,"zone_id":"78_01","location_type":0,"parent_station":null,"wheelchair_boarding":null}},{"type":"Feature","id":"F001:79_01","geometry":{"type":"Point","coordinates":[139.6835403,35.6679422]},"properties":{"id":"F001:79_01","feed_id":"F001","feed_slug":"shibuya-hachiko-bus","municipality":"渋谷区","service_name":"ハチ公バス","license":"CC BY 4.0","source_stop_id":"79_01","stop_code":null,"stop_name":"上原二丁目（上原出張所入口）","stop_desc":null,"zone_id":"79_01","location_type":0,"parent_station":null,"wheelchair_boarding":null}},{"type":"Feature","id":"F001:8_01","geometry":{"type":"Point","coordinates":[139.7023729,35.6612689]},"properties":{"id":"F001:8_01","feed_id":"F001","feed_slug":"shibuya-hachiko-bus","municipality":"渋谷区","service_name":"ハチ公バス","license":"CC BY 4.0","source_stop_id":"8_01","stop_code":null,"stop_name":"宮下公園前","stop_desc":null,"zone_id":"8_01","location_type":0,"parent_station":null,"wheelchair_boarding":null}},{"type":"Feature","id":"F001:80_01","geometry":{"type":"Point","coordinates":[139.6804123,35.6680853]},"properties":{"id":"F001:80_01","feed_id":"F001","feed_slug":"shibuya-hachiko-bus","municipality":"渋谷区","service_name":"ハチ公バス","license":"CC BY 4.0","source_stop_id":"80_01","stop_code":null,"stop_name":"古賀音楽博物館","stop_desc":null,"zone_id":"80_01","location_type":0,"parent_station":null,"wheelchair_boarding":null}},{"type":"Feature","id":"F001:80_02","geometry":{"type":"Point","coordinates":[139.681307,35.6682253]},"properties":{"id":"F001:80_02","feed_id":"F001","feed_slug":"shibuya-hachiko-bus","municipality":"渋谷区","service_name":"ハチ公バス","license":"CC BY 4.0","source_stop_id":"80_02","stop_code":null,"stop_name":"古賀音楽博物館","stop_desc":null,"zone_id":"80_02","location_type":0,"parent_station":null,"wheelchair_boarding":null}},{"type":"Feature","id":"F001:81_01","geometry":{"type":"Point","coordinates":[139.6797113,35.6691758]},"properties":{"id":"F001:81_01","feed_id":"F001","feed_slug":"shibuya-hachiko-bus","municipality":"渋谷区","service_name":"ハチ公バス","license":"CC BY 4.0","source_stop_id":"81_01","stop_code":null,"stop_name":"代々木上原駅","stop_desc":null,"zone_id":"81_01","location_type":0,"parent_station":null,"wheelchair_boarding":null}},{"type":"Feature","id":"F001:82_01","geometry":{"type":"Point","coordinates":[139.679276,35.6657022]},"properties":{"id":"F001:82_01","feed_id":"F001","feed_slug":"shibuya-hachiko-bus","municipality":"渋谷区","service_name":"ハチ公バス","license":"CC BY 4.0","source_stop_id":"82_01","stop_code":null,"stop_name":"上原小学校","stop_desc":null,"zone_id":"82_01","location_type":0,"parent_station":null,"wheelchair_boarding":null}},{"type":"Feature","id":"F001:83_01","geometry":{"type":"Point","coordinates":[139.679266,35.6641108]},"properties":{"id":"F001:83_01","feed_id":"F001","feed_slug":"shibuya-hachiko-bus","municipality":"渋谷区","service_name":"ハチ公バス","license":"CC BY 4.0","source_stop_id":"83_01","stop_code":null,"stop_name":"上原二丁目南","stop_desc":null,"zone_id":"83_01","location_type":0,"parent_station":null,"wheelchair_boarding":null}},{"type":"Feature","id":"F001:84_01","geometry":{"type":"Point","coordinates":[139.6854183,35.6643443]},"properties":{"id":"F001:84_01","feed_id":"F001","feed_slug":"shibuya-hachiko-bus","municipality":"渋谷区","service_name":"ハチ公バス","license":"CC BY 4.0","source_stop_id":"84_01","stop_code":null,"stop_name":"はつらつセンター富ヶ谷（東海大学）","stop_desc":null,"zone_id":"84_01","location_type":0,"parent_station":null,"wheelchair_boarding":null}},{"type":"Feature","id":"F001:85_01","geometry":{"type":"Point","coordinates":[139.686617,35.6650257]},"properties":{"id":"F001:85_01","feed_id":"F001","feed_slug":"shibuya-hachiko-bus","municipality":"渋谷区","service_name":"ハチ公バス","license":"CC BY 4.0","source_stop_id":"85_01","stop_code":null,"stop_name":"望星高校","stop_desc":null,"zone_id":"85_01","location_type":0,"parent_station":null,"wheelchair_boarding":null}},{"type":"Feature","id":"F001:86_01","geometry":{"type":"Point","coordinates":[139.6921705,35.6659908]},"properties":{"id":"F001:86_01","feed_id":"F001","feed_slug":"shibuya-hachiko-bus","municipality":"渋谷区","service_name":"ハチ公バス","license":"CC BY 4.0","source_stop_id":"86_01","stop_code":null,"stop_name":"富ヶ谷一丁目","stop_desc":null,"zone_id":"86_01","location_type":0,"parent_station":null,"wheelchair_boarding":null}},{"type":"Feature","id":"F001:87_01","geometry":{"type":"Point","coordinates":[139.6930707,35.6648238]},"properties":{"id":"F001:87_01","feed_id":"F001","feed_slug":"shibuya-hachiko-bus","municipality":"渋谷区","service_name":"ハチ公バス","license":"CC BY 4.0","source_stop_id":"87_01","stop_code":null,"stop_name":"神山","stop_desc":null,"zone_id":"87_01","location_type":0,"parent_station":null,"wheelchair_boarding":null}},{"type":"Feature","id":"F001:88_01","geometry":{"type":"Point","coordinates":[139.7020715,35.6694501]},"properties":{"id":"F001:88_01","feed_id":"F001","feed_slug":"shibuya-hachiko-bus","municipality":"渋谷区","service_name":"ハチ公バス","license":"CC BY 4.0","source_stop_id":"88_01","stop_code":null,"stop_name":"明治神宮（原宿駅）","stop_desc":null,"zone_id":"88_01","location_type":0,"parent_station":null,"wheelchair_boarding":null}},{"type":"Feature","id":"F001:88_02","geometry":{"type":"Point","coordinates":[139.702197,35.6695631]},"properties":{"id":"F001:88_02","feed_id":"F001","feed_slug":"shibuya-hachiko-bus","municipality":"渋谷区","service_name":"ハチ公バス","license":"CC BY 4.0","source_stop_id":"88_02","stop_code":null,"stop_name":"明治神宮（原宿駅）","stop_desc":null,"zone_id":"88_02","location_type":0,"parent_station":null,"wheelchair_boarding":null}},{"type":"Feature","id":"F001:89_01","geometry":{"type":"Point","coordinates":[139.7038818,35.6693025]},"properties":{"id":"F001:89_01","feed_id":"F001","feed_slug":"shibuya-hachiko-bus","municipality":"渋谷区","service_name":"ハチ公バス","license":"CC BY 4.0","source_stop_id":"89_01","stop_code":null,"stop_name":"明治神宮前駅","stop_desc":null,"zone_id":"89_01","location_type":0,"parent_station":null,"wheelchair_boarding":null}},{"type":"Feature","id":"F001:89_02","geometry":{"type":"Point","coordinates":[139.7048709,35.6686256]},"properties":{"id":"F001:89_02","feed_id":"F001","feed_slug":"shibuya-hachiko-bus","municipality":"渋谷区","service_name":"ハチ公バス","license":"CC BY 4.0","source_stop_id":"89_02","stop_code":null,"stop_name":"明治神宮前駅","stop_desc":null,"zone_id":"89_02","location_type":0,"parent_station":null,"wheelchair_boarding":null}},{"type":"Feature","id":"F001:9_01","geometry":{"type":"Point","coordinates":[139.7009831,35.6551837]},"properties":{"id":"F001:9_01","feed_id":"F001","feed_slug":"shibuya-hachiko-bus","municipality":"渋谷区","service_name":"ハチ公バス","license":"CC BY 4.0","source_stop_id":"9_01","stop_code":null,"stop_name":"渋谷インフォスタワー","stop_desc":null,"zone_id":"9_01","location_type":0,"parent_station":null,"wheelchair_boarding":null}},{"type":"Feature","id":"F001:9_02","geometry":{"type":"Point","coordinates":[139.7009831,35.6551837]},"properties":{"id":"F001:9_02","feed_id":"F001","feed_slug":"shibuya-hachiko-bus","municipality":"渋谷区","service_name":"ハチ公バス","license":"CC BY 4.0","source_stop_id":"9_02","stop_code":null,"stop_name":"渋谷インフォスタワー","stop_desc":null,"zone_id":"9_02","location_type":0,"parent_station":null,"wheelchair_boarding":null}},{"type":"Feature","id":"F001:90_01","geometry":{"type":"Point","coordinates":[139.7067353,35.667983]},"properties":{"id":"F001:90_01","feed_id":"F001","feed_slug":"shibuya-hachiko-bus","municipality":"渋谷区","service_name":"ハチ公バス","license":"CC BY 4.0","source_stop_id":"90_01","stop_code":null,"stop_name":"神宮前小学校（神宮前交番）","stop_desc":null,"zone_id":"90_01","location_type":0,"parent_station":null,"wheelchair_boarding":null}},{"type":"Feature","id":"F001:90_02","geometry":{"type":"Point","coordinates":[139.7067863,35.667731]},"properties":{"id":"F001:90_02","feed_id":"F001","feed_slug":"shibuya-hachiko-bus","municipality":"渋谷区","service_name":"ハチ公バス","license":"CC BY 4.0","source_stop_id":"90_02","stop_code":null,"stop_name":"神宮前小学校（神宮前交番）","stop_desc":null,"zone_id":"90_02","location_type":0,"parent_station":null,"wheelchair_boarding":null}},{"type":"Feature","id":"F001:91_01","geometry":{"type":"Point","coordinates":[139.7089515,35.6669539]},"properties":{"id":"F001:91_01","feed_id":"F001","feed_slug":"shibuya-hachiko-bus","municipality":"渋谷区","service_name":"ハチ公バス","license":"CC BY 4.0","source_stop_id":"91_01","stop_code":null,"stop_name":"表参道ヒルズ","stop_desc":null,"zone_id":"91_01","location_type":0,"parent_station":null,"wheelchair_boarding":null}},{"type":"Feature","id":"F001:91_02","geometry":{"type":"Point","coordinates":[139.708162,35.6670996]},"properties":{"id":"F001:91_02","feed_id":"F001","feed_slug":"shibuya-hachiko-bus","municipality":"渋谷区","service_name":"ハチ公バス","license":"CC BY 4.0","source_stop_id":"91_02","stop_code":null,"stop_name":"表参道ヒルズ","stop_desc":null,"zone_id":"91_02","location_type":0,"parent_station":null,"wheelchair_boarding":null}},{"type":"Feature","id":"F001:92_01","geometry":{"type":"Point","coordinates":[139.712895,35.6658019]},"properties":{"id":"F001:92_01","feed_id":"F001","feed_slug":"shibuya-hachiko-bus","municipality":"渋谷区","service_name":"ハチ公バス","license":"CC BY 4.0","source_stop_id":"92_01","stop_code":null,"stop_name":"表参道駅","stop_desc":null,"zone_id":"92_01","location_type":0,"parent_station":null,"wheelchair_boarding":null}},{"type":"Feature","id":"F001:92_02","geometry":{"type":"Point","coordinates":[139.7103382,35.6660888]},"properties":{"id":"F001:92_02","feed_id":"F001","feed_slug":"shibuya-hachiko-bus","municipality":"渋谷区","service_name":"ハチ公バス","license":"CC BY 4.0","source_stop_id":"92_02","stop_code":null,"stop_name":"表参道駅","stop_desc":null,"zone_id":"92_02","location_type":0,"parent_station":null,"wheelchair_boarding":null}},{"type":"Feature","id":"F001:93_01","geometry":{"type":"Point","coordinates":[139.7147425,35.6674028]},"properties":{"id":"F001:93_01","feed_id":"F001","feed_slug":"shibuya-hachiko-bus","municipality":"渋谷区","service_name":"ハチ公バス","license":"CC BY 4.0","source_stop_id":"93_01","stop_code":null,"stop_name":"北青山三丁目","stop_desc":null,"zone_id":"93_01","location_type":0,"parent_station":null,"wheelchair_boarding":null}},{"type":"Feature","id":"F001:94_01","geometry":{"type":"Point","coordinates":[139.7151849,35.6683822]},"properties":{"id":"F001:94_01","feed_id":"F001","feed_slug":"shibuya-hachiko-bus","municipality":"渋谷区","service_name":"ハチ公バス","license":"CC BY 4.0","source_stop_id":"94_01","stop_code":null,"stop_name":"南青山三丁目交差点","stop_desc":null,"zone_id":"94_01","location_type":0,"parent_station":null,"wheelchair_boarding":null}},{"type":"Feature","id":"F001:94_02","geometry":{"type":"Point","coordinates":[139.7157899,35.6686469]},"properties":{"id":"F001:94_02","feed_id":"F001","feed_slug":"shibuya-hachiko-bus","municipality":"渋谷区","service_name":"ハチ公バス","license":"CC BY 4.0","source_stop_id":"94_02","stop_code":null,"stop_name":"南青山三丁目交差点","stop_desc":null,"zone_id":"94_02","location_type":0,"parent_station":null,"wheelchair_boarding":null}},{"type":"Feature","id":"F001:95_01","geometry":{"type":"Point","coordinates":[139.7125738,35.6719322]},"properties":{"id":"F001:95_01","feed_id":"F001","feed_slug":"shibuya-hachiko-bus","municipality":"渋谷区","service_name":"ハチ公バス","license":"CC BY 4.0","source_stop_id":"95_01","stop_code":null,"stop_name":"神宮前三丁目","stop_desc":null,"zone_id":"95_01","location_type":0,"parent_station":null,"wheelchair_boarding":null}},{"type":"Feature","id":"F001:95_02","geometry":{"type":"Point","coordinates":[139.7130525,35.6714339]},"properties":{"id":"F001:95_02","feed_id":"F001","feed_slug":"shibuya-hachiko-bus","municipality":"渋谷区","service_name":"ハチ公バス","license":"CC BY 4.0","source_stop_id":"95_02","stop_code":null,"stop_name":"神宮前三丁目","stop_desc":null,"zone_id":"95_02","location_type":0,"parent_station":null,"wheelchair_boarding":null}},{"type":"Feature","id":"F001:96_01","geometry":{"type":"Point","coordinates":[139.7107846,35.6725756]},"properties":{"id":"F001:96_01","feed_id":"F001","feed_slug":"shibuya-hachiko-bus","municipality":"渋谷区","service_name":"ハチ公バス","license":"CC BY 4.0","source_stop_id":"96_01","stop_code":null,"stop_name":"はぁとぴあ原宿入口","stop_desc":null,"zone_id":"96_01","location_type":0,"parent_station":null,"wheelchair_boarding":null}},{"type":"Feature","id":"F001:96_02","geometry":{"type":"Point","coordinates":[139.7107807,35.6726863]},"properties":{"id":"F001:96_02","feed_id":"F001","feed_slug":"shibuya-hachiko-bus","municipality":"渋谷区","service_name":"ハチ公バス","license":"CC BY 4.0","source_stop_id":"96_02","stop_code":null,"stop_name":"はぁとぴあ原宿入口","stop_desc":null,"zone_id":"96_02","location_type":0,"parent_station":null,"wheelchair_boarding":null}},{"type":"Feature","id":"F001:97_01","geometry":{"type":"Point","coordinates":[139.7095592,35.6731888]},"properties":{"id":"F001:97_01","feed_id":"F001","feed_slug":"shibuya-hachiko-bus","municipality":"渋谷区","service_name":"ハチ公バス","license":"CC BY 4.0","source_stop_id":"97_01","stop_code":null,"stop_name":"渋谷神宮前郵便局","stop_desc":null,"zone_id":"97_01","location_type":0,"parent_station":null,"wheelchair_boarding":null}},{"type":"Feature","id":"F001:97_02","geometry":{"type":"Point","coordinates":[139.7093578,35.6727247]},"properties":{"id":"F001:97_02","feed_id":"F001","feed_slug":"shibuya-hachiko-bus","municipality":"渋谷区","service_name":"ハチ公バス","license":"CC BY 4.0","source_stop_id":"97_02","stop_code":null,"stop_name":"渋谷神宮前郵便局","stop_desc":null,"zone_id":"97_02","location_type":0,"parent_station":null,"wheelchair_boarding":null}},{"type":"Feature","id":"F001:98_01","geometry":{"type":"Point","coordinates":[139.7109541,35.6748196]},"properties":{"id":"F001:98_01","feed_id":"F001","feed_slug":"shibuya-hachiko-bus","municipality":"渋谷区","service_name":"ハチ公バス","license":"CC BY 4.0","source_stop_id":"98_01","stop_code":null,"stop_name":"神宮前二丁目","stop_desc":null,"zone_id":"98_01","location_type":0,"parent_station":null,"wheelchair_boarding":null}},{"type":"Feature","id":"F001:98_02","geometry":{"type":"Point","coordinates":[139.7110715,35.6748147]},"properties":{"id":"F001:98_02","feed_id":"F001","feed_slug":"shibuya-hachiko-bus","municipality":"渋谷区","service_name":"ハチ公バス","license":"CC BY 4.0","source_stop_id":"98_02","stop_code":null,"stop_name":"神宮前二丁目","stop_desc":null,"zone_id":"98_02","location_type":0,"parent_station":null,"wheelchair_boarding":null}},{"type":"Feature","id":"F001:99_01","geometry":{"type":"Point","coordinates":[139.7125225,35.6765645]},"properties":{"id":"F001:99_01","feed_id":"F001","feed_slug":"shibuya-hachiko-bus","municipality":"渋谷区","service_name":"ハチ公バス","license":"CC BY 4.0","source_stop_id":"99_01","stop_code":null,"stop_name":"明治公園前","stop_desc":null,"zone_id":"99_01","location_type":0,"parent_station":null,"wheelchair_boarding":null}},{"type":"Feature","id":"F018:37_0","geometry":{"type":"Point","coordinates":[139.351401,35.773576]},"properties":{"id":"F018:37_0","feed_id":"F018","feed_slug":"mizuho-community-bus","municipality":"瑞穂町","service_name":"コミュニティバス","license":"CC BY 4.0","source_stop_id":"37_0","stop_code":"37.0","stop_name":"大橋場","stop_desc":null,"zone_id":null,"location_type":0,"parent_station":null,"wheelchair_boarding":null}},{"type":"Feature","id":"F018:38_0","geometry":{"type":"Point","coordinates":[139.352324,35.770181]},"properties":{"id":"F018:38_0","feed_id":"F018","feed_slug":"mizuho-community-bus","municipality":"瑞穂町","service_name":"コミュニティバス","license":"CC BY 4.0","source_stop_id":"38_0","stop_code":null,"stop_name":"JAにしたま瑞穂支店前","stop_desc":null,"zone_id":null,"location_type":0,"parent_station":null,"wheelchair_boarding":null}},{"type":"Feature","id":"F018:39_0","geometry":{"type":"Point","coordinates":[139.351117,35.768597]},"properties":{"id":"F018:39_0","feed_id":"F018","feed_slug":"mizuho-community-bus","municipality":"瑞穂町","service_name":"コミュニティバス","license":"CC BY 4.0","source_stop_id":"39_0","stop_code":null,"stop_name":"西武信用金庫瑞穂支店北","stop_desc":null,"zone_id":null,"location_type":0,"parent_station":null,"wheelchair_boarding":null}},{"type":"Feature","id":"F018:1_0","geometry":{"type":"Point","coordinates":[139.347127,35.770943]},"properties":{"id":"F018:1_0","feed_id":"F018","feed_slug":"mizuho-community-bus","municipality":"瑞穂町","service_name":"コミュニティバス","license":"CC BY 4.0","source_stop_id":"1_0","stop_code":null,"stop_name":"箱根ケ崎駅東口","stop_desc":null,"zone_id":"1_0","location_type":0,"parent_station":null,"wheelchair_boarding":null}},{"type":"Feature","id":"F018:2_0","geometry":{"type":"Point","coordinates":[139.346177,35.7715]},"properties":{"id":"F018:2_0","feed_id":"F018","feed_slug":"mizuho-community-bus","municipality":"瑞穂町","service_name":"コミュニティバス","license":"CC BY 4.0","source_stop_id":"2_0","stop_code":null,"stop_name":"箱根ケ崎駅西口","stop_desc":null,"zone_id":"2_0","location_type":0,"parent_station":null,"wheelchair_boarding":null}},{"type":"Feature","id":"F018:3_1","geometry":{"type":"Point","coordinates":[139.353686,35.772133]},"properties":{"id":"F018:3_1","feed_id":"F018","feed_slug":"mizuho-community-bus","municipality":"瑞穂町","service_name":"コミュニティバス","license":"CC BY 4.0","source_stop_id":"3_1","stop_code":null,"stop_name":"瑞穂町役場","stop_desc":null,"zone_id":"3_1","location_type":0,"parent_station":null,"wheelchair_boarding":null}},{"type":"Feature","id":"F018:3_2","geometry":{"type":"Point","coordinates":[139.353766,35.772094]},"properties":{"id":"F018:3_2","feed_id":"F018","feed_slug":"mizuho-community-bus","municipality":"瑞穂町","service_name":"コミュニティバス","license":"CC BY 4.0","source_stop_id":"3_2","stop_code":null,"stop_name":"瑞穂町役場","stop_desc":null,"zone_id":"3_2","location_type":0,"parent_station":null,"wheelchair_boarding":null}},{"type":"Feature","id":"F018:4_1","geometry":{"type":"Point","coordinates":[139.352551,35.776515]},"properties":{"id":"F018:4_1","feed_id":"F018","feed_slug":"mizuho-community-bus","municipality":"瑞穂町","service_name":"コミュニティバス","license":"CC BY 4.0","source_stop_id":"4_1","stop_code":null,"stop_name":"病院前","stop_desc":null,"zone_id":"4_1","location_type":0,"parent_station":null,"wheelchair_boarding":null}},{"type":"Feature","id":"F018:4_2","geometry":{"type":"Point","coordinates":[139.352626,35.776502]},"properties":{"id":"F018:4_2","feed_id":"F018","feed_slug":"mizuho-community-bus","municipality":"瑞穂町","service_name":"コミュニティバス","license":"CC BY 4.0","source_stop_id":"4_2","stop_code":null,"stop_name":"病院前","stop_desc":null,"zone_id":"4_2","location_type":0,"parent_station":null,"wheelchair_boarding":null}},{"type":"Feature","id":"F018:5_1","geometry":{"type":"Point","coordinates":[139.355813,35.780983]},"properties":{"id":"F018:5_1","feed_id":"F018","feed_slug":"mizuho-community-bus","municipality":"瑞穂町","service_name":"コミュニティバス","license":"CC BY 4.0","source_stop_id":"5_1","stop_code":null,"stop_name":"狭山丘陵西","stop_desc":null,"zone_id":"5_1","location_type":0,"parent_station":null,"wheelchair_boarding":null}},{"type":"Feature","id":"F018:5_2","geometry":{"type":"Point","coordinates":[139.355877,35.780931]},"properties":{"id":"F018:5_2","feed_id":"F018","feed_slug":"mizuho-community-bus","municipality":"瑞穂町","service_name":"コミュニティバス","license":"CC BY 4.0","source_stop_id":"5_2","stop_code":null,"stop_name":"狭山丘陵西","stop_desc":null,"zone_id":"5_2","location_type":0,"parent_station":null,"wheelchair_boarding":null}},{"type":"Feature","id":"F018:6_1","geometry":{"type":"Point","coordinates":[139.358478,35.78262]},"properties":{"id":"F018:6_1","feed_id":"F018","feed_slug":"mizuho-community-bus","municipality":"瑞穂町","service_name":"コミュニティバス","license":"CC BY 4.0","source_stop_id":"6_1","stop_code":null,"stop_name":"瑞穂ケーブルテレビ前","stop_desc":null,"zone_id":"6_1","location_type":0,"parent_station":null,"wheelchair_boarding":null}},{"type":"Feature","id":"F018:6_2","geometry":{"type":"Point","coordinates":[139.358671,35.782659]},"properties":{"id":"F018:6_2","feed_id":"F018","feed_slug":"mizuho-community-bus","municipality":"瑞穂町","service_name":"コミュニティバス","license":"CC BY 4.0","source_stop_id":"6_2","stop_code":null,"stop_name":"瑞穂ケーブルテレビ前","stop_desc":null,"zone_id":"6_2","location_type":0,"parent_station":null,"wheelchair_boarding":null}},{"type":"Feature","id":"F018:7_1","geometry":{"type":"Point","coordinates":[139.36176,35.784713]},"properties":{"id":"F018:7_1","feed_id":"F018","feed_slug":"mizuho-community-bus","municipality":"瑞穂町","service_name":"コミュニティバス","license":"CC BY 4.0","source_stop_id":"7_1","stop_code":null,"stop_name":"高根下","stop_desc":null,"zone_id":"7_1","location_type":0,"parent_station":null,"wheelchair_boarding":null}},{"type":"Feature","id":"F018:7_2","geometry":{"type":"Point","coordinates":[139.362189,35.784787]},"properties":{"id":"F018:7_2","feed_id":"F018","feed_slug":"mizuho-community-bus","municipality":"瑞穂町","service_name":"コミュニティバス","license":"CC BY 4.0","source_stop_id":"7_2","stop_code":null,"stop_name":"高根下","stop_desc":null,"zone_id":"7_2","location_type":0,"parent_station":null,"wheelchair_boarding":null}},{"type":"Feature","id":"F018:8_1","geometry":{"type":"Point","coordinates":[139.365788,35.786811]},"properties":{"id":"F018:8_1","feed_id":"F018","feed_slug":"mizuho-community-bus","municipality":"瑞穂町","service_name":"コミュニティバス","license":"CC BY 4.0","source_stop_id":"8_1","stop_code":null,"stop_name":"水天宮入口","stop_desc":null,"zone_id":"8_1","location_type":0,"parent_station":null,"wheelchair_boarding":null}},{"type":"Feature","id":"F018:8_2","geometry":{"type":"Point","coordinates":[139.365353,35.786345]},"properties":{"id":"F018:8_2","feed_id":"F018","feed_slug":"mizuho-community-bus","municipality":"瑞穂町","service_name":"コミュニティバス","license":"CC BY 4.0","source_stop_id":"8_2","stop_code":null,"stop_name":"水天宮入口","stop_desc":null,"zone_id":"8_2","location_type":0,"parent_station":null,"wheelchair_boarding":null}},{"type":"Feature","id":"F018:9_1","geometry":{"type":"Point","coordinates":[139.368642,35.788891]},"properties":{"id":"F018:9_1","feed_id":"F018","feed_slug":"mizuho-community-bus","municipality":"瑞穂町","service_name":"コミュニティバス","license":"CC BY 4.0","source_stop_id":"9_1","stop_code":null,"stop_name":"坊","stop_desc":null,"zone_id":"9_1","location_type":0,"parent_station":null,"wheelchair_boarding":null}},{"type":"Feature","id":"F018:9_2","geometry":{"type":"Point","coordinates":[139.368615,35.788782]},"properties":{"id":"F018:9_2","feed_id":"F018","feed_slug":"mizuho-community-bus","municipality":"瑞穂町","service_name":"コミュニティバス","license":"CC BY 4.0","source_stop_id":"9_2","stop_code":null,"stop_name":"坊","stop_desc":null,"zone_id":"9_2","location_type":0,"parent_station":null,"wheelchair_boarding":null}},{"type":"Feature","id":"F018:10_1","geometry":{"type":"Point","coordinates":[139.37087,35.790838]},"properties":{"id":"F018:10_1","feed_id":"F018","feed_slug":"mizuho-community-bus","municipality":"瑞穂町","service_name":"コミュニティバス","license":"CC BY 4.0","source_stop_id":"10_1","stop_code":null,"stop_name":"太子堂入口","stop_desc":null,"zone_id":"10_1","location_type":0,"parent_station":null,"wheelchair_boarding":null}},{"type":"Feature","id":"F018:10_2","geometry":{"type":"Point","coordinates":[139.370908,35.790916]},"properties":{"id":"F018:10_2","feed_id":"F018","feed_slug":"mizuho-community-bus","municipality":"瑞穂町","service_name":"コミュニティバス","license":"CC BY 4.0","source_stop_id":"10_2","stop_code":null,"stop_name":"太子堂入口","stop_desc":null,"zone_id":"10_2","location_type":0,"parent_station":null,"wheelchair_boarding":null}},{"type":"Feature","id":"F018:11_1","geometry":{"type":"Point","coordinates":[139.364279,35.79136]},"properties":{"id":"F018:11_1","feed_id":"F018","feed_slug":"mizuho-community-bus","municipality":"瑞穂町","service_name":"コミュニティバス","license":"CC BY 4.0","source_stop_id":"11_1","stop_code":null,"stop_name":"駒形町","stop_desc":null,"zone_id":"11_1","location_type":0,"parent_station":null,"wheelchair_boarding":null}},{"type":"Feature","id":"F018:11_2","geometry":{"type":"Point","coordinates":[139.365368,35.791491]},"properties":{"id":"F018:11_2","feed_id":"F018","feed_slug":"mizuho-community-bus","municipality":"瑞穂町","service_name":"コミュニティバス","license":"CC BY 4.0","source_stop_id":"11_2","stop_code":null,"stop_name":"駒形町","stop_desc":null,"zone_id":"11_2","location_type":0,"parent_station":null,"wheelchair_boarding":null}},{"type":"Feature","id":"F018:12_1","geometry":{"type":"Point","coordinates":[139.358402,35.791577]},"properties":{"id":"F018:12_1","feed_id":"F018","feed_slug":"mizuho-community-bus","municipality":"瑞穂町","service_name":"コミュニティバス","license":"CC BY 4.0","source_stop_id":"12_1","stop_code":null,"stop_name":"瑞穂二本木","stop_desc":null,"zone_id":"12_1","location_type":0,"parent_station":null,"wheelchair_boarding":null}},{"type":"Feature","id":"F018:12_2","geometry":{"type":"Point","coordinates":[139.358488,35.791656]},"properties":{"id":"F018:12_2","feed_id":"F018","feed_slug":"mizuho-community-bus","municipality":"瑞穂町","service_name":"コミュニティバス","license":"CC BY 4.0","source_stop_id":"12_2","stop_code":null,"stop_name":"瑞穂二本木","stop_desc":null,"zone_id":"12_2","location_type":0,"parent_station":null,"wheelchair_boarding":null}},{"type":"Feature","id":"F018:13_0","geometry":{"type":"Point","coordinates":[139.355151,35.792286]},"properties":{"id":"F018:13_0","feed_id":"F018","feed_slug":"mizuho-community-bus","municipality":"瑞穂町","service_name":"コミュニティバス","license":"CC BY 4.0","source_stop_id":"13_0","stop_code":null,"stop_name":"二本木公園北","stop_desc":null,"zone_id":"13_0","location_type":0,"parent_station":null,"wheelchair_boarding":null}},{"type":"Feature","id":"F018:14_0","geometry":{"type":"Point","coordinates":[139.351364,35.792835]},"properties":{"id":"F018:14_0","feed_id":"F018","feed_slug":"mizuho-community-bus","municipality":"瑞穂町","service_name":"コミュニティバス","license":"CC BY 4.0","source_stop_id":"14_0","stop_code":null,"stop_name":"元狭山広域防災広場","stop_desc":null,"zone_id":"14_0","location_type":0,"parent_station":null,"wheelchair_boarding":null}},{"type":"Feature","id":"F018:15_0","geometry":{"type":"Point","coordinates":[139.345161,35.792883]},"properties":{"id":"F018:15_0","feed_id":"F018","feed_slug":"mizuho-community-bus","municipality":"瑞穂町","service_name":"コミュニティバス","license":"CC BY 4.0","source_stop_id":"15_0","stop_code":null,"stop_name":"栗原新田","stop_desc":null,"zone_id":"15_0","location_type":0,"parent_station":null,"wheelchair_boarding":null}},{"type":"Feature","id":"F018:16_1","geometry":{"type":"Point","coordinates":[139.344834,35.790114]},"properties":{"id":"F018:16_1","feed_id":"F018","feed_slug":"mizuho-community-bus","municipality":"瑞穂町","service_name":"コミュニティバス","license":"CC BY 4.0","source_stop_id":"16_1","stop_code":null,"stop_name":"飯能街道","stop_desc":null,"zone_id":"16_1","location_type":0,"parent_station":null,"wheelchair_boarding":null}},{"type":"Feature","id":"F018:16_2","geometry":{"type":"Point","coordinates":[139.344963,35.790059]},"properties":{"id":"F018:16_2","feed_id":"F018","feed_slug":"mizuho-community-bus","municipality":"瑞穂町","service_name":"コミュニティバス","license":"CC BY 4.0","source_stop_id":"16_2","stop_code":null,"stop_name":"飯能街道","stop_desc":null,"zone_id":"16_2","location_type":0,"parent_station":null,"wheelchair_boarding":null}},{"type":"Feature","id":"F018:17_1","geometry":{"type":"Point","coordinates":[139.34686,35.78669]},"properties":{"id":"F018:17_1","feed_id":"F018","feed_slug":"mizuho-community-bus","municipality":"瑞穂町","service_name":"コミュニティバス","license":"CC BY 4.0","source_stop_id":"17_1","stop_code":null,"stop_name":"松山町西","stop_desc":null,"zone_id":"17_1","location_type":0,"parent_station":null,"wheelchair_boarding":null}},{"type":"Feature","id":"F018:17_2","geometry":{"type":"Point","coordinates":[139.347928,35.785462]},"properties":{"id":"F018:17_2","feed_id":"F018","feed_slug":"mizuho-community-bus","municipality":"瑞穂町","service_name":"コミュニティバス","license":"CC BY 4.0","source_stop_id":"17_2","stop_code":null,"stop_name":"松山町西","stop_desc":null,"zone_id":"17_2","location_type":0,"parent_station":null,"wheelchair_boarding":null}},{"type":"Feature","id":"F018:18_1","geometry":{"type":"Point","coordinates":[139.354685,35.786377]},"properties":{"id":"F018:18_1","feed_id":"F018","feed_slug":"mizuho-community-bus","municipality":"瑞穂町","service_name":"コミュニティバス","license":"CC BY 4.0","source_stop_id":"18_1","stop_code":null,"stop_name":"松山町入口","stop_desc":null,"zone_id":"18_1","location_type":0,"parent_station":null,"wheelchair_boarding":null}},{"type":"Feature","id":"F018:19_1","geometry":{"type":"Point","coordinates":[139.356048,35.790448]},"properties":{"id":"F018:19_1","feed_id":"F018","feed_slug":"mizuho-community-bus","municipality":"瑞穂町","service_name":"コミュニティバス","license":"CC BY 4.0","source_stop_id":"19_1","stop_code":null,"stop_name":"農協前","stop_desc":null,"zone_id":"19_1","location_type":0,"parent_station":null,"wheelchair_boarding":null}},{"type":"Feature","id":"F018:20_1","geometry":{"type":"Point","coordinates":[139.352663,35.780266]},"properties":{"id":"F018:20_1","feed_id":"F018","feed_slug":"mizuho-community-bus","municipality":"瑞穂町","service_name":"コミュニティバス","license":"CC BY 4.0","source_stop_id":"20_1","stop_code":null,"stop_name":"駒形富士山","stop_desc":null,"zone_id":"20_1","location_type":0,"parent_station":null,"wheelchair_boarding":null}},{"type":"Feature","id":"F018:20_2","geometry":{"type":"Point","coordinates":[139.352814,35.780602]},"properties":{"id":"F018:20_2","feed_id":"F018","feed_slug":"mizuho-community-bus","municipality":"瑞穂町","service_name":"コミュニティバス","license":"CC BY 4.0","source_stop_id":"20_2","stop_code":null,"stop_name":"駒形富士山","stop_desc":null,"zone_id":"20_2","location_type":0,"parent_station":null,"wheelchair_boarding":null}},{"type":"Feature","id":"F018:21_1","geometry":{"type":"Point","coordinates":[139.353287,35.783231]},"properties":{"id":"F018:21_1","feed_id":"F018","feed_slug":"mizuho-community-bus","municipality":"瑞穂町","service_name":"コミュニティバス","license":"CC BY 4.0","source_stop_id":"21_1","stop_code":null,"stop_name":"瑞穂バイパス南","stop_desc":null,"zone_id":"21_1","location_type":0,"parent_station":null,"wheelchair_boarding":null}},{"type":"Feature","id":"F018:21_2","geometry":{"type":"Point","coordinates":[139.353438,35.783327]},"properties":{"id":"F018:21_2","feed_id":"F018","feed_slug":"mizuho-community-bus","municipality":"瑞穂町","service_name":"コミュニティバス","license":"CC BY 4.0","source_stop_id":"21_2","stop_code":null,"stop_name":"瑞穂バイパス南","stop_desc":null,"zone_id":"21_2","location_type":0,"parent_station":null,"wheelchair_boarding":null}},{"type":"Feature","id":"F018:22_1","geometry":{"type":"Point","coordinates":[139.33881,35.792336]},"properties":{"id":"F018:22_1","feed_id":"F018","feed_slug":"mizuho-community-bus","municipality":"瑞穂町","service_name":"コミュニティバス","license":"CC BY 4.0","source_stop_id":"22_1","stop_code":null,"stop_name":"竜泉寺前","stop_desc":null,"zone_id":"22_1","location_type":0,"parent_station":null,"wheelchair_boarding":null}},{"type":"Feature","id":"F018:22_2","geometry":{"type":"Point","coordinates":[139.338558,35.792393]},"properties":{"id":"F018:22_2","feed_id":"F018","feed_slug":"mizuho-community-bus","municipality":"瑞穂町","service_name":"コミュニティバス","license":"CC BY 4.0","source_stop_id":"22_2","stop_code":null,"stop_name":"竜泉寺前","stop_desc":null,"zone_id":"22_2","location_type":0,"parent_station":null,"wheelchair_boarding":null}},{"type":"Feature","id":"F018:23_1","geometry":{"type":"Point","coordinates":[139.336371,35.792183]},"properties":{"id":"F018:23_1","feed_id":"F018","feed_slug":"mizuho-community-bus","municipality":"瑞穂町","service_name":"コミュニティバス","license":"CC BY 4.0","source_stop_id":"23_1","stop_code":null,"stop_name":"みずほ園入口","stop_desc":null,"zone_id":"23_1","location_type":0,"parent_station":null,"wheelchair_boarding":null}},{"type":"Feature","id":"F018:23_2","geometry":{"type":"Point","coordinates":[139.336205,35.792092]},"properties":{"id":"F018:23_2","feed_id":"F018","feed_slug":"mizuho-community-bus","municipality":"瑞穂町","service_name":"コミュニティバス","license":"CC BY 4.0","source_stop_id":"23_2","stop_code":null,"stop_name":"みずほ園入口","stop_desc":null,"zone_id":"23_2","location_type":0,"parent_station":null,"wheelchair_boarding":null}},{"type":"Feature","id":"F018:24_1","geometry":{"type":"Point","coordinates":[139.329607,35.786834]},"properties":{"id":"F018:24_1","feed_id":"F018","feed_slug":"mizuho-community-bus","municipality":"瑞穂町","service_name":"コミュニティバス","license":"CC BY 4.0","source_stop_id":"24_1","stop_code":null,"stop_name":"けんちの苑","stop_desc":null,"zone_id":"24_1","location_type":0,"parent_station":null,"wheelchair_boarding":null}},{"type":"Feature","id":"F018:24_2","geometry":{"type":"Point","coordinates":[139.32995,35.78645]},"properties":{"id":"F018:24_2","feed_id":"F018","feed_slug":"mizuho-community-bus","municipality":"瑞穂町","service_name":"コミュニティバス","license":"CC BY 4.0","source_stop_id":"24_2","stop_code":null,"stop_name":"けんちの苑","stop_desc":null,"zone_id":"24_2","location_type":0,"parent_station":null,"wheelchair_boarding":null}},{"type":"Feature","id":"F018:25_1","geometry":{"type":"Point","coordinates":[139.332941,35.784662]},"properties":{"id":"F018:25_1","feed_id":"F018","feed_slug":"mizuho-community-bus","municipality":"瑞穂町","service_name":"コミュニティバス","license":"CC BY 4.0","source_stop_id":"25_1","stop_code":null,"stop_name":"長岡長谷部","stop_desc":null,"zone_id":"25_1","location_type":0,"parent_station":null,"wheelchair_boarding":null}},{"type":"Feature","id":"F018:25_2","geometry":{"type":"Point","coordinates":[139.332753,35.784658]},"properties":{"id":"F018:25_2","feed_id":"F018","feed_slug":"mizuho-community-bus","municipality":"瑞穂町","service_name":"コミュニティバス","license":"CC BY 4.0","source_stop_id":"25_2","stop_code":null,"stop_name":"長岡長谷部","stop_desc":null,"zone_id":"25_2","location_type":0,"parent_station":null,"wheelchair_boarding":null}},{"type":"Feature","id":"F018:26_1","geometry":{"type":"Point","coordinates":[139.337636,35.781503]},"properties":{"id":"F018:26_1","feed_id":"F018","feed_slug":"mizuho-community-bus","municipality":"瑞穂町","service_name":"コミュニティバス","license":"CC BY 4.0","source_stop_id":"26_1","stop_code":null,"stop_name":"第二中学校","stop_desc":null,"zone_id":"26_1","location_type":0,"parent_station":null,"wheelchair_boarding":null}},{"type":"Feature","id":"F018:26_2","geometry":{"type":"Point","coordinates":[139.336756,35.781995]},"properties":{"id":"F018:26_2","feed_id":"F018","feed_slug":"mizuho-community-bus","municipality":"瑞穂町","service_name":"コミュニティバス","license":"CC BY 4.0","source_stop_id":"26_2","stop_code":null,"stop_name":"第二中学校","stop_desc":null,"zone_id":"26_2","location_type":0,"parent_station":null,"wheelchair_boarding":null}},{"type":"Feature","id":"F018:27_1","geometry":{"type":"Point","coordinates":[139.342384,35.777232]},"properties":{"id":"F018:27_1","feed_id":"F018","feed_slug":"mizuho-community-bus","municipality":"瑞穂町","service_name":"コミュニティバス","license":"CC BY 4.0","source_stop_id":"27_1","stop_code":null,"stop_name":"岩蔵街道入口","stop_desc":null,"zone_id":"27_1","location_type":0,"parent_station":null,"wheelchair_boarding":null}},{"type":"Feature","id":"F018:27_2","geometry":{"type":"Point","coordinates":[139.342363,35.777067]},"properties":{"id":"F018:27_2","feed_id":"F018","feed_slug":"mizuho-community-bus","municipality":"瑞穂町","service_name":"コミュニティバス","license":"CC BY 4.0","source_stop_id":"27_2","stop_code":null,"stop_name":"岩蔵街道入口","stop_desc":null,"zone_id":"27_2","location_type":0,"parent_station":null,"wheelchair_boarding":null}},{"type":"Feature","id":"F018:28_0","geometry":{"type":"Point","coordinates":[139.342237,35.775121]},"properties":{"id":"F018:28_0","feed_id":"F018","feed_slug":"mizuho-community-bus","municipality":"瑞穂町","service_name":"コミュニティバス","license":"CC BY 4.0","source_stop_id":"28_0","stop_code":null,"stop_name":"オリンピック","stop_desc":null,"zone_id":"28_0","location_type":0,"parent_station":null,"wheelchair_boarding":null}},{"type":"Feature","id":"F018:29_0","geometry":{"type":"Point","coordinates":[139.357386,35.774161]},"properties":{"id":"F018:29_0","feed_id":"F018","feed_slug":"mizuho-community-bus","municipality":"瑞穂町","service_name":"コミュニティバス","license":"CC BY 4.0","source_stop_id":"29_0","stop_code":null,"stop_name":"ふれあいセンター","stop_desc":null,"zone_id":"29_0","location_type":0,"parent_station":null,"wheelchair_boarding":null}},{"type":"Feature","id":"F018:30_1","geometry":{"type":"Point","coordinates":[139.354954,35.768337]},"properties":{"id":"F018:30_1","feed_id":"F018","feed_slug":"mizuho-community-bus","municipality":"瑞穂町","service_name":"コミュニティバス","license":"CC BY 4.0","source_stop_id":"30_1","stop_code":null,"stop_name":"瑞穂第一小学校","stop_desc":null,"zone_id":"30_1","location_type":0,"parent_station":null,"wheelchair_boarding":null}},{"type":"Feature","id":"F018:30_2","geometry":{"type":"Point","coordinates":[139.355142,35.768093]},"properties":{"id":"F018:30_2","feed_id":"F018","feed_slug":"mizuho-community-bus","municipality":"瑞穂町","service_name":"コミュニティバス","license":"CC BY 4.0","source_stop_id":"30_2","stop_code":null,"stop_name":"瑞穂第一小学校","stop_desc":null,"zone_id":"30_2","location_type":0,"parent_station":null,"wheelchair_boarding":null}},{"type":"Feature","id":"F018:31_1","geometry":{"type":"Point","coordinates":[139.361014,35.766164]},"properties":{"id":"F018:31_1","feed_id":"F018","feed_slug":"mizuho-community-bus","municipality":"瑞穂町","service_name":"コミュニティバス","license":"CC BY 4.0","source_stop_id":"31_1","stop_code":null,"stop_name":"寄り合いハウスいこい","stop_desc":null,"zone_id":"31_1","location_type":0,"parent_station":null,"wheelchair_boarding":null}},{"type":"Feature","id":"F018:31_2","geometry":{"type":"Point","coordinates":[139.360735,35.766177]},"properties":{"id":"F018:31_2","feed_id":"F018","feed_slug":"mizuho-community-bus","municipality":"瑞穂町","service_name":"コミュニティバス","license":"CC BY 4.0","source_stop_id":"31_2","stop_code":null,"stop_name":"寄り合いハウスいこい","stop_desc":null,"zone_id":"31_2","location_type":0,"parent_station":null,"wheelchair_boarding":null}},{"type":"Feature","id":"F018:32_1","geometry":{"type":"Point","coordinates":[139.363414,35.763637]},"properties":{"id":"F018:32_1","feed_id":"F018","feed_slug":"mizuho-community-bus","municipality":"瑞穂町","service_name":"コミュニティバス","license":"CC BY 4.0","source_stop_id":"32_1","stop_code":null,"stop_name":"阿豆佐味通り北","stop_desc":null,"zone_id":"32_1","location_type":0,"parent_station":null,"wheelchair_boarding":null}},{"type":"Feature","id":"F018:32_2","geometry":{"type":"Point","coordinates":[139.363334,35.763668]},"properties":{"id":"F018:32_2","feed_id":"F018","feed_slug":"mizuho-community-bus","municipality":"瑞穂町","service_name":"コミュニティバス","license":"CC BY 4.0","source_stop_id":"32_2","stop_code":null,"stop_name":"阿豆佐味通り北","stop_desc":null,"zone_id":"32_2","location_type":0,"parent_station":null,"wheelchair_boarding":null}},{"type":"Feature","id":"F018:34_0","geometry":{"type":"Point","coordinates":[139.3584,35.762511]},"properties":{"id":"F018:34_0","feed_id":"F018","feed_slug":"mizuho-community-bus","municipality":"瑞穂町","service_name":"コミュニティバス","license":"CC BY 4.0","source_stop_id":"34_0","stop_code":null,"stop_name":"ジョイフル本田","stop_desc":null,"zone_id":"34_0","location_type":0,"parent_station":null,"wheelchair_boarding":null}},{"type":"Feature","id":"F018:35_0","geometry":{"type":"Point","coordinates":[139.3568,35.758031]},"properties":{"id":"F018:35_0","feed_id":"F018","feed_slug":"mizuho-community-bus","municipality":"瑞穂町","service_name":"コミュニティバス","license":"CC BY 4.0","source_stop_id":"35_0","stop_code":null,"stop_name":"菜の花クリニック","stop_desc":null,"zone_id":"35_0","location_type":0,"parent_station":null,"wheelchair_boarding":null}},{"type":"Feature","id":"F018:36_0","geometry":{"type":"Point","coordinates":[139.359561,35.759175]},"properties":{"id":"F018:36_0","feed_id":"F018","feed_slug":"mizuho-community-bus","municipality":"瑞穂町","service_name":"コミュニティバス","license":"CC BY 4.0","source_stop_id":"36_0","stop_code":null,"stop_name":"阿豆佐味通り南","stop_desc":null,"zone_id":"36_0","location_type":0,"parent_station":null,"wheelchair_boarding":null}},{"type":"Feature","id":"F016:S1_1","geometry":{"type":"Point","coordinates":[139.472560598716,35.5352270385355]},"properties":{"id":"F016:S1_1","feed_id":"F016","feed_slug":"machida-community-bus","municipality":"町田市","service_name":"市民バス・コミュニティバス","license":"CC0 1.0","source_stop_id":"S1_1","stop_code":null,"stop_name":"成瀬駅南口前","stop_desc":null,"zone_id":"S1_1","location_type":0,"parent_station":null,"wheelchair_boarding":null}},{"type":"Feature","id":"F016:S1_2","geometry":{"type":"Point","coordinates":[139.472560598716,35.5352270385355]},"properties":{"id":"F016:S1_2","feed_id":"F016","feed_slug":"machida-community-bus","municipality":"町田市","service_name":"市民バス・コミュニティバス","license":"CC0 1.0","source_stop_id":"S1_2","stop_code":null,"stop_name":"成瀬駅南口前","stop_desc":null,"zone_id":"S1_2","location_type":0,"parent_station":null,"wheelchair_boarding":null}},{"type":"Feature","id":"F016:S2_1","geometry":{"type":"Point","coordinates":[139.469505294533,35.5354265877337]},"properties":{"id":"F016:S2_1","feed_id":"F016","feed_slug":"machida-community-bus","municipality":"町田市","service_name":"市民バス・コミュニティバス","license":"CC0 1.0","source_stop_id":"S2_1","stop_code":null,"stop_name":"成瀬が丘三丁目東","stop_desc":null,"zone_id":"S2_1","location_type":0,"parent_station":null,"wheelchair_boarding":null}},{"type":"Feature","id":"F016:S3_1","geometry":{"type":"Point","coordinates":[139.468463721445,35.535296366369]},"properties":{"id":"F016:S3_1","feed_id":"F016","feed_slug":"machida-community-bus","municipality":"町田市","service_name":"市民バス・コミュニティバス","license":"CC0 1.0","source_stop_id":"S3_1","stop_code":null,"stop_name":"三丁目児童公園入口","stop_desc":null,"zone_id":"S3_1","location_type":0,"parent_station":null,"wheelchair_boarding":null}},{"type":"Feature","id":"F016:S4_1","geometry":{"type":"Point","coordinates":[139.466797222096,35.5346453535985]},"properties":{"id":"F016:S4_1","feed_id":"F016","feed_slug":"machida-community-bus","municipality":"町田市","service_name":"市民バス・コミュニティバス","license":"CC0 1.0","source_stop_id":"S4_1","stop_code":null,"stop_name":"成瀬が丘三丁目西","stop_desc":null,"zone_id":"S4_1","location_type":0,"parent_station":null,"wheelchair_boarding":null}},{"type":"Feature","id":"F016:S5_1","geometry":{"type":"Point","coordinates":[139.465373753536,35.5340985022464]},"properties":{"id":"F016:S5_1","feed_id":"F016","feed_slug":"machida-community-bus","municipality":"町田市","service_name":"市民バス・コミュニティバス","license":"CC0 1.0","source_stop_id":"S5_1","stop_code":null,"stop_name":"金森図書館前","stop_desc":null,"zone_id":"S5_1","location_type":0,"parent_station":null,"wheelchair_boarding":null}},{"type":"Feature","id":"F016:S6_1","geometry":{"type":"Point","coordinates":[139.463637756655,35.5349316958456]},"properties":{"id":"F016:S6_1","feed_id":"F016","feed_slug":"machida-community-bus","municipality":"町田市","service_name":"市民バス・コミュニティバス","license":"CC0 1.0","source_stop_id":"S6_1","stop_code":null,"stop_name":"松葉谷戸公園入口","stop_desc":null,"zone_id":"S6_1","location_type":0,"parent_station":null,"wheelchair_boarding":null}},{"type":"Feature","id":"F016:S7_1","geometry":{"type":"Point","coordinates":[139.461901808758,35.5345323890634]},"properties":{"id":"F016:S7_1","feed_id":"F016","feed_slug":"machida-community-bus","municipality":"町田市","service_name":"市民バス・コミュニティバス","license":"CC0 1.0","source_stop_id":"S7_1","stop_code":null,"stop_name":"都営金森第９前","stop_desc":null,"zone_id":"S7_1","location_type":0,"parent_station":null,"wheelchair_boarding":null}},{"type":"Feature","id":"F016:S8_1","geometry":{"type":"Point","coordinates":[139.460721376162,35.5339595054304]},"properties":{"id":"F016:S8_1","feed_id":"F016","feed_slug":"machida-community-bus","municipality":"町田市","service_name":"市民バス・コミュニティバス","license":"CC0 1.0","source_stop_id":"S8_1","stop_code":null,"stop_name":"金森二丁目中央","stop_desc":null,"zone_id":"S8_1","location_type":0,"parent_station":null,"wheelchair_boarding":null}},{"type":"Feature","id":"F016:S9_1","geometry":{"type":"Point","coordinates":[139.460964462131,35.5326749340192]},"properties":{"id":"F016:S9_1","feed_id":"F016","feed_slug":"machida-community-bus","municipality":"町田市","service_name":"市民バス・コミュニティバス","license":"CC0 1.0","source_stop_id":"S9_1","stop_code":null,"stop_name":"金森","stop_desc":null,"zone_id":"S9_1","location_type":0,"parent_station":null,"wheelchair_boarding":null}},{"type":"Feature","id":"F016:S10_1","geometry":{"type":"Point","coordinates":[139.462040840017,35.5306526204116]},"properties":{"id":"F016:S10_1","feed_id":"F016","feed_slug":"machida-community-bus","municipality":"町田市","service_name":"市民バス・コミュニティバス","license":"CC0 1.0","source_stop_id":"S10_1","stop_code":null,"stop_name":"都営金森第１１入口","stop_desc":null,"zone_id":"S10_1","location_type":0,"parent_station":null,"wheelchair_boarding":null}},{"type":"Feature","id":"F016:S11_1","geometry":{"type":"Point","coordinates":[139.462700565906,35.5291510705485]},"properties":{"id":"F016:S11_1","feed_id":"F016","feed_slug":"machida-community-bus","municipality":"町田市","service_name":"市民バス・コミュニティバス","license":"CC0 1.0","source_stop_id":"S11_1","stop_code":null,"stop_name":"市営住宅入口","stop_desc":null,"zone_id":"S11_1","location_type":0,"parent_station":null,"wheelchair_boarding":null}},{"type":"Feature","id":"F016:S12_1","geometry":{"type":"Point","coordinates":[139.463950480858,35.5286216493386]},"properties":{"id":"F016:S12_1","feed_id":"F016","feed_slug":"machida-community-bus","municipality":"町田市","service_name":"市民バス・コミュニティバス","license":"CC0 1.0","source_stop_id":"S12_1","stop_code":null,"stop_name":"南中学校北","stop_desc":null,"zone_id":"S12_1","location_type":0,"parent_station":null,"wheelchair_boarding":null}},{"type":"Feature","id":"F016:S13_1","geometry":{"type":"Point","coordinates":[139.465686389806,35.5300017486873]},"properties":{"id":"F016:S13_1","feed_id":"F016","feed_slug":"machida-community-bus","municipality":"町田市","service_name":"市民バス・コミュニティバス","license":"CC0 1.0","source_stop_id":"S13_1","stop_code":null,"stop_name":"わさび田公園前","stop_desc":null,"zone_id":"S13_1","location_type":0,"parent_station":null,"wheelchair_boarding":null}},{"type":"Feature","id":"F016:S14_1","geometry":{"type":"Point","coordinates":[139.468325020262,35.5308697767756]},"properties":{"id":"F016:S14_1","feed_id":"F016","feed_slug":"machida-community-bus","municipality":"町田市","service_name":"市民バス・コミュニティバス","license":"CC0 1.0","source_stop_id":"S14_1","stop_code":null,"stop_name":"みずき山ふるさとの森","stop_desc":null,"zone_id":"S14_1","location_type":0,"parent_station":null,"wheelchair_boarding":null}},{"type":"Feature","id":"F016:S15_1","geometry":{"type":"Point","coordinates":[139.467734733597,35.5323539693206]},"properties":{"id":"F016:S15_1","feed_id":"F016","feed_slug":"machida-community-bus","municipality":"町田市","service_name":"市民バス・コミュニティバス","license":"CC0 1.0","source_stop_id":"S15_1","stop_code":null,"stop_name":"南第四小学校入口","stop_desc":null,"zone_id":"S15_1","location_type":0,"parent_station":null,"wheelchair_boarding":null}},{"type":"Feature","id":"F016:S16_1","geometry":{"type":"Point","coordinates":[139.46988727625,35.533673322677]},"properties":{"id":"F016:S16_1","feed_id":"F016","feed_slug":"machida-community-bus","municipality":"町田市","service_name":"市民バス・コミュニティバス","license":"CC0 1.0","source_stop_id":"S16_1","stop_code":null,"stop_name":"都立小川高校前","stop_desc":null,"zone_id":"S16_1","location_type":0,"parent_station":null,"wheelchair_boarding":null}},{"type":"Feature","id":"F016:S17_1","geometry":{"type":"Point","coordinates":[139.470407978791,35.5358519111372]},"properties":{"id":"F016:S17_1","feed_id":"F016","feed_slug":"machida-community-bus","municipality":"町田市","service_name":"市民バス・コミュニティバス","license":"CC0 1.0","source_stop_id":"S17_1","stop_code":null,"stop_name":"成瀬が丘二丁目西","stop_desc":null,"zone_id":"S17_1","location_type":0,"parent_station":null,"wheelchair_boarding":null}},{"type":"Feature","id":"F016:S18_1","geometry":{"type":"Point","coordinates":[139.464089391753,35.5277710541616]},"properties":{"id":"F016:S18_1","feed_id":"F016","feed_slug":"machida-community-bus","municipality":"町田市","service_name":"市民バス・コミュニティバス","license":"CC0 1.0","source_stop_id":"S18_1","stop_code":null,"stop_name":"南中学校前［町田市］","stop_desc":null,"zone_id":"S18_1","location_type":0,"parent_station":null,"wheelchair_boarding":null}},{"type":"Feature","id":"F016:S19_1","geometry":{"type":"Point","coordinates":[139.465929548531,35.5268857858299]},"properties":{"id":"F016:S19_1","feed_id":"F016","feed_slug":"machida-community-bus","municipality":"町田市","service_name":"市民バス・コミュニティバス","license":"CC0 1.0","source_stop_id":"S19_1","stop_code":null,"stop_name":"南中学校東","stop_desc":null,"zone_id":"S19_1","location_type":0,"parent_station":null,"wheelchair_boarding":null}},{"type":"Feature","id":"F016:S20_1","geometry":{"type":"Point","coordinates":[139.444437656561,35.5435152907645]},"properties":{"id":"F016:S20_1","feed_id":"F016","feed_slug":"machida-community-bus","municipality":"町田市","service_name":"市民バス・コミュニティバス","license":"CC0 1.0","source_stop_id":"S20_1","stop_code":null,"stop_name":"町田バスセンター","stop_desc":null,"zone_id":"S20_1","location_type":0,"parent_station":null,"wheelchair_boarding":null}},{"type":"Feature","id":"F016:S20_2","geometry":{"type":"Point","coordinates":[139.444437656561,35.5435152907645]},"properties":{"id":"F016:S20_2","feed_id":"F016","feed_slug":"machida-community-bus","municipality":"町田市","service_name":"市民バス・コミュニティバス","license":"CC0 1.0","source_stop_id":"S20_2","stop_code":null,"stop_name":"町田バスセンター","stop_desc":null,"zone_id":"S20_2","location_type":0,"parent_station":null,"wheelchair_boarding":null}},{"type":"Feature","id":"F016:S21_1","geometry":{"type":"Point","coordinates":[139.438986580482,35.5472907633261]},"properties":{"id":"F016:S21_1","feed_id":"F016","feed_slug":"machida-community-bus","municipality":"町田市","service_name":"市民バス・コミュニティバス","license":"CC0 1.0","source_stop_id":"S21_1","stop_code":null,"stop_name":"町田市役所市民ホール前","stop_desc":null,"zone_id":"S21_1","location_type":0,"parent_station":null,"wheelchair_boarding":null}},{"type":"Feature","id":"F016:S22_1","geometry":{"type":"Point","coordinates":[139.438222634348,35.5503633143133]},"properties":{"id":"F016:S22_1","feed_id":"F016","feed_slug":"machida-community-bus","municipality":"町田市","service_name":"市民バス・コミュニティバス","license":"CC0 1.0","source_stop_id":"S22_1","stop_code":null,"stop_name":"第四小学校前［町田市］","stop_desc":null,"zone_id":"S22_1","location_type":0,"parent_station":null,"wheelchair_boarding":null}},{"type":"Feature","id":"F016:S23_1","geometry":{"type":"Point","coordinates":[139.440514024662,35.5524204355605]},"properties":{"id":"F016:S23_1","feed_id":"F016","feed_slug":"machida-community-bus","municipality":"町田市","service_name":"市民バス・コミュニティバス","license":"CC0 1.0","source_stop_id":"S23_1","stop_code":null,"stop_name":"中町二丁目","stop_desc":null,"zone_id":"S23_1","location_type":0,"parent_station":null,"wheelchair_boarding":null}},{"type":"Feature","id":"F016:S24_1","geometry":{"type":"Point","coordinates":[139.442076307797,35.5545382945111]},"properties":{"id":"F016:S24_1","feed_id":"F016","feed_slug":"machida-community-bus","municipality":"町田市","service_name":"市民バス・コミュニティバス","license":"CC0 1.0","source_stop_id":"S24_1","stop_code":null,"stop_name":"旭町","stop_desc":null,"zone_id":"S24_1","location_type":0,"parent_station":null,"wheelchair_boarding":null}},{"type":"Feature","id":"F016:S25_1","geometry":{"type":"Point","coordinates":[139.437701579582,35.5570465769125]},"properties":{"id":"F016:S25_1","feed_id":"F016","feed_slug":"machida-community-bus","municipality":"町田市","service_name":"市民バス・コミュニティバス","license":"CC0 1.0","source_stop_id":"S25_1","stop_code":null,"stop_name":"町田市民病院","stop_desc":null,"zone_id":"S25_1","location_type":0,"parent_station":null,"wheelchair_boarding":null}},{"type":"Feature","id":"F016:S26_1","geometry":{"type":"Point","coordinates":[139.443083212287,35.5533926167113]},"properties":{"id":"F016:S26_1","feed_id":"F016","feed_slug":"machida-community-bus","municipality":"町田市","service_name":"市民バス・コミュニティバス","license":"CC0 1.0","source_stop_id":"S26_1","stop_code":null,"stop_name":"五間道路","stop_desc":null,"zone_id":"S26_1","location_type":0,"parent_station":null,"wheelchair_boarding":null}},{"type":"Feature","id":"F016:S27_1","geometry":{"type":"Point","coordinates":[139.44468037066,35.551587306513]},"properties":{"id":"F016:S27_1","feed_id":"F016","feed_slug":"machida-community-bus","municipality":"町田市","service_name":"市民バス・コミュニティバス","license":"CC0 1.0","source_stop_id":"S27_1","stop_code":null,"stop_name":"図書館前［町田市］","stop_desc":null,"zone_id":"S27_1","location_type":0,"parent_station":null,"wheelchair_boarding":null}},{"type":"Feature","id":"F016:S28_1","geometry":{"type":"Point","coordinates":[139.446242806311,35.5498687911847]},"properties":{"id":"F016:S28_1","feed_id":"F016","feed_slug":"machida-community-bus","municipality":"町田市","service_name":"市民バス・コミュニティバス","license":"CC0 1.0","source_stop_id":"S28_1","stop_code":null,"stop_name":"中町一丁目","stop_desc":null,"zone_id":"S28_1","location_type":0,"parent_station":null,"wheelchair_boarding":null}},{"type":"Feature","id":"F016:S29_1","geometry":{"type":"Point","coordinates":[139.449749609993,35.5459196754339]},"properties":{"id":"F016:S29_1","feed_id":"F016","feed_slug":"machida-community-bus","municipality":"町田市","service_name":"市民バス・コミュニティバス","license":"CC0 1.0","source_stop_id":"S29_1","stop_code":null,"stop_name":"原町田五丁目","stop_desc":null,"zone_id":"S29_1","location_type":0,"parent_station":null,"wheelchair_boarding":null}},{"type":"Feature","id":"F016:S30_1","geometry":{"type":"Point","coordinates":[139.451832860297,35.5435588849949]},"properties":{"id":"F016:S30_1","feed_id":"F016","feed_slug":"machida-community-bus","municipality":"町田市","service_name":"市民バス・コミュニティバス","license":"CC0 1.0","source_stop_id":"S30_1","stop_code":null,"stop_name":"原町田四丁目","stop_desc":null,"zone_id":"S30_1","location_type":0,"parent_station":null,"wheelchair_boarding":null}},{"type":"Feature","id":"F016:S31_1","geometry":{"type":"Point","coordinates":[139.448985994987,35.5406598296934]},"properties":{"id":"F016:S31_1","feed_id":"F016","feed_slug":"machida-community-bus","municipality":"町田市","service_name":"市民バス・コミュニティバス","license":"CC0 1.0","source_stop_id":"S31_1","stop_code":null,"stop_name":"町田ターミナル","stop_desc":null,"zone_id":"S31_1","location_type":0,"parent_station":null,"wheelchair_boarding":null}},{"type":"Feature","id":"F016:S32_1","geometry":{"type":"Point","coordinates":[139.285524815525,35.6125050516639]},"properties":{"id":"F016:S32_1","feed_id":"F016","feed_slug":"machida-community-bus","municipality":"町田市","service_name":"市民バス・コミュニティバス","license":"CC0 1.0","source_stop_id":"S32_1","stop_code":null,"stop_name":"ネイチャーファクトリー東京町田","stop_desc":null,"zone_id":"S32_1","location_type":0,"parent_station":null,"wheelchair_boarding":null}},{"type":"Feature","id":"F016:S33_1","geometry":{"type":"Point","coordinates":[139.288406487761,35.6131821350668]},"properties":{"id":"F016:S33_1","feed_id":"F016","feed_slug":"machida-community-bus","municipality":"町田市","service_name":"市民バス・コミュニティバス","license":"CC0 1.0","source_stop_id":"S33_1","stop_code":null,"stop_name":"上大戸","stop_desc":null,"zone_id":"S33_1","location_type":0,"parent_station":null,"wheelchair_boarding":null}},{"type":"Feature","id":"F016:S34_1","geometry":{"type":"Point","coordinates":[139.290941010763,35.6127655824304]},"properties":{"id":"F016:S34_1","feed_id":"F016","feed_slug":"machida-community-bus","municipality":"町田市","service_name":"市民バス・コミュニティバス","license":"CC0 1.0","source_stop_id":"S34_1","stop_code":null,"stop_name":"大戸橋","stop_desc":null,"zone_id":"S34_1","location_type":0,"parent_station":null,"wheelchair_boarding":null}},{"type":"Feature","id":"F016:S35_1","geometry":{"type":"Point","coordinates":[139.295385151008,35.6108995908045]},"properties":{"id":"F016:S35_1","feed_id":"F016","feed_slug":"machida-community-bus","municipality":"町田市","service_name":"市民バス・コミュニティバス","license":"CC0 1.0","source_stop_id":"S35_1","stop_code":null,"stop_name":"公会堂前［町田市］","stop_desc":null,"zone_id":"S35_1","location_type":0,"parent_station":null,"wheelchair_boarding":null}},{"type":"Feature","id":"F016:S36_1","geometry":{"type":"Point","coordinates":[139.298787685009,35.6097452970094]},"properties":{"id":"F016:S36_1","feed_id":"F016","feed_slug":"machida-community-bus","municipality":"町田市","service_name":"市民バス・コミュニティバス","license":"CC0 1.0","source_stop_id":"S36_1","stop_code":null,"stop_name":"水の口","stop_desc":null,"zone_id":"S36_1","location_type":0,"parent_station":null,"wheelchair_boarding":null}},{"type":"Feature","id":"F016:S37_1","geometry":{"type":"Point","coordinates":[139.301808363271,35.6071762218332]},"properties":{"id":"F016:S37_1","feed_id":"F016","feed_slug":"machida-community-bus","municipality":"町田市","service_name":"市民バス・コミュニティバス","license":"CC0 1.0","source_stop_id":"S37_1","stop_code":null,"stop_name":"円林寺前","stop_desc":null,"zone_id":"S37_1","location_type":0,"parent_station":null,"wheelchair_boarding":null}},{"type":"Feature","id":"F016:S38_1","geometry":{"type":"Point","coordinates":[139.304551237775,35.6058569985727]},"properties":{"id":"F016:S38_1","feed_id":"F016","feed_slug":"machida-community-bus","municipality":"町田市","service_name":"市民バス・コミュニティバス","license":"CC0 1.0","source_stop_id":"S38_1","stop_code":null,"stop_name":"境橋［町田市］","stop_desc":null,"zone_id":"S38_1","location_type":0,"parent_station":null,"wheelchair_boarding":null}},{"type":"Feature","id":"F016:S39_1","geometry":{"type":"Point","coordinates":[139.309620271154,35.6053450377202]},"properties":{"id":"F016:S39_1","feed_id":"F016","feed_slug":"machida-community-bus","municipality":"町田市","service_name":"市民バス・コミュニティバス","license":"CC0 1.0","source_stop_id":"S39_1","stop_code":null,"stop_name":"根岸［相原町］","stop_desc":null,"zone_id":"S39_1","location_type":0,"parent_station":null,"wheelchair_boarding":null}},{"type":"Feature","id":"F016:S40_1","geometry":{"type":"Point","coordinates":[139.316216916143,35.6057444730917]},"properties":{"id":"F016:S40_1","feed_id":"F016","feed_slug":"machida-community-bus","municipality":"町田市","service_name":"市民バス・コミュニティバス","license":"CC0 1.0","source_stop_id":"S40_1","stop_code":null,"stop_name":"相原十字路","stop_desc":null,"zone_id":"S40_1","location_type":0,"parent_station":null,"wheelchair_boarding":null}},{"type":"Feature","id":"F016:S41_1","geometry":{"type":"Point","coordinates":[139.319480501452,35.606395527949]},"properties":{"id":"F016:S41_1","feed_id":"F016","feed_slug":"machida-community-bus","municipality":"町田市","service_name":"市民バス・コミュニティバス","license":"CC0 1.0","source_stop_id":"S41_1","stop_code":null,"stop_name":"開都","stop_desc":null,"zone_id":"S41_1","location_type":0,"parent_station":null,"wheelchair_boarding":null}},{"type":"Feature","id":"F016:S42_1","geometry":{"type":"Point","coordinates":[139.323403806655,35.6056925860579]},"properties":{"id":"F016:S42_1","feed_id":"F016","feed_slug":"machida-community-bus","municipality":"町田市","service_name":"市民バス・コミュニティバス","license":"CC0 1.0","source_stop_id":"S42_1","stop_code":null,"stop_name":"相原小学校前","stop_desc":null,"zone_id":"S42_1","location_type":0,"parent_station":null,"wheelchair_boarding":null}},{"type":"Feature","id":"F016:S43_1","geometry":{"type":"Point","coordinates":[139.327188246185,35.6047032144023]},"properties":{"id":"F016:S43_1","feed_id":"F016","feed_slug":"machida-community-bus","municipality":"町田市","service_name":"市民バス・コミュニティバス","license":"CC0 1.0","source_stop_id":"S43_1","stop_code":null,"stop_name":"諏訪神社前［町田市］","stop_desc":null,"zone_id":"S43_1","location_type":0,"parent_station":null,"wheelchair_boarding":null}},{"type":"Feature","id":"F016:S44_1","geometry":{"type":"Point","coordinates":[139.330799053182,35.6046251938952]},"properties":{"id":"F016:S44_1","feed_id":"F016","feed_slug":"machida-community-bus","municipality":"町田市","service_name":"市民バス・コミュニティバス","license":"CC0 1.0","source_stop_id":"S44_1","stop_code":null,"stop_name":"相原","stop_desc":null,"zone_id":"S44_1","location_type":0,"parent_station":null,"wheelchair_boarding":null}},{"type":"Feature","id":"F016:S45_1","geometry":{"type":"Point","coordinates":[139.333507154039,35.6046773431469]},"properties":{"id":"F016:S45_1","feed_id":"F016","feed_slug":"machida-community-bus","municipality":"町田市","service_name":"市民バス・コミュニティバス","license":"CC0 1.0","source_stop_id":"S45_1","stop_code":null,"stop_name":"堺市民センター前","stop_desc":null,"zone_id":"S45_1","location_type":0,"parent_station":null,"wheelchair_boarding":null}},{"type":"Feature","id":"F016:S46_1","geometry":{"type":"Point","coordinates":[139.3363888133,35.6056842506463]},"properties":{"id":"F016:S46_1","feed_id":"F016","feed_slug":"machida-community-bus","municipality":"町田市","service_name":"市民バス・コミュニティバス","license":"CC0 1.0","source_stop_id":"S46_1","stop_code":null,"stop_name":"堺中学校前","stop_desc":null,"zone_id":"S46_1","location_type":0,"parent_station":null,"wheelchair_boarding":null}},{"type":"Feature","id":"F016:S47_1","geometry":{"type":"Point","coordinates":[139.33829836651,35.6058492132615]},"properties":{"id":"F016:S47_1","feed_id":"F016","feed_slug":"machida-community-bus","municipality":"町田市","service_name":"市民バス・コミュニティバス","license":"CC0 1.0","source_stop_id":"S47_1","stop_code":null,"stop_name":"堺農協前","stop_desc":null,"zone_id":"S47_1","location_type":0,"parent_station":null,"wheelchair_boarding":null}},{"type":"Feature","id":"F016:S48_1","geometry":{"type":"Point","coordinates":[139.341249521583,35.6054153125736]},"properties":{"id":"F016:S48_1","feed_id":"F016","feed_slug":"machida-community-bus","municipality":"町田市","service_name":"市民バス・コミュニティバス","license":"CC0 1.0","source_stop_id":"S48_1","stop_code":null,"stop_name":"坂下［町田市相原町］","stop_desc":null,"zone_id":"S48_1","location_type":0,"parent_station":null,"wheelchair_boarding":null}},{"type":"Feature","id":"F016:S49_1","geometry":{"type":"Point","coordinates":[139.344374296473,35.6043912051482]},"properties":{"id":"F016:S49_1","feed_id":"F016","feed_slug":"machida-community-bus","municipality":"町田市","service_name":"市民バス・コミュニティバス","license":"CC0 1.0","source_stop_id":"S49_1","stop_code":null,"stop_name":"相原境","stop_desc":null,"zone_id":"S49_1","location_type":0,"parent_station":null,"wheelchair_boarding":null}},{"type":"Feature","id":"F016:S50_1","geometry":{"type":"Point","coordinates":[139.348748986795,35.6028203174118]},"properties":{"id":"F016:S50_1","feed_id":"F016","feed_slug":"machida-community-bus","municipality":"町田市","service_name":"市民バス・コミュニティバス","license":"CC0 1.0","source_stop_id":"S50_1","stop_code":null,"stop_name":"久保ヶ谷戸","stop_desc":null,"zone_id":"S50_1","location_type":0,"parent_station":null,"wheelchair_boarding":null}},{"type":"Feature","id":"F016:S51_1","geometry":{"type":"Point","coordinates":[139.359720374537,35.6003382488584]},"properties":{"id":"F016:S51_1","feed_id":"F016","feed_slug":"machida-community-bus","municipality":"町田市","service_name":"市民バス・コミュニティバス","license":"CC0 1.0","source_stop_id":"S51_1","stop_code":null,"stop_name":"田端［町田市］","stop_desc":null,"zone_id":"S51_1","location_type":0,"parent_station":null,"wheelchair_boarding":null}},{"type":"Feature","id":"F016:S52_1","geometry":{"type":"Point","coordinates":[139.368469762304,35.5970228818325]},"properties":{"id":"F016:S52_1","feed_id":"F016","feed_slug":"machida-community-bus","municipality":"町田市","service_name":"市民バス・コミュニティバス","license":"CC0 1.0","source_stop_id":"S52_1","stop_code":null,"stop_name":"片所","stop_desc":null,"zone_id":"S52_1","location_type":0,"parent_station":null,"wheelchair_boarding":null}},{"type":"Feature","id":"F016:S53_1","geometry":{"type":"Point","coordinates":[139.37808715196,35.5932041222577]},"properties":{"id":"F016:S53_1","feed_id":"F016","feed_slug":"machida-community-bus","municipality":"町田市","service_name":"市民バス・コミュニティバス","license":"CC0 1.0","source_stop_id":"S53_1","stop_code":null,"stop_name":"小山小学校前","stop_desc":null,"zone_id":"S53_1","location_type":0,"parent_station":null,"wheelchair_boarding":null}},{"type":"Feature","id":"F016:S54_1","geometry":{"type":"Point","coordinates":[139.394995726714,35.5859137245284]},"properties":{"id":"F016:S54_1","feed_id":"F016","feed_slug":"machida-community-bus","municipality":"町田市","service_name":"市民バス・コミュニティバス","license":"CC0 1.0","source_stop_id":"S54_1","stop_code":null,"stop_name":"常盤","stop_desc":null,"zone_id":"S54_1","location_type":0,"parent_station":null,"wheelchair_boarding":null}},{"type":"Feature","id":"F016:S55_1","geometry":{"type":"Point","coordinates":[139.414403498251,35.5934828327621]},"properties":{"id":"F016:S55_1","feed_id":"F016","feed_slug":"machida-community-bus","municipality":"町田市","service_name":"市民バス・コミュニティバス","license":"CC0 1.0","source_stop_id":"S55_1","stop_code":null,"stop_name":"桜橋［町田市］","stop_desc":null,"zone_id":"S55_1","location_type":0,"parent_station":null,"wheelchair_boarding":null}},{"type":"Feature","id":"F016:S56_1","geometry":{"type":"Point","coordinates":[139.412355343424,35.5863915621846]},"properties":{"id":"F016:S56_1","feed_id":"F016","feed_slug":"machida-community-bus","municipality":"町田市","service_name":"市民バス・コミュニティバス","license":"CC0 1.0","source_stop_id":"S56_1","stop_code":null,"stop_name":"市立室内プール［町田市］","stop_desc":null,"zone_id":"S56_1","location_type":0,"parent_station":null,"wheelchair_boarding":null}},{"type":"Feature","id":"F016:S57_1","geometry":{"type":"Point","coordinates":[139.420063349835,35.5781461665076]},"properties":{"id":"F016:S57_1","feed_id":"F016","feed_slug":"machida-community-bus","municipality":"町田市","service_name":"市民バス・コミュニティバス","license":"CC0 1.0","source_stop_id":"S57_1","stop_code":null,"stop_name":"忠生三丁目","stop_desc":null,"zone_id":"S57_1","location_type":0,"parent_station":null,"wheelchair_boarding":null}},{"type":"Feature","id":"F016:S58_1","geometry":{"type":"Point","coordinates":[139.421625907314,35.5733637597414]},"properties":{"id":"F016:S58_1","feed_id":"F016","feed_slug":"machida-community-bus","municipality":"町田市","service_name":"市民バス・コミュニティバス","license":"CC0 1.0","source_stop_id":"S58_1","stop_code":null,"stop_name":"忠生公園前","stop_desc":null,"zone_id":"S58_1","location_type":0,"parent_station":null,"wheelchair_boarding":null}},{"type":"Feature","id":"F016:S59_1","geometry":{"type":"Point","coordinates":[139.463567193202,35.5632184451408]},"properties":{"id":"F016:S59_1","feed_id":"F016","feed_slug":"machida-community-bus","municipality":"町田市","service_name":"市民バス・コミュニティバス","license":"CC0 1.0","source_stop_id":"S59_1","stop_code":null,"stop_name":"玉川学園前駅南口","stop_desc":null,"zone_id":"S59_1","location_type":0,"parent_station":null,"wheelchair_boarding":null}},{"type":"Feature","id":"F016:S59_2","geometry":{"type":"Point","coordinates":[139.463567193202,35.5632184451408]},"properties":{"id":"F016:S59_2","feed_id":"F016","feed_slug":"machida-community-bus","municipality":"町田市","service_name":"市民バス・コミュニティバス","license":"CC0 1.0","source_stop_id":"S59_2","stop_code":null,"stop_name":"玉川学園前駅南口","stop_desc":null,"zone_id":"S59_2","location_type":0,"parent_station":null,"wheelchair_boarding":null}},{"type":"Feature","id":"F016:S60_1","geometry":{"type":"Point","coordinates":[139.467455693544,35.5646853974598]},"properties":{"id":"F016:S60_1","feed_id":"F016","feed_slug":"machida-community-bus","municipality":"町田市","service_name":"市民バス・コミュニティバス","license":"CC0 1.0","source_stop_id":"S60_1","stop_code":null,"stop_name":"鶯谷","stop_desc":null,"zone_id":"S60_1","location_type":0,"parent_station":null,"wheelchair_boarding":null}},{"type":"Feature","id":"F016:S61_1","geometry":{"type":"Point","coordinates":[139.468045984083,35.56310572962]},"properties":{"id":"F016:S61_1","feed_id":"F016","feed_slug":"machida-community-bus","municipality":"町田市","service_name":"市民バス・コミュニティバス","license":"CC0 1.0","source_stop_id":"S61_1","stop_code":null,"stop_name":"鶯谷南","stop_desc":null,"zone_id":"S61_1","location_type":0,"parent_station":null,"wheelchair_boarding":null}},{"type":"Feature","id":"F016:S61_2","geometry":{"type":"Point","coordinates":[139.468045984083,35.56310572962]},"properties":{"id":"F016:S61_2","feed_id":"F016","feed_slug":"machida-community-bus","municipality":"町田市","service_name":"市民バス・コミュニティバス","license":"CC0 1.0","source_stop_id":"S61_2","stop_code":null,"stop_name":"鶯谷南","stop_desc":null,"zone_id":"S61_2","location_type":0,"parent_station":null,"wheelchair_boarding":null}},{"type":"Feature","id":"F016:S62_1","geometry":{"type":"Point","coordinates":[139.469643127016,35.5616910005497]},"properties":{"id":"F016:S62_1","feed_id":"F016","feed_slug":"machida-community-bus","municipality":"町田市","service_name":"市民バス・コミュニティバス","license":"CC0 1.0","source_stop_id":"S62_1","stop_code":null,"stop_name":"旭ヶ丘東","stop_desc":null,"zone_id":"S62_1","location_type":0,"parent_station":null,"wheelchair_boarding":null}},{"type":"Feature","id":"F016:S62_2","geometry":{"type":"Point","coordinates":[139.469643127016,35.5616910005497]},"properties":{"id":"F016:S62_2","feed_id":"F016","feed_slug":"machida-community-bus","municipality":"町田市","service_name":"市民バス・コミュニティバス","license":"CC0 1.0","source_stop_id":"S62_2","stop_code":null,"stop_name":"旭ヶ丘東","stop_desc":null,"zone_id":"S62_2","location_type":0,"parent_station":null,"wheelchair_boarding":null}},{"type":"Feature","id":"F016:S63_1","geometry":{"type":"Point","coordinates":[139.470302848846,35.5602936057231]},"properties":{"id":"F016:S63_1","feed_id":"F016","feed_slug":"machida-community-bus","municipality":"町田市","service_name":"市民バス・コミュニティバス","license":"CC0 1.0","source_stop_id":"S63_1","stop_code":null,"stop_name":"東急台入口","stop_desc":null,"zone_id":"S63_1","location_type":0,"parent_station":null,"wheelchair_boarding":null}},{"type":"Feature","id":"F016:S63_2","geometry":{"type":"Point","coordinates":[139.470302848846,35.5602936057231]},"properties":{"id":"F016:S63_2","feed_id":"F016","feed_slug":"machida-community-bus","municipality":"町田市","service_name":"市民バス・コミュニティバス","license":"CC0 1.0","source_stop_id":"S63_2","stop_code":null,"stop_name":"東急台入口","stop_desc":null,"zone_id":"S63_2","location_type":0,"parent_station":null,"wheelchair_boarding":null}},{"type":"Feature","id":"F016:S64_1","geometry":{"type":"Point","coordinates":[139.47096257344,35.5588267742536]},"properties":{"id":"F016:S64_1","feed_id":"F016","feed_slug":"machida-community-bus","municipality":"町田市","service_name":"市民バス・コミュニティバス","license":"CC0 1.0","source_stop_id":"S64_1","stop_code":null,"stop_name":"つつじヶ丘","stop_desc":null,"zone_id":"S64_1","location_type":0,"parent_station":null,"wheelchair_boarding":null}},{"type":"Feature","id":"F016:S64_2","geometry":{"type":"Point","coordinates":[139.47096257344,35.5588267742536]},"properties":{"id":"F016:S64_2","feed_id":"F016","feed_slug":"machida-community-bus","municipality":"町田市","service_name":"市民バス・コミュニティバス","license":"CC0 1.0","source_stop_id":"S64_2","stop_code":null,"stop_name":"つつじヶ丘","stop_desc":null,"zone_id":"S64_2","location_type":0,"parent_station":null,"wheelchair_boarding":null}},{"type":"Feature","id":"F016:S65_1","geometry":{"type":"Point","coordinates":[139.470754336193,35.5568565040798]},"properties":{"id":"F016:S65_1","feed_id":"F016","feed_slug":"machida-community-bus","municipality":"町田市","service_name":"市民バス・コミュニティバス","license":"CC0 1.0","source_stop_id":"S65_1","stop_code":null,"stop_name":"成瀬南台公園","stop_desc":null,"zone_id":"S65_1","location_type":0,"parent_station":null,"wheelchair_boarding":null}},{"type":"Feature","id":"F016:S66_1","geometry":{"type":"Point","coordinates":[139.469921049424,35.5574640525314]},"properties":{"id":"F016:S66_1","feed_id":"F016","feed_slug":"machida-community-bus","municipality":"町田市","service_name":"市民バス・コミュニティバス","license":"CC0 1.0","source_stop_id":"S66_1","stop_code":null,"stop_name":"児童公園前［町田市］","stop_desc":null,"zone_id":"S66_1","location_type":0,"parent_station":null,"wheelchair_boarding":null}},{"type":"Feature","id":"F016:S66_2","geometry":{"type":"Point","coordinates":[139.469921049424,35.5574640525314]},"properties":{"id":"F016:S66_2","feed_id":"F016","feed_slug":"machida-community-bus","municipality":"町田市","service_name":"市民バス・コミュニティバス","license":"CC0 1.0","source_stop_id":"S66_2","stop_code":null,"stop_name":"児童公園前［町田市］","stop_desc":null,"zone_id":"S66_2","location_type":0,"parent_station":null,"wheelchair_boarding":null}},{"type":"Feature","id":"F016:S67_1","geometry":{"type":"Point","coordinates":[139.468601645495,35.5592606905099]},"properties":{"id":"F016:S67_1","feed_id":"F016","feed_slug":"machida-community-bus","municipality":"町田市","service_name":"市民バス・コミュニティバス","license":"CC0 1.0","source_stop_id":"S67_1","stop_code":null,"stop_name":"東玉川学園四丁目","stop_desc":null,"zone_id":"S67_1","location_type":0,"parent_station":null,"wheelchair_boarding":null}},{"type":"Feature","id":"F016:S67_2","geometry":{"type":"Point","coordinates":[139.468601645495,35.5592606905099]},"properties":{"id":"F016:S67_2","feed_id":"F016","feed_slug":"machida-community-bus","municipality":"町田市","service_name":"市民バス・コミュニティバス","license":"CC0 1.0","source_stop_id":"S67_2","stop_code":null,"stop_name":"東玉川学園四丁目","stop_desc":null,"zone_id":"S67_2","location_type":0,"parent_station":null,"wheelchair_boarding":null}},{"type":"Feature","id":"F016:S68_1","geometry":{"type":"Point","coordinates":[139.46724762418,35.5584968515009]},"properties":{"id":"F016:S68_1","feed_id":"F016","feed_slug":"machida-community-bus","municipality":"町田市","service_name":"市民バス・コミュニティバス","license":"CC0 1.0","source_stop_id":"S68_1","stop_code":null,"stop_name":"こすもす会館","stop_desc":null,"zone_id":"S68_1","location_type":0,"parent_station":null,"wheelchair_boarding":null}},{"type":"Feature","id":"F016:S69_1","geometry":{"type":"Point","coordinates":[139.466449117472,35.5575767948157]},"properties":{"id":"F016:S69_1","feed_id":"F016","feed_slug":"machida-community-bus","municipality":"町田市","service_name":"市民バス・コミュニティバス","license":"CC0 1.0","source_stop_id":"S69_1","stop_code":null,"stop_name":"化石谷公園","stop_desc":null,"zone_id":"S69_1","location_type":0,"parent_station":null,"wheelchair_boarding":null}},{"type":"Feature","id":"F016:S70_1","geometry":{"type":"Point","coordinates":[139.471900184155,35.5540443506251]},"properties":{"id":"F016:S70_1","feed_id":"F016","feed_slug":"machida-community-bus","municipality":"町田市","service_name":"市民バス・コミュニティバス","license":"CC0 1.0","source_stop_id":"S70_1","stop_code":null,"stop_name":"昭和薬科大学","stop_desc":null,"zone_id":"S70_1","location_type":0,"parent_station":null,"wheelchair_boarding":null}},{"type":"Feature","id":"F016:S71_1","geometry":{"type":"Point","coordinates":[139.472907088019,35.5529160319833]},"properties":{"id":"F016:S71_1","feed_id":"F016","feed_slug":"machida-community-bus","municipality":"町田市","service_name":"市民バス・コミュニティバス","license":"CC0 1.0","source_stop_id":"S71_1","stop_code":null,"stop_name":"成瀬山緑地","stop_desc":null,"zone_id":"S71_1","location_type":0,"parent_station":null,"wheelchair_boarding":null}},{"type":"Feature","id":"F016:S72_1","geometry":{"type":"Point","coordinates":[139.475198519418,35.5539402833119]},"properties":{"id":"F016:S72_1","feed_id":"F016","feed_slug":"machida-community-bus","municipality":"町田市","service_name":"市民バス・コミュニティバス","license":"CC0 1.0","source_stop_id":"S72_1","stop_code":null,"stop_name":"成瀬台三丁目","stop_desc":null,"zone_id":"S72_1","location_type":0,"parent_station":null,"wheelchair_boarding":null}},{"type":"Feature","id":"F016:S73_1","geometry":{"type":"Point","coordinates":[139.475615104438,35.5551033581]},"properties":{"id":"F016:S73_1","feed_id":"F016","feed_slug":"machida-community-bus","municipality":"町田市","service_name":"市民バス・コミュニティバス","license":"CC0 1.0","source_stop_id":"S73_1","stop_code":null,"stop_name":"成瀬中央通り","stop_desc":null,"zone_id":"S73_1","location_type":0,"parent_station":null,"wheelchair_boarding":null}},{"type":"Feature","id":"F016:S74_1","geometry":{"type":"Point","coordinates":[139.475337287032,35.5566917138502]},"properties":{"id":"F016:S74_1","feed_id":"F016","feed_slug":"machida-community-bus","municipality":"町田市","service_name":"市民バス・コミュニティバス","license":"CC0 1.0","source_stop_id":"S74_1","stop_code":null,"stop_name":"成瀬台四丁目西","stop_desc":null,"zone_id":"S74_1","location_type":0,"parent_station":null,"wheelchair_boarding":null}},{"type":"Feature","id":"F016:S75_1","geometry":{"type":"Point","coordinates":[139.473392964465,35.5577766096711]},"properties":{"id":"F016:S75_1","feed_id":"F016","feed_slug":"machida-community-bus","municipality":"町田市","service_name":"市民バス・コミュニティバス","license":"CC0 1.0","source_stop_id":"S75_1","stop_code":null,"stop_name":"東急台南","stop_desc":null,"zone_id":"S75_1","location_type":0,"parent_station":null,"wheelchair_boarding":null}},{"type":"Feature","id":"F016:S76_1","geometry":{"type":"Point","coordinates":[139.471969478689,35.5576637373033]},"properties":{"id":"F016:S76_1","feed_id":"F016","feed_slug":"machida-community-bus","municipality":"町田市","service_name":"市民バス・コミュニティバス","license":"CC0 1.0","source_stop_id":"S76_1","stop_code":null,"stop_name":"東玉川学園二丁目","stop_desc":null,"zone_id":"S76_1","location_type":0,"parent_station":null,"wheelchair_boarding":null}},{"type":"Feature","id":"F016:S77_1","geometry":{"type":"Point","coordinates":[139.468566736925,35.564017099341]},"properties":{"id":"F016:S77_1","feed_id":"F016","feed_slug":"machida-community-bus","municipality":"町田市","service_name":"市民バス・コミュニティバス","license":"CC0 1.0","source_stop_id":"S77_1","stop_code":null,"stop_name":"鶯谷北","stop_desc":null,"zone_id":"S77_1","location_type":0,"parent_station":null,"wheelchair_boarding":null}},{"type":"Feature","id":"F016:S78_1","geometry":{"type":"Point","coordinates":[139.465164260476,35.5637045440481]},"properties":{"id":"F016:S78_1","feed_id":"F016","feed_slug":"machida-community-bus","municipality":"町田市","service_name":"市民バス・コミュニティバス","license":"CC0 1.0","source_stop_id":"S78_1","stop_code":null,"stop_name":"ぬぼこ山","stop_desc":null,"zone_id":"S78_1","location_type":0,"parent_station":null,"wheelchair_boarding":null}},{"type":"Feature","id":"F016:S79_1","geometry":{"type":"Point","coordinates":[139.463636704629,35.5613870556468]},"properties":{"id":"F016:S79_1","feed_id":"F016","feed_slug":"machida-community-bus","municipality":"町田市","service_name":"市民バス・コミュニティバス","license":"CC0 1.0","source_stop_id":"S79_1","stop_code":null,"stop_name":"七丁目児童公園前","stop_desc":null,"zone_id":"S79_1","location_type":0,"parent_station":null,"wheelchair_boarding":null}},{"type":"Feature","id":"F016:S80_1","geometry":{"type":"Point","coordinates":[139.462595236564,35.5586182420059]},"properties":{"id":"F016:S80_1","feed_id":"F016","feed_slug":"machida-community-bus","municipality":"町田市","service_name":"市民バス・コミュニティバス","license":"CC0 1.0","source_stop_id":"S80_1","stop_code":null,"stop_name":"松見ヶ丘北","stop_desc":null,"zone_id":"S80_1","location_type":0,"parent_station":null,"wheelchair_boarding":null}},{"type":"Feature","id":"F016:S81_1","geometry":{"type":"Point","coordinates":[139.462421697168,35.5571861067175]},"properties":{"id":"F016:S81_1","feed_id":"F016","feed_slug":"machida-community-bus","municipality":"町田市","service_name":"市民バス・コミュニティバス","license":"CC0 1.0","source_stop_id":"S81_1","stop_code":null,"stop_name":"松見ヶ丘西","stop_desc":null,"zone_id":"S81_1","location_type":0,"parent_station":null,"wheelchair_boarding":null}},{"type":"Feature","id":"F016:S82_1","geometry":{"type":"Point","coordinates":[139.463046688306,35.5560751370966]},"properties":{"id":"F016:S82_1","feed_id":"F016","feed_slug":"machida-community-bus","municipality":"町田市","service_name":"市民バス・コミュニティバス","license":"CC0 1.0","source_stop_id":"S82_1","stop_code":null,"stop_name":"松見ヶ丘南","stop_desc":null,"zone_id":"S82_1","location_type":0,"parent_station":null,"wheelchair_boarding":null}},{"type":"Feature","id":"F016:S83_1","geometry":{"type":"Point","coordinates":[139.463324405211,35.5570125391026]},"properties":{"id":"F016:S83_1","feed_id":"F016","feed_slug":"machida-community-bus","municipality":"町田市","service_name":"市民バス・コミュニティバス","license":"CC0 1.0","source_stop_id":"S83_1","stop_code":null,"stop_name":"松見ヶ丘尾根","stop_desc":null,"zone_id":"S83_1","location_type":0,"parent_station":null,"wheelchair_boarding":null}},{"type":"Feature","id":"F016:S84_1","geometry":{"type":"Point","coordinates":[139.463671547194,35.5582884465671]},"properties":{"id":"F016:S84_1","feed_id":"F016","feed_slug":"machida-community-bus","municipality":"町田市","service_name":"市民バス・コミュニティバス","license":"CC0 1.0","source_stop_id":"S84_1","stop_code":null,"stop_name":"松見ヶ丘東","stop_desc":null,"zone_id":"S84_1","location_type":0,"parent_station":null,"wheelchair_boarding":null}},{"type":"Feature","id":"F016:S85_1","geometry":{"type":"Point","coordinates":[139.463740949828,35.5591911247167]},"properties":{"id":"F016:S85_1","feed_id":"F016","feed_slug":"machida-community-bus","municipality":"町田市","service_name":"市民バス・コミュニティバス","license":"CC0 1.0","source_stop_id":"S85_1","stop_code":null,"stop_name":"無窮坂上","stop_desc":null,"zone_id":"S85_1","location_type":0,"parent_station":null,"wheelchair_boarding":null}},{"type":"Feature","id":"F016:S86_1","geometry":{"type":"Point","coordinates":[139.462317373586,35.5613523022725]},"properties":{"id":"F016:S86_1","feed_id":"F016","feed_slug":"machida-community-bus","municipality":"町田市","service_name":"市民バス・コミュニティバス","license":"CC0 1.0","source_stop_id":"S86_1","stop_code":null,"stop_name":"のらくろ坂下","stop_desc":null,"zone_id":"S86_1","location_type":0,"parent_station":null,"wheelchair_boarding":null}},{"type":"Feature","id":"F016:S87_1","geometry":{"type":"Point","coordinates":[139.462976953451,35.5635222147501]},"properties":{"id":"F016:S87_1","feed_id":"F016","feed_slug":"machida-community-bus","municipality":"町田市","service_name":"市民バス・コミュニティバス","license":"CC0 1.0","source_stop_id":"S87_1","stop_code":null,"stop_name":"玉川学園前駅","stop_desc":null,"zone_id":"S87_1","location_type":0,"parent_station":null,"wheelchair_boarding":null}},{"type":"Feature","id":"F016:S87_2","geometry":{"type":"Point","coordinates":[139.462976953451,35.5635222147501]},"properties":{"id":"F016:S87_2","feed_id":"F016","feed_slug":"machida-community-bus","municipality":"町田市","service_name":"市民バス・コミュニティバス","license":"CC0 1.0","source_stop_id":"S87_2","stop_code":null,"stop_name":"玉川学園前駅","stop_desc":null,"zone_id":"S87_2","location_type":0,"parent_station":null,"wheelchair_boarding":null}},{"type":"Feature","id":"F016:S88_1","geometry":{"type":"Point","coordinates":[139.461727141434,35.5614651211278]},"properties":{"id":"F016:S88_1","feed_id":"F016","feed_slug":"machida-community-bus","municipality":"町田市","service_name":"市民バス・コミュニティバス","license":"CC0 1.0","source_stop_id":"S88_1","stop_code":null,"stop_name":"玉川学園前駅西","stop_desc":null,"zone_id":"S88_1","location_type":0,"parent_station":null,"wheelchair_boarding":null}},{"type":"Feature","id":"F016:S89_1","geometry":{"type":"Point","coordinates":[139.461310569888,35.5599635427505]},"properties":{"id":"F016:S89_1","feed_id":"F016","feed_slug":"machida-community-bus","municipality":"町田市","service_name":"市民バス・コミュニティバス","license":"CC0 1.0","source_stop_id":"S89_1","stop_code":null,"stop_name":"玉川学園一丁目","stop_desc":null,"zone_id":"S89_1","location_type":0,"parent_station":null,"wheelchair_boarding":null}},{"type":"Feature","id":"F016:S90_1","geometry":{"type":"Point","coordinates":[139.460199571758,35.5594948159229]},"properties":{"id":"F016:S90_1","feed_id":"F016","feed_slug":"machida-community-bus","municipality":"町田市","service_name":"市民バス・コミュニティバス","license":"CC0 1.0","source_stop_id":"S90_1","stop_code":null,"stop_name":"月見ヶ丘","stop_desc":null,"zone_id":"S90_1","location_type":0,"parent_station":null,"wheelchair_boarding":null}},{"type":"Feature","id":"F016:S91_1","geometry":{"type":"Point","coordinates":[139.458845502451,35.5599374385207]},"properties":{"id":"F016:S91_1","feed_id":"F016","feed_slug":"machida-community-bus","municipality":"町田市","service_name":"市民バス・コミュニティバス","license":"CC0 1.0","source_stop_id":"S91_1","stop_code":null,"stop_name":"一丁目児童公園","stop_desc":null,"zone_id":"S91_1","location_type":0,"parent_station":null,"wheelchair_boarding":null}},{"type":"Feature","id":"F016:S92_1","geometry":{"type":"Point","coordinates":[139.457144246275,35.5602324990388]},"properties":{"id":"F016:S92_1","feed_id":"F016","feed_slug":"machida-community-bus","municipality":"町田市","service_name":"市民バス・コミュニティバス","license":"CC0 1.0","source_stop_id":"S92_1","stop_code":null,"stop_name":"玉園台児童遊園","stop_desc":null,"zone_id":"S92_1","location_type":0,"parent_station":null,"wheelchair_boarding":null}},{"type":"Feature","id":"F016:S93_1","geometry":{"type":"Point","coordinates":[139.455234584334,35.5627929243438]},"properties":{"id":"F016:S93_1","feed_id":"F016","feed_slug":"machida-community-bus","municipality":"町田市","service_name":"市民バス・コミュニティバス","license":"CC0 1.0","source_stop_id":"S93_1","stop_code":null,"stop_name":"玉園台","stop_desc":null,"zone_id":"S93_1","location_type":0,"parent_station":null,"wheelchair_boarding":null}},{"type":"Feature","id":"F016:S94_1","geometry":{"type":"Point","coordinates":[139.454922074263,35.5637129514958]},"properties":{"id":"F016:S94_1","feed_id":"F016","feed_slug":"machida-community-bus","municipality":"町田市","service_name":"市民バス・コミュニティバス","license":"CC0 1.0","source_stop_id":"S94_1","stop_code":null,"stop_name":"玉林台駐在所","stop_desc":null,"zone_id":"S94_1","location_type":0,"parent_station":null,"wheelchair_boarding":null}},{"type":"Feature","id":"F016:S95_1","geometry":{"type":"Point","coordinates":[139.456901049396,35.5643032154943]},"properties":{"id":"F016:S95_1","feed_id":"F016","feed_slug":"machida-community-bus","municipality":"町田市","service_name":"市民バス・コミュニティバス","license":"CC0 1.0","source_stop_id":"S95_1","stop_code":null,"stop_name":"第五小学校","stop_desc":null,"zone_id":"S95_1","location_type":0,"parent_station":null,"wheelchair_boarding":null}},{"type":"Feature","id":"F016:S96_1","geometry":{"type":"Point","coordinates":[139.458046819975,35.563435287959]},"properties":{"id":"F016:S96_1","feed_id":"F016","feed_slug":"machida-community-bus","municipality":"町田市","service_name":"市民バス・コミュニティバス","license":"CC0 1.0","source_stop_id":"S96_1","stop_code":null,"stop_name":"さくらんぼホール","stop_desc":null,"zone_id":"S96_1","location_type":0,"parent_station":null,"wheelchair_boarding":null}},{"type":"Feature","id":"F016:S97_1","geometry":{"type":"Point","coordinates":[139.454609562119,35.5646850561246]},"properties":{"id":"F016:S97_1","feed_id":"F016","feed_slug":"machida-community-bus","municipality":"町田市","service_name":"市民バス・コミュニティバス","license":"CC0 1.0","source_stop_id":"S97_1","stop_code":null,"stop_name":"朝日公園","stop_desc":null,"zone_id":"S97_1","location_type":0,"parent_station":null,"wheelchair_boarding":null}},{"type":"Feature","id":"F016:S98_1","geometry":{"type":"Point","coordinates":[139.454748352871,35.5668549547422]},"properties":{"id":"F016:S98_1","feed_id":"F016","feed_slug":"machida-community-bus","municipality":"町田市","service_name":"市民バス・コミュニティバス","license":"CC0 1.0","source_stop_id":"S98_1","stop_code":null,"stop_name":"すみれ児童公園","stop_desc":null,"zone_id":"S98_1","location_type":0,"parent_station":null,"wheelchair_boarding":null}},{"type":"Feature","id":"F016:S99_1","geometry":{"type":"Point","coordinates":[139.455650984218,35.5686082538233]},"properties":{"id":"F016:S99_1","feed_id":"F016","feed_slug":"machida-community-bus","municipality":"町田市","service_name":"市民バス・コミュニティバス","license":"CC0 1.0","source_stop_id":"S99_1","stop_code":null,"stop_name":"金井なかよし公園","stop_desc":null,"zone_id":"S99_1","location_type":0,"parent_station":null,"wheelchair_boarding":null}},{"type":"Feature","id":"F016:S100_1","geometry":{"type":"Point","coordinates":[139.456067540541,35.5704917336819]},"properties":{"id":"F016:S100_1","feed_id":"F016","feed_slug":"machida-community-bus","municipality":"町田市","service_name":"市民バス・コミュニティバス","license":"CC0 1.0","source_stop_id":"S100_1","stop_code":null,"stop_name":"ゆうき山公園","stop_desc":null,"zone_id":"S100_1","location_type":0,"parent_station":null,"wheelchair_boarding":null}},{"type":"Feature","id":"F016:S101_1","geometry":{"type":"Point","coordinates":[139.457109048965,35.5722450364484]},"properties":{"id":"F016:S101_1","feed_id":"F016","feed_slug":"machida-community-bus","municipality":"町田市","service_name":"市民バス・コミュニティバス","license":"CC0 1.0","source_stop_id":"S101_1","stop_code":null,"stop_name":"木倉有楽","stop_desc":null,"zone_id":"S101_1","location_type":0,"parent_station":null,"wheelchair_boarding":null}},{"type":"Feature","id":"F016:S102_1","geometry":{"type":"Point","coordinates":[139.458845030273,35.5718024240172]},"properties":{"id":"F016:S102_1","feed_id":"F016","feed_slug":"machida-community-bus","municipality":"町田市","service_name":"市民バス・コミュニティバス","license":"CC0 1.0","source_stop_id":"S102_1","stop_code":null,"stop_name":"有楽入口","stop_desc":null,"zone_id":"S102_1","location_type":0,"parent_station":null,"wheelchair_boarding":null}},{"type":"Feature","id":"F016:S103_1","geometry":{"type":"Point","coordinates":[139.458845109046,35.5698234798522]},"properties":{"id":"F016:S103_1","feed_id":"F016","feed_slug":"machida-community-bus","municipality":"町田市","service_name":"市民バス・コミュニティバス","license":"CC0 1.0","source_stop_id":"S103_1","stop_code":null,"stop_name":"金井小学校","stop_desc":null,"zone_id":"S103_1","location_type":0,"parent_station":null,"wheelchair_boarding":null}},{"type":"Feature","id":"F016:S104_1","geometry":{"type":"Point","coordinates":[139.459539542891,35.5686083571468]},"properties":{"id":"F016:S104_1","feed_id":"F016","feed_slug":"machida-community-bus","municipality":"町田市","service_name":"市民バス・コミュニティバス","license":"CC0 1.0","source_stop_id":"S104_1","stop_code":null,"stop_name":"松風台","stop_desc":null,"zone_id":"S104_1","location_type":0,"parent_station":null,"wheelchair_boarding":null}},{"type":"Feature","id":"F016:S105_1","geometry":{"type":"Point","coordinates":[139.462004601668,35.5688514508841]},"properties":{"id":"F016:S105_1","feed_id":"F016","feed_slug":"machida-community-bus","municipality":"町田市","service_name":"市民バス・コミュニティバス","license":"CC0 1.0","source_stop_id":"S105_1","stop_code":null,"stop_name":"夕日ヶ丘","stop_desc":null,"zone_id":"S105_1","location_type":0,"parent_station":null,"wheelchair_boarding":null}},{"type":"Feature","id":"F016:S106_1","geometry":{"type":"Point","coordinates":[139.463914198019,35.5679401457592]},"properties":{"id":"F016:S106_1","feed_id":"F016","feed_slug":"machida-community-bus","municipality":"町田市","service_name":"市民バス・コミュニティバス","license":"CC0 1.0","source_stop_id":"S106_1","stop_code":null,"stop_name":"玉川学園なかよし公園","stop_desc":null,"zone_id":"S106_1","location_type":0,"parent_station":null,"wheelchair_boarding":null}},{"type":"Feature","id":"F016:S107_1","geometry":{"type":"Point","coordinates":[139.402277,35.588364]},"properties":{"id":"F016:S107_1","feed_id":"F016","feed_slug":"machida-community-bus","municipality":"町田市","service_name":"市民バス・コミュニティバス","license":"CC0 1.0","source_stop_id":"S107_1","stop_code":null,"stop_name":"小山田桜台","stop_desc":null,"zone_id":"S107_1","location_type":0,"parent_station":null,"wheelchair_boarding":null}},{"type":"Feature","id":"F016:S108_1","geometry":{"type":"Point","coordinates":[139.406617,35.588264]},"properties":{"id":"F016:S108_1","feed_id":"F016","feed_slug":"machida-community-bus","municipality":"町田市","service_name":"市民バス・コミュニティバス","license":"CC0 1.0","source_stop_id":"S108_1","stop_code":null,"stop_name":"桜台入口","stop_desc":null,"zone_id":"S108_1","location_type":0,"parent_station":null,"wheelchair_boarding":null}},{"type":"Feature","id":"F016:S109_1","geometry":{"type":"Point","coordinates":[139.408903,35.592016]},"properties":{"id":"F016:S109_1","feed_id":"F016","feed_slug":"machida-community-bus","municipality":"町田市","service_name":"市民バス・コミュニティバス","license":"CC0 1.0","source_stop_id":"S109_1","stop_code":null,"stop_name":"清住平","stop_desc":null,"zone_id":"S109_1","location_type":0,"parent_station":null,"wheelchair_boarding":null}},{"type":"Feature","id":"F016:S109_2","geometry":{"type":"Point","coordinates":[139.410625,35.59291]},"properties":{"id":"F016:S109_2","feed_id":"F016","feed_slug":"machida-community-bus","municipality":"町田市","service_name":"市民バス・コミュニティバス","license":"CC0 1.0","source_stop_id":"S109_2","stop_code":null,"stop_name":"清住平","stop_desc":null,"zone_id":"S109_2","location_type":0,"parent_station":null,"wheelchair_boarding":null}},{"type":"Feature","id":"F016:S110_1","geometry":{"type":"Point","coordinates":[139.411129,35.596051]},"properties":{"id":"F016:S110_1","feed_id":"F016","feed_slug":"machida-community-bus","municipality":"町田市","service_name":"市民バス・コミュニティバス","license":"CC0 1.0","source_stop_id":"S110_1","stop_code":null,"stop_name":"大泉寺","stop_desc":null,"zone_id":"S110_1","location_type":0,"parent_station":null,"wheelchair_boarding":null}},{"type":"Feature","id":"F016:S110_2","geometry":{"type":"Point","coordinates":[139.410866,35.596413]},"properties":{"id":"F016:S110_2","feed_id":"F016","feed_slug":"machida-community-bus","municipality":"町田市","service_name":"市民バス・コミュニティバス","license":"CC0 1.0","source_stop_id":"S110_2","stop_code":null,"stop_name":"大泉寺","stop_desc":null,"zone_id":"S110_2","location_type":0,"parent_station":null,"wheelchair_boarding":null}},{"type":"Feature","id":"F016:S111_1","geometry":{"type":"Point","coordinates":[139.408833,35.596962]},"properties":{"id":"F016:S111_1","feed_id":"F016","feed_slug":"machida-community-bus","municipality":"町田市","service_name":"市民バス・コミュニティバス","license":"CC0 1.0","source_stop_id":"S111_1","stop_code":null,"stop_name":"山の端","stop_desc":null,"zone_id":"S111_1","location_type":0,"parent_station":null,"wheelchair_boarding":null}},{"type":"Feature","id":"F016:S111_2","geometry":{"type":"Point","coordinates":[139.40872,35.597076]},"properties":{"id":"F016:S111_2","feed_id":"F016","feed_slug":"machida-community-bus","municipality":"町田市","service_name":"市民バス・コミュニティバス","license":"CC0 1.0","source_stop_id":"S111_2","stop_code":null,"stop_name":"山の端","stop_desc":null,"zone_id":"S111_2","location_type":0,"parent_station":null,"wheelchair_boarding":null}},{"type":"Feature","id":"F016:S112_1","geometry":{"type":"Point","coordinates":[139.408253,35.602031]},"properties":{"id":"F016:S112_1","feed_id":"F016","feed_slug":"machida-community-bus","municipality":"町田市","service_name":"市民バス・コミュニティバス","license":"CC0 1.0","source_stop_id":"S112_1","stop_code":null,"stop_name":"大善倶楽部","stop_desc":null,"zone_id":"S112_1","location_type":0,"parent_station":null,"wheelchair_boarding":null}},{"type":"Feature","id":"F016:S112_2","geometry":{"type":"Point","coordinates":[139.408506,35.601725]},"properties":{"id":"F016:S112_2","feed_id":"F016","feed_slug":"machida-community-bus","municipality":"町田市","service_name":"市民バス・コミュニティバス","license":"CC0 1.0","source_stop_id":"S112_2","stop_code":null,"stop_name":"大善倶楽部","stop_desc":null,"zone_id":"S112_2","location_type":0,"parent_station":null,"wheelchair_boarding":null}},{"type":"Feature","id":"F016:S113_1","geometry":{"type":"Point","coordinates":[139.407502,35.60844]},"properties":{"id":"F016:S113_1","feed_id":"F016","feed_slug":"machida-community-bus","municipality":"町田市","service_name":"市民バス・コミュニティバス","license":"CC0 1.0","source_stop_id":"S113_1","stop_code":null,"stop_name":"山中集会所","stop_desc":null,"zone_id":"S113_1","location_type":0,"parent_station":null,"wheelchair_boarding":null}},{"type":"Feature","id":"F016:S113_2","geometry":{"type":"Point","coordinates":[139.407701,35.608423]},"properties":{"id":"F016:S113_2","feed_id":"F016","feed_slug":"machida-community-bus","municipality":"町田市","service_name":"市民バス・コミュニティバス","license":"CC0 1.0","source_stop_id":"S113_2","stop_code":null,"stop_name":"山中集会所","stop_desc":null,"zone_id":"S113_2","location_type":0,"parent_station":null,"wheelchair_boarding":null}},{"type":"Feature","id":"F016:S114_1","geometry":{"type":"Point","coordinates":[139.412003,35.616009]},"properties":{"id":"F016:S114_1","feed_id":"F016","feed_slug":"machida-community-bus","municipality":"町田市","service_name":"市民バス・コミュニティバス","license":"CC0 1.0","source_stop_id":"S114_1","stop_code":null,"stop_name":"唐木田駅東","stop_desc":null,"zone_id":"S114_1","location_type":0,"parent_station":null,"wheelchair_boarding":null}},{"type":"Feature","id":"F016:S114_2","geometry":{"type":"Point","coordinates":[139.412159,35.615882]},"properties":{"id":"F016:S114_2","feed_id":"F016","feed_slug":"machida-community-bus","municipality":"町田市","service_name":"市民バス・コミュニティバス","license":"CC0 1.0","source_stop_id":"S114_2","stop_code":null,"stop_name":"唐木田駅東","stop_desc":null,"zone_id":"S114_2","location_type":0,"parent_station":null,"wheelchair_boarding":null}},{"type":"Feature","id":"F016:S115_1","geometry":{"type":"Point","coordinates":[139.414905,35.622367]},"properties":{"id":"F016:S115_1","feed_id":"F016","feed_slug":"machida-community-bus","municipality":"町田市","service_name":"市民バス・コミュニティバス","license":"CC0 1.0","source_stop_id":"S115_1","stop_code":null,"stop_name":"多摩南部地域病院","stop_desc":null,"zone_id":"S115_1","location_type":0,"parent_station":null,"wheelchair_boarding":null}},{"type":"Feature","id":"F016:S116_1","geometry":{"type":"Point","coordinates":[139.467064,35.52769]},"properties":{"id":"F016:S116_1","feed_id":"F016","feed_slug":"machida-community-bus","municipality":"町田市","service_name":"市民バス・コミュニティバス","license":"CC0 1.0","source_stop_id":"S116_1","stop_code":null,"stop_name":"柳橋","stop_desc":null,"zone_id":"S116_1","location_type":0,"parent_station":null,"wheelchair_boarding":null}},{"type":"Feature","id":"F028:1_0","geometry":{"type":"Point","coordinates":[139.136819,34.202246]},"properties":{"id":"F028:1_0","feed_id":"F028","feed_slug":"kozushima-village-bus","municipality":"神津島村","service_name":"村営バス","license":"CC BY 4.0","source_stop_id":"1_0","stop_code":null,"stop_name":"ホテル神津館前","stop_desc":null,"zone_id":"1_0","location_type":0,"parent_station":null,"wheelchair_boarding":null}},{"type":"Feature","id":"F028:2_0","geometry":{"type":"Point","coordinates":[139.145075,34.200733]},"properties":{"id":"F028:2_0","feed_id":"F028","feed_slug":"kozushima-village-bus","municipality":"神津島村","service_name":"村営バス","license":"CC BY 4.0","source_stop_id":"2_0","stop_code":null,"stop_name":"赤羽峠","stop_desc":null,"zone_id":"2_0","location_type":0,"parent_station":null,"wheelchair_boarding":null}},{"type":"Feature","id":"F028:3_0","geometry":{"type":"Point","coordinates":[139.134421,34.190364]},"properties":{"id":"F028:3_0","feed_id":"F028","feed_slug":"kozushima-village-bus","municipality":"神津島村","service_name":"村営バス","license":"CC BY 4.0","source_stop_id":"3_0","stop_code":null,"stop_name":"空港","stop_desc":null,"zone_id":"3_0","location_type":0,"parent_station":null,"wheelchair_boarding":null}},{"type":"Feature","id":"F028:4_0","geometry":{"type":"Point","coordinates":[139.152462,34.200769]},"properties":{"id":"F028:4_0","feed_id":"F028","feed_slug":"kozushima-village-bus","municipality":"神津島村","service_name":"村営バス","license":"CC BY 4.0","source_stop_id":"4_0","stop_code":null,"stop_name":"多幸湾キャンプ場入口","stop_desc":null,"zone_id":"4_0","location_type":0,"parent_station":null,"wheelchair_boarding":null}},{"type":"Feature","id":"F028:5_0","geometry":{"type":"Point","coordinates":[139.15332,34.201971]},"properties":{"id":"F028:5_0","feed_id":"F028","feed_slug":"kozushima-village-bus","municipality":"神津島村","service_name":"村営バス","license":"CC BY 4.0","source_stop_id":"5_0","stop_code":null,"stop_name":"多幸湾","stop_desc":null,"zone_id":"5_0","location_type":0,"parent_station":null,"wheelchair_boarding":null}},{"type":"Feature","id":"F028:6_0","geometry":{"type":"Point","coordinates":[139.152183,34.203803]},"properties":{"id":"F028:6_0","feed_id":"F028","feed_slug":"kozushima-village-bus","municipality":"神津島村","service_name":"村営バス","license":"CC BY 4.0","source_stop_id":"6_0","stop_code":null,"stop_name":"多幸湾キャンプ場","stop_desc":null,"zone_id":"6_0","location_type":0,"parent_station":null,"wheelchair_boarding":null}},{"type":"Feature","id":"F028:7_0","geometry":{"type":"Point","coordinates":[139.146743,34.210946]},"properties":{"id":"F028:7_0","feed_id":"F028","feed_slug":"kozushima-village-bus","municipality":"神津島村","service_name":"村営バス","license":"CC BY 4.0","source_stop_id":"7_0","stop_code":null,"stop_name":"黒島登山口入口","stop_desc":null,"zone_id":"7_0","location_type":0,"parent_station":null,"wheelchair_boarding":null}},{"type":"Feature","id":"F028:8_0","geometry":{"type":"Point","coordinates":[139.142355,34.213546]},"properties":{"id":"F028:8_0","feed_id":"F028","feed_slug":"kozushima-village-bus","municipality":"神津島村","service_name":"村営バス","license":"CC BY 4.0","source_stop_id":"8_0","stop_code":null,"stop_name":"白島登山口入口","stop_desc":null,"zone_id":"8_0","location_type":0,"parent_station":null,"wheelchair_boarding":null}},{"type":"Feature","id":"F028:9_0","geometry":{"type":"Point","coordinates":[139.140065,34.209815]},"properties":{"id":"F028:9_0","feed_id":"F028","feed_slug":"kozushima-village-bus","municipality":"神津島村","service_name":"村営バス","license":"CC BY 4.0","source_stop_id":"9_0","stop_code":null,"stop_name":"天神橋前","stop_desc":null,"zone_id":"9_0","location_type":0,"parent_station":null,"wheelchair_boarding":null}},{"type":"Feature","id":"F028:10_0","geometry":{"type":"Point","coordinates":[139.13735,34.208422]},"properties":{"id":"F028:10_0","feed_id":"F028","feed_slug":"kozushima-village-bus","municipality":"神津島村","service_name":"村営バス","license":"CC BY 4.0","source_stop_id":"10_0","stop_code":null,"stop_name":"千歳橋前","stop_desc":null,"zone_id":"10_0","location_type":0,"parent_station":null,"wheelchair_boarding":null}},{"type":"Feature","id":"F028:11_0","geometry":{"type":"Point","coordinates":[139.131492,34.207978]},"properties":{"id":"F028:11_0","feed_id":"F028","feed_slug":"kozushima-village-bus","municipality":"神津島村","service_name":"村営バス","license":"CC BY 4.0","source_stop_id":"11_0","stop_code":null,"stop_name":"神津島港","stop_desc":null,"zone_id":"11_0","location_type":0,"parent_station":null,"wheelchair_boarding":null}},{"type":"Feature","id":"F028:12_0","geometry":{"type":"Point","coordinates":[139.134142,34.217063]},"properties":{"id":"F028:12_0","feed_id":"F028","feed_slug":"kozushima-village-bus","municipality":"神津島村","service_name":"村営バス","license":"CC BY 4.0","source_stop_id":"12_0","stop_code":null,"stop_name":"沢尻海岸","stop_desc":null,"zone_id":"12_0","location_type":0,"parent_station":null,"wheelchair_boarding":null}},{"type":"Feature","id":"F028:13_0","geometry":{"type":"Point","coordinates":[139.133429,34.21886]},"properties":{"id":"F028:13_0","feed_id":"F028","feed_slug":"kozushima-village-bus","municipality":"神津島村","service_name":"村営バス","license":"CC BY 4.0","source_stop_id":"13_0","stop_code":null,"stop_name":"特養ホーム","stop_desc":null,"zone_id":"13_0","location_type":0,"parent_station":null,"wheelchair_boarding":null}},{"type":"Feature","id":"F028:14_0","geometry":{"type":"Point","coordinates":[139.129475,34.220909]},"properties":{"id":"F028:14_0","feed_id":"F028","feed_slug":"kozushima-village-bus","municipality":"神津島村","service_name":"村営バス","license":"CC BY 4.0","source_stop_id":"14_0","stop_code":null,"stop_name":"温泉保養センター","stop_desc":null,"zone_id":"14_0","location_type":0,"parent_station":null,"wheelchair_boarding":null}},{"type":"Feature","id":"F028:15_0","geometry":{"type":"Point","coordinates":[139.13779,34.227851]},"properties":{"id":"F028:15_0","feed_id":"F028","feed_slug":"kozushima-village-bus","municipality":"神津島村","service_name":"村営バス","license":"CC BY 4.0","source_stop_id":"15_0","stop_code":null,"stop_name":"長浜海岸","stop_desc":null,"zone_id":"15_0","location_type":0,"parent_station":null,"wheelchair_boarding":null}},{"type":"Feature","id":"F028:16_0","geometry":{"type":"Point","coordinates":[139.136267,34.236309]},"properties":{"id":"F028:16_0","feed_id":"F028","feed_slug":"kozushima-village-bus","municipality":"神津島村","service_name":"村営バス","license":"CC BY 4.0","source_stop_id":"16_0","stop_code":null,"stop_name":"ドンタクハウス前","stop_desc":null,"zone_id":"16_0","location_type":0,"parent_station":null,"wheelchair_boarding":null}},{"type":"Feature","id":"F028:17_0","geometry":{"type":"Point","coordinates":[139.137592,34.240038]},"properties":{"id":"F028:17_0","feed_id":"F028","feed_slug":"kozushima-village-bus","municipality":"神津島村","service_name":"村営バス","license":"CC BY 4.0","source_stop_id":"17_0","stop_code":null,"stop_name":"赤崎遊歩道","stop_desc":null,"zone_id":"17_0","location_type":0,"parent_station":null,"wheelchair_boarding":null}},{"type":"Feature","id":"F028:18_0","geometry":{"type":"Point","coordinates":[139.148417,34.220386]},"properties":{"id":"F028:18_0","feed_id":"F028","feed_slug":"kozushima-village-bus","municipality":"神津島村","service_name":"村営バス","license":"CC BY 4.0","source_stop_id":"18_0","stop_code":null,"stop_name":"天上山６合目","stop_desc":null,"zone_id":"18_0","location_type":0,"parent_station":null,"wheelchair_boarding":null}},{"type":"Feature","id":"F014:1_01","geometry":{"type":"Point","coordinates":[139.37008035249,35.7263834527171]},"properties":{"id":"F014:1_01","feed_id":"F014","feed_slug":"tachikawa-kururin","municipality":"立川市","service_name":"くるりん","license":"CC BY 4.0","source_stop_id":"1_01","stop_code":null,"stop_name":"西武立川駅北口","stop_desc":null,"zone_id":"1_01","location_type":0,"parent_station":null,"wheelchair_boarding":null}},{"type":"Feature","id":"F014:10_01","geometry":{"type":"Point","coordinates":[139.368118429671,35.7338253669675]},"properties":{"id":"F014:10_01","feed_id":"F014","feed_slug":"tachikawa-kururin","municipality":"立川市","service_name":"くるりん","license":"CC BY 4.0","source_stop_id":"10_01","stop_code":null,"stop_name":"七中前","stop_desc":null,"zone_id":"10_01","location_type":0,"parent_station":null,"wheelchair_boarding":null}},{"type":"Feature","id":"F014:10_02","geometry":{"type":"Point","coordinates":[139.368459024531,35.7337734816462]},"properties":{"id":"F014:10_02","feed_id":"F014","feed_slug":"tachikawa-kururin","municipality":"立川市","service_name":"くるりん","license":"CC BY 4.0","source_stop_id":"10_02","stop_code":null,"stop_name":"七中前","stop_desc":null,"zone_id":"10_02","location_type":0,"parent_station":null,"wheelchair_boarding":null}},{"type":"Feature","id":"F014:11_01","geometry":{"type":"Point","coordinates":[139.365409449468,35.7330493632084]},"properties":{"id":"F014:11_01","feed_id":"F014","feed_slug":"tachikawa-kururin","municipality":"立川市","service_name":"くるりん","license":"CC BY 4.0","source_stop_id":"11_01","stop_code":null,"stop_name":"西砂町五丁目東","stop_desc":null,"zone_id":"11_01","location_type":0,"parent_station":null,"wheelchair_boarding":null}},{"type":"Feature","id":"F014:11_02","geometry":{"type":"Point","coordinates":[139.365014678407,35.7331475659459]},"properties":{"id":"F014:11_02","feed_id":"F014","feed_slug":"tachikawa-kururin","municipality":"立川市","service_name":"くるりん","license":"CC BY 4.0","source_stop_id":"11_02","stop_code":null,"stop_name":"西砂町五丁目東","stop_desc":null,"zone_id":"11_02","location_type":0,"parent_station":null,"wheelchair_boarding":null}},{"type":"Feature","id":"F014:12_01","geometry":{"type":"Point","coordinates":[139.363388668833,35.7332528137021]},"properties":{"id":"F014:12_01","feed_id":"F014","feed_slug":"tachikawa-kururin","municipality":"立川市","service_name":"くるりん","license":"CC BY 4.0","source_stop_id":"12_01","stop_code":null,"stop_name":"西砂町五丁目","stop_desc":null,"zone_id":"12_01","location_type":0,"parent_station":null,"wheelchair_boarding":null}},{"type":"Feature","id":"F014:12_02","geometry":{"type":"Point","coordinates":[139.363058842768,35.733340989975]},"properties":{"id":"F014:12_02","feed_id":"F014","feed_slug":"tachikawa-kururin","municipality":"立川市","service_name":"くるりん","license":"CC BY 4.0","source_stop_id":"12_02","stop_code":null,"stop_name":"西砂町五丁目","stop_desc":null,"zone_id":"12_02","location_type":0,"parent_station":null,"wheelchair_boarding":null}},{"type":"Feature","id":"F014:13_01","geometry":{"type":"Point","coordinates":[139.360203931077,35.7336847623257]},"properties":{"id":"F014:13_01","feed_id":"F014","feed_slug":"tachikawa-kururin","municipality":"立川市","service_name":"くるりん","license":"CC BY 4.0","source_stop_id":"13_01","stop_code":null,"stop_name":"西砂町四丁目","stop_desc":null,"zone_id":"13_01","location_type":0,"parent_station":null,"wheelchair_boarding":null}},{"type":"Feature","id":"F014:13_02","geometry":{"type":"Point","coordinates":[139.359826248054,35.7338297936444]},"properties":{"id":"F014:13_02","feed_id":"F014","feed_slug":"tachikawa-kururin","municipality":"立川市","service_name":"くるりん","license":"CC BY 4.0","source_stop_id":"13_02","stop_code":null,"stop_name":"西砂町四丁目","stop_desc":null,"zone_id":"13_02","location_type":0,"parent_station":null,"wheelchair_boarding":null}},{"type":"Feature","id":"F014:14_01","geometry":{"type":"Point","coordinates":[139.355051283326,35.7343392467867]},"properties":{"id":"F014:14_01","feed_id":"F014","feed_slug":"tachikawa-kururin","municipality":"立川市","service_name":"くるりん","license":"CC BY 4.0","source_stop_id":"14_01","stop_code":null,"stop_name":"リサイクルセンター南","stop_desc":null,"zone_id":"14_01","location_type":0,"parent_station":null,"wheelchair_boarding":null}},{"type":"Feature","id":"F014:14_02","geometry":{"type":"Point","coordinates":[139.35550184805,35.7346053217071]},"properties":{"id":"F014:14_02","feed_id":"F014","feed_slug":"tachikawa-kururin","municipality":"立川市","service_name":"くるりん","license":"CC BY 4.0","source_stop_id":"14_02","stop_code":null,"stop_name":"リサイクルセンター南","stop_desc":null,"zone_id":"14_02","location_type":0,"parent_station":null,"wheelchair_boarding":null}},{"type":"Feature","id":"F014:15_01","geometry":{"type":"Point","coordinates":[139.355163554368,35.7318042548774]},"properties":{"id":"F014:15_01","feed_id":"F014","feed_slug":"tachikawa-kururin","municipality":"立川市","service_name":"くるりん","license":"CC BY 4.0","source_stop_id":"15_01","stop_code":null,"stop_name":"西砂スポーツ広場北","stop_desc":null,"zone_id":"15_01","location_type":0,"parent_station":null,"wheelchair_boarding":null}},{"type":"Feature","id":"F014:15_02","geometry":{"type":"Point","coordinates":[139.355431663148,35.7316932174014]},"properties":{"id":"F014:15_02","feed_id":"F014","feed_slug":"tachikawa-kururin","municipality":"立川市","service_name":"くるりん","license":"CC BY 4.0","source_stop_id":"15_02","stop_code":null,"stop_name":"西砂スポーツ広場北","stop_desc":null,"zone_id":"15_02","location_type":0,"parent_station":null,"wheelchair_boarding":null}},{"type":"Feature","id":"F014:16_01","geometry":{"type":"Point","coordinates":[139.356745693775,35.7315411458928]},"properties":{"id":"F014:16_01","feed_id":"F014","feed_slug":"tachikawa-kururin","municipality":"立川市","service_name":"くるりん","license":"CC BY 4.0","source_stop_id":"16_01","stop_code":null,"stop_name":"中里","stop_desc":null,"zone_id":"16_01","location_type":0,"parent_station":null,"wheelchair_boarding":null}},{"type":"Feature","id":"F014:16_02","geometry":{"type":"Point","coordinates":[139.357294205523,35.7314061522009]},"properties":{"id":"F014:16_02","feed_id":"F014","feed_slug":"tachikawa-kururin","municipality":"立川市","service_name":"くるりん","license":"CC BY 4.0","source_stop_id":"16_02","stop_code":null,"stop_name":"中里","stop_desc":null,"zone_id":"16_02","location_type":0,"parent_station":null,"wheelchair_boarding":null}},{"type":"Feature","id":"F014:17_01","geometry":{"type":"Point","coordinates":[139.35964733135,35.7311087491643]},"properties":{"id":"F014:17_01","feed_id":"F014","feed_slug":"tachikawa-kururin","municipality":"立川市","service_name":"くるりん","license":"CC BY 4.0","source_stop_id":"17_01","stop_code":null,"stop_name":"西砂川","stop_desc":null,"zone_id":"17_01","location_type":0,"parent_station":null,"wheelchair_boarding":null}},{"type":"Feature","id":"F014:17_02","geometry":{"type":"Point","coordinates":[139.360620963572,35.7308929365644]},"properties":{"id":"F014:17_02","feed_id":"F014","feed_slug":"tachikawa-kururin","municipality":"立川市","service_name":"くるりん","license":"CC BY 4.0","source_stop_id":"17_02","stop_code":null,"stop_name":"西砂川","stop_desc":null,"zone_id":"17_02","location_type":0,"parent_station":null,"wheelchair_boarding":null}},{"type":"Feature","id":"F014:17_03","geometry":{"type":"Point","coordinates":[139.359823326023,35.7298813648919]},"properties":{"id":"F014:17_03","feed_id":"F014","feed_slug":"tachikawa-kururin","municipality":"立川市","service_name":"くるりん","license":"CC BY 4.0","source_stop_id":"17_03","stop_code":null,"stop_name":"西砂川","stop_desc":null,"zone_id":"17_03","location_type":0,"parent_station":null,"wheelchair_boarding":null}},{"type":"Feature","id":"F014:18_01","geometry":{"type":"Point","coordinates":[139.362187475731,35.7307199054576]},"properties":{"id":"F014:18_01","feed_id":"F014","feed_slug":"tachikawa-kururin","municipality":"立川市","service_name":"くるりん","license":"CC BY 4.0","source_stop_id":"18_01","stop_code":null,"stop_name":"西砂殿ヶ谷","stop_desc":null,"zone_id":"18_01","location_type":0,"parent_station":null,"wheelchair_boarding":null}},{"type":"Feature","id":"F014:18_02","geometry":{"type":"Point","coordinates":[139.362757899118,35.7305817808535]},"properties":{"id":"F014:18_02","feed_id":"F014","feed_slug":"tachikawa-kururin","municipality":"立川市","service_name":"くるりん","license":"CC BY 4.0","source_stop_id":"18_02","stop_code":null,"stop_name":"西砂殿ヶ谷","stop_desc":null,"zone_id":"18_02","location_type":0,"parent_station":null,"wheelchair_boarding":null}},{"type":"Feature","id":"F014:19_01","geometry":{"type":"Point","coordinates":[139.365634751306,35.7292189181846]},"properties":{"id":"F014:19_01","feed_id":"F014","feed_slug":"tachikawa-kururin","municipality":"立川市","service_name":"くるりん","license":"CC BY 4.0","source_stop_id":"19_01","stop_code":null,"stop_name":"西砂小学校","stop_desc":null,"zone_id":"19_01","location_type":0,"parent_station":null,"wheelchair_boarding":null}},{"type":"Feature","id":"F014:19_02","geometry":{"type":"Point","coordinates":[139.365551172059,35.7288570049624]},"properties":{"id":"F014:19_02","feed_id":"F014","feed_slug":"tachikawa-kururin","municipality":"立川市","service_name":"くるりん","license":"CC BY 4.0","source_stop_id":"19_02","stop_code":null,"stop_name":"西砂小学校","stop_desc":null,"zone_id":"19_02","location_type":0,"parent_station":null,"wheelchair_boarding":null}},{"type":"Feature","id":"F014:19_03","geometry":{"type":"Point","coordinates":[139.364785586235,35.7277329105411]},"properties":{"id":"F014:19_03","feed_id":"F014","feed_slug":"tachikawa-kururin","municipality":"立川市","service_name":"くるりん","license":"CC BY 4.0","source_stop_id":"19_03","stop_code":null,"stop_name":"西砂小学校","stop_desc":null,"zone_id":"19_03","location_type":0,"parent_station":null,"wheelchair_boarding":null}},{"type":"Feature","id":"F014:19_04","geometry":{"type":"Point","coordinates":[139.364950750701,35.7276700224057]},"properties":{"id":"F014:19_04","feed_id":"F014","feed_slug":"tachikawa-kururin","municipality":"立川市","service_name":"くるりん","license":"CC BY 4.0","source_stop_id":"19_04","stop_code":null,"stop_name":"西砂小学校","stop_desc":null,"zone_id":"19_04","location_type":0,"parent_station":null,"wheelchair_boarding":null}},{"type":"Feature","id":"F014:2_01","geometry":{"type":"Point","coordinates":[139.374555945057,35.7293581564151]},"properties":{"id":"F014:2_01","feed_id":"F014","feed_slug":"tachikawa-kururin","municipality":"立川市","service_name":"くるりん","license":"CC BY 4.0","source_stop_id":"2_01","stop_code":null,"stop_name":"松中","stop_desc":null,"zone_id":"2_01","location_type":0,"parent_station":null,"wheelchair_boarding":null}},{"type":"Feature","id":"F014:2_02","geometry":{"type":"Point","coordinates":[139.374710461823,35.7294482293379]},"properties":{"id":"F014:2_02","feed_id":"F014","feed_slug":"tachikawa-kururin","municipality":"立川市","service_name":"くるりん","license":"CC BY 4.0","source_stop_id":"2_02","stop_code":null,"stop_name":"松中","stop_desc":null,"zone_id":"2_02","location_type":0,"parent_station":null,"wheelchair_boarding":null}},{"type":"Feature","id":"F014:20_01","geometry":{"type":"Point","coordinates":[139.361460702208,35.7282648256554]},"properties":{"id":"F014:20_01","feed_id":"F014","feed_slug":"tachikawa-kururin","municipality":"立川市","service_name":"くるりん","license":"CC BY 4.0","source_stop_id":"20_01","stop_code":null,"stop_name":"西砂町二丁目","stop_desc":null,"zone_id":"20_01","location_type":0,"parent_station":null,"wheelchair_boarding":null}},{"type":"Feature","id":"F014:20_02","geometry":{"type":"Point","coordinates":[139.361706124336,35.7281592214271]},"properties":{"id":"F014:20_02","feed_id":"F014","feed_slug":"tachikawa-kururin","municipality":"立川市","service_name":"くるりん","license":"CC BY 4.0","source_stop_id":"20_02","stop_code":null,"stop_name":"西砂町二丁目","stop_desc":null,"zone_id":"20_02","location_type":0,"parent_station":null,"wheelchair_boarding":null}},{"type":"Feature","id":"F014:21_01","geometry":{"type":"Point","coordinates":[139.365691766393,35.7267024658957]},"properties":{"id":"F014:21_01","feed_id":"F014","feed_slug":"tachikawa-kururin","municipality":"立川市","service_name":"くるりん","license":"CC BY 4.0","source_stop_id":"21_01","stop_code":null,"stop_name":"西砂小東","stop_desc":null,"zone_id":"21_01","location_type":0,"parent_station":null,"wheelchair_boarding":null}},{"type":"Feature","id":"F014:21_02","geometry":{"type":"Point","coordinates":[139.365606694811,35.7263883221]},"properties":{"id":"F014:21_02","feed_id":"F014","feed_slug":"tachikawa-kururin","municipality":"立川市","service_name":"くるりん","license":"CC BY 4.0","source_stop_id":"21_02","stop_code":null,"stop_name":"西砂小東","stop_desc":null,"zone_id":"21_02","location_type":0,"parent_station":null,"wheelchair_boarding":null}},{"type":"Feature","id":"F014:22_01","geometry":{"type":"Point","coordinates":[139.365737965853,35.7253588330003]},"properties":{"id":"F014:22_01","feed_id":"F014","feed_slug":"tachikawa-kururin","municipality":"立川市","service_name":"くるりん","license":"CC BY 4.0","source_stop_id":"22_01","stop_code":null,"stop_name":"西武立川駅西","stop_desc":null,"zone_id":"22_01","location_type":0,"parent_station":null,"wheelchair_boarding":null}},{"type":"Feature","id":"F014:22_02","geometry":{"type":"Point","coordinates":[139.36566004906,35.7250453398916]},"properties":{"id":"F014:22_02","feed_id":"F014","feed_slug":"tachikawa-kururin","municipality":"立川市","service_name":"くるりん","license":"CC BY 4.0","source_stop_id":"22_02","stop_code":null,"stop_name":"西武立川駅西","stop_desc":null,"zone_id":"22_02","location_type":0,"parent_station":null,"wheelchair_boarding":null}},{"type":"Feature","id":"F014:23_01","geometry":{"type":"Point","coordinates":[139.370322708992,35.7258724860511]},"properties":{"id":"F014:23_01","feed_id":"F014","feed_slug":"tachikawa-kururin","municipality":"立川市","service_name":"くるりん","license":"CC BY 4.0","source_stop_id":"23_01","stop_code":null,"stop_name":"西武立川駅南口","stop_desc":null,"zone_id":"23_01","location_type":0,"parent_station":null,"wheelchair_boarding":null}},{"type":"Feature","id":"F014:24_01","geometry":{"type":"Point","coordinates":[139.365773607758,35.7240658330742]},"properties":{"id":"F014:24_01","feed_id":"F014","feed_slug":"tachikawa-kururin","municipality":"立川市","service_name":"くるりん","license":"CC BY 4.0","source_stop_id":"24_01","stop_code":null,"stop_name":"美堀橋","stop_desc":null,"zone_id":"24_01","location_type":0,"parent_station":null,"wheelchair_boarding":null}},{"type":"Feature","id":"F014:24_02","geometry":{"type":"Point","coordinates":[139.365690737584,35.7238275670392]},"properties":{"id":"F014:24_02","feed_id":"F014","feed_slug":"tachikawa-kururin","municipality":"立川市","service_name":"くるりん","license":"CC BY 4.0","source_stop_id":"24_02","stop_code":null,"stop_name":"美堀橋","stop_desc":null,"zone_id":"24_02","location_type":0,"parent_station":null,"wheelchair_boarding":null}},{"type":"Feature","id":"F014:25_01","geometry":{"type":"Point","coordinates":[139.363806797628,35.7178531389837]},"properties":{"id":"F014:25_01","feed_id":"F014","feed_slug":"tachikawa-kururin","municipality":"立川市","service_name":"くるりん","license":"CC BY 4.0","source_stop_id":"25_01","stop_code":null,"stop_name":"昭島代官山","stop_desc":null,"zone_id":"25_01","location_type":0,"parent_station":null,"wheelchair_boarding":null}},{"type":"Feature","id":"F014:25_02","geometry":{"type":"Point","coordinates":[139.363912416773,35.7179872365161]},"properties":{"id":"F014:25_02","feed_id":"F014","feed_slug":"tachikawa-kururin","municipality":"立川市","service_name":"くるりん","license":"CC BY 4.0","source_stop_id":"25_02","stop_code":null,"stop_name":"昭島代官山","stop_desc":null,"zone_id":"25_02","location_type":0,"parent_station":null,"wheelchair_boarding":null}},{"type":"Feature","id":"F014:26_01","geometry":{"type":"Point","coordinates":[139.360795417433,35.7140870142439]},"properties":{"id":"F014:26_01","feed_id":"F014","feed_slug":"tachikawa-kururin","municipality":"立川市","service_name":"くるりん","license":"CC BY 4.0","source_stop_id":"26_01","stop_code":null,"stop_name":"昭島駅北口","stop_desc":null,"zone_id":"26_01","location_type":0,"parent_station":null,"wheelchair_boarding":null}},{"type":"Feature","id":"F014:27_01","geometry":{"type":"Point","coordinates":[139.375998880802,35.7310161016047]},"properties":{"id":"F014:27_01","feed_id":"F014","feed_slug":"tachikawa-kururin","municipality":"立川市","service_name":"くるりん","license":"CC BY 4.0","source_stop_id":"27_01","stop_code":null,"stop_name":"松中団地","stop_desc":null,"zone_id":"27_01","location_type":0,"parent_station":null,"wheelchair_boarding":null}},{"type":"Feature","id":"F014:27_02","geometry":{"type":"Point","coordinates":[139.376566168016,35.7307765949323]},"properties":{"id":"F014:27_02","feed_id":"F014","feed_slug":"tachikawa-kururin","municipality":"立川市","service_name":"くるりん","license":"CC BY 4.0","source_stop_id":"27_02","stop_code":null,"stop_name":"松中団地","stop_desc":null,"zone_id":"27_02","location_type":0,"parent_station":null,"wheelchair_boarding":null}},{"type":"Feature","id":"F014:28_01","geometry":{"type":"Point","coordinates":[139.380271922144,35.7302463268992]},"properties":{"id":"F014:28_01","feed_id":"F014","feed_slug":"tachikawa-kururin","municipality":"立川市","service_name":"くるりん","license":"CC BY 4.0","source_stop_id":"28_01","stop_code":null,"stop_name":"天王橋団地","stop_desc":null,"zone_id":"28_01","location_type":0,"parent_station":null,"wheelchair_boarding":null}},{"type":"Feature","id":"F014:28_02","geometry":{"type":"Point","coordinates":[139.38026333353,35.7301169503694]},"properties":{"id":"F014:28_02","feed_id":"F014","feed_slug":"tachikawa-kururin","municipality":"立川市","service_name":"くるりん","license":"CC BY 4.0","source_stop_id":"28_02","stop_code":null,"stop_name":"天王橋団地","stop_desc":null,"zone_id":"28_02","location_type":0,"parent_station":null,"wheelchair_boarding":null}},{"type":"Feature","id":"F014:29_01","geometry":{"type":"Point","coordinates":[139.391888209054,35.7290496963693]},"properties":{"id":"F014:29_01","feed_id":"F014","feed_slug":"tachikawa-kururin","municipality":"立川市","service_name":"くるりん","license":"CC BY 4.0","source_stop_id":"29_01","stop_code":null,"stop_name":"武蔵砂川駅","stop_desc":null,"zone_id":"29_01","location_type":0,"parent_station":null,"wheelchair_boarding":null}},{"type":"Feature","id":"F014:3_01","geometry":{"type":"Point","coordinates":[139.375322224014,35.7322578110297]},"properties":{"id":"F014:3_01","feed_id":"F014","feed_slug":"tachikawa-kururin","municipality":"立川市","service_name":"くるりん","license":"CC BY 4.0","source_stop_id":"3_01","stop_code":null,"stop_name":"松中団地北","stop_desc":null,"zone_id":"3_01","location_type":0,"parent_station":null,"wheelchair_boarding":null}},{"type":"Feature","id":"F014:3_02","geometry":{"type":"Point","coordinates":[139.375359774941,35.731948634374]},"properties":{"id":"F014:3_02","feed_id":"F014","feed_slug":"tachikawa-kururin","municipality":"立川市","service_name":"くるりん","license":"CC BY 4.0","source_stop_id":"3_02","stop_code":null,"stop_name":"松中団地北","stop_desc":null,"zone_id":"3_02","location_type":0,"parent_station":null,"wheelchair_boarding":null}},{"type":"Feature","id":"F014:30_01","geometry":{"type":"Point","coordinates":[139.398017703358,35.7297182690813]},"properties":{"id":"F014:30_01","feed_id":"F014","feed_slug":"tachikawa-kururin","municipality":"立川市","service_name":"くるりん","license":"CC BY 4.0","source_stop_id":"30_01","stop_code":null,"stop_name":"砂川町八丁目南","stop_desc":null,"zone_id":"30_01","location_type":0,"parent_station":null,"wheelchair_boarding":null}},{"type":"Feature","id":"F014:31_01","geometry":{"type":"Point","coordinates":[139.401592820434,35.7301399678007]},"properties":{"id":"F014:31_01","feed_id":"F014","feed_slug":"tachikawa-kururin","municipality":"立川市","service_name":"くるりん","license":"CC BY 4.0","source_stop_id":"31_01","stop_code":null,"stop_name":"東航通り","stop_desc":null,"zone_id":"31_01","location_type":0,"parent_station":null,"wheelchair_boarding":null}},{"type":"Feature","id":"F014:32_01","geometry":{"type":"Point","coordinates":[139.40604014525,35.7306482545025]},"properties":{"id":"F014:32_01","feed_id":"F014","feed_slug":"tachikawa-kururin","municipality":"立川市","service_name":"くるりん","license":"CC BY 4.0","source_stop_id":"32_01","stop_code":null,"stop_name":"砂川町七丁目","stop_desc":null,"zone_id":"32_01","location_type":0,"parent_station":null,"wheelchair_boarding":null}},{"type":"Feature","id":"F014:33_01","geometry":{"type":"Point","coordinates":[139.407691000222,35.730840578298]},"properties":{"id":"F014:33_01","feed_id":"F014","feed_slug":"tachikawa-kururin","municipality":"立川市","service_name":"くるりん","license":"CC BY 4.0","source_stop_id":"33_01","stop_code":null,"stop_name":"砂川公園前","stop_desc":null,"zone_id":"33_01","location_type":0,"parent_station":null,"wheelchair_boarding":null}},{"type":"Feature","id":"F014:34_01","geometry":{"type":"Point","coordinates":[139.418254432671,35.7323716386244]},"properties":{"id":"F014:34_01","feed_id":"F014","feed_slug":"tachikawa-kururin","municipality":"立川市","service_name":"くるりん","license":"CC BY 4.0","source_stop_id":"34_01","stop_code":null,"stop_name":"玉川上水駅","stop_desc":null,"zone_id":"34_01","location_type":0,"parent_station":null,"wheelchair_boarding":null}},{"type":"Feature","id":"F014:35_01","geometry":{"type":"Point","coordinates":[139.418366275201,35.7287129918089]},"properties":{"id":"F014:35_01","feed_id":"F014","feed_slug":"tachikawa-kururin","municipality":"立川市","service_name":"くるりん","license":"CC BY 4.0","source_stop_id":"35_01","stop_code":null,"stop_name":"上水営業所","stop_desc":null,"zone_id":"35_01","location_type":0,"parent_station":null,"wheelchair_boarding":null}},{"type":"Feature","id":"F014:36_01","geometry":{"type":"Point","coordinates":[139.413005713628,35.6989157641159]},"properties":{"id":"F014:36_01","feed_id":"F014","feed_slug":"tachikawa-kururin","municipality":"立川市","service_name":"くるりん","license":"CC BY 4.0","source_stop_id":"36_01","stop_code":null,"stop_name":"立川駅北口","stop_desc":null,"zone_id":"36_01","location_type":0,"parent_station":null,"wheelchair_boarding":null}},{"type":"Feature","id":"F014:36_02","geometry":{"type":"Point","coordinates":[139.413266297847,35.6987266874365]},"properties":{"id":"F014:36_02","feed_id":"F014","feed_slug":"tachikawa-kururin","municipality":"立川市","service_name":"くるりん","license":"CC BY 4.0","source_stop_id":"36_02","stop_code":null,"stop_name":"立川駅北口","stop_desc":null,"zone_id":"36_02","location_type":0,"parent_station":null,"wheelchair_boarding":null}},{"type":"Feature","id":"F014:37_01","geometry":{"type":"Point","coordinates":[139.416005016283,35.7003886780938]},"properties":{"id":"F014:37_01","feed_id":"F014","feed_slug":"tachikawa-kururin","municipality":"立川市","service_name":"くるりん","license":"CC BY 4.0","source_stop_id":"37_01","stop_code":null,"stop_name":"緑川商店会","stop_desc":null,"zone_id":"37_01","location_type":0,"parent_station":null,"wheelchair_boarding":null}},{"type":"Feature","id":"F014:37_02","geometry":{"type":"Point","coordinates":[139.417087865134,35.7001192734147]},"properties":{"id":"F014:37_02","feed_id":"F014","feed_slug":"tachikawa-kururin","municipality":"立川市","service_name":"くるりん","license":"CC BY 4.0","source_stop_id":"37_02","stop_code":null,"stop_name":"緑川商店会","stop_desc":null,"zone_id":"37_02","location_type":0,"parent_station":null,"wheelchair_boarding":null}},{"type":"Feature","id":"F014:38_01","geometry":{"type":"Point","coordinates":[139.420234060343,35.7003635621213]},"properties":{"id":"F014:38_01","feed_id":"F014","feed_slug":"tachikawa-kururin","municipality":"立川市","service_name":"くるりん","license":"CC BY 4.0","source_stop_id":"38_01","stop_code":null,"stop_name":"二小南","stop_desc":null,"zone_id":"38_01","location_type":0,"parent_station":null,"wheelchair_boarding":null}},{"type":"Feature","id":"F014:39_01","geometry":{"type":"Point","coordinates":[139.422709977691,35.7000065447378]},"properties":{"id":"F014:39_01","feed_id":"F014","feed_slug":"tachikawa-kururin","municipality":"立川市","service_name":"くるりん","license":"CC BY 4.0","source_stop_id":"39_01","stop_code":null,"stop_name":"ぎょうせいデジタル前","stop_desc":null,"zone_id":"39_01","location_type":0,"parent_station":null,"wheelchair_boarding":null}},{"type":"Feature","id":"F014:4_01","geometry":{"type":"Point","coordinates":[139.377629434915,35.7329407167658]},"properties":{"id":"F014:4_01","feed_id":"F014","feed_slug":"tachikawa-kururin","municipality":"立川市","service_name":"くるりん","license":"CC BY 4.0","source_stop_id":"4_01","stop_code":null,"stop_name":"西砂児童館","stop_desc":null,"zone_id":"4_01","location_type":0,"parent_station":null,"wheelchair_boarding":null}},{"type":"Feature","id":"F014:4_02","geometry":{"type":"Point","coordinates":[139.377172371298,35.7326207687473]},"properties":{"id":"F014:4_02","feed_id":"F014","feed_slug":"tachikawa-kururin","municipality":"立川市","service_name":"くるりん","license":"CC BY 4.0","source_stop_id":"4_02","stop_code":null,"stop_name":"西砂児童館","stop_desc":null,"zone_id":"4_02","location_type":0,"parent_station":null,"wheelchair_boarding":null}},{"type":"Feature","id":"F014:40_01","geometry":{"type":"Point","coordinates":[139.424197356044,35.6995451739656]},"properties":{"id":"F014:40_01","feed_id":"F014","feed_slug":"tachikawa-kururin","municipality":"立川市","service_name":"くるりん","license":"CC BY 4.0","source_stop_id":"40_01","stop_code":null,"stop_name":"アートアベニュー立川","stop_desc":null,"zone_id":"40_01","location_type":0,"parent_station":null,"wheelchair_boarding":null}},{"type":"Feature","id":"F014:41_01","geometry":{"type":"Point","coordinates":[139.423238144721,35.6996098574101]},"properties":{"id":"F014:41_01","feed_id":"F014","feed_slug":"tachikawa-kururin","municipality":"立川市","service_name":"くるりん","license":"CC BY 4.0","source_stop_id":"41_01","stop_code":null,"stop_name":"東京ガス前","stop_desc":null,"zone_id":"41_01","location_type":0,"parent_station":null,"wheelchair_boarding":null}},{"type":"Feature","id":"F014:42_01","geometry":{"type":"Point","coordinates":[139.420393962241,35.7001337275888]},"properties":{"id":"F014:42_01","feed_id":"F014","feed_slug":"tachikawa-kururin","municipality":"立川市","service_name":"くるりん","license":"CC BY 4.0","source_stop_id":"42_01","stop_code":null,"stop_name":"曙三西公園南","stop_desc":null,"zone_id":"42_01","location_type":0,"parent_station":null,"wheelchair_boarding":null}},{"type":"Feature","id":"F014:43_01","geometry":{"type":"Point","coordinates":[139.413297769069,35.6972315565774]},"properties":{"id":"F014:43_01","feed_id":"F014","feed_slug":"tachikawa-kururin","municipality":"立川市","service_name":"くるりん","license":"CC BY 4.0","source_stop_id":"43_01","stop_code":null,"stop_name":"立川駅南口","stop_desc":null,"zone_id":"43_01","location_type":0,"parent_station":null,"wheelchair_boarding":null}},{"type":"Feature","id":"F014:44_01","geometry":{"type":"Point","coordinates":[139.414989145985,35.693930668062]},"properties":{"id":"F014:44_01","feed_id":"F014","feed_slug":"tachikawa-kururin","municipality":"立川市","service_name":"くるりん","license":"CC BY 4.0","source_stop_id":"44_01","stop_code":null,"stop_name":"錦中央通り","stop_desc":null,"zone_id":"44_01","location_type":0,"parent_station":null,"wheelchair_boarding":null}},{"type":"Feature","id":"F014:44_02","geometry":{"type":"Point","coordinates":[139.414956172976,35.6940246683227]},"properties":{"id":"F014:44_02","feed_id":"F014","feed_slug":"tachikawa-kururin","municipality":"立川市","service_name":"くるりん","license":"CC BY 4.0","source_stop_id":"44_02","stop_code":null,"stop_name":"錦中央通り","stop_desc":null,"zone_id":"44_02","location_type":0,"parent_station":null,"wheelchair_boarding":null}},{"type":"Feature","id":"F014:45_01","geometry":{"type":"Point","coordinates":[139.414069029424,35.6921962120008]},"properties":{"id":"F014:45_01","feed_id":"F014","feed_slug":"tachikawa-kururin","municipality":"立川市","service_name":"くるりん","license":"CC BY 4.0","source_stop_id":"45_01","stop_code":null,"stop_name":"立川年金事務所","stop_desc":null,"zone_id":"45_01","location_type":0,"parent_station":null,"wheelchair_boarding":null}},{"type":"Feature","id":"F014:45_02","geometry":{"type":"Point","coordinates":[139.41396,35.69214]},"properties":{"id":"F014:45_02","feed_id":"F014","feed_slug":"tachikawa-kururin","municipality":"立川市","service_name":"くるりん","license":"CC BY 4.0","source_stop_id":"45_02","stop_code":null,"stop_name":"立川年金事務所","stop_desc":null,"zone_id":"45_02","location_type":0,"parent_station":null,"wheelchair_boarding":null}},{"type":"Feature","id":"F014:46_01","geometry":{"type":"Point","coordinates":[139.41326,35.69066]},"properties":{"id":"F014:46_01","feed_id":"F014","feed_slug":"tachikawa-kururin","municipality":"立川市","service_name":"くるりん","license":"CC BY 4.0","source_stop_id":"46_01","stop_code":null,"stop_name":"錦町五丁目","stop_desc":null,"zone_id":"46_01","location_type":0,"parent_station":null,"wheelchair_boarding":null}},{"type":"Feature","id":"F014:46_02","geometry":{"type":"Point","coordinates":[139.413134185879,35.6905883929957]},"properties":{"id":"F014:46_02","feed_id":"F014","feed_slug":"tachikawa-kururin","municipality":"立川市","service_name":"くるりん","license":"CC BY 4.0","source_stop_id":"46_02","stop_code":null,"stop_name":"錦町五丁目","stop_desc":null,"zone_id":"46_02","location_type":0,"parent_station":null,"wheelchair_boarding":null}},{"type":"Feature","id":"F014:47_01","geometry":{"type":"Point","coordinates":[139.41095,35.68768]},"properties":{"id":"F014:47_01","feed_id":"F014","feed_slug":"tachikawa-kururin","municipality":"立川市","service_name":"くるりん","license":"CC BY 4.0","source_stop_id":"47_01","stop_code":null,"stop_name":"柴崎体育館","stop_desc":null,"zone_id":"47_01","location_type":0,"parent_station":null,"wheelchair_boarding":null}},{"type":"Feature","id":"F014:48_01","geometry":{"type":"Point","coordinates":[139.41243,35.687]},"properties":{"id":"F014:48_01","feed_id":"F014","feed_slug":"tachikawa-kururin","municipality":"立川市","service_name":"くるりん","license":"CC BY 4.0","source_stop_id":"48_01","stop_code":null,"stop_name":"柴崎市民体育館南","stop_desc":null,"zone_id":"48_01","location_type":0,"parent_station":null,"wheelchair_boarding":null}},{"type":"Feature","id":"F014:49_01","geometry":{"type":"Point","coordinates":[139.41596,35.68757]},"properties":{"id":"F014:49_01","feed_id":"F014","feed_slug":"tachikawa-kururin","municipality":"立川市","service_name":"くるりん","license":"CC BY 4.0","source_stop_id":"49_01","stop_code":null,"stop_name":"錦町六丁目西","stop_desc":null,"zone_id":"49_01","location_type":0,"parent_station":null,"wheelchair_boarding":null}},{"type":"Feature","id":"F014:49_02","geometry":{"type":"Point","coordinates":[139.41584,35.68758]},"properties":{"id":"F014:49_02","feed_id":"F014","feed_slug":"tachikawa-kururin","municipality":"立川市","service_name":"くるりん","license":"CC BY 4.0","source_stop_id":"49_02","stop_code":null,"stop_name":"錦町六丁目西","stop_desc":null,"zone_id":"49_02","location_type":0,"parent_station":null,"wheelchair_boarding":null}},{"type":"Feature","id":"F014:5_01","geometry":{"type":"Point","coordinates":[139.377317420596,35.7348199141949]},"properties":{"id":"F014:5_01","feed_id":"F014","feed_slug":"tachikawa-kururin","municipality":"立川市","service_name":"くるりん","license":"CC BY 4.0","source_stop_id":"5_01","stop_code":null,"stop_name":"立川一番町東住宅","stop_desc":null,"zone_id":"5_01","location_type":0,"parent_station":null,"wheelchair_boarding":null}},{"type":"Feature","id":"F014:5_02","geometry":{"type":"Point","coordinates":[139.376939325533,35.7350436054489]},"properties":{"id":"F014:5_02","feed_id":"F014","feed_slug":"tachikawa-kururin","municipality":"立川市","service_name":"くるりん","license":"CC BY 4.0","source_stop_id":"5_02","stop_code":null,"stop_name":"立川一番町東住宅","stop_desc":null,"zone_id":"5_02","location_type":0,"parent_station":null,"wheelchair_boarding":null}},{"type":"Feature","id":"F014:50_01","geometry":{"type":"Point","coordinates":[139.41882,35.68657]},"properties":{"id":"F014:50_01","feed_id":"F014","feed_slug":"tachikawa-kururin","municipality":"立川市","service_name":"くるりん","license":"CC BY 4.0","source_stop_id":"50_01","stop_code":null,"stop_name":"錦町六丁目東","stop_desc":null,"zone_id":"50_01","location_type":0,"parent_station":null,"wheelchair_boarding":null}},{"type":"Feature","id":"F014:50_02","geometry":{"type":"Point","coordinates":[139.41849,35.68689]},"properties":{"id":"F014:50_02","feed_id":"F014","feed_slug":"tachikawa-kururin","municipality":"立川市","service_name":"くるりん","license":"CC BY 4.0","source_stop_id":"50_02","stop_code":null,"stop_name":"錦町六丁目東","stop_desc":null,"zone_id":"50_02","location_type":0,"parent_station":null,"wheelchair_boarding":null}},{"type":"Feature","id":"F014:51_01","geometry":{"type":"Point","coordinates":[139.42037,35.68838]},"properties":{"id":"F014:51_01","feed_id":"F014","feed_slug":"tachikawa-kururin","municipality":"立川市","service_name":"くるりん","license":"CC BY 4.0","source_stop_id":"51_01","stop_code":null,"stop_name":"元多摩教育センター東","stop_desc":null,"zone_id":"51_01","location_type":0,"parent_station":null,"wheelchair_boarding":null}},{"type":"Feature","id":"F014:52_01","geometry":{"type":"Point","coordinates":[139.42158,35.69061]},"properties":{"id":"F014:52_01","feed_id":"F014","feed_slug":"tachikawa-kururin","municipality":"立川市","service_name":"くるりん","license":"CC BY 4.0","source_stop_id":"52_01","stop_code":null,"stop_name":"錦町四丁目東","stop_desc":null,"zone_id":"52_01","location_type":0,"parent_station":null,"wheelchair_boarding":null}},{"type":"Feature","id":"F014:53_01","geometry":{"type":"Point","coordinates":[139.423788988265,35.691009339956]},"properties":{"id":"F014:53_01","feed_id":"F014","feed_slug":"tachikawa-kururin","municipality":"立川市","service_name":"くるりん","license":"CC BY 4.0","source_stop_id":"53_01","stop_code":null,"stop_name":"立川病院東","stop_desc":null,"zone_id":"53_01","location_type":0,"parent_station":null,"wheelchair_boarding":null}},{"type":"Feature","id":"F014:54_01","geometry":{"type":"Point","coordinates":[139.421678324656,35.6922532368688]},"properties":{"id":"F014:54_01","feed_id":"F014","feed_slug":"tachikawa-kururin","municipality":"立川市","service_name":"くるりん","license":"CC BY 4.0","source_stop_id":"54_01","stop_code":null,"stop_name":"立川病院","stop_desc":null,"zone_id":"54_01","location_type":0,"parent_station":null,"wheelchair_boarding":null}},{"type":"Feature","id":"F014:55_01","geometry":{"type":"Point","coordinates":[139.42054,35.69069]},"properties":{"id":"F014:55_01","feed_id":"F014","feed_slug":"tachikawa-kururin","municipality":"立川市","service_name":"くるりん","license":"CC BY 4.0","source_stop_id":"55_01","stop_code":null,"stop_name":"錦町四丁目","stop_desc":null,"zone_id":"55_01","location_type":0,"parent_station":null,"wheelchair_boarding":null}},{"type":"Feature","id":"F014:56_01","geometry":{"type":"Point","coordinates":[139.41947,35.68874]},"properties":{"id":"F014:56_01","feed_id":"F014","feed_slug":"tachikawa-kururin","municipality":"立川市","service_name":"くるりん","license":"CC BY 4.0","source_stop_id":"56_01","stop_code":null,"stop_name":"元多摩教育センター","stop_desc":null,"zone_id":"56_01","location_type":0,"parent_station":null,"wheelchair_boarding":null}},{"type":"Feature","id":"F014:57_01","geometry":{"type":"Point","coordinates":[139.413399012773,35.6882922996127]},"properties":{"id":"F014:57_01","feed_id":"F014","feed_slug":"tachikawa-kururin","municipality":"立川市","service_name":"くるりん","license":"CC BY 4.0","source_stop_id":"57_01","stop_code":null,"stop_name":"柴崎体育館東","stop_desc":null,"zone_id":"57_01","location_type":0,"parent_station":null,"wheelchair_boarding":null}},{"type":"Feature","id":"F014:6_02","geometry":{"type":"Point","coordinates":[139.37465945609,35.7354524316982]},"properties":{"id":"F014:6_02","feed_id":"F014","feed_slug":"tachikawa-kururin","municipality":"立川市","service_name":"くるりん","license":"CC BY 4.0","source_stop_id":"6_02","stop_code":null,"stop_name":"エステート立川中央","stop_desc":null,"zone_id":"6_02","location_type":0,"parent_station":null,"wheelchair_boarding":null}},{"type":"Feature","id":"F014:7_01","geometry":{"type":"Point","coordinates":[139.374419166708,35.7330633865418]},"properties":{"id":"F014:7_01","feed_id":"F014","feed_slug":"tachikawa-kururin","municipality":"立川市","service_name":"くるりん","license":"CC BY 4.0","source_stop_id":"7_01","stop_code":null,"stop_name":"松中団地操車場","stop_desc":null,"zone_id":"7_01","location_type":0,"parent_station":null,"wheelchair_boarding":null}},{"type":"Feature","id":"F014:8_01","geometry":{"type":"Point","coordinates":[139.373454068501,35.7337060108471]},"properties":{"id":"F014:8_01","feed_id":"F014","feed_slug":"tachikawa-kururin","municipality":"立川市","service_name":"くるりん","license":"CC BY 4.0","source_stop_id":"8_01","stop_code":null,"stop_name":"一番福祉会館","stop_desc":null,"zone_id":"8_01","location_type":0,"parent_station":null,"wheelchair_boarding":null}},{"type":"Feature","id":"F014:8_02","geometry":{"type":"Point","coordinates":[139.373120525599,35.7339468905812]},"properties":{"id":"F014:8_02","feed_id":"F014","feed_slug":"tachikawa-kururin","municipality":"立川市","service_name":"くるりん","license":"CC BY 4.0","source_stop_id":"8_02","stop_code":null,"stop_name":"一番福祉会館","stop_desc":null,"zone_id":"8_02","location_type":0,"parent_station":null,"wheelchair_boarding":null}},{"type":"Feature","id":"F014:9_01","geometry":{"type":"Point","coordinates":[139.371279724929,35.7330393037809]},"properties":{"id":"F014:9_01","feed_id":"F014","feed_slug":"tachikawa-kururin","municipality":"立川市","service_name":"くるりん","license":"CC BY 4.0","source_stop_id":"9_01","stop_code":null,"stop_name":"西砂町六丁目","stop_desc":null,"zone_id":"9_01","location_type":0,"parent_station":null,"wheelchair_boarding":null}},{"type":"Feature","id":"F014:9_02","geometry":{"type":"Point","coordinates":[139.371271750223,35.7333175268281]},"properties":{"id":"F014:9_02","feed_id":"F014","feed_slug":"tachikawa-kururin","municipality":"立川市","service_name":"くるりん","license":"CC BY 4.0","source_stop_id":"9_02","stop_code":null,"stop_name":"西砂町六丁目","stop_desc":null,"zone_id":"9_02","location_type":0,"parent_station":null,"wheelchair_boarding":null}},{"type":"Feature","id":"F029:1_0","geometry":{"type":"Point","coordinates":[139.798597452789,35.7334964017327]},"properties":{"id":"F029:1_0","feed_id":"F029","feed_slug":"arakawa-sakura","municipality":"荒川区","service_name":"コミュニティバスさくら","license":"CC BY 4.0","source_stop_id":"1_0","stop_code":null,"stop_name":"南千住駅西口","stop_desc":null,"zone_id":"1_0","location_type":0,"parent_station":null,"wheelchair_boarding":null}},{"type":"Feature","id":"F029:2_1","geometry":{"type":"Point","coordinates":[139.79722815,35.73505091]},"properties":{"id":"F029:2_1","feed_id":"F029","feed_slug":"arakawa-sakura","municipality":"荒川区","service_name":"コミュニティバスさくら","license":"CC BY 4.0","source_stop_id":"2_1","stop_code":null,"stop_name":"コツ通り","stop_desc":null,"zone_id":"2_1","location_type":0,"parent_station":null,"wheelchair_boarding":null}},{"type":"Feature","id":"F029:2_2","geometry":{"type":"Point","coordinates":[139.797248417342,35.7355393475673]},"properties":{"id":"F029:2_2","feed_id":"F029","feed_slug":"arakawa-sakura","municipality":"荒川区","service_name":"コミュニティバスさくら","license":"CC BY 4.0","source_stop_id":"2_2","stop_code":null,"stop_name":"コツ通り","stop_desc":null,"zone_id":"2_2","location_type":0,"parent_station":null,"wheelchair_boarding":null}},{"type":"Feature","id":"F029:3_1","geometry":{"type":"Point","coordinates":[139.79433774857,35.7370683761328]},"properties":{"id":"F029:3_1","feed_id":"F029","feed_slug":"arakawa-sakura","municipality":"荒川区","service_name":"コミュニティバスさくら","license":"CC BY 4.0","source_stop_id":"3_1","stop_code":null,"stop_name":"南千住図書館（荒川ふるさと文化館）","stop_desc":null,"zone_id":"3_1","location_type":0,"parent_station":null,"wheelchair_boarding":null}},{"type":"Feature","id":"F029:3_2","geometry":{"type":"Point","coordinates":[139.795410606917,35.7370280953764]},"properties":{"id":"F029:3_2","feed_id":"F029","feed_slug":"arakawa-sakura","municipality":"荒川区","service_name":"コミュニティバスさくら","license":"CC BY 4.0","source_stop_id":"3_2","stop_code":null,"stop_name":"南千住図書館（荒川ふるさと文化館）","stop_desc":null,"zone_id":"3_2","location_type":0,"parent_station":null,"wheelchair_boarding":null}},{"type":"Feature","id":"F029:4_1","geometry":{"type":"Point","coordinates":[139.791925097402,35.7369704304475]},"properties":{"id":"F029:4_1","feed_id":"F029","feed_slug":"arakawa-sakura","municipality":"荒川区","service_name":"コミュニティバスさくら","license":"CC BY 4.0","source_stop_id":"4_1","stop_code":null,"stop_name":"南千住野球場","stop_desc":null,"zone_id":"4_1","location_type":0,"parent_station":null,"wheelchair_boarding":null}},{"type":"Feature","id":"F029:4_2","geometry":{"type":"Point","coordinates":[139.792077027734,35.7370254696418]},"properties":{"id":"F029:4_2","feed_id":"F029","feed_slug":"arakawa-sakura","municipality":"荒川区","service_name":"コミュニティバスさくら","license":"CC BY 4.0","source_stop_id":"4_2","stop_code":null,"stop_name":"南千住野球場","stop_desc":null,"zone_id":"4_2","location_type":0,"parent_station":null,"wheelchair_boarding":null}},{"type":"Feature","id":"F029:5_1","geometry":{"type":"Point","coordinates":[139.791316860115,35.7387454668749]},"properties":{"id":"F029:5_1","feed_id":"F029","feed_slug":"arakawa-sakura","municipality":"荒川区","service_name":"コミュニティバスさくら","license":"CC BY 4.0","source_stop_id":"5_1","stop_code":null,"stop_name":"グリーンハイム荒川","stop_desc":null,"zone_id":"5_1","location_type":0,"parent_station":null,"wheelchair_boarding":null}},{"type":"Feature","id":"F029:5_2","geometry":{"type":"Point","coordinates":[139.791229852039,35.7388397622078]},"properties":{"id":"F029:5_2","feed_id":"F029","feed_slug":"arakawa-sakura","municipality":"荒川区","service_name":"コミュニティバスさくら","license":"CC BY 4.0","source_stop_id":"5_2","stop_code":null,"stop_name":"グリーンハイム荒川","stop_desc":null,"zone_id":"5_2","location_type":0,"parent_station":null,"wheelchair_boarding":null}},{"type":"Feature","id":"F029:6_1","geometry":{"type":"Point","coordinates":[139.790359351224,35.7405720800271]},"properties":{"id":"F029:6_1","feed_id":"F029","feed_slug":"arakawa-sakura","municipality":"荒川区","service_name":"コミュニティバスさくら","license":"CC BY 4.0","source_stop_id":"6_1","stop_code":null,"stop_name":"アクロシティ","stop_desc":null,"zone_id":"6_1","location_type":0,"parent_station":null,"wheelchair_boarding":null}},{"type":"Feature","id":"F029:6_2","geometry":{"type":"Point","coordinates":[139.790707041869,35.7409457243407]},"properties":{"id":"F029:6_2","feed_id":"F029","feed_slug":"arakawa-sakura","municipality":"荒川区","service_name":"コミュニティバスさくら","license":"CC BY 4.0","source_stop_id":"6_2","stop_code":null,"stop_name":"アクロシティ","stop_desc":null,"zone_id":"6_2","location_type":0,"parent_station":null,"wheelchair_boarding":null}},{"type":"Feature","id":"F029:7_1","geometry":{"type":"Point","coordinates":[139.784963776418,35.7434265684576]},"properties":{"id":"F029:7_1","feed_id":"F029","feed_slug":"arakawa-sakura","municipality":"荒川区","service_name":"コミュニティバスさくら","license":"CC BY 4.0","source_stop_id":"7_1","stop_code":null,"stop_name":"荒川自然公園入口","stop_desc":null,"zone_id":"7_1","location_type":0,"parent_station":null,"wheelchair_boarding":null}},{"type":"Feature","id":"F029:7_2","geometry":{"type":"Point","coordinates":[139.785463255412,35.743620784371]},"properties":{"id":"F029:7_2","feed_id":"F029","feed_slug":"arakawa-sakura","municipality":"荒川区","service_name":"コミュニティバスさくら","license":"CC BY 4.0","source_stop_id":"7_2","stop_code":null,"stop_name":"荒川自然公園入口","stop_desc":null,"zone_id":"7_2","location_type":0,"parent_station":null,"wheelchair_boarding":null}},{"type":"Feature","id":"F029:8_1","geometry":{"type":"Point","coordinates":[139.782363935446,35.742755607649]},"properties":{"id":"F029:8_1","feed_id":"F029","feed_slug":"arakawa-sakura","municipality":"荒川区","service_name":"コミュニティバスさくら","license":"CC BY 4.0","source_stop_id":"8_1","stop_code":null,"stop_name":"町屋駅","stop_desc":null,"zone_id":"8_1","location_type":0,"parent_station":null,"wheelchair_boarding":null}},{"type":"Feature","id":"F029:8_2","geometry":{"type":"Point","coordinates":[139.7814653197,35.7421923004041]},"properties":{"id":"F029:8_2","feed_id":"F029","feed_slug":"arakawa-sakura","municipality":"荒川区","service_name":"コミュニティバスさくら","license":"CC BY 4.0","source_stop_id":"8_2","stop_code":null,"stop_name":"町屋駅","stop_desc":null,"zone_id":"8_2","location_type":0,"parent_station":null,"wheelchair_boarding":null}},{"type":"Feature","id":"F029:9_1","geometry":{"type":"Point","coordinates":[139.780410031292,35.7413034193659]},"properties":{"id":"F029:9_1","feed_id":"F029","feed_slug":"arakawa-sakura","municipality":"荒川区","service_name":"コミュニティバスさくら","license":"CC BY 4.0","source_stop_id":"9_1","stop_code":null,"stop_name":"花の木","stop_desc":null,"zone_id":"9_1","location_type":0,"parent_station":null,"wheelchair_boarding":null}},{"type":"Feature","id":"F029:9_2","geometry":{"type":"Point","coordinates":[139.779815278435,35.7409412053053]},"properties":{"id":"F029:9_2","feed_id":"F029","feed_slug":"arakawa-sakura","municipality":"荒川区","service_name":"コミュニティバスさくら","license":"CC BY 4.0","source_stop_id":"9_2","stop_code":null,"stop_name":"花の木","stop_desc":null,"zone_id":"9_2","location_type":0,"parent_station":null,"wheelchair_boarding":null}},{"type":"Feature","id":"F029:9-1_1","geometry":{"type":"Point","coordinates":[139.778281272045,35.7393374699583]},"properties":{"id":"F029:9-1_1","feed_id":"F029","feed_slug":"arakawa-sakura","municipality":"荒川区","service_name":"コミュニティバスさくら","license":"CC BY 4.0","source_stop_id":"9-1_1","stop_code":null,"stop_name":"子ども家庭支援センター","stop_desc":null,"zone_id":"9-1_1","location_type":0,"parent_station":null,"wheelchair_boarding":null}},{"type":"Feature","id":"F029:9-1_2","geometry":{"type":"Point","coordinates":[139.777873724969,35.739543300421]},"properties":{"id":"F029:9-1_2","feed_id":"F029","feed_slug":"arakawa-sakura","municipality":"荒川区","service_name":"コミュニティバスさくら","license":"CC BY 4.0","source_stop_id":"9-1_2","stop_code":null,"stop_name":"子ども家庭支援センター","stop_desc":null,"zone_id":"9-1_2","location_type":0,"parent_station":null,"wheelchair_boarding":null}},{"type":"Feature","id":"F029:10_1","geometry":{"type":"Point","coordinates":[139.780017488331,35.7387642534861]},"properties":{"id":"F029:10_1","feed_id":"F029","feed_slug":"arakawa-sakura","municipality":"荒川区","service_name":"コミュニティバスさくら","license":"CC BY 4.0","source_stop_id":"10_1","stop_code":null,"stop_name":"荒川四丁目","stop_desc":null,"zone_id":"10_1","location_type":0,"parent_station":null,"wheelchair_boarding":null}},{"type":"Feature","id":"F029:10_2","geometry":{"type":"Point","coordinates":[139.780105965291,35.7386711410492]},"properties":{"id":"F029:10_2","feed_id":"F029","feed_slug":"arakawa-sakura","municipality":"荒川区","service_name":"コミュニティバスさくら","license":"CC BY 4.0","source_stop_id":"10_2","stop_code":null,"stop_name":"荒川四丁目","stop_desc":null,"zone_id":"10_2","location_type":0,"parent_station":null,"wheelchair_boarding":null}},{"type":"Feature","id":"F029:11_1","geometry":{"type":"Point","coordinates":[139.781752645742,35.7376090694201]},"properties":{"id":"F029:11_1","feed_id":"F029","feed_slug":"arakawa-sakura","municipality":"荒川区","service_name":"コミュニティバスさくら","license":"CC BY 4.0","source_stop_id":"11_1","stop_code":null,"stop_name":"荒川中央通り","stop_desc":null,"zone_id":"11_1","location_type":0,"parent_station":null,"wheelchair_boarding":null}},{"type":"Feature","id":"F029:12_1","geometry":{"type":"Point","coordinates":[139.783242867136,35.7352266688836]},"properties":{"id":"F029:12_1","feed_id":"F029","feed_slug":"arakawa-sakura","municipality":"荒川区","service_name":"コミュニティバスさくら","license":"CC BY 4.0","source_stop_id":"12_1","stop_code":null,"stop_name":"荒川区役所","stop_desc":null,"zone_id":"12_1","location_type":0,"parent_station":null,"wheelchair_boarding":null}},{"type":"Feature","id":"F029:12_2","geometry":{"type":"Point","coordinates":[139.784045166894,35.7348223369624]},"properties":{"id":"F029:12_2","feed_id":"F029","feed_slug":"arakawa-sakura","municipality":"荒川区","service_name":"コミュニティバスさくら","license":"CC BY 4.0","source_stop_id":"12_2","stop_code":null,"stop_name":"荒川区役所","stop_desc":null,"zone_id":"12_2","location_type":0,"parent_station":null,"wheelchair_boarding":null}},{"type":"Feature","id":"F029:11-1_2","geometry":{"type":"Point","coordinates":[139.783234404672,35.7406404675988]},"properties":{"id":"F029:11-1_2","feed_id":"F029","feed_slug":"arakawa-sakura","municipality":"荒川区","service_name":"コミュニティバスさくら","license":"CC BY 4.0","source_stop_id":"11-1_2","stop_code":null,"stop_name":"アクロスあらかわ","stop_desc":null,"zone_id":"11-1_2","location_type":0,"parent_station":null,"wheelchair_boarding":null}},{"type":"Feature","id":"F029:12-1_2","geometry":{"type":"Point","coordinates":[139.784290856904,35.7394702008733]},"properties":{"id":"F029:12-1_2","feed_id":"F029","feed_slug":"arakawa-sakura","municipality":"荒川区","service_name":"コミュニティバスさくら","license":"CC BY 4.0","source_stop_id":"12-1_2","stop_code":null,"stop_name":"ゆいの森あらかわ","stop_desc":null,"zone_id":"12-1_2","location_type":0,"parent_station":null,"wheelchair_boarding":null}},{"type":"Feature","id":"F029:13_1","geometry":{"type":"Point","coordinates":[139.787662426804,35.7355542880521]},"properties":{"id":"F029:13_1","feed_id":"F029","feed_slug":"arakawa-sakura","municipality":"荒川区","service_name":"コミュニティバスさくら","license":"CC BY 4.0","source_stop_id":"13_1","stop_code":null,"stop_name":"千住間道西","stop_desc":null,"zone_id":"13_1","location_type":0,"parent_station":null,"wheelchair_boarding":null}},{"type":"Feature","id":"F029:13_2","geometry":{"type":"Point","coordinates":[139.786867305564,35.7352298431289]},"properties":{"id":"F029:13_2","feed_id":"F029","feed_slug":"arakawa-sakura","municipality":"荒川区","service_name":"コミュニティバスさくら","license":"CC BY 4.0","source_stop_id":"13_2","stop_code":null,"stop_name":"千住間道西","stop_desc":null,"zone_id":"13_2","location_type":0,"parent_station":null,"wheelchair_boarding":null}},{"type":"Feature","id":"F029:14_1","geometry":{"type":"Point","coordinates":[139.791018030518,35.7354482622582]},"properties":{"id":"F029:14_1","feed_id":"F029","feed_slug":"arakawa-sakura","municipality":"荒川区","service_name":"コミュニティバスさくら","license":"CC BY 4.0","source_stop_id":"14_1","stop_code":null,"stop_name":"荒川総合スポーツセンター","stop_desc":null,"zone_id":"14_1","location_type":0,"parent_station":null,"wheelchair_boarding":null}},{"type":"Feature","id":"F029:14_2","geometry":{"type":"Point","coordinates":[139.791172117469,35.7352930944091]},"properties":{"id":"F029:14_2","feed_id":"F029","feed_slug":"arakawa-sakura","municipality":"荒川区","service_name":"コミュニティバスさくら","license":"CC BY 4.0","source_stop_id":"14_2","stop_code":null,"stop_name":"荒川総合スポーツセンター","stop_desc":null,"zone_id":"14_2","location_type":0,"parent_station":null,"wheelchair_boarding":null}},{"type":"Feature","id":"F029:14-1_1","geometry":{"type":"Point","coordinates":[139.797114499461,35.7339414593723]},"properties":{"id":"F029:14-1_1","feed_id":"F029","feed_slug":"arakawa-sakura","municipality":"荒川区","service_name":"コミュニティバスさくら","license":"CC BY 4.0","source_stop_id":"14-1_1","stop_code":null,"stop_name":"南千住五丁目","stop_desc":null,"zone_id":"14-1_1","location_type":0,"parent_station":null,"wheelchair_boarding":null}},{"type":"Feature","id":"F029:14-1_2","geometry":{"type":"Point","coordinates":[139.796242313637,35.7338272735753]},"properties":{"id":"F029:14-1_2","feed_id":"F029","feed_slug":"arakawa-sakura","municipality":"荒川区","service_name":"コミュニティバスさくら","license":"CC BY 4.0","source_stop_id":"14-1_2","stop_code":null,"stop_name":"南千住五丁目","stop_desc":null,"zone_id":"14-1_2","location_type":0,"parent_station":null,"wheelchair_boarding":null}},{"type":"Feature","id":"F030:1_01","geometry":{"type":"Point","coordinates":[139.567461579503,35.7485646199508]},"properties":{"id":"F030:1_01","feed_id":"F030","feed_slug":"nishitokyo-hanabus","municipality":"西東京市","service_name":"はなバス","license":"CC BY 4.0","source_stop_id":"1_01","stop_code":null,"stop_name":"保谷駅北口","stop_desc":null,"zone_id":"1_01","location_type":0,"parent_station":null,"wheelchair_boarding":null}},{"type":"Feature","id":"F030:10_01","geometry":{"type":"Point","coordinates":[139.559730962978,35.7593902954047]},"properties":{"id":"F030:10_01","feed_id":"F030","feed_slug":"nishitokyo-hanabus","municipality":"西東京市","service_name":"はなバス","license":"CC BY 4.0","source_stop_id":"10_01","stop_code":null,"stop_name":"上後","stop_desc":null,"zone_id":"10_01","location_type":0,"parent_station":null,"wheelchair_boarding":null}},{"type":"Feature","id":"F030:11_01","geometry":{"type":"Point","coordinates":[139.558840645421,35.7568623949384]},"properties":{"id":"F030:11_01","feed_id":"F030","feed_slug":"nishitokyo-hanabus","municipality":"西東京市","service_name":"はなバス","license":"CC BY 4.0","source_stop_id":"11_01","stop_code":null,"stop_name":"青嵐台","stop_desc":null,"zone_id":"11_01","location_type":0,"parent_station":null,"wheelchair_boarding":null}},{"type":"Feature","id":"F030:12_01","geometry":{"type":"Point","coordinates":[139.559461667205,35.7547258137778]},"properties":{"id":"F030:12_01","feed_id":"F030","feed_slug":"nishitokyo-hanabus","municipality":"西東京市","service_name":"はなバス","license":"CC BY 4.0","source_stop_id":"12_01","stop_code":null,"stop_name":"上前","stop_desc":null,"zone_id":"12_01","location_type":0,"parent_station":null,"wheelchair_boarding":null}},{"type":"Feature","id":"F030:13_01","geometry":{"type":"Point","coordinates":[139.557994846905,35.7525114599957]},"properties":{"id":"F030:13_01","feed_id":"F030","feed_slug":"nishitokyo-hanabus","municipality":"西東京市","service_name":"はなバス","license":"CC BY 4.0","source_stop_id":"13_01","stop_code":null,"stop_name":"下保谷２丁目住宅北","stop_desc":null,"zone_id":"13_01","location_type":0,"parent_station":null,"wheelchair_boarding":null}},{"type":"Feature","id":"F030:14_01","geometry":{"type":"Point","coordinates":[139.557267101969,35.7515132228498]},"properties":{"id":"F030:14_01","feed_id":"F030","feed_slug":"nishitokyo-hanabus","municipality":"西東京市","service_name":"はなバス","license":"CC BY 4.0","source_stop_id":"14_01","stop_code":null,"stop_name":"下保谷２丁目住宅西","stop_desc":null,"zone_id":"14_01","location_type":0,"parent_station":null,"wheelchair_boarding":null}},{"type":"Feature","id":"F030:15_01","geometry":{"type":"Point","coordinates":[139.558825327877,35.7512580292085]},"properties":{"id":"F030:15_01","feed_id":"F030","feed_slug":"nishitokyo-hanabus","municipality":"西東京市","service_name":"はなバス","license":"CC BY 4.0","source_stop_id":"15_01","stop_code":null,"stop_name":"ポケットパーク","stop_desc":null,"zone_id":"15_01","location_type":0,"parent_station":null,"wheelchair_boarding":null}},{"type":"Feature","id":"F030:16_01","geometry":{"type":"Point","coordinates":[139.562075396559,35.7512896050056]},"properties":{"id":"F030:16_01","feed_id":"F030","feed_slug":"nishitokyo-hanabus","municipality":"西東京市","service_name":"はなバス","license":"CC BY 4.0","source_stop_id":"16_01","stop_code":null,"stop_name":"東松ノ木","stop_desc":null,"zone_id":"16_01","location_type":0,"parent_station":null,"wheelchair_boarding":null}},{"type":"Feature","id":"F030:17_01","geometry":{"type":"Point","coordinates":[139.544668230562,35.7516237716033]},"properties":{"id":"F030:17_01","feed_id":"F030","feed_slug":"nishitokyo-hanabus","municipality":"西東京市","service_name":"はなバス","license":"CC BY 4.0","source_stop_id":"17_01","stop_code":null,"stop_name":"ひばりヶ丘駅","stop_desc":null,"zone_id":"17_01","location_type":0,"parent_station":null,"wheelchair_boarding":null}},{"type":"Feature","id":"F030:18_01","geometry":{"type":"Point","coordinates":[139.543458,35.749159]},"properties":{"id":"F030:18_01","feed_id":"F030","feed_slug":"nishitokyo-hanabus","municipality":"西東京市","service_name":"はなバス","license":"CC BY 4.0","source_stop_id":"18_01","stop_code":null,"stop_name":"ひばりヶ丘駅入口","stop_desc":null,"zone_id":"18_01","location_type":0,"parent_station":null,"wheelchair_boarding":null}},{"type":"Feature","id":"F030:18_02","geometry":{"type":"Point","coordinates":[139.543324,35.749168]},"properties":{"id":"F030:18_02","feed_id":"F030","feed_slug":"nishitokyo-hanabus","municipality":"西東京市","service_name":"はなバス","license":"CC BY 4.0","source_stop_id":"18_02","stop_code":null,"stop_name":"ひばりヶ丘駅入口","stop_desc":null,"zone_id":"18_02","location_type":0,"parent_station":null,"wheelchair_boarding":null}},{"type":"Feature","id":"F030:19_01","geometry":{"type":"Point","coordinates":[139.544638,35.748354]},"properties":{"id":"F030:19_01","feed_id":"F030","feed_slug":"nishitokyo-hanabus","municipality":"西東京市","service_name":"はなバス","license":"CC BY 4.0","source_stop_id":"19_01","stop_code":null,"stop_name":"谷戸北","stop_desc":null,"zone_id":"19_01","location_type":0,"parent_station":null,"wheelchair_boarding":null}},{"type":"Feature","id":"F030:19_02","geometry":{"type":"Point","coordinates":[139.544274,35.748363]},"properties":{"id":"F030:19_02","feed_id":"F030","feed_slug":"nishitokyo-hanabus","municipality":"西東京市","service_name":"はなバス","license":"CC BY 4.0","source_stop_id":"19_02","stop_code":null,"stop_name":"谷戸北","stop_desc":null,"zone_id":"19_02","location_type":0,"parent_station":null,"wheelchair_boarding":null}},{"type":"Feature","id":"F030:2_01","geometry":{"type":"Point","coordinates":[139.565973,35.751223]},"properties":{"id":"F030:2_01","feed_id":"F030","feed_slug":"nishitokyo-hanabus","municipality":"西東京市","service_name":"はなバス","license":"CC BY 4.0","source_stop_id":"2_01","stop_code":null,"stop_name":"あらやしき公園北","stop_desc":null,"zone_id":"2_01","location_type":0,"parent_station":null,"wheelchair_boarding":null}},{"type":"Feature","id":"F030:2_02","geometry":{"type":"Point","coordinates":[139.566337,35.751358]},"properties":{"id":"F030:2_02","feed_id":"F030","feed_slug":"nishitokyo-hanabus","municipality":"西東京市","service_name":"はなバス","license":"CC BY 4.0","source_stop_id":"2_02","stop_code":null,"stop_name":"あらやしき公園北","stop_desc":null,"zone_id":"2_02","location_type":0,"parent_station":null,"wheelchair_boarding":null}},{"type":"Feature","id":"F030:20_01","geometry":{"type":"Point","coordinates":[139.548721,35.746908]},"properties":{"id":"F030:20_01","feed_id":"F030","feed_slug":"nishitokyo-hanabus","municipality":"西東京市","service_name":"はなバス","license":"CC BY 4.0","source_stop_id":"20_01","stop_code":null,"stop_name":"又六","stop_desc":null,"zone_id":"20_01","location_type":0,"parent_station":null,"wheelchair_boarding":null}},{"type":"Feature","id":"F030:20_02","geometry":{"type":"Point","coordinates":[139.548646,35.746817]},"properties":{"id":"F030:20_02","feed_id":"F030","feed_slug":"nishitokyo-hanabus","municipality":"西東京市","service_name":"はなバス","license":"CC BY 4.0","source_stop_id":"20_02","stop_code":null,"stop_name":"又六","stop_desc":null,"zone_id":"20_02","location_type":0,"parent_station":null,"wheelchair_boarding":null}},{"type":"Feature","id":"F030:21_01","geometry":{"type":"Point","coordinates":[139.549778,35.744775]},"properties":{"id":"F030:21_01","feed_id":"F030","feed_slug":"nishitokyo-hanabus","municipality":"西東京市","service_name":"はなバス","license":"CC BY 4.0","source_stop_id":"21_01","stop_code":null,"stop_name":"山合","stop_desc":null,"zone_id":"21_01","location_type":0,"parent_station":null,"wheelchair_boarding":null}},{"type":"Feature","id":"F030:21_02","geometry":{"type":"Point","coordinates":[139.549692,35.744727]},"properties":{"id":"F030:21_02","feed_id":"F030","feed_slug":"nishitokyo-hanabus","municipality":"西東京市","service_name":"はなバス","license":"CC BY 4.0","source_stop_id":"21_02","stop_code":null,"stop_name":"山合","stop_desc":null,"zone_id":"21_02","location_type":0,"parent_station":null,"wheelchair_boarding":null}},{"type":"Feature","id":"F030:22_01","geometry":{"type":"Point","coordinates":[139.551006,35.74343]},"properties":{"id":"F030:22_01","feed_id":"F030","feed_slug":"nishitokyo-hanabus","municipality":"西東京市","service_name":"はなバス","license":"CC BY 4.0","source_stop_id":"22_01","stop_code":null,"stop_name":"消費者センター分館","stop_desc":null,"zone_id":"22_01","location_type":0,"parent_station":null,"wheelchair_boarding":null}},{"type":"Feature","id":"F030:22_02","geometry":{"type":"Point","coordinates":[139.550797,35.743525]},"properties":{"id":"F030:22_02","feed_id":"F030","feed_slug":"nishitokyo-hanabus","municipality":"西東京市","service_name":"はなバス","license":"CC BY 4.0","source_stop_id":"22_02","stop_code":null,"stop_name":"消費者センター分館","stop_desc":null,"zone_id":"22_02","location_type":0,"parent_station":null,"wheelchair_boarding":null}},{"type":"Feature","id":"F030:23_01","geometry":{"type":"Point","coordinates":[139.551763253121,35.7432487620476]},"properties":{"id":"F030:23_01","feed_id":"F030","feed_slug":"nishitokyo-hanabus","municipality":"西東京市","service_name":"はなバス","license":"CC BY 4.0","source_stop_id":"23_01","stop_code":null,"stop_name":"住吉会館ルピナス","stop_desc":null,"zone_id":"23_01","location_type":0,"parent_station":null,"wheelchair_boarding":null}},{"type":"Feature","id":"F030:24_01","geometry":{"type":"Point","coordinates":[139.553193794552,35.7441930153194]},"properties":{"id":"F030:24_01","feed_id":"F030","feed_slug":"nishitokyo-hanabus","municipality":"西東京市","service_name":"はなバス","license":"CC BY 4.0","source_stop_id":"24_01","stop_code":null,"stop_name":"横山道","stop_desc":null,"zone_id":"24_01","location_type":0,"parent_station":null,"wheelchair_boarding":null}},{"type":"Feature","id":"F030:25_01","geometry":{"type":"Point","coordinates":[139.555848805559,35.7457319263923]},"properties":{"id":"F030:25_01","feed_id":"F030","feed_slug":"nishitokyo-hanabus","municipality":"西東京市","service_name":"はなバス","license":"CC BY 4.0","source_stop_id":"25_01","stop_code":null,"stop_name":"保谷高校","stop_desc":null,"zone_id":"25_01","location_type":0,"parent_station":null,"wheelchair_boarding":null}},{"type":"Feature","id":"F030:26_01","geometry":{"type":"Point","coordinates":[139.557357714994,35.7462899050064]},"properties":{"id":"F030:26_01","feed_id":"F030","feed_slug":"nishitokyo-hanabus","municipality":"西東京市","service_name":"はなバス","license":"CC BY 4.0","source_stop_id":"26_01","stop_code":null,"stop_name":"住吉町５丁目","stop_desc":null,"zone_id":"26_01","location_type":0,"parent_station":null,"wheelchair_boarding":null}},{"type":"Feature","id":"F030:27_01","geometry":{"type":"Point","coordinates":[139.558059709111,35.7467115337809]},"properties":{"id":"F030:27_01","feed_id":"F030","feed_slug":"nishitokyo-hanabus","municipality":"西東京市","service_name":"はなバス","license":"CC BY 4.0","source_stop_id":"27_01","stop_code":null,"stop_name":"泉町６丁目","stop_desc":null,"zone_id":"27_01","location_type":0,"parent_station":null,"wheelchair_boarding":null}},{"type":"Feature","id":"F030:28_01","geometry":{"type":"Point","coordinates":[139.559690733165,35.7456888759096]},"properties":{"id":"F030:28_01","feed_id":"F030","feed_slug":"nishitokyo-hanabus","municipality":"西東京市","service_name":"はなバス","license":"CC BY 4.0","source_stop_id":"28_01","stop_code":null,"stop_name":"中町交差点北","stop_desc":null,"zone_id":"28_01","location_type":0,"parent_station":null,"wheelchair_boarding":null}},{"type":"Feature","id":"F030:29_01","geometry":{"type":"Point","coordinates":[139.559833947775,35.7436665477298]},"properties":{"id":"F030:29_01","feed_id":"F030","feed_slug":"nishitokyo-hanabus","municipality":"西東京市","service_name":"はなバス","license":"CC BY 4.0","source_stop_id":"29_01","stop_code":null,"stop_name":"三軒家","stop_desc":null,"zone_id":"29_01","location_type":0,"parent_station":null,"wheelchair_boarding":null}},{"type":"Feature","id":"F030:3_01","geometry":{"type":"Point","coordinates":[139.564197,35.751214]},"properties":{"id":"F030:3_01","feed_id":"F030","feed_slug":"nishitokyo-hanabus","municipality":"西東京市","service_name":"はなバス","license":"CC BY 4.0","source_stop_id":"3_01","stop_code":null,"stop_name":"下保谷４丁目","stop_desc":null,"zone_id":"3_01","location_type":0,"parent_station":null,"wheelchair_boarding":null}},{"type":"Feature","id":"F030:3_02","geometry":{"type":"Point","coordinates":[139.564417,35.751314]},"properties":{"id":"F030:3_02","feed_id":"F030","feed_slug":"nishitokyo-hanabus","municipality":"西東京市","service_name":"はなバス","license":"CC BY 4.0","source_stop_id":"3_02","stop_code":null,"stop_name":"下保谷４丁目","stop_desc":null,"zone_id":"3_02","location_type":0,"parent_station":null,"wheelchair_boarding":null}},{"type":"Feature","id":"F030:30_01","geometry":{"type":"Point","coordinates":[139.558548,35.742028]},"properties":{"id":"F030:30_01","feed_id":"F030","feed_slug":"nishitokyo-hanabus","municipality":"西東京市","service_name":"はなバス","license":"CC BY 4.0","source_stop_id":"30_01","stop_code":null,"stop_name":"西東京市役所保谷庁舎","stop_desc":null,"zone_id":"30_01","location_type":0,"parent_station":null,"wheelchair_boarding":null}},{"type":"Feature","id":"F030:31_01","geometry":{"type":"Point","coordinates":[139.556049,35.740034]},"properties":{"id":"F030:31_01","feed_id":"F030","feed_slug":"nishitokyo-hanabus","municipality":"西東京市","service_name":"はなバス","license":"CC BY 4.0","source_stop_id":"31_01","stop_code":null,"stop_name":"荒井竹","stop_desc":null,"zone_id":"31_01","location_type":0,"parent_station":null,"wheelchair_boarding":null}},{"type":"Feature","id":"F030:31_02","geometry":{"type":"Point","coordinates":[139.555614,35.739476]},"properties":{"id":"F030:31_02","feed_id":"F030","feed_slug":"nishitokyo-hanabus","municipality":"西東京市","service_name":"はなバス","license":"CC BY 4.0","source_stop_id":"31_02","stop_code":null,"stop_name":"荒井竹","stop_desc":null,"zone_id":"31_02","location_type":0,"parent_station":null,"wheelchair_boarding":null}},{"type":"Feature","id":"F030:32_01","geometry":{"type":"Point","coordinates":[139.553951,35.737922]},"properties":{"id":"F030:32_01","feed_id":"F030","feed_slug":"nishitokyo-hanabus","municipality":"西東京市","service_name":"はなバス","license":"CC BY 4.0","source_stop_id":"32_01","stop_code":null,"stop_name":"保谷小学校","stop_desc":null,"zone_id":"32_01","location_type":0,"parent_station":null,"wheelchair_boarding":null}},{"type":"Feature","id":"F030:32_02","geometry":{"type":"Point","coordinates":[139.553828,35.73766]},"properties":{"id":"F030:32_02","feed_id":"F030","feed_slug":"nishitokyo-hanabus","municipality":"西東京市","service_name":"はなバス","license":"CC BY 4.0","source_stop_id":"32_02","stop_code":null,"stop_name":"保谷小学校","stop_desc":null,"zone_id":"32_02","location_type":0,"parent_station":null,"wheelchair_boarding":null}},{"type":"Feature","id":"F030:33_01","geometry":{"type":"Point","coordinates":[139.553227,35.737752]},"properties":{"id":"F030:33_01","feed_id":"F030","feed_slug":"nishitokyo-hanabus","municipality":"西東京市","service_name":"はなバス","license":"CC BY 4.0","source_stop_id":"33_01","stop_code":null,"stop_name":"泉町２丁目","stop_desc":null,"zone_id":"33_01","location_type":0,"parent_station":null,"wheelchair_boarding":null}},{"type":"Feature","id":"F030:33_02","geometry":{"type":"Point","coordinates":[139.553034,35.737856]},"properties":{"id":"F030:33_02","feed_id":"F030","feed_slug":"nishitokyo-hanabus","municipality":"西東京市","service_name":"はなバス","license":"CC BY 4.0","source_stop_id":"33_02","stop_code":null,"stop_name":"泉町２丁目","stop_desc":null,"zone_id":"33_02","location_type":0,"parent_station":null,"wheelchair_boarding":null}},{"type":"Feature","id":"F030:34_01","geometry":{"type":"Point","coordinates":[139.552588,35.739772]},"properties":{"id":"F030:34_01","feed_id":"F030","feed_slug":"nishitokyo-hanabus","municipality":"西東京市","service_name":"はなバス","license":"CC BY 4.0","source_stop_id":"34_01","stop_code":null,"stop_name":"大門","stop_desc":null,"zone_id":"34_01","location_type":0,"parent_station":null,"wheelchair_boarding":null}},{"type":"Feature","id":"F030:34_02","geometry":{"type":"Point","coordinates":[139.552476,35.740251]},"properties":{"id":"F030:34_02","feed_id":"F030","feed_slug":"nishitokyo-hanabus","municipality":"西東京市","service_name":"はなバス","license":"CC BY 4.0","source_stop_id":"34_02","stop_code":null,"stop_name":"大門","stop_desc":null,"zone_id":"34_02","location_type":0,"parent_station":null,"wheelchair_boarding":null}},{"type":"Feature","id":"F030:35_01","geometry":{"type":"Point","coordinates":[139.552186,35.74218]},"properties":{"id":"F030:35_01","feed_id":"F030","feed_slug":"nishitokyo-hanabus","municipality":"西東京市","service_name":"はなバス","license":"CC BY 4.0","source_stop_id":"35_01","stop_code":null,"stop_name":"如意輪寺","stop_desc":null,"zone_id":"35_01","location_type":0,"parent_station":null,"wheelchair_boarding":null}},{"type":"Feature","id":"F030:35_02","geometry":{"type":"Point","coordinates":[139.552277,35.741801]},"properties":{"id":"F030:35_02","feed_id":"F030","feed_slug":"nishitokyo-hanabus","municipality":"西東京市","service_name":"はなバス","license":"CC BY 4.0","source_stop_id":"35_02","stop_code":null,"stop_name":"如意輪寺","stop_desc":null,"zone_id":"35_02","location_type":0,"parent_station":null,"wheelchair_boarding":null}},{"type":"Feature","id":"F030:36_01","geometry":{"type":"Point","coordinates":[139.561252,35.742481]},"properties":{"id":"F030:36_01","feed_id":"F030","feed_slug":"nishitokyo-hanabus","municipality":"西東京市","service_name":"はなバス","license":"CC BY 4.0","source_stop_id":"36_01","stop_code":null,"stop_name":"中町２丁目","stop_desc":null,"zone_id":"36_01","location_type":0,"parent_station":null,"wheelchair_boarding":null}},{"type":"Feature","id":"F030:36_02","geometry":{"type":"Point","coordinates":[139.561515,35.742407]},"properties":{"id":"F030:36_02","feed_id":"F030","feed_slug":"nishitokyo-hanabus","municipality":"西東京市","service_name":"はなバス","license":"CC BY 4.0","source_stop_id":"36_02","stop_code":null,"stop_name":"中町２丁目","stop_desc":null,"zone_id":"36_02","location_type":0,"parent_station":null,"wheelchair_boarding":null}},{"type":"Feature","id":"F030:37_01","geometry":{"type":"Point","coordinates":[139.564063,35.74016]},"properties":{"id":"F030:37_01","feed_id":"F030","feed_slug":"nishitokyo-hanabus","municipality":"西東京市","service_name":"はなバス","license":"CC BY 4.0","source_stop_id":"37_01","stop_code":null,"stop_name":"碧山森入口","stop_desc":null,"zone_id":"37_01","location_type":0,"parent_station":null,"wheelchair_boarding":null}},{"type":"Feature","id":"F030:37_02","geometry":{"type":"Point","coordinates":[139.563639,35.740517]},"properties":{"id":"F030:37_02","feed_id":"F030","feed_slug":"nishitokyo-hanabus","municipality":"西東京市","service_name":"はなバス","license":"CC BY 4.0","source_stop_id":"37_02","stop_code":null,"stop_name":"碧山森入口","stop_desc":null,"zone_id":"37_02","location_type":0,"parent_station":null,"wheelchair_boarding":null}},{"type":"Feature","id":"F030:38_01","geometry":{"type":"Point","coordinates":[139.565908,35.737112]},"properties":{"id":"F030:38_01","feed_id":"F030","feed_slug":"nishitokyo-hanabus","municipality":"西東京市","service_name":"はなバス","license":"CC BY 4.0","source_stop_id":"38_01","stop_code":null,"stop_name":"天神山","stop_desc":null,"zone_id":"38_01","location_type":0,"parent_station":null,"wheelchair_boarding":null}},{"type":"Feature","id":"F030:38_02","geometry":{"type":"Point","coordinates":[139.565769,35.73766]},"properties":{"id":"F030:38_02","feed_id":"F030","feed_slug":"nishitokyo-hanabus","municipality":"西東京市","service_name":"はなバス","license":"CC BY 4.0","source_stop_id":"38_02","stop_code":null,"stop_name":"天神山","stop_desc":null,"zone_id":"38_02","location_type":0,"parent_station":null,"wheelchair_boarding":null}},{"type":"Feature","id":"F030:39_01","geometry":{"type":"Point","coordinates":[139.565903,35.735283]},"properties":{"id":"F030:39_01","feed_id":"F030","feed_slug":"nishitokyo-hanabus","municipality":"西東京市","service_name":"はなバス","license":"CC BY 4.0","source_stop_id":"39_01","stop_code":null,"stop_name":"鳥久保","stop_desc":null,"zone_id":"39_01","location_type":0,"parent_station":null,"wheelchair_boarding":null}},{"type":"Feature","id":"F030:39_02","geometry":{"type":"Point","coordinates":[139.565758,35.73571]},"properties":{"id":"F030:39_02","feed_id":"F030","feed_slug":"nishitokyo-hanabus","municipality":"西東京市","service_name":"はなバス","license":"CC BY 4.0","source_stop_id":"39_02","stop_code":null,"stop_name":"鳥久保","stop_desc":null,"zone_id":"39_02","location_type":0,"parent_station":null,"wheelchair_boarding":null}},{"type":"Feature","id":"F030:4_01","geometry":{"type":"Point","coordinates":[139.563117447618,35.7530554732475]},"properties":{"id":"F030:4_01","feed_id":"F030","feed_slug":"nishitokyo-hanabus","municipality":"西東京市","service_name":"はなバス","license":"CC BY 4.0","source_stop_id":"4_01","stop_code":null,"stop_name":"南宮ノ脇","stop_desc":null,"zone_id":"4_01","location_type":0,"parent_station":null,"wheelchair_boarding":null}},{"type":"Feature","id":"F030:40_01","geometry":{"type":"Point","coordinates":[139.566386,35.732644]},"properties":{"id":"F030:40_01","feed_id":"F030","feed_slug":"nishitokyo-hanabus","municipality":"西東京市","service_name":"はなバス","license":"CC BY 4.0","source_stop_id":"40_01","stop_code":null,"stop_name":"東伏見団地東","stop_desc":null,"zone_id":"40_01","location_type":0,"parent_station":null,"wheelchair_boarding":null}},{"type":"Feature","id":"F030:40_02","geometry":{"type":"Point","coordinates":[139.566257,35.732818]},"properties":{"id":"F030:40_02","feed_id":"F030","feed_slug":"nishitokyo-hanabus","municipality":"西東京市","service_name":"はなバス","license":"CC BY 4.0","source_stop_id":"40_02","stop_code":null,"stop_name":"東伏見団地東","stop_desc":null,"zone_id":"40_02","location_type":0,"parent_station":null,"wheelchair_boarding":null}},{"type":"Feature","id":"F030:41_01","geometry":{"type":"Point","coordinates":[139.566096,35.731011]},"properties":{"id":"F030:41_01","feed_id":"F030","feed_slug":"nishitokyo-hanabus","municipality":"西東京市","service_name":"はなバス","license":"CC BY 4.0","source_stop_id":"41_01","stop_code":null,"stop_name":"富士町４丁目","stop_desc":null,"zone_id":"41_01","location_type":0,"parent_station":null,"wheelchair_boarding":null}},{"type":"Feature","id":"F030:41_02","geometry":{"type":"Point","coordinates":[139.565608,35.730092]},"properties":{"id":"F030:41_02","feed_id":"F030","feed_slug":"nishitokyo-hanabus","municipality":"西東京市","service_name":"はなバス","license":"CC BY 4.0","source_stop_id":"41_02","stop_code":null,"stop_name":"富士町４丁目","stop_desc":null,"zone_id":"41_02","location_type":0,"parent_station":null,"wheelchair_boarding":null}},{"type":"Feature","id":"F030:42_01","geometry":{"type":"Point","coordinates":[139.564626628435,35.7288987142975]},"properties":{"id":"F030:42_01","feed_id":"F030","feed_slug":"nishitokyo-hanabus","municipality":"西東京市","service_name":"はなバス","license":"CC BY 4.0","source_stop_id":"42_01","stop_code":null,"stop_name":"東伏見駅北口","stop_desc":null,"zone_id":"42_01","location_type":0,"parent_station":null,"wheelchair_boarding":null}},{"type":"Feature","id":"F030:43_01","geometry":{"type":"Point","coordinates":[139.54021556822,35.727880414683]},"properties":{"id":"F030:43_01","feed_id":"F030","feed_slug":"nishitokyo-hanabus","municipality":"西東京市","service_name":"はなバス","license":"CC BY 4.0","source_stop_id":"43_01","stop_code":null,"stop_name":"田無駅","stop_desc":null,"zone_id":"43_01","location_type":0,"parent_station":null,"wheelchair_boarding":null}},{"type":"Feature","id":"F030:44_01","geometry":{"type":"Point","coordinates":[139.538067,35.726386]},"properties":{"id":"F030:44_01","feed_id":"F030","feed_slug":"nishitokyo-hanabus","municipality":"西東京市","service_name":"はなバス","license":"CC BY 4.0","source_stop_id":"44_01","stop_code":null,"stop_name":"田無庁舎前","stop_desc":null,"zone_id":"44_01","location_type":0,"parent_station":null,"wheelchair_boarding":null}},{"type":"Feature","id":"F030:44_02","geometry":{"type":"Point","coordinates":[139.5387,35.726617]},"properties":{"id":"F030:44_02","feed_id":"F030","feed_slug":"nishitokyo-hanabus","municipality":"西東京市","service_name":"はなバス","license":"CC BY 4.0","source_stop_id":"44_02","stop_code":null,"stop_name":"田無庁舎前","stop_desc":null,"zone_id":"44_02","location_type":0,"parent_station":null,"wheelchair_boarding":null}},{"type":"Feature","id":"F030:45_01","geometry":{"type":"Point","coordinates":[139.533679,35.723469]},"properties":{"id":"F030:45_01","feed_id":"F030","feed_slug":"nishitokyo-hanabus","municipality":"西東京市","service_name":"はなバス","license":"CC BY 4.0","source_stop_id":"45_01","stop_code":null,"stop_name":"田無特別支援学校","stop_desc":null,"zone_id":"45_01","location_type":0,"parent_station":null,"wheelchair_boarding":null}},{"type":"Feature","id":"F030:45_02","geometry":{"type":"Point","coordinates":[139.533754,35.723617]},"properties":{"id":"F030:45_02","feed_id":"F030","feed_slug":"nishitokyo-hanabus","municipality":"西東京市","service_name":"はなバス","license":"CC BY 4.0","source_stop_id":"45_02","stop_code":null,"stop_name":"田無特別支援学校","stop_desc":null,"zone_id":"45_02","location_type":0,"parent_station":null,"wheelchair_boarding":null}},{"type":"Feature","id":"F030:46_01","geometry":{"type":"Point","coordinates":[139.531657,35.721509]},"properties":{"id":"F030:46_01","feed_id":"F030","feed_slug":"nishitokyo-hanabus","municipality":"西東京市","service_name":"はなバス","license":"CC BY 4.0","source_stop_id":"46_01","stop_code":null,"stop_name":"向台グランド","stop_desc":null,"zone_id":"46_01","location_type":0,"parent_station":null,"wheelchair_boarding":null}},{"type":"Feature","id":"F030:46_02","geometry":{"type":"Point","coordinates":[139.53127,35.72113]},"properties":{"id":"F030:46_02","feed_id":"F030","feed_slug":"nishitokyo-hanabus","municipality":"西東京市","service_name":"はなバス","license":"CC BY 4.0","source_stop_id":"46_02","stop_code":null,"stop_name":"向台グランド","stop_desc":null,"zone_id":"46_02","location_type":0,"parent_station":null,"wheelchair_boarding":null}},{"type":"Feature","id":"F030:47_01","geometry":{"type":"Point","coordinates":[139.530991,35.719958]},"properties":{"id":"F030:47_01","feed_id":"F030","feed_slug":"nishitokyo-hanabus","municipality":"西東京市","service_name":"はなバス","license":"CC BY 4.0","source_stop_id":"47_01","stop_code":null,"stop_name":"市民公園前","stop_desc":null,"zone_id":"47_01","location_type":0,"parent_station":null,"wheelchair_boarding":null}},{"type":"Feature","id":"F030:47_02","geometry":{"type":"Point","coordinates":[139.530905,35.719897]},"properties":{"id":"F030:47_02","feed_id":"F030","feed_slug":"nishitokyo-hanabus","municipality":"西東京市","service_name":"はなバス","license":"CC BY 4.0","source_stop_id":"47_02","stop_code":null,"stop_name":"市民公園前","stop_desc":null,"zone_id":"47_02","location_type":0,"parent_station":null,"wheelchair_boarding":null}},{"type":"Feature","id":"F030:48_01","geometry":{"type":"Point","coordinates":[139.527716314053,35.7206899466647]},"properties":{"id":"F030:48_01","feed_id":"F030","feed_slug":"nishitokyo-hanabus","municipality":"西東京市","service_name":"はなバス","license":"CC BY 4.0","source_stop_id":"48_01","stop_code":null,"stop_name":"上向台市民集会所","stop_desc":null,"zone_id":"48_01","location_type":0,"parent_station":null,"wheelchair_boarding":null}},{"type":"Feature","id":"F030:49_01","geometry":{"type":"Point","coordinates":[139.531232735908,35.7167495926991]},"properties":{"id":"F030:49_01","feed_id":"F030","feed_slug":"nishitokyo-hanabus","municipality":"西東京市","service_name":"はなバス","license":"CC BY 4.0","source_stop_id":"49_01","stop_code":null,"stop_name":"鈴木街道","stop_desc":null,"zone_id":"49_01","location_type":0,"parent_station":null,"wheelchair_boarding":null}},{"type":"Feature","id":"F030:5_01","geometry":{"type":"Point","coordinates":[139.563234168606,35.7544660516736]},"properties":{"id":"F030:5_01","feed_id":"F030","feed_slug":"nishitokyo-hanabus","municipality":"西東京市","service_name":"はなバス","license":"CC BY 4.0","source_stop_id":"5_01","stop_code":null,"stop_name":"北宮ノ脇","stop_desc":null,"zone_id":"5_01","location_type":0,"parent_station":null,"wheelchair_boarding":null}},{"type":"Feature","id":"F030:50_01","geometry":{"type":"Point","coordinates":[139.5333006,35.7168708]},"properties":{"id":"F030:50_01","feed_id":"F030","feed_slug":"nishitokyo-hanabus","municipality":"西東京市","service_name":"はなバス","license":"CC BY 4.0","source_stop_id":"50_01","stop_code":null,"stop_name":"おおぞら公園西","stop_desc":null,"zone_id":"50_01","location_type":0,"parent_station":null,"wheelchair_boarding":null}},{"type":"Feature","id":"F030:51_01","geometry":{"type":"Point","coordinates":[139.5352993,35.7173799]},"properties":{"id":"F030:51_01","feed_id":"F030","feed_slug":"nishitokyo-hanabus","municipality":"西東京市","service_name":"はなバス","license":"CC BY 4.0","source_stop_id":"51_01","stop_code":null,"stop_name":"向台町３丁目","stop_desc":null,"zone_id":"51_01","location_type":0,"parent_station":null,"wheelchair_boarding":null}},{"type":"Feature","id":"F030:52_01","geometry":{"type":"Point","coordinates":[139.534049248415,35.7186335224476]},"properties":{"id":"F030:52_01","feed_id":"F030","feed_slug":"nishitokyo-hanabus","municipality":"西東京市","service_name":"はなバス","license":"CC BY 4.0","source_stop_id":"52_01","stop_code":null,"stop_name":"向台町４丁目","stop_desc":null,"zone_id":"52_01","location_type":0,"parent_station":null,"wheelchair_boarding":null}},{"type":"Feature","id":"F030:53_01","geometry":{"type":"Point","coordinates":[139.53164447325,35.7193653794141]},"properties":{"id":"F030:53_01","feed_id":"F030","feed_slug":"nishitokyo-hanabus","municipality":"西東京市","service_name":"はなバス","license":"CC BY 4.0","source_stop_id":"53_01","stop_code":null,"stop_name":"向台中央通り","stop_desc":null,"zone_id":"53_01","location_type":0,"parent_station":null,"wheelchair_boarding":null}},{"type":"Feature","id":"F030:54_01","geometry":{"type":"Point","coordinates":[139.532536245323,35.7151122390861]},"properties":{"id":"F030:54_01","feed_id":"F030","feed_slug":"nishitokyo-hanabus","municipality":"西東京市","service_name":"はなバス","license":"CC BY 4.0","source_stop_id":"54_01","stop_code":null,"stop_name":"新町５丁目","stop_desc":null,"zone_id":"54_01","location_type":0,"parent_station":null,"wheelchair_boarding":null}},{"type":"Feature","id":"F030:55_01","geometry":{"type":"Point","coordinates":[139.532311,35.713364]},"properties":{"id":"F030:55_01","feed_id":"F030","feed_slug":"nishitokyo-hanabus","municipality":"西東京市","service_name":"はなバス","license":"CC BY 4.0","source_stop_id":"55_01","stop_code":null,"stop_name":"新町６丁目","stop_desc":null,"zone_id":"55_01","location_type":0,"parent_station":null,"wheelchair_boarding":null}},{"type":"Feature","id":"F030:55_02","geometry":{"type":"Point","coordinates":[139.531978,35.712262]},"properties":{"id":"F030:55_02","feed_id":"F030","feed_slug":"nishitokyo-hanabus","municipality":"西東京市","service_name":"はなバス","license":"CC BY 4.0","source_stop_id":"55_02","stop_code":null,"stop_name":"新町６丁目","stop_desc":null,"zone_id":"55_02","location_type":0,"parent_station":null,"wheelchair_boarding":null}},{"type":"Feature","id":"F030:56_01","geometry":{"type":"Point","coordinates":[139.52870721105,35.7154557688489]},"properties":{"id":"F030:56_01","feed_id":"F030","feed_slug":"nishitokyo-hanabus","municipality":"西東京市","service_name":"はなバス","license":"CC BY 4.0","source_stop_id":"56_01","stop_code":null,"stop_name":"小金井公園東","stop_desc":null,"zone_id":"56_01","location_type":0,"parent_station":null,"wheelchair_boarding":null}},{"type":"Feature","id":"F030:57_01","geometry":{"type":"Point","coordinates":[139.535267,35.711491]},"properties":{"id":"F030:57_01","feed_id":"F030","feed_slug":"nishitokyo-hanabus","municipality":"西東京市","service_name":"はなバス","license":"CC BY 4.0","source_stop_id":"57_01","stop_code":null,"stop_name":"境橋","stop_desc":null,"zone_id":"57_01","location_type":0,"parent_station":null,"wheelchair_boarding":null}},{"type":"Feature","id":"F030:57_02","geometry":{"type":"Point","coordinates":[139.536206,35.711147]},"properties":{"id":"F030:57_02","feed_id":"F030","feed_slug":"nishitokyo-hanabus","municipality":"西東京市","service_name":"はなバス","license":"CC BY 4.0","source_stop_id":"57_02","stop_code":null,"stop_name":"境橋","stop_desc":null,"zone_id":"57_02","location_type":0,"parent_station":null,"wheelchair_boarding":null}},{"type":"Feature","id":"F030:58_01","geometry":{"type":"Point","coordinates":[139.540679,35.712872]},"properties":{"id":"F030:58_01","feed_id":"F030","feed_slug":"nishitokyo-hanabus","municipality":"西東京市","service_name":"はなバス","license":"CC BY 4.0","source_stop_id":"58_01","stop_code":null,"stop_name":"樋口橋","stop_desc":null,"zone_id":"58_01","location_type":0,"parent_station":null,"wheelchair_boarding":null}},{"type":"Feature","id":"F030:58_02","geometry":{"type":"Point","coordinates":[139.540937,35.712615]},"properties":{"id":"F030:58_02","feed_id":"F030","feed_slug":"nishitokyo-hanabus","municipality":"西東京市","service_name":"はなバス","license":"CC BY 4.0","source_stop_id":"58_02","stop_code":null,"stop_name":"樋口橋","stop_desc":null,"zone_id":"58_02","location_type":0,"parent_station":null,"wheelchair_boarding":null}},{"type":"Feature","id":"F030:59_01","geometry":{"type":"Point","coordinates":[139.544906,35.714663]},"properties":{"id":"F030:59_01","feed_id":"F030","feed_slug":"nishitokyo-hanabus","municipality":"西東京市","service_name":"はなバス","license":"CC BY 4.0","source_stop_id":"59_01","stop_code":null,"stop_name":"柳橋","stop_desc":null,"zone_id":"59_01","location_type":0,"parent_station":null,"wheelchair_boarding":null}},{"type":"Feature","id":"F030:6_01","geometry":{"type":"Point","coordinates":[139.565252151606,35.7556131568098]},"properties":{"id":"F030:6_01","feed_id":"F030","feed_slug":"nishitokyo-hanabus","municipality":"西東京市","service_name":"はなバス","license":"CC BY 4.0","source_stop_id":"6_01","stop_code":null,"stop_name":"北町５丁目","stop_desc":null,"zone_id":"6_01","location_type":0,"parent_station":null,"wheelchair_boarding":null}},{"type":"Feature","id":"F030:60_01","geometry":{"type":"Point","coordinates":[139.546446,35.715376]},"properties":{"id":"F030:60_01","feed_id":"F030","feed_slug":"nishitokyo-hanabus","municipality":"西東京市","service_name":"はなバス","license":"CC BY 4.0","source_stop_id":"60_01","stop_code":null,"stop_name":"新町１丁目","stop_desc":null,"zone_id":"60_01","location_type":0,"parent_station":null,"wheelchair_boarding":null}},{"type":"Feature","id":"F030:60_02","geometry":{"type":"Point","coordinates":[139.546006,35.714806]},"properties":{"id":"F030:60_02","feed_id":"F030","feed_slug":"nishitokyo-hanabus","municipality":"西東京市","service_name":"はなバス","license":"CC BY 4.0","source_stop_id":"60_02","stop_code":null,"stop_name":"新町１丁目","stop_desc":null,"zone_id":"60_02","location_type":0,"parent_station":null,"wheelchair_boarding":null}},{"type":"Feature","id":"F030:61_01","geometry":{"type":"Point","coordinates":[139.548935,35.716544]},"properties":{"id":"F030:61_01","feed_id":"F030","feed_slug":"nishitokyo-hanabus","municipality":"西東京市","service_name":"はなバス","license":"CC BY 4.0","source_stop_id":"61_01","stop_code":null,"stop_name":"武蔵野大学","stop_desc":null,"zone_id":"61_01","location_type":0,"parent_station":null,"wheelchair_boarding":null}},{"type":"Feature","id":"F030:61_02","geometry":{"type":"Point","coordinates":[139.549048,35.716239]},"properties":{"id":"F030:61_02","feed_id":"F030","feed_slug":"nishitokyo-hanabus","municipality":"西東京市","service_name":"はなバス","license":"CC BY 4.0","source_stop_id":"61_02","stop_code":null,"stop_name":"武蔵野大学","stop_desc":null,"zone_id":"61_02","location_type":0,"parent_station":null,"wheelchair_boarding":null}},{"type":"Feature","id":"F030:62_01","geometry":{"type":"Point","coordinates":[139.551505,35.718011]},"properties":{"id":"F030:62_01","feed_id":"F030","feed_slug":"nishitokyo-hanabus","municipality":"西東京市","service_name":"はなバス","license":"CC BY 4.0","source_stop_id":"62_01","stop_code":null,"stop_name":"千川小学校前","stop_desc":null,"zone_id":"62_01","location_type":0,"parent_station":null,"wheelchair_boarding":null}},{"type":"Feature","id":"F030:62_02","geometry":{"type":"Point","coordinates":[139.552014,35.718268]},"properties":{"id":"F030:62_02","feed_id":"F030","feed_slug":"nishitokyo-hanabus","municipality":"西東京市","service_name":"はなバス","license":"CC BY 4.0","source_stop_id":"62_02","stop_code":null,"stop_name":"千川小学校前","stop_desc":null,"zone_id":"62_02","location_type":0,"parent_station":null,"wheelchair_boarding":null}},{"type":"Feature","id":"F030:63_01","geometry":{"type":"Point","coordinates":[139.554766,35.720494]},"properties":{"id":"F030:63_01","feed_id":"F030","feed_slug":"nishitokyo-hanabus","municipality":"西東京市","service_name":"はなバス","license":"CC BY 4.0","source_stop_id":"63_01","stop_code":null,"stop_name":"柳沢団地","stop_desc":null,"zone_id":"63_01","location_type":0,"parent_station":null,"wheelchair_boarding":null}},{"type":"Feature","id":"F030:63_02","geometry":{"type":"Point","coordinates":[139.555137,35.720564]},"properties":{"id":"F030:63_02","feed_id":"F030","feed_slug":"nishitokyo-hanabus","municipality":"西東京市","service_name":"はなバス","license":"CC BY 4.0","source_stop_id":"63_02","stop_code":null,"stop_name":"柳沢団地","stop_desc":null,"zone_id":"63_02","location_type":0,"parent_station":null,"wheelchair_boarding":null}},{"type":"Feature","id":"F030:64_01","geometry":{"type":"Point","coordinates":[139.556805,35.721252]},"properties":{"id":"F030:64_01","feed_id":"F030","feed_slug":"nishitokyo-hanabus","municipality":"西東京市","service_name":"はなバス","license":"CC BY 4.0","source_stop_id":"64_01","stop_code":null,"stop_name":"武蔵野北高校前","stop_desc":null,"zone_id":"64_01","location_type":0,"parent_station":null,"wheelchair_boarding":null}},{"type":"Feature","id":"F030:64_02","geometry":{"type":"Point","coordinates":[139.5568,35.721143]},"properties":{"id":"F030:64_02","feed_id":"F030","feed_slug":"nishitokyo-hanabus","municipality":"西東京市","service_name":"はなバス","license":"CC BY 4.0","source_stop_id":"64_02","stop_code":null,"stop_name":"武蔵野北高校前","stop_desc":null,"zone_id":"64_02","location_type":0,"parent_station":null,"wheelchair_boarding":null}},{"type":"Feature","id":"F030:65_01","geometry":{"type":"Point","coordinates":[139.557486,35.723046]},"properties":{"id":"F030:65_01","feed_id":"F030","feed_slug":"nishitokyo-hanabus","municipality":"西東京市","service_name":"はなバス","license":"CC BY 4.0","source_stop_id":"65_01","stop_code":null,"stop_name":"伏見通り","stop_desc":null,"zone_id":"65_01","location_type":0,"parent_station":null,"wheelchair_boarding":null}},{"type":"Feature","id":"F030:65_02","geometry":{"type":"Point","coordinates":[139.557688,35.723373]},"properties":{"id":"F030:65_02","feed_id":"F030","feed_slug":"nishitokyo-hanabus","municipality":"西東京市","service_name":"はなバス","license":"CC BY 4.0","source_stop_id":"65_02","stop_code":null,"stop_name":"伏見通り","stop_desc":null,"zone_id":"65_02","location_type":0,"parent_station":null,"wheelchair_boarding":null}},{"type":"Feature","id":"F030:66_01","geometry":{"type":"Point","coordinates":[139.55924,35.724557]},"properties":{"id":"F030:66_01","feed_id":"F030","feed_slug":"nishitokyo-hanabus","municipality":"西東京市","service_name":"はなバス","license":"CC BY 4.0","source_stop_id":"66_01","stop_code":null,"stop_name":"東伏見","stop_desc":null,"zone_id":"66_01","location_type":0,"parent_station":null,"wheelchair_boarding":null}},{"type":"Feature","id":"F030:66_02","geometry":{"type":"Point","coordinates":[139.559015,35.7243]},"properties":{"id":"F030:66_02","feed_id":"F030","feed_slug":"nishitokyo-hanabus","municipality":"西東京市","service_name":"はなバス","license":"CC BY 4.0","source_stop_id":"66_02","stop_code":null,"stop_name":"東伏見","stop_desc":null,"zone_id":"66_02","location_type":0,"parent_station":null,"wheelchair_boarding":null}},{"type":"Feature","id":"F030:67_01","geometry":{"type":"Point","coordinates":[139.561547,35.724035]},"properties":{"id":"F030:67_01","feed_id":"F030","feed_slug":"nishitokyo-hanabus","municipality":"西東京市","service_name":"はなバス","license":"CC BY 4.0","source_stop_id":"67_01","stop_code":null,"stop_name":"東伏見坂上","stop_desc":null,"zone_id":"67_01","location_type":0,"parent_station":null,"wheelchair_boarding":null}},{"type":"Feature","id":"F030:67_02","geometry":{"type":"Point","coordinates":[139.560469,35.724078]},"properties":{"id":"F030:67_02","feed_id":"F030","feed_slug":"nishitokyo-hanabus","municipality":"西東京市","service_name":"はなバス","license":"CC BY 4.0","source_stop_id":"67_02","stop_code":null,"stop_name":"東伏見坂上","stop_desc":null,"zone_id":"67_02","location_type":0,"parent_station":null,"wheelchair_boarding":null}},{"type":"Feature","id":"F030:68_01","geometry":{"type":"Point","coordinates":[139.564481496998,35.7284857094619]},"properties":{"id":"F030:68_01","feed_id":"F030","feed_slug":"nishitokyo-hanabus","municipality":"西東京市","service_name":"はなバス","license":"CC BY 4.0","source_stop_id":"68_01","stop_code":null,"stop_name":"東伏見駅南口","stop_desc":null,"zone_id":"68_01","location_type":0,"parent_station":null,"wheelchair_boarding":null}},{"type":"Feature","id":"F030:69_01","geometry":{"type":"Point","coordinates":[139.540867,35.729274]},"properties":{"id":"F030:69_01","feed_id":"F030","feed_slug":"nishitokyo-hanabus","municipality":"西東京市","service_name":"はなバス","license":"CC BY 4.0","source_stop_id":"69_01","stop_code":null,"stop_name":"田無駅入口","stop_desc":null,"zone_id":"69_01","location_type":0,"parent_station":null,"wheelchair_boarding":null}},{"type":"Feature","id":"F030:69_02","geometry":{"type":"Point","coordinates":[139.541017,35.729308]},"properties":{"id":"F030:69_02","feed_id":"F030","feed_slug":"nishitokyo-hanabus","municipality":"西東京市","service_name":"はなバス","license":"CC BY 4.0","source_stop_id":"69_02","stop_code":null,"stop_name":"田無駅入口","stop_desc":null,"zone_id":"69_02","location_type":0,"parent_station":null,"wheelchair_boarding":null}},{"type":"Feature","id":"F030:7_01","geometry":{"type":"Point","coordinates":[139.565211207514,35.7569085805034]},"properties":{"id":"F030:7_01","feed_id":"F030","feed_slug":"nishitokyo-hanabus","municipality":"西東京市","service_name":"はなバス","license":"CC BY 4.0","source_stop_id":"7_01","stop_code":null,"stop_name":"北荒屋敷","stop_desc":null,"zone_id":"7_01","location_type":0,"parent_station":null,"wheelchair_boarding":null}},{"type":"Feature","id":"F030:70_01","geometry":{"type":"Point","coordinates":[139.538641,35.729805]},"properties":{"id":"F030:70_01","feed_id":"F030","feed_slug":"nishitokyo-hanabus","municipality":"西東京市","service_name":"はなバス","license":"CC BY 4.0","source_stop_id":"70_01","stop_code":null,"stop_name":"田無警察署前","stop_desc":null,"zone_id":"70_01","location_type":0,"parent_station":null,"wheelchair_boarding":null}},{"type":"Feature","id":"F030:70_02","geometry":{"type":"Point","coordinates":[139.538818,35.729827]},"properties":{"id":"F030:70_02","feed_id":"F030","feed_slug":"nishitokyo-hanabus","municipality":"西東京市","service_name":"はなバス","license":"CC BY 4.0","source_stop_id":"70_02","stop_code":null,"stop_name":"田無警察署前","stop_desc":null,"zone_id":"70_02","location_type":0,"parent_station":null,"wheelchair_boarding":null}},{"type":"Feature","id":"F030:71_01","geometry":{"type":"Point","coordinates":[139.53656,35.730293]},"properties":{"id":"F030:71_01","feed_id":"F030","feed_slug":"nishitokyo-hanabus","municipality":"西東京市","service_name":"はなバス","license":"CC BY 4.0","source_stop_id":"71_01","stop_code":null,"stop_name":"上宿","stop_desc":null,"zone_id":"71_01","location_type":0,"parent_station":null,"wheelchair_boarding":null}},{"type":"Feature","id":"F030:71_02","geometry":{"type":"Point","coordinates":[139.536313,35.730423]},"properties":{"id":"F030:71_02","feed_id":"F030","feed_slug":"nishitokyo-hanabus","municipality":"西東京市","service_name":"はなバス","license":"CC BY 4.0","source_stop_id":"71_02","stop_code":null,"stop_name":"上宿","stop_desc":null,"zone_id":"71_02","location_type":0,"parent_station":null,"wheelchair_boarding":null}},{"type":"Feature","id":"F030:72_02","geometry":{"type":"Point","coordinates":[139.535975186566,35.7317519267056]},"properties":{"id":"F030:72_02","feed_id":"F030","feed_slug":"nishitokyo-hanabus","municipality":"西東京市","service_name":"はなバス","license":"CC BY 4.0","source_stop_id":"72_02","stop_code":null,"stop_name":"田無総合福祉センター","stop_desc":null,"zone_id":"72_02","location_type":0,"parent_station":null,"wheelchair_boarding":null}},{"type":"Feature","id":"F030:73_01","geometry":{"type":"Point","coordinates":[139.530283,35.732884]},"properties":{"id":"F030:73_01","feed_id":"F030","feed_slug":"nishitokyo-hanabus","municipality":"西東京市","service_name":"はなバス","license":"CC BY 4.0","source_stop_id":"73_01","stop_code":null,"stop_name":"田無本町７丁目住宅","stop_desc":null,"zone_id":"73_01","location_type":0,"parent_station":null,"wheelchair_boarding":null}},{"type":"Feature","id":"F030:73_02","geometry":{"type":"Point","coordinates":[139.530101,35.732801]},"properties":{"id":"F030:73_02","feed_id":"F030","feed_slug":"nishitokyo-hanabus","municipality":"西東京市","service_name":"はなバス","license":"CC BY 4.0","source_stop_id":"73_02","stop_code":null,"stop_name":"田無本町７丁目住宅","stop_desc":null,"zone_id":"73_02","location_type":0,"parent_station":null,"wheelchair_boarding":null}},{"type":"Feature","id":"F030:74_01","geometry":{"type":"Point","coordinates":[139.529194,35.731164]},"properties":{"id":"F030:74_01","feed_id":"F030","feed_slug":"nishitokyo-hanabus","municipality":"西東京市","service_name":"はなバス","license":"CC BY 4.0","source_stop_id":"74_01","stop_code":null,"stop_name":"田無橋場西","stop_desc":null,"zone_id":"74_01","location_type":0,"parent_station":null,"wheelchair_boarding":null}},{"type":"Feature","id":"F030:74_02","geometry":{"type":"Point","coordinates":[139.52903680185,35.7309795012102]},"properties":{"id":"F030:74_02","feed_id":"F030","feed_slug":"nishitokyo-hanabus","municipality":"西東京市","service_name":"はなバス","license":"CC BY 4.0","source_stop_id":"74_02","stop_code":null,"stop_name":"田無橋場西","stop_desc":null,"zone_id":"74_02","location_type":0,"parent_station":null,"wheelchair_boarding":null}},{"type":"Feature","id":"F030:75_01","geometry":{"type":"Point","coordinates":[139.526432,35.731329]},"properties":{"id":"F030:75_01","feed_id":"F030","feed_slug":"nishitokyo-hanabus","municipality":"西東京市","service_name":"はなバス","license":"CC BY 4.0","source_stop_id":"75_01","stop_code":null,"stop_name":"芝久保５丁目","stop_desc":null,"zone_id":"75_01","location_type":0,"parent_station":null,"wheelchair_boarding":null}},{"type":"Feature","id":"F030:75_02","geometry":{"type":"Point","coordinates":[139.52611,35.731682]},"properties":{"id":"F030:75_02","feed_id":"F030","feed_slug":"nishitokyo-hanabus","municipality":"西東京市","service_name":"はなバス","license":"CC BY 4.0","source_stop_id":"75_02","stop_code":null,"stop_name":"芝久保５丁目","stop_desc":null,"zone_id":"75_02","location_type":0,"parent_station":null,"wheelchair_boarding":null}},{"type":"Feature","id":"F030:76_01","geometry":{"type":"Point","coordinates":[139.524817,35.733903]},"properties":{"id":"F030:76_01","feed_id":"F030","feed_slug":"nishitokyo-hanabus","municipality":"西東京市","service_name":"はなバス","license":"CC BY 4.0","source_stop_id":"76_01","stop_code":null,"stop_name":"北芝久保","stop_desc":null,"zone_id":"76_01","location_type":0,"parent_station":null,"wheelchair_boarding":null}},{"type":"Feature","id":"F030:76_02","geometry":{"type":"Point","coordinates":[139.524221,35.732431]},"properties":{"id":"F030:76_02","feed_id":"F030","feed_slug":"nishitokyo-hanabus","municipality":"西東京市","service_name":"はなバス","license":"CC BY 4.0","source_stop_id":"76_02","stop_code":null,"stop_name":"北芝久保","stop_desc":null,"zone_id":"76_02","location_type":0,"parent_station":null,"wheelchair_boarding":null}},{"type":"Feature","id":"F030:77_01","geometry":{"type":"Point","coordinates":[139.522394,35.734611]},"properties":{"id":"F030:77_01","feed_id":"F030","feed_slug":"nishitokyo-hanabus","municipality":"西東京市","service_name":"はなバス","license":"CC BY 4.0","source_stop_id":"77_01","stop_code":null,"stop_name":"多摩六都科学館","stop_desc":null,"zone_id":"77_01","location_type":0,"parent_station":null,"wheelchair_boarding":null}},{"type":"Feature","id":"F030:78_01","geometry":{"type":"Point","coordinates":[139.523057,35.733062]},"properties":{"id":"F030:78_01","feed_id":"F030","feed_slug":"nishitokyo-hanabus","municipality":"西東京市","service_name":"はなバス","license":"CC BY 4.0","source_stop_id":"78_01","stop_code":null,"stop_name":"田無北芝久保郵便局","stop_desc":null,"zone_id":"78_01","location_type":0,"parent_station":null,"wheelchair_boarding":null}},{"type":"Feature","id":"F030:78_02","geometry":{"type":"Point","coordinates":[139.52177,35.732858]},"properties":{"id":"F030:78_02","feed_id":"F030","feed_slug":"nishitokyo-hanabus","municipality":"西東京市","service_name":"はなバス","license":"CC BY 4.0","source_stop_id":"78_02","stop_code":null,"stop_name":"田無北芝久保郵便局","stop_desc":null,"zone_id":"78_02","location_type":0,"parent_station":null,"wheelchair_boarding":null}},{"type":"Feature","id":"F030:79_01","geometry":{"type":"Point","coordinates":[139.518133,35.731586]},"properties":{"id":"F030:79_01","feed_id":"F030","feed_slug":"nishitokyo-hanabus","municipality":"西東京市","service_name":"はなバス","license":"CC BY 4.0","source_stop_id":"79_01","stop_code":null,"stop_name":"芝久保４丁目住宅","stop_desc":null,"zone_id":"79_01","location_type":0,"parent_station":null,"wheelchair_boarding":null}},{"type":"Feature","id":"F030:79_02","geometry":{"type":"Point","coordinates":[139.518288,35.731804]},"properties":{"id":"F030:79_02","feed_id":"F030","feed_slug":"nishitokyo-hanabus","municipality":"西東京市","service_name":"はなバス","license":"CC BY 4.0","source_stop_id":"79_02","stop_code":null,"stop_name":"芝久保４丁目住宅","stop_desc":null,"zone_id":"79_02","location_type":0,"parent_station":null,"wheelchair_boarding":null}},{"type":"Feature","id":"F030:8_01","geometry":{"type":"Point","coordinates":[139.563988931446,35.7596947430316]},"properties":{"id":"F030:8_01","feed_id":"F030","feed_slug":"nishitokyo-hanabus","municipality":"西東京市","service_name":"はなバス","license":"CC BY 4.0","source_stop_id":"8_01","stop_code":null,"stop_name":"変電所東","stop_desc":null,"zone_id":"8_01","location_type":0,"parent_station":null,"wheelchair_boarding":null}},{"type":"Feature","id":"F030:80_01","geometry":{"type":"Point","coordinates":[139.514791,35.729748]},"properties":{"id":"F030:80_01","feed_id":"F030","feed_slug":"nishitokyo-hanabus","municipality":"西東京市","service_name":"はなバス","license":"CC BY 4.0","source_stop_id":"80_01","stop_code":null,"stop_name":"小平合同庁舎","stop_desc":null,"zone_id":"80_01","location_type":0,"parent_station":null,"wheelchair_boarding":null}},{"type":"Feature","id":"F030:80_02","geometry":{"type":"Point","coordinates":[139.514716,35.730118]},"properties":{"id":"F030:80_02","feed_id":"F030","feed_slug":"nishitokyo-hanabus","municipality":"西東京市","service_name":"はなバス","license":"CC BY 4.0","source_stop_id":"80_02","stop_code":null,"stop_name":"小平合同庁舎","stop_desc":null,"zone_id":"80_02","location_type":0,"parent_station":null,"wheelchair_boarding":null}},{"type":"Feature","id":"F030:81_01","geometry":{"type":"Point","coordinates":[139.513488282961,35.7266792364206]},"properties":{"id":"F030:81_01","feed_id":"F030","feed_slug":"nishitokyo-hanabus","municipality":"西東京市","service_name":"はなバス","license":"CC BY 4.0","source_stop_id":"81_01","stop_code":null,"stop_name":"花小金井駅","stop_desc":null,"zone_id":"81_01","location_type":0,"parent_station":null,"wheelchair_boarding":null}},{"type":"Feature","id":"F030:82_01","geometry":{"type":"Point","coordinates":[139.534602,35.725067]},"properties":{"id":"F030:82_01","feed_id":"F030","feed_slug":"nishitokyo-hanabus","municipality":"西東京市","service_name":"はなバス","license":"CC BY 4.0","source_stop_id":"82_01","stop_code":null,"stop_name":"向南中央通り","stop_desc":null,"zone_id":"82_01","location_type":0,"parent_station":null,"wheelchair_boarding":null}},{"type":"Feature","id":"F030:82_02","geometry":{"type":"Point","coordinates":[139.534419,35.725289]},"properties":{"id":"F030:82_02","feed_id":"F030","feed_slug":"nishitokyo-hanabus","municipality":"西東京市","service_name":"はなバス","license":"CC BY 4.0","source_stop_id":"82_02","stop_code":null,"stop_name":"向南中央通り","stop_desc":null,"zone_id":"82_02","location_type":0,"parent_station":null,"wheelchair_boarding":null}},{"type":"Feature","id":"F030:83_01","geometry":{"type":"Point","coordinates":[139.532129,35.725685]},"properties":{"id":"F030:83_01","feed_id":"F030","feed_slug":"nishitokyo-hanabus","municipality":"西東京市","service_name":"はなバス","license":"CC BY 4.0","source_stop_id":"83_01","stop_code":null,"stop_name":"南町６丁目","stop_desc":null,"zone_id":"83_01","location_type":0,"parent_station":null,"wheelchair_boarding":null}},{"type":"Feature","id":"F030:83_02","geometry":{"type":"Point","coordinates":[139.532456,35.725733]},"properties":{"id":"F030:83_02","feed_id":"F030","feed_slug":"nishitokyo-hanabus","municipality":"西東京市","service_name":"はなバス","license":"CC BY 4.0","source_stop_id":"83_02","stop_code":null,"stop_name":"南町６丁目","stop_desc":null,"zone_id":"83_02","location_type":0,"parent_station":null,"wheelchair_boarding":null}},{"type":"Feature","id":"F030:84_01","geometry":{"type":"Point","coordinates":[139.530026,35.724383]},"properties":{"id":"F030:84_01","feed_id":"F030","feed_slug":"nishitokyo-hanabus","municipality":"西東京市","service_name":"はなバス","license":"CC BY 4.0","source_stop_id":"84_01","stop_code":null,"stop_name":"府中道","stop_desc":null,"zone_id":"84_01","location_type":0,"parent_station":null,"wheelchair_boarding":null}},{"type":"Feature","id":"F030:84_02","geometry":{"type":"Point","coordinates":[139.529441,35.724461]},"properties":{"id":"F030:84_02","feed_id":"F030","feed_slug":"nishitokyo-hanabus","municipality":"西東京市","service_name":"はなバス","license":"CC BY 4.0","source_stop_id":"84_02","stop_code":null,"stop_name":"府中道","stop_desc":null,"zone_id":"84_02","location_type":0,"parent_station":null,"wheelchair_boarding":null}},{"type":"Feature","id":"F030:85_01","geometry":{"type":"Point","coordinates":[139.528122479576,35.7251580251113]},"properties":{"id":"F030:85_01","feed_id":"F030","feed_slug":"nishitokyo-hanabus","municipality":"西東京市","service_name":"はなバス","license":"CC BY 4.0","source_stop_id":"85_01","stop_code":null,"stop_name":"芝久保１丁目東","stop_desc":null,"zone_id":"85_01","location_type":0,"parent_station":null,"wheelchair_boarding":null}},{"type":"Feature","id":"F030:86_01","geometry":{"type":"Point","coordinates":[139.526812,35.725415]},"properties":{"id":"F030:86_01","feed_id":"F030","feed_slug":"nishitokyo-hanabus","municipality":"西東京市","service_name":"はなバス","license":"CC BY 4.0","source_stop_id":"86_01","stop_code":null,"stop_name":"芝久保１丁目","stop_desc":null,"zone_id":"86_01","location_type":0,"parent_station":null,"wheelchair_boarding":null}},{"type":"Feature","id":"F030:86_02","geometry":{"type":"Point","coordinates":[139.527848,35.725219]},"properties":{"id":"F030:86_02","feed_id":"F030","feed_slug":"nishitokyo-hanabus","municipality":"西東京市","service_name":"はなバス","license":"CC BY 4.0","source_stop_id":"86_02","stop_code":null,"stop_name":"芝久保１丁目","stop_desc":null,"zone_id":"86_02","location_type":0,"parent_station":null,"wheelchair_boarding":null}},{"type":"Feature","id":"F030:87_01","geometry":{"type":"Point","coordinates":[139.52575646131,35.7247937115058]},"properties":{"id":"F030:87_01","feed_id":"F030","feed_slug":"nishitokyo-hanabus","municipality":"西東京市","service_name":"はなバス","license":"CC BY 4.0","source_stop_id":"87_01","stop_code":null,"stop_name":"芝久保児童館","stop_desc":null,"zone_id":"87_01","location_type":0,"parent_station":null,"wheelchair_boarding":null}},{"type":"Feature","id":"F030:88_01","geometry":{"type":"Point","coordinates":[139.5253,35.723303]},"properties":{"id":"F030:88_01","feed_id":"F030","feed_slug":"nishitokyo-hanabus","municipality":"西東京市","service_name":"はなバス","license":"CC BY 4.0","source_stop_id":"88_01","stop_code":null,"stop_name":"芝久保運動場","stop_desc":null,"zone_id":"88_01","location_type":0,"parent_station":null,"wheelchair_boarding":null}},{"type":"Feature","id":"F030:88_02","geometry":{"type":"Point","coordinates":[139.525605,35.723281]},"properties":{"id":"F030:88_02","feed_id":"F030","feed_slug":"nishitokyo-hanabus","municipality":"西東京市","service_name":"はなバス","license":"CC BY 4.0","source_stop_id":"88_02","stop_code":null,"stop_name":"芝久保運動場","stop_desc":null,"zone_id":"88_02","location_type":0,"parent_station":null,"wheelchair_boarding":null}},{"type":"Feature","id":"F030:89_01","geometry":{"type":"Point","coordinates":[139.523776,35.725171]},"properties":{"id":"F030:89_01","feed_id":"F030","feed_slug":"nishitokyo-hanabus","municipality":"西東京市","service_name":"はなバス","license":"CC BY 4.0","source_stop_id":"89_01","stop_code":null,"stop_name":"みたけ分社通り","stop_desc":null,"zone_id":"89_01","location_type":0,"parent_station":null,"wheelchair_boarding":null}},{"type":"Feature","id":"F030:89_02","geometry":{"type":"Point","coordinates":[139.523916,35.724993]},"properties":{"id":"F030:89_02","feed_id":"F030","feed_slug":"nishitokyo-hanabus","municipality":"西東京市","service_name":"はなバス","license":"CC BY 4.0","source_stop_id":"89_02","stop_code":null,"stop_name":"みたけ分社通り","stop_desc":null,"zone_id":"89_02","location_type":0,"parent_station":null,"wheelchair_boarding":null}},{"type":"Feature","id":"F030:9_01","geometry":{"type":"Point","coordinates":[139.562853052987,35.7600080690924]},"properties":{"id":"F030:9_01","feed_id":"F030","feed_slug":"nishitokyo-hanabus","municipality":"西東京市","service_name":"はなバス","license":"CC BY 4.0","source_stop_id":"9_01","stop_code":null,"stop_name":"北町４丁目住宅","stop_desc":null,"zone_id":"9_01","location_type":0,"parent_station":null,"wheelchair_boarding":null}},{"type":"Feature","id":"F030:90_01","geometry":{"type":"Point","coordinates":[139.522714,35.727027]},"properties":{"id":"F030:90_01","feed_id":"F030","feed_slug":"nishitokyo-hanabus","municipality":"西東京市","service_name":"はなバス","license":"CC BY 4.0","source_stop_id":"90_01","stop_code":null,"stop_name":"芝久保２丁目","stop_desc":null,"zone_id":"90_01","location_type":0,"parent_station":null,"wheelchair_boarding":null}},{"type":"Feature","id":"F030:90_02","geometry":{"type":"Point","coordinates":[139.52251,35.727035]},"properties":{"id":"F030:90_02","feed_id":"F030","feed_slug":"nishitokyo-hanabus","municipality":"西東京市","service_name":"はなバス","license":"CC BY 4.0","source_stop_id":"90_02","stop_code":null,"stop_name":"芝久保２丁目","stop_desc":null,"zone_id":"90_02","location_type":0,"parent_station":null,"wheelchair_boarding":null}},{"type":"Feature","id":"F030:91_01","geometry":{"type":"Point","coordinates":[139.520477,35.726352]},"properties":{"id":"F030:91_01","feed_id":"F030","feed_slug":"nishitokyo-hanabus","municipality":"西東京市","service_name":"はなバス","license":"CC BY 4.0","source_stop_id":"91_01","stop_code":null,"stop_name":"西武住宅南","stop_desc":null,"zone_id":"91_01","location_type":0,"parent_station":null,"wheelchair_boarding":null}},{"type":"Feature","id":"F030:91_02","geometry":{"type":"Point","coordinates":[139.520268,35.727632]},"properties":{"id":"F030:91_02","feed_id":"F030","feed_slug":"nishitokyo-hanabus","municipality":"西東京市","service_name":"はなバス","license":"CC BY 4.0","source_stop_id":"91_02","stop_code":null,"stop_name":"西武住宅南","stop_desc":null,"zone_id":"91_02","location_type":0,"parent_station":null,"wheelchair_boarding":null}},{"type":"Feature","id":"F030:92_01","geometry":{"type":"Point","coordinates":[139.519581,35.728372]},"properties":{"id":"F030:92_01","feed_id":"F030","feed_slug":"nishitokyo-hanabus","municipality":"西東京市","service_name":"はなバス","license":"CC BY 4.0","source_stop_id":"92_01","stop_code":null,"stop_name":"西武住宅北","stop_desc":null,"zone_id":"92_01","location_type":0,"parent_station":null,"wheelchair_boarding":null}},{"type":"Feature","id":"F030:92_02","geometry":{"type":"Point","coordinates":[139.519592,35.728995]},"properties":{"id":"F030:92_02","feed_id":"F030","feed_slug":"nishitokyo-hanabus","municipality":"西東京市","service_name":"はなバス","license":"CC BY 4.0","source_stop_id":"92_02","stop_code":null,"stop_name":"西武住宅北","stop_desc":null,"zone_id":"92_02","location_type":0,"parent_station":null,"wheelchair_boarding":null}},{"type":"Feature","id":"F030:93_01","geometry":{"type":"Point","coordinates":[139.518401,35.730327]},"properties":{"id":"F030:93_01","feed_id":"F030","feed_slug":"nishitokyo-hanabus","municipality":"西東京市","service_name":"はなバス","license":"CC BY 4.0","source_stop_id":"93_01","stop_code":null,"stop_name":"芝久保","stop_desc":null,"zone_id":"93_01","location_type":0,"parent_station":null,"wheelchair_boarding":null}},{"type":"Feature","id":"F030:93_02","geometry":{"type":"Point","coordinates":[139.518465,35.73041]},"properties":{"id":"F030:93_02","feed_id":"F030","feed_slug":"nishitokyo-hanabus","municipality":"西東京市","service_name":"はなバス","license":"CC BY 4.0","source_stop_id":"93_02","stop_code":null,"stop_name":"芝久保","stop_desc":null,"zone_id":"93_02","location_type":0,"parent_station":null,"wheelchair_boarding":null}}]}
