{"type":"FeatureCollection","name":"kozushima-village-bus_routes","features":[{"type":"Feature","id":"F028:1:SHP0007","geometry":{"type":"LineString","coordinates":[[139.131441128767,34.2078647586229],[139.131725728512,34.2077761975954],[139.13328140974,34.2073325791206],[139.133332371712,34.2073237067511],[139.133386015892,34.2073126162893],[139.133404791355,34.2072593820723],[139.133455753326,34.2071151905253],[139.133552312851,34.2069177590224],[139.133600592613,34.2068423357516],[139.133742749691,34.2066249392653],[139.133852720261,34.2064385994199],[139.133901000023,34.205480280215],[139.133890271187,34.2051053821927],[139.133850038052,34.2048924223693],[139.13371860981,34.2044443194078],[139.133579134941,34.2040694213854],[139.133415520191,34.2033240620038],[139.133332371712,34.2030268055838],[139.133128523827,34.2022592628872],[139.133136570454,34.202177184622],[139.133166074753,34.2021039796827],[139.13325458765,34.202015246423],[139.133332371712,34.2019753164561],[139.133498668671,34.2018932381909],[139.133694469929,34.2018111599256],[139.134032428265,34.2017357366549],[139.134174585342,34.2017401733179],[139.135199189186,34.2017756666217],[139.135631024837,34.2017911949422],[139.136258661747,34.201709116677],[139.136368632317,34.2017113350084],[139.136459827423,34.2017690116273],[139.136559069157,34.2018976748539],[139.136866766228,34.2022137893012],[139.137245714664,34.2026031042686],[139.137342274189,34.2026696542134],[139.137495160103,34.2026962741913],[139.137626588345,34.2026851825338],[139.137736558914,34.202645252567],[139.137870669365,34.2025897942797],[139.137959182262,34.2025653926332],[139.138045012951,34.2025698292962],[139.138227403164,34.2026075409316],[139.138323962688,34.2026297242465],[139.138433933258,34.2026186325891],[139.138527810574,34.2025764842907],[139.138605594635,34.2025077160144],[139.13864582777,34.2024456027326],[139.138653874397,34.2023923627768],[139.13870215416,34.2021239446661],[139.13878262043,34.2019730981246],[139.138908684254,34.2018732732074],[139.139123260975,34.2017601383013],[139.139302968979,34.2016758417046],[139.139466583729,34.2016270384117],[139.140357077122,34.2015316501575],[139.140646755695,34.2014517902238],[139.140839874744,34.2013830219475],[139.140955209732,34.2013918952735],[139.14104372263,34.2014251702459],[139.141118824482,34.2014850651962],[139.14115101099,34.2015627067984],[139.141148328781,34.2016625317156],[139.141086637974,34.2017601383013],[139.140874743462,34.2019841897821],[139.140767455101,34.2020751413733],[139.140099585056,34.2023590878044],[139.140040576458,34.2023967994398],[139.140011072159,34.2024367294066],[139.139997661114,34.2025010610199],[139.140024483204,34.2025787026222],[139.140064716339,34.2026186325891],[139.140139818192,34.202640815904],[139.140220284462,34.2026341609095],[139.140649437904,34.2025232443349],[139.140705764294,34.2025188076719],[139.140754044056,34.2025254626664],[139.1407969594,34.2025520826443],[139.140845239162,34.2025942309426],[139.140885472298,34.2026474708985],[139.140898883343,34.2027428591527],[139.140829145908,34.2029447273185],[139.140829145908,34.2030401155727],[139.140855967999,34.2030889188656],[139.141032993793,34.2031976171087],[139.141094684601,34.2032508570646],[139.141108095646,34.2033107520149],[139.141092002392,34.2033706469652],[139.141054451466,34.2034305419155],[139.140872061253,34.2035658601365],[139.140357077122,34.2038608982251],[139.140284657478,34.2039451948218],[139.140319526196,34.2039962164462],[139.140386581421,34.2040361464131],[139.140464365482,34.2040361464131],[139.140601158142,34.2039185748439],[139.140711128712,34.2038498065676],[139.14123415947,34.203576951794],[139.141346812248,34.2035148385122],[139.141432642937,34.203415013595],[139.141515791416,34.2031621238048],[139.141564071178,34.2030778272081],[139.141620397568,34.2030378972412],[139.141665995121,34.2030157139263],[139.141845703125,34.2029336356611],[139.142816662788,34.2025387726553],[139.143269956112,34.202321376169],[139.143615961075,34.2021394729866],[139.143779575825,34.2020307747434],[139.14392977953,34.2018843648649],[139.144088029861,34.2016935883565],[139.144165813923,34.201551615141],[139.144329428673,34.2012920703563],[139.144409894943,34.201232175406],[139.144852459431,34.2010103422567],[139.144932925701,34.2009327006544],[139.145010709763,34.200755234135],[139.145017867063,34.2007239454926],[139.145048260689,34.2005910776045],[139.145187735558,34.200107481339],[139.145233333111,34.2000010014274],[139.145254790783,34.199954416466],[139.14534330368,34.1998301899024],[139.145348668098,34.1996904350184],[139.145442545414,34.1992556420458],[139.145485460758,34.1990959221783],[139.145485460758,34.1989606039572],[139.145391583443,34.1988053207527],[139.145085811615,34.198545775968],[139.144986569881,34.1983594361226],[139.144967794418,34.1981730962772],[139.144959747791,34.1980688234598],[139.144959747791,34.1980532934658],[139.144876599312,34.1979556763601],[139.144774675369,34.1979024306662],[139.14439111948,34.1979024306662],[139.144270420074,34.197871370678],[139.144085347652,34.1977205078784],[139.143843948841,34.1974831208261],[139.143637418747,34.1972590451973],[139.14360255003,34.1971303681036],[139.143591821194,34.1970194395744],[139.143648147583,34.1967887082339],[139.14370983839,34.1966644682813],[139.143717885017,34.1966267525814],[139.143731296062,34.1965601954639],[139.143725931644,34.1964492669348],[139.14365619421,34.1961431041945],[139.143503308296,34.1955906801195],[139.143495261669,34.1952778616674],[139.143471121788,34.1951957745559],[139.143184125423,34.1949472946506],[139.143149256706,34.1948585518274],[139.143149256706,34.194727656163],[139.143444299698,34.1941463906705],[139.143508672714,34.1940554292766],[139.143693745136,34.1939156593299],[139.143763482571,34.1938313536478],[139.14379298687,34.1936915837011],[139.143814444542,34.1931879681789],[139.143843948841,34.1930570725146],[139.143913686275,34.1928707125857],[139.144074618816,34.1925978284041],[139.144109487534,34.1925201784337],[139.144114851952,34.1924092499046],[139.144093394279,34.1922916656637],[139.144058525562,34.1921607699994],[139.144020974636,34.1920609343232],[139.143953919411,34.1919899400645],[139.143878817558,34.1919455686529],[139.143731296062,34.191907852953],[139.143468439579,34.1918723558237],[139.143143892288,34.1917725201475],[139.14297491312,34.1917503344417],[139.142848849297,34.1917725201475],[139.142655730247,34.1918590444002],[139.142250716686,34.1921119614466],[139.141952991486,34.1922894470931],[139.141845703125,34.1923205070813],[139.141757190228,34.1923426927871],[139.141665995121,34.1923360370754],[139.141585528851,34.1923315999342],[139.141432642937,34.1922894470931],[139.141293168068,34.192178518564],[139.141199290752,34.1919855029234],[139.141086637974,34.1916682473301],[139.14104372263,34.1915417888069],[139.140982031822,34.1914153302837],[139.14088010788,34.1912777789076],[139.140719175339,34.1911180418257],[139.140571653843,34.1910204247201],[139.140477776527,34.1909693975967],[139.140351712704,34.1909183704733],[139.140134453773,34.1908584690676],[139.139994978905,34.1908407205029],[139.139842092991,34.19082962765],[139.139648973942,34.1908362833618],[139.139278829098,34.1909117147616],[139.139144718647,34.1909006219087],[139.139048159122,34.1908540319264],[139.138975739479,34.1907985676619],[139.138927459717,34.1907120434092],[139.138927459717,34.1905988963095],[139.138956964016,34.1905301206214],[139.139077663422,34.1904036620982],[139.13957118988,34.1899510736995],[139.139619469643,34.1898445823115],[139.139619469643,34.1897380909236],[139.139576554298,34.1896382552474],[139.139504134655,34.1895739167005],[139.139418303967,34.1895362010006],[139.138627052307,34.1894940481595],[139.138187170029,34.1894674253125],[139.13717597723,34.1893365296482],[139.137009680271,34.189332092507],[139.136867523193,34.1893653710658],[139.136744141579,34.1894141796186],[139.136618077755,34.1894829553066],[139.136475920677,34.1896205066827],[139.136025309563,34.1901352150578],[139.135883152485,34.190261673581],[139.135703444481,34.1903637278278],[139.135577380657,34.19041031781],[139.134925603867,34.1905633991802],[139.134837090969,34.1903082635632],[139.13443166945,34.1903975664885],[139.13434356451,34.1904169735217],[139.13431674242,34.1904280663746],[139.134303331375,34.1904857492098],[139.134367704391,34.1906965134151],[139.134925603867,34.1905633991802],[139.135577380657,34.19041031781],[139.135703444481,34.1903637278278],[139.135883152485,34.190261673581],[139.136025309563,34.1901352150578],[139.136475920677,34.1896205066827],[139.136618077755,34.1894829553066],[139.136744141579,34.1894141796186],[139.136867523193,34.1893653710658],[139.137009680271,34.189332092507],[139.13717597723,34.1893365296482],[139.138187170029,34.1894674253125],[139.138627052307,34.1894940481595],[139.139418303967,34.1895362010006],[139.139504134655,34.1895739167005],[139.139576554298,34.1896382552474],[139.139619469643,34.1897380909236],[139.139619469643,34.1898445823115],[139.13957118988,34.1899510736995],[139.139077663422,34.1904036620982],[139.138956964016,34.1905301206214],[139.138927459717,34.1905988963095],[139.138927459717,34.1907120434092],[139.138975739479,34.1907985676619],[139.139048159122,34.1908540319264],[139.139144718647,34.1909006219087],[139.139278829098,34.1909117147616],[139.139648973942,34.1908362833618],[139.139842092991,34.19082962765],[139.139994978905,34.1908407205029],[139.140134453773,34.1908584690676],[139.140351712704,34.1909183704733],[139.140477776527,34.1909693975967],[139.140571653843,34.1910204247201],[139.140719175339,34.1911180418257],[139.14088010788,34.1912777789076],[139.140982031822,34.1914153302837],[139.14104372263,34.1915417888069],[139.141086637974,34.1916682473301],[139.141199290752,34.1919855029234],[139.141293168068,34.192178518564],[139.141432642937,34.1922894470931],[139.141585528851,34.1923315999342],[139.141665995121,34.1923360370754],[139.141757190228,34.1923426927871],[139.141845703125,34.1923205070813],[139.141952991486,34.1922894470931],[139.142250716686,34.1921119614466],[139.142655730247,34.1918590444002],[139.142848849297,34.1917725201475],[139.14297491312,34.1917503344417],[139.143143892288,34.1917725201475],[139.143468439579,34.1918723558237],[139.143731296062,34.191907852953],[139.143878817558,34.1919455686529],[139.143953919411,34.1919899400645],[139.144020974636,34.1920609343232],[139.144058525562,34.1921607699994],[139.144093394279,34.1922916656637],[139.144114851952,34.1924092499046],[139.144109487534,34.1925201784337],[139.144074618816,34.1925978284041],[139.143913686275,34.1928707125857],[139.143843948841,34.1930570725146],[139.143814444542,34.1931879681789],[139.14379298687,34.1936915837011],[139.143763482571,34.1938313536478],[139.143693745136,34.1939156593299],[139.143508672714,34.1940554292766],[139.143444299698,34.1941463906705],[139.143149256706,34.194727656163],[139.143149256706,34.1948585518274],[139.143184125423,34.1949472946506],[139.143471121788,34.1951957745559],[139.143495261669,34.1952778616674],[139.143503308296,34.1955906801195],[139.14365619421,34.1961431041945],[139.143725931644,34.1964492669348],[139.143731296062,34.1965601954639],[139.143717885017,34.1966267525814],[139.14370983839,34.1966644682813],[139.143648147583,34.1967887082339],[139.143591821194,34.1970194395744],[139.14360255003,34.1971303681036],[139.143637418747,34.1972590451973],[139.143843948841,34.1974831208261],[139.144085347652,34.1977205078784],[139.144270420074,34.197871370678],[139.14439111948,34.1979024306662],[139.144774675369,34.1979024306662],[139.144876599312,34.1979556763601],[139.144959747791,34.1980532934658],[139.144959747791,34.1980688234598],[139.144967794418,34.1981730962772],[139.144986569881,34.1983594361226],[139.145085811615,34.198545775968],[139.145391583443,34.1988053207527],[139.145485460758,34.1989606039572],[139.145485460758,34.1990959221783],[139.145442545414,34.1992556420458],[139.145348668098,34.1996904350184],[139.14534330368,34.1998301899024],[139.145523011684,34.1997414566427],[139.145691990852,34.1996460683885],[139.146046042442,34.1994131435818],[139.146563708782,34.1990981405098],[139.1472235322,34.1987409891394],[139.14733082056,34.1986877491836],[139.14744079113,34.1986478192167],[139.147566854954,34.1986167625758],[139.148215949535,34.198559085957],[139.148384928703,34.1985324659791],[139.148486852646,34.1984814443547],[139.148728251457,34.1981730962772],[139.148752391338,34.1981442548596],[139.148867726326,34.1980666048893],[139.149667024612,34.1978491849722],[139.14989233017,34.1978136878429],[139.14999961853,34.1978114692723],[139.150576293468,34.1977981578488],[139.150796234608,34.1977582235783],[139.151128828526,34.1975851750729],[139.151667952538,34.1974320937027],[139.151761829853,34.1974343122733],[139.15182352066,34.1974365308439],[139.151981770992,34.1974609351203],[139.152330458164,34.1975696450788],[139.152432382107,34.1975829565023],[139.152520895004,34.1975696450788],[139.152773022652,34.1974409679851],[139.15283203125,34.1974054708557],[139.153027832508,34.1972812309031],[139.153084158897,34.1972191109268],[139.153231680393,34.1968818881983],[139.153293371201,34.1968330796455],[139.15340334177,34.196777615381],[139.153910279274,34.1965557583228],[139.154098033905,34.1964936383465],[139.154205322266,34.1965047311994],[139.154291152954,34.1965535397522],[139.154344797134,34.1966334082931],[139.154358208179,34.196750992534],[139.154352843761,34.1967753968104],[139.154331386089,34.1969218224688],[139.154240190983,34.1974343122733],[139.154218733311,34.1976251093434],[139.154116809368,34.1979312720837],[139.154055118561,34.1980244520482],[139.153934419155,34.1981730962772],[139.153848588467,34.1982817945204],[139.153416752815,34.1987542991284],[139.153258502483,34.1988585607085],[139.15283203125,34.1990338088965],[139.152665734291,34.1991092321672],[139.152512848377,34.1992245854049],[139.152410924435,34.1993665586204],[139.152335822582,34.1995063135045],[139.152193665504,34.2000010014274],[139.152164161205,34.2001318829855],[139.152185618877,34.2003093495049],[139.15226072073,34.2004357944],[139.152429699898,34.2006576275493],[139.152500016642,34.2007486539235],[139.152553081512,34.2008173474168],[139.152762293816,34.2012809786988],[139.15283203125,34.2014074235939],[139.152904450893,34.2015360868205],[139.15304929018,34.2017312999919],[139.153161942959,34.2019109848428],[139.153253138065,34.2021416913181],[139.153309464455,34.2021882762794],[139.153400659561,34.2022082412629],[139.153515994549,34.2021993679369],[139.153446257114,34.2020662680473],[139.153400659561,34.2019997181025],[139.153369559866,34.2019496661842]]},"properties":{"id":"F028:1:SHP0007","feed_id":"F028","feed_slug":"kozushima-village-bus","municipality":"神津島村","service_name":"村営バス","license":"CC BY 4.0","source_route_id":"1","route_short_name":null,"route_long_name":"内回りルート：空港・多幸湾キャンプ場・天上山方面","route_desc":null,"route_type":3,"route_url":null,"route_color":null,"route_text_color":"000000","directions":["1"],"geometry_source":"shapes.txt"}},{"type":"Feature","id":"F028:1:SHP0008","geometry":{"type":"LineString","coordinates":[[139.131441128767,34.2078647586229],[139.131725728512,34.2077761975954],[139.13328140974,34.2073325791206],[139.133332371712,34.2073237067511],[139.133386015892,34.2073126162893],[139.133404791355,34.2072593820723],[139.133455753326,34.2071151905253],[139.133552312851,34.2069177590224],[139.133600592613,34.2068423357516],[139.133742749691,34.2066249392653],[139.133852720261,34.2064385994199],[139.133901000023,34.205480280215],[139.133890271187,34.2051053821927],[139.133850038052,34.2048924223693],[139.13371860981,34.2044443194078],[139.133579134941,34.2040694213854],[139.133415520191,34.2033240620038],[139.133332371712,34.2030268055838],[139.133128523827,34.2022592628872],[139.133136570454,34.202177184622],[139.133166074753,34.2021039796827],[139.13325458765,34.202015246423],[139.133332371712,34.2019753164561],[139.133498668671,34.2018932381909],[139.133694469929,34.2018111599256],[139.134032428265,34.2017357366549],[139.134174585342,34.2017401733179],[139.135199189186,34.2017756666217],[139.135631024837,34.2017911949422],[139.136258661747,34.201709116677],[139.136368632317,34.2017113350084],[139.136459827423,34.2017690116273],[139.136559069157,34.2018976748539],[139.136866766228,34.2022137893012],[139.137245714664,34.2026031042686],[139.137342274189,34.2026696542134],[139.137495160103,34.2026962741913],[139.137626588345,34.2026851825338],[139.137736558914,34.202645252567],[139.137870669365,34.2025897942797],[139.137959182262,34.2025653926332],[139.138045012951,34.2025698292962],[139.138227403164,34.2026075409316],[139.138323962688,34.2026297242465],[139.138433933258,34.2026186325891],[139.138527810574,34.2025764842907],[139.138605594635,34.2025077160144],[139.13864582777,34.2024456027326],[139.138653874397,34.2023923627768],[139.13870215416,34.2021239446661],[139.13878262043,34.2019730981246],[139.138908684254,34.2018732732074],[139.139123260975,34.2017601383013],[139.139302968979,34.2016758417046],[139.139466583729,34.2016270384117],[139.140357077122,34.2015316501575],[139.140646755695,34.2014517902238],[139.140839874744,34.2013830219475],[139.140955209732,34.2013918952735],[139.14104372263,34.2014251702459],[139.141118824482,34.2014850651962],[139.14115101099,34.2015627067984],[139.141148328781,34.2016625317156],[139.141086637974,34.2017601383013],[139.140874743462,34.2019841897821],[139.140767455101,34.2020751413733],[139.140099585056,34.2023590878044],[139.140040576458,34.2023967994398],[139.140011072159,34.2024367294066],[139.139997661114,34.2025010610199],[139.140024483204,34.2025787026222],[139.140064716339,34.2026186325891],[139.140139818192,34.202640815904],[139.140220284462,34.2026341609095],[139.140649437904,34.2025232443349],[139.140705764294,34.2025188076719],[139.140754044056,34.2025254626664],[139.1407969594,34.2025520826443],[139.140845239162,34.2025942309426],[139.140885472298,34.2026474708985],[139.140898883343,34.2027428591527],[139.140829145908,34.2029447273185],[139.140829145908,34.2030401155727],[139.140855967999,34.2030889188656],[139.141032993793,34.2031976171087],[139.141094684601,34.2032508570646],[139.141108095646,34.2033107520149],[139.141092002392,34.2033706469652],[139.141054451466,34.2034305419155],[139.140872061253,34.2035658601365],[139.140357077122,34.2038608982251],[139.140284657478,34.2039451948218],[139.140319526196,34.2039962164462],[139.140386581421,34.2040361464131],[139.140464365482,34.2040361464131],[139.140601158142,34.2039185748439],[139.140711128712,34.2038498065676],[139.14123415947,34.203576951794],[139.141346812248,34.2035148385122],[139.141432642937,34.203415013595],[139.141515791416,34.2031621238048],[139.141564071178,34.2030778272081],[139.141620397568,34.2030378972412],[139.141665995121,34.2030157139263],[139.141845703125,34.2029336356611],[139.142816662788,34.2025387726553],[139.143269956112,34.202321376169],[139.143615961075,34.2021394729866],[139.143779575825,34.2020307747434],[139.14392977953,34.2018843648649],[139.144088029861,34.2016935883565],[139.144165813923,34.201551615141],[139.144329428673,34.2012920703563],[139.144409894943,34.201232175406],[139.144852459431,34.2010103422567],[139.144932925701,34.2009327006544],[139.145010709763,34.200755234135],[139.145017867063,34.2007239454926],[139.145048260689,34.2005910776045],[139.145187735558,34.200107481339],[139.145233333111,34.2000010014274],[139.145254790783,34.199954416466],[139.14534330368,34.1998301899024],[139.145523011684,34.1997414566427],[139.145691990852,34.1996460683885],[139.146046042442,34.1994131435818],[139.146563708782,34.1990981405098],[139.1472235322,34.1987409891394],[139.14733082056,34.1986877491836],[139.14744079113,34.1986478192167],[139.147566854954,34.1986167625758],[139.148215949535,34.198559085957],[139.148384928703,34.1985324659791],[139.148486852646,34.1984814443547],[139.148728251457,34.1981730962772],[139.148752391338,34.1981442548596],[139.148867726326,34.1980666048893],[139.149667024612,34.1978491849722],[139.14989233017,34.1978136878429],[139.14999961853,34.1978114692723],[139.150576293468,34.1977981578488],[139.150796234608,34.1977582235783],[139.151128828526,34.1975851750729],[139.151667952538,34.1974320937027],[139.151761829853,34.1974343122733],[139.15182352066,34.1974365308439],[139.151981770992,34.1974609351203],[139.152330458164,34.1975696450788],[139.152432382107,34.1975829565023],[139.152520895004,34.1975696450788],[139.152773022652,34.1974409679851],[139.15283203125,34.1974054708557],[139.153027832508,34.1972812309031],[139.153084158897,34.1972191109268],[139.153231680393,34.1968818881983],[139.153293371201,34.1968330796455],[139.15340334177,34.196777615381],[139.153910279274,34.1965557583228],[139.154098033905,34.1964936383465],[139.154205322266,34.1965047311994],[139.154291152954,34.1965535397522],[139.154344797134,34.1966334082931],[139.154358208179,34.196750992534],[139.154352843761,34.1967753968104],[139.154331386089,34.1969218224688],[139.154240190983,34.1974343122733],[139.154218733311,34.1976251093434],[139.154116809368,34.1979312720837],[139.154055118561,34.1980244520482],[139.153934419155,34.1981730962772],[139.153848588467,34.1982817945204],[139.153416752815,34.1987542991284],[139.153258502483,34.1988585607085],[139.15283203125,34.1990338088965],[139.152665734291,34.1991092321672],[139.152512848377,34.1992245854049],[139.152410924435,34.1993665586204],[139.152335822582,34.1995063135045],[139.152193665504,34.2000010014274],[139.152164161205,34.2001318829855],[139.152185618877,34.2003093495049],[139.15226072073,34.2004357944],[139.152429699898,34.2006576275493],[139.152500016642,34.2007486539235],[139.152553081512,34.2008173474168],[139.152762293816,34.2012809786988],[139.15283203125,34.2014074235939],[139.152904450893,34.2015360868205],[139.15304929018,34.2017312999919],[139.153161942959,34.2019109848428],[139.153253138065,34.2021416913181],[139.153309464455,34.2021882762794],[139.153400659561,34.2022082412629],[139.153515994549,34.2021993679369],[139.153446257114,34.2020662680473],[139.153400659561,34.2019997181025],[139.153369559866,34.2019496661842]]},"properties":{"id":"F028:1:SHP0008","feed_id":"F028","feed_slug":"kozushima-village-bus","municipality":"神津島村","service_name":"村営バス","license":"CC BY 4.0","source_route_id":"1","route_short_name":null,"route_long_name":"内回りルート：空港・多幸湾キャンプ場・天上山方面","route_desc":null,"route_type":3,"route_url":null,"route_color":null,"route_text_color":"000000","directions":["1"],"geometry_source":"shapes.txt"}},{"type":"Feature","id":"F028:1:SHP0009","geometry":{"type":"LineString","coordinates":[[139.131441128767,34.2078647586229],[139.131725728512,34.2077761975954],[139.13328140974,34.2073325791206],[139.133332371712,34.2073237067511],[139.133386015892,34.2073126162893],[139.133404791355,34.2072593820723],[139.133455753326,34.2071151905253],[139.133552312851,34.2069177590224],[139.133600592613,34.2068423357516],[139.133742749691,34.2066249392653],[139.133852720261,34.2064385994199],[139.133901000023,34.205480280215],[139.133890271187,34.2051053821927],[139.133850038052,34.2048924223693],[139.13371860981,34.2044443194078],[139.133579134941,34.2040694213854],[139.133415520191,34.2033240620038],[139.133332371712,34.2030268055838],[139.133128523827,34.2022592628872],[139.133136570454,34.202177184622],[139.133166074753,34.2021039796827],[139.13325458765,34.202015246423],[139.133332371712,34.2019753164561],[139.133498668671,34.2018932381909],[139.133694469929,34.2018111599256],[139.134032428265,34.2017357366549],[139.134174585342,34.2017401733179],[139.135199189186,34.2017756666217],[139.135631024837,34.2017911949422],[139.136258661747,34.201709116677],[139.136368632317,34.2017113350084],[139.136459827423,34.2017690116273],[139.136559069157,34.2018976748539],[139.136866766228,34.2022137893012],[139.137245714664,34.2026031042686],[139.137342274189,34.2026696542134],[139.137495160103,34.2026962741913],[139.137626588345,34.2026851825338],[139.137736558914,34.202645252567],[139.137870669365,34.2025897942797],[139.137959182262,34.2025653926332],[139.138045012951,34.2025698292962],[139.138227403164,34.2026075409316],[139.138323962688,34.2026297242465],[139.138433933258,34.2026186325891],[139.138527810574,34.2025764842907],[139.138605594635,34.2025077160144],[139.13864582777,34.2024456027326],[139.138653874397,34.2023923627768],[139.13870215416,34.2021239446661],[139.13878262043,34.2019730981246],[139.138908684254,34.2018732732074],[139.139123260975,34.2017601383013],[139.139302968979,34.2016758417046],[139.139466583729,34.2016270384117],[139.140357077122,34.2015316501575],[139.140646755695,34.2014517902238],[139.140839874744,34.2013830219475],[139.140955209732,34.2013918952735],[139.14104372263,34.2014251702459],[139.141118824482,34.2014850651962],[139.14115101099,34.2015627067984],[139.141148328781,34.2016625317156],[139.141086637974,34.2017601383013],[139.140874743462,34.2019841897821],[139.140767455101,34.2020751413733],[139.140099585056,34.2023590878044],[139.140040576458,34.2023967994398],[139.140011072159,34.2024367294066],[139.139997661114,34.2025010610199],[139.140024483204,34.2025787026222],[139.140064716339,34.2026186325891],[139.140139818192,34.202640815904],[139.140220284462,34.2026341609095],[139.140649437904,34.2025232443349],[139.140705764294,34.2025188076719],[139.140754044056,34.2025254626664],[139.1407969594,34.2025520826443],[139.140845239162,34.2025942309426],[139.140885472298,34.2026474708985],[139.140898883343,34.2027428591527],[139.140829145908,34.2029447273185],[139.140829145908,34.2030401155727],[139.140855967999,34.2030889188656],[139.141032993793,34.2031976171087],[139.141094684601,34.2032508570646],[139.141108095646,34.2033107520149],[139.141092002392,34.2033706469652],[139.141054451466,34.2034305419155],[139.140872061253,34.2035658601365],[139.140357077122,34.2038608982251],[139.140284657478,34.2039451948218],[139.140319526196,34.2039962164462],[139.140386581421,34.2040361464131],[139.140464365482,34.2040361464131],[139.140601158142,34.2039185748439],[139.140711128712,34.2038498065676],[139.14123415947,34.203576951794],[139.141346812248,34.2035148385122],[139.141432642937,34.203415013595],[139.141515791416,34.2031621238048],[139.141564071178,34.2030778272081],[139.141620397568,34.2030378972412],[139.141665995121,34.2030157139263],[139.141845703125,34.2029336356611],[139.142816662788,34.2025387726553],[139.143269956112,34.202321376169],[139.143615961075,34.2021394729866],[139.143779575825,34.2020307747434],[139.14392977953,34.2018843648649],[139.144088029861,34.2016935883565],[139.144165813923,34.201551615141],[139.144329428673,34.2012920703563],[139.144409894943,34.201232175406],[139.144852459431,34.2010103422567],[139.144932925701,34.2009327006544],[139.145010709763,34.200755234135],[139.145017867063,34.2007239454926],[139.145048260689,34.2005910776045],[139.145187735558,34.200107481339],[139.145233333111,34.2000010014274],[139.145254790783,34.199954416466],[139.14534330368,34.1998301899024],[139.145348668098,34.1996904350184],[139.145442545414,34.1992556420458],[139.145485460758,34.1990959221783],[139.145485460758,34.1989606039572],[139.145391583443,34.1988053207527],[139.145085811615,34.198545775968],[139.144986569881,34.1983594361226],[139.144967794418,34.1981730962772],[139.144959747791,34.1980688234598],[139.144959747791,34.1980532934658],[139.144876599312,34.1979556763601],[139.144774675369,34.1979024306662],[139.14439111948,34.1979024306662],[139.144270420074,34.197871370678],[139.144085347652,34.1977205078784],[139.143843948841,34.1974831208261],[139.143637418747,34.1972590451973],[139.14360255003,34.1971303681036],[139.143591821194,34.1970194395744],[139.143648147583,34.1967887082339],[139.14370983839,34.1966644682813],[139.143717885017,34.1966267525814],[139.143731296062,34.1965601954639],[139.143725931644,34.1964492669348],[139.14365619421,34.1961431041945],[139.143503308296,34.1955906801195],[139.143495261669,34.1952778616674],[139.143471121788,34.1951957745559],[139.143184125423,34.1949472946506],[139.143149256706,34.1948585518274],[139.143149256706,34.194727656163],[139.143444299698,34.1941463906705],[139.143508672714,34.1940554292766],[139.143693745136,34.1939156593299],[139.143763482571,34.1938313536478],[139.14379298687,34.1936915837011],[139.143814444542,34.1931879681789],[139.143843948841,34.1930570725146],[139.143913686275,34.1928707125857],[139.144074618816,34.1925978284041],[139.144109487534,34.1925201784337],[139.144114851952,34.1924092499046],[139.144093394279,34.1922916656637],[139.144058525562,34.1921607699994],[139.144020974636,34.1920609343232],[139.143953919411,34.1919899400645],[139.143878817558,34.1919455686529],[139.143731296062,34.191907852953],[139.143468439579,34.1918723558237],[139.143143892288,34.1917725201475],[139.14297491312,34.1917503344417],[139.142848849297,34.1917725201475],[139.142655730247,34.1918590444002],[139.142250716686,34.1921119614466],[139.141952991486,34.1922894470931],[139.141845703125,34.1923205070813],[139.141757190228,34.1923426927871],[139.141665995121,34.1923360370754],[139.141585528851,34.1923315999342],[139.141432642937,34.1922894470931],[139.141293168068,34.192178518564],[139.141199290752,34.1919855029234],[139.141086637974,34.1916682473301],[139.14104372263,34.1915417888069],[139.140982031822,34.1914153302837],[139.14088010788,34.1912777789076],[139.140719175339,34.1911180418257],[139.140571653843,34.1910204247201],[139.140477776527,34.1909693975967],[139.140351712704,34.1909183704733],[139.140134453773,34.1908584690676],[139.139994978905,34.1908407205029],[139.139842092991,34.19082962765],[139.139648973942,34.1908362833618],[139.139278829098,34.1909117147616],[139.139144718647,34.1909006219087],[139.139048159122,34.1908540319264],[139.138975739479,34.1907985676619],[139.138927459717,34.1907120434092],[139.138927459717,34.1905988963095],[139.138956964016,34.1905301206214],[139.139077663422,34.1904036620982],[139.13957118988,34.1899510736995],[139.139619469643,34.1898445823115],[139.139619469643,34.1897380909236],[139.139576554298,34.1896382552474],[139.139504134655,34.1895739167005],[139.139418303967,34.1895362010006],[139.138627052307,34.1894940481595],[139.138187170029,34.1894674253125],[139.13717597723,34.1893365296482],[139.137009680271,34.189332092507],[139.136867523193,34.1893653710658],[139.136744141579,34.1894141796186],[139.136618077755,34.1894829553066],[139.136475920677,34.1896205066827],[139.136025309563,34.1901352150578],[139.135883152485,34.190261673581],[139.135703444481,34.1903637278278],[139.135577380657,34.19041031781],[139.134925603867,34.1905633991802],[139.134837090969,34.1903082635632],[139.13443166945,34.1903975664885],[139.13434356451,34.1904169735217],[139.13431674242,34.1904280663746],[139.134303331375,34.1904857492098],[139.134367704391,34.1906965134151],[139.134925603867,34.1905633991802],[139.135577380657,34.19041031781],[139.135703444481,34.1903637278278],[139.135883152485,34.190261673581],[139.136025309563,34.1901352150578],[139.136475920677,34.1896205066827],[139.136618077755,34.1894829553066],[139.136744141579,34.1894141796186],[139.136867523193,34.1893653710658],[139.137009680271,34.189332092507],[139.13717597723,34.1893365296482],[139.138187170029,34.1894674253125],[139.138627052307,34.1894940481595],[139.139418303967,34.1895362010006],[139.139504134655,34.1895739167005],[139.139576554298,34.1896382552474],[139.139619469643,34.1897380909236],[139.139619469643,34.1898445823115],[139.13957118988,34.1899510736995],[139.139077663422,34.1904036620982],[139.138956964016,34.1905301206214],[139.138927459717,34.1905988963095],[139.138927459717,34.1907120434092],[139.138975739479,34.1907985676619],[139.139048159122,34.1908540319264],[139.139144718647,34.1909006219087],[139.139278829098,34.1909117147616],[139.139648973942,34.1908362833618],[139.139842092991,34.19082962765],[139.139994978905,34.1908407205029],[139.140134453773,34.1908584690676],[139.140351712704,34.1909183704733],[139.140477776527,34.1909693975967],[139.140571653843,34.1910204247201],[139.140719175339,34.1911180418257],[139.14088010788,34.1912777789076],[139.140982031822,34.1914153302837],[139.14104372263,34.1915417888069],[139.141086637974,34.1916682473301],[139.141199290752,34.1919855029234],[139.141293168068,34.192178518564],[139.141432642937,34.1922894470931],[139.141585528851,34.1923315999342],[139.141665995121,34.1923360370754],[139.141757190228,34.1923426927871],[139.141845703125,34.1923205070813],[139.141952991486,34.1922894470931],[139.142250716686,34.1921119614466],[139.142655730247,34.1918590444002],[139.142848849297,34.1917725201475],[139.14297491312,34.1917503344417],[139.143143892288,34.1917725201475],[139.143468439579,34.1918723558237],[139.143731296062,34.191907852953],[139.143878817558,34.1919455686529],[139.143953919411,34.1919899400645],[139.144020974636,34.1920609343232],[139.144058525562,34.1921607699994],[139.144093394279,34.1922916656637],[139.144114851952,34.1924092499046],[139.144109487534,34.1925201784337],[139.144074618816,34.1925978284041],[139.143913686275,34.1928707125857],[139.143843948841,34.1930570725146],[139.143814444542,34.1931879681789],[139.14379298687,34.1936915837011],[139.143763482571,34.1938313536478],[139.143693745136,34.1939156593299],[139.143508672714,34.1940554292766],[139.143444299698,34.1941463906705],[139.143149256706,34.194727656163],[139.143149256706,34.1948585518274],[139.143184125423,34.1949472946506],[139.143471121788,34.1951957745559],[139.143495261669,34.1952778616674],[139.143503308296,34.1955906801195],[139.14365619421,34.1961431041945],[139.143725931644,34.1964492669348],[139.143731296062,34.1965601954639],[139.143717885017,34.1966267525814],[139.14370983839,34.1966644682813],[139.143648147583,34.1967887082339],[139.143591821194,34.1970194395744],[139.14360255003,34.1971303681036],[139.143637418747,34.1972590451973],[139.143843948841,34.1974831208261],[139.144085347652,34.1977205078784],[139.144270420074,34.197871370678],[139.14439111948,34.1979024306662],[139.144774675369,34.1979024306662],[139.144876599312,34.1979556763601],[139.144959747791,34.1980532934658],[139.144959747791,34.1980688234598],[139.144967794418,34.1981730962772],[139.144986569881,34.1983594361226],[139.145085811615,34.198545775968],[139.145391583443,34.1988053207527],[139.145485460758,34.1989606039572],[139.145485460758,34.1990959221783],[139.145442545414,34.1992556420458],[139.145348668098,34.1996904350184],[139.14534330368,34.1998301899024],[139.145523011684,34.1997414566427],[139.145691990852,34.1996460683885],[139.146046042442,34.1994131435818],[139.146563708782,34.1990981405098],[139.1472235322,34.1987409891394],[139.14733082056,34.1986877491836],[139.14744079113,34.1986478192167],[139.147566854954,34.1986167625758],[139.148215949535,34.198559085957],[139.148384928703,34.1985324659791],[139.148486852646,34.1984814443547],[139.148728251457,34.1981730962772],[139.148752391338,34.1981442548596],[139.148867726326,34.1980666048893],[139.149667024612,34.1978491849722],[139.14989233017,34.1978136878429],[139.14999961853,34.1978114692723],[139.150576293468,34.1977981578488],[139.150796234608,34.1977582235783],[139.151128828526,34.1975851750729],[139.151667952538,34.1974320937027],[139.151761829853,34.1974343122733],[139.15182352066,34.1974365308439],[139.151981770992,34.1974609351203],[139.152330458164,34.1975696450788],[139.152432382107,34.1975829565023],[139.152520895004,34.1975696450788],[139.152773022652,34.1974409679851],[139.15283203125,34.1974054708557],[139.153027832508,34.1972812309031],[139.153084158897,34.1972191109268],[139.153231680393,34.1968818881983],[139.153293371201,34.1968330796455],[139.15340334177,34.196777615381],[139.153910279274,34.1965557583228],[139.154098033905,34.1964936383465],[139.154205322266,34.1965047311994],[139.154291152954,34.1965535397522],[139.154344797134,34.1966334082931],[139.154358208179,34.196750992534],[139.154352843761,34.1967753968104],[139.154331386089,34.1969218224688],[139.154240190983,34.1974343122733],[139.154218733311,34.1976251093434],[139.154116809368,34.1979312720837],[139.154055118561,34.1980244520482],[139.153934419155,34.1981730962772],[139.153848588467,34.1982817945204],[139.153416752815,34.1987542991284],[139.153258502483,34.1988585607085],[139.15283203125,34.1990338088965],[139.152665734291,34.1991092321672],[139.152512848377,34.1992245854049],[139.152410924435,34.1993665586204],[139.152335822582,34.1995063135045],[139.152193665504,34.2000010014274],[139.152164161205,34.2001318829855],[139.152185618877,34.2003093495049],[139.15226072073,34.2004357944],[139.152429699898,34.2006576275493],[139.152500016642,34.2007486539235]]},"properties":{"id":"F028:1:SHP0009","feed_id":"F028","feed_slug":"kozushima-village-bus","municipality":"神津島村","service_name":"村営バス","license":"CC BY 4.0","source_route_id":"1","route_short_name":null,"route_long_name":"内回りルート：空港・多幸湾キャンプ場・天上山方面","route_desc":null,"route_type":3,"route_url":null,"route_color":null,"route_text_color":"000000","directions":["1"],"geometry_source":"shapes.txt"}},{"type":"Feature","id":"F028:1:SHP0010","geometry":{"type":"LineString","coordinates":[[139.131441128767,34.2078647586229],[139.131725728512,34.2077761975954],[139.13328140974,34.2073325791206],[139.133332371712,34.2073237067511],[139.133386015892,34.2073126162893],[139.133404791355,34.2072593820723],[139.133455753326,34.2071151905253],[139.133552312851,34.2069177590224],[139.133600592613,34.2068423357516],[139.133742749691,34.2066249392653],[139.133852720261,34.2064385994199],[139.133901000023,34.205480280215],[139.133890271187,34.2051053821927],[139.133850038052,34.2048924223693],[139.13371860981,34.2044443194078],[139.133579134941,34.2040694213854],[139.133415520191,34.2033240620038],[139.133332371712,34.2030268055838],[139.133128523827,34.2022592628872],[139.133136570454,34.202177184622],[139.133166074753,34.2021039796827],[139.13325458765,34.202015246423],[139.133332371712,34.2019753164561],[139.133498668671,34.2018932381909],[139.133694469929,34.2018111599256],[139.134032428265,34.2017357366549],[139.134174585342,34.2017401733179],[139.135199189186,34.2017756666217],[139.135631024837,34.2017911949422],[139.136258661747,34.201709116677],[139.136368632317,34.2017113350084],[139.136459827423,34.2017690116273],[139.136559069157,34.2018976748539],[139.136866766228,34.2022137893012],[139.137245714664,34.2026031042686],[139.137342274189,34.2026696542134],[139.137495160103,34.2026962741913],[139.137626588345,34.2026851825338],[139.137736558914,34.202645252567],[139.137870669365,34.2025897942797],[139.137959182262,34.2025653926332],[139.138045012951,34.2025698292962],[139.138227403164,34.2026075409316],[139.138323962688,34.2026297242465],[139.138433933258,34.2026186325891],[139.138527810574,34.2025764842907],[139.138605594635,34.2025077160144],[139.13864582777,34.2024456027326],[139.138653874397,34.2023923627768],[139.13870215416,34.2021239446661],[139.13878262043,34.2019730981246],[139.138908684254,34.2018732732074],[139.139123260975,34.2017601383013],[139.139302968979,34.2016758417046],[139.139466583729,34.2016270384117],[139.140357077122,34.2015316501575],[139.140646755695,34.2014517902238],[139.140839874744,34.2013830219475],[139.140955209732,34.2013918952735],[139.14104372263,34.2014251702459],[139.141118824482,34.2014850651962],[139.14115101099,34.2015627067984],[139.141148328781,34.2016625317156],[139.141086637974,34.2017601383013],[139.140874743462,34.2019841897821],[139.140767455101,34.2020751413733],[139.140099585056,34.2023590878044],[139.140040576458,34.2023967994398],[139.140011072159,34.2024367294066],[139.139997661114,34.2025010610199],[139.140024483204,34.2025787026222],[139.140064716339,34.2026186325891],[139.140139818192,34.202640815904],[139.140220284462,34.2026341609095],[139.140649437904,34.2025232443349],[139.140705764294,34.2025188076719],[139.140754044056,34.2025254626664],[139.1407969594,34.2025520826443],[139.140845239162,34.2025942309426],[139.140885472298,34.2026474708985],[139.140898883343,34.2027428591527],[139.140829145908,34.2029447273185],[139.140829145908,34.2030401155727],[139.140855967999,34.2030889188656],[139.141032993793,34.2031976171087],[139.141094684601,34.2032508570646],[139.141108095646,34.2033107520149],[139.141092002392,34.2033706469652],[139.141054451466,34.2034305419155],[139.140872061253,34.2035658601365],[139.140357077122,34.2038608982251],[139.140284657478,34.2039451948218],[139.140319526196,34.2039962164462],[139.140386581421,34.2040361464131],[139.140464365482,34.2040361464131],[139.140601158142,34.2039185748439],[139.140711128712,34.2038498065676],[139.14123415947,34.203576951794],[139.141346812248,34.2035148385122],[139.141432642937,34.203415013595],[139.141515791416,34.2031621238048],[139.141564071178,34.2030778272081],[139.141620397568,34.2030378972412],[139.141665995121,34.2030157139263],[139.141845703125,34.2029336356611],[139.142816662788,34.2025387726553],[139.143269956112,34.202321376169],[139.143615961075,34.2021394729866],[139.143779575825,34.2020307747434],[139.14392977953,34.2018843648649],[139.144088029861,34.2016935883565],[139.144165813923,34.201551615141],[139.144329428673,34.2012920703563],[139.144409894943,34.201232175406],[139.144852459431,34.2010103422567],[139.144932925701,34.2009327006544],[139.145010709763,34.200755234135],[139.145017867063,34.2007239454926],[139.145048260689,34.2005910776045],[139.145187735558,34.200107481339],[139.145233333111,34.2000010014274],[139.145254790783,34.199954416466],[139.14534330368,34.1998301899024],[139.145523011684,34.1997414566427],[139.145691990852,34.1996460683885],[139.146046042442,34.1994131435818],[139.146563708782,34.1990981405098],[139.1472235322,34.1987409891394],[139.14733082056,34.1986877491836],[139.14744079113,34.1986478192167],[139.147566854954,34.1986167625758],[139.148215949535,34.198559085957],[139.148384928703,34.1985324659791],[139.148486852646,34.1984814443547],[139.148728251457,34.1981730962772],[139.148752391338,34.1981442548596],[139.148867726326,34.1980666048893],[139.149667024612,34.1978491849722],[139.14989233017,34.1978136878429],[139.14999961853,34.1978114692723],[139.150576293468,34.1977981578488],[139.150796234608,34.1977582235783],[139.151128828526,34.1975851750729],[139.151667952538,34.1974320937027],[139.151761829853,34.1974343122733],[139.15182352066,34.1974365308439],[139.151981770992,34.1974609351203],[139.152330458164,34.1975696450788],[139.152432382107,34.1975829565023],[139.152520895004,34.1975696450788],[139.152773022652,34.1974409679851],[139.15283203125,34.1974054708557],[139.153027832508,34.1972812309031],[139.153084158897,34.1972191109268],[139.153231680393,34.1968818881983],[139.153293371201,34.1968330796455],[139.15340334177,34.196777615381],[139.153910279274,34.1965557583228],[139.154098033905,34.1964936383465],[139.154205322266,34.1965047311994],[139.154291152954,34.1965535397522],[139.154344797134,34.1966334082931],[139.154358208179,34.196750992534],[139.154352843761,34.1967753968104],[139.154331386089,34.1969218224688],[139.154240190983,34.1974343122733],[139.154218733311,34.1976251093434],[139.154116809368,34.1979312720837],[139.154055118561,34.1980244520482],[139.153934419155,34.1981730962772],[139.153848588467,34.1982817945204],[139.153416752815,34.1987542991284],[139.153258502483,34.1988585607085],[139.15283203125,34.1990338088965],[139.152665734291,34.1991092321672],[139.152512848377,34.1992245854049],[139.152410924435,34.1993665586204],[139.152335822582,34.1995063135045],[139.152193665504,34.2000010014274],[139.152164161205,34.2001318829855],[139.152185618877,34.2003093495049],[139.15226072073,34.2004357944],[139.152429699898,34.2006576275493],[139.152500016642,34.2007486539235]]},"properties":{"id":"F028:1:SHP0010","feed_id":"F028","feed_slug":"kozushima-village-bus","municipality":"神津島村","service_name":"村営バス","license":"CC BY 4.0","source_route_id":"1","route_short_name":null,"route_long_name":"内回りルート：空港・多幸湾キャンプ場・天上山方面","route_desc":null,"route_type":3,"route_url":null,"route_color":null,"route_text_color":"000000","directions":["1"],"geometry_source":"shapes.txt"}},{"type":"Feature","id":"F028:1:SHP0011","geometry":{"type":"LineString","coordinates":[[139.153369559866,34.2019496661842],[139.153400659561,34.2019997181025],[139.153446257114,34.2020662680473],[139.153515994549,34.2021993679369],[139.153400659561,34.2022082412629],[139.153309464455,34.2021882762794],[139.153253138065,34.2021416913181],[139.153161942959,34.2019109848428],[139.15304929018,34.2017312999919],[139.152904450893,34.2015360868205],[139.15283203125,34.2014074235939],[139.152762293816,34.2012809786988],[139.152553081512,34.2008173474168],[139.152500016642,34.2007486539235],[139.152429699898,34.2006576275493],[139.152319729328,34.2007774174499],[139.152300953865,34.2008373124002],[139.152359962463,34.2009482289749],[139.152432382107,34.2010369622346],[139.152638912201,34.2016935883565],[139.152759611607,34.2021106346772],[139.152542352676,34.2023014111856],[139.152317047119,34.2024810960365],[139.152266085148,34.2025897942797],[139.152244627476,34.2028471207328],[139.152244627476,34.2029536006445],[139.152317047119,34.2030711722136],[139.152362644672,34.2031732154623],[139.152381420135,34.203270822048],[139.152378737926,34.2034438519044],[139.152346551418,34.20358582512],[139.152263402939,34.2037810382914],[139.152220487595,34.2038542432306],[139.152193665504,34.2038941731975],[139.152115881443,34.2039385398274],[139.152022004128,34.2039385398274],[139.151847660542,34.2039074831865],[139.151627719402,34.20388308154],[139.151571393013,34.2039074831865],[139.15149897337,34.2040006531092],[139.151466786861,34.2040428014075],[139.151399731636,34.2041648096396],[139.151346087456,34.2043067828552],[139.151305854321,34.2044465377393],[139.151120781898,34.2046572792311],[139.151072502136,34.2047504491538],[139.151059091091,34.2048436190765],[139.151080548763,34.2049190423472],[139.151136875153,34.2050255222589],[139.151316583157,34.205169713806],[139.151431918144,34.2052029887783],[139.151541888714,34.2052096437728],[139.151751101017,34.2052029887783],[139.152019321918,34.2052872853751],[139.152467250824,34.2054070752757],[139.152582585812,34.2054181669332],[139.152714014053,34.2054026386127],[139.15283203125,34.2053383069994],[139.152987599373,34.2052695387231],[139.153119027615,34.2052695387231],[139.153215587139,34.2052983770325],[139.153293371201,34.2053383069994],[139.153341650963,34.2054070752757],[139.15337651968,34.2054913718724],[139.153373837471,34.2056045067786],[139.153341650963,34.2056777117178],[139.153250455856,34.2057575716516],[139.153145849705,34.2057930649555],[139.152958095074,34.2058396499168],[139.152861535549,34.2059061998616],[139.15283203125,34.2059505664915],[139.152762293816,34.2060725747236],[139.152687191963,34.2061435613314],[139.152555763721,34.2062256395966],[139.152475297451,34.206258914569],[139.151992499828,34.2064519094089],[139.151458740234,34.2067802224698],[139.151276350021,34.2068600824036],[139.151185154915,34.206880047387],[139.15095448494,34.2069377240058],[139.150847196579,34.2069465973318],[139.15054410696,34.2069221956854],[139.150458276272,34.2069465973318],[139.150391221046,34.2069732173097],[139.150283932686,34.2070796972214],[139.150251746178,34.2071506838291],[139.150219559669,34.2072593820723],[139.150173962116,34.2074279570927],[139.150069355965,34.2075832235588],[139.150034487247,34.2076497663301],[139.14999961853,34.2077673252259],[139.149954020977,34.2079137193225],[139.149849414825,34.2080512410497],[139.149715304375,34.208142182837],[139.149334430695,34.2082486512709],[139.149251282215,34.2082819226565],[139.149181544781,34.2083351568735],[139.149119853973,34.2083773006286],[139.14896696806,34.2084238805684],[139.148824810982,34.2084394072151],[139.148722887039,34.2084704605083],[139.148460030556,34.2086212907897],[139.148395657539,34.2087366315931],[139.148376882076,34.2087965200872],[139.148331284523,34.2088896799669],[139.148261547089,34.2089473503686],[139.147974550724,34.2091092711119],[139.147711694241,34.2092734099475],[139.147556126118,34.2094175859518],[139.147102832794,34.2099787633223],[139.147030413151,34.2100941041258],[139.14697676897,34.2102072268368],[139.146813154221,34.2106242282031],[139.146807789803,34.2106907709743],[139.146756827831,34.2107950213158],[139.14673268795,34.2108815269184],[139.14670613332,34.2109327663204],[139.146684408188,34.2109746867981],[139.146574437618,34.2111388256337],[139.146440327168,34.2112430759753],[139.146333038807,34.2112896559151],[139.1462418437,34.2113162730236],[139.146105051041,34.2113428901321],[139.145791232586,34.2116090612169],[139.145662486553,34.2117354924822],[139.14550691843,34.2119329027035],[139.145421087742,34.2120393711374],[139.145112633705,34.2124408458571],[139.144753217697,34.2127092350343],[139.144707620144,34.2127358521427],[139.144613742828,34.2129443528259],[139.144503772259,34.2132260505573],[139.14447426796,34.2132815028666],[139.144447445869,34.213319210437],[139.144377708435,34.2133879713006],[139.14431065321,34.2134323331481],[139.144238233566,34.2134589502565],[139.144144356251,34.2134766949955],[139.142805933952,34.2135587644133],[139.142738878727,34.2135587644133],[139.142610132694,34.2135454558591],[139.142433106899,34.2135055301964],[139.142360687256,34.2134789130879],[139.142151474953,34.2133436094531],[139.142028093338,34.213188342987],[139.141845703125,34.2129576613801],[139.141770601273,34.2128667195928],[139.141665995121,34.2127802139902],[139.141598939896,34.2127425064199],[139.141494333744,34.2127003626648],[139.141384363174,34.2126759636487],[139.141218066216,34.2126715274639],[139.141108095646,34.2126826179258],[139.141046404839,34.2127003626648],[139.140904247761,34.2127580330665],[139.140756726265,34.2128689376852],[139.140585064888,34.2130929650149],[139.140520691872,34.21313510877],[139.140209555626,34.2127868682673],[139.140107631683,34.2126826179258],[139.140048623085,34.2126449103554],[139.139852821827,34.2126160751546],[139.139772355556,34.2125739313995],[139.139699935913,34.2125029524435],[139.139686524868,34.2124430639494],[139.139699935913,34.2123765211782],[139.139756262302,34.212309978407],[139.139962792397,34.2121658024027],[139.139978885651,34.2121059139086],[139.139973521233,34.2120371530451],[139.139823317528,34.2118863227636],[139.139732122421,34.2118109076229],[139.139691889286,34.211757673406],[139.13968116045,34.211704439189],[139.139689207077,34.2116356783254],[139.139758944511,34.2115669174619],[139.140048623085,34.2113983424415],[139.140147864819,34.2112719111762],[139.140147864819,34.2111743151117],[139.140129089355,34.2110279210151],[139.140056669712,34.2105865206327],[139.140027165413,34.2103136952708],[139.140013754368,34.2102316258529],[139.140024483204,34.2099987261537],[139.140011072159,34.2099077843664],[139.139992296696,34.2097813531011],[139.139831364155,34.20966823039],[139.139772355556,34.2096393951892],[139.139429032803,34.2094530754298],[139.139332473278,34.2092933727789],[139.13927346468,34.2092534471162],[139.139155447483,34.2092201757306],[139.138967692852,34.2091469786822],[139.138704836369,34.2090360740636],[139.138393700123,34.2090538188026],[139.138256907463,34.2089983664932],[139.137446880341,34.2085724927575],[139.137334227562,34.2084882052473],[139.137305157115,34.2084412175136],[139.137275218964,34.2083928272752],[139.137208163738,34.2083351568735],[139.13706600666,34.2082087256082],[139.13684874773,34.20795808117],[139.136626124382,34.2077651071335],[139.136483967304,34.2076919100852],[139.136231839657,34.2076054044826],[139.13603335619,34.2075521702656],[139.135177731514,34.2072593820723],[139.135145545006,34.2072482904148],[139.134866595268,34.2071506838291],[139.134539365768,34.2070796972214],[139.133960008621,34.2069221956854],[139.133796393871,34.2069044490334],[139.133552312851,34.2069177590224],[139.133455753326,34.2071151905253],[139.133404791355,34.2072593820723],[139.133386015892,34.2073126162893],[139.133332371712,34.2073237067511],[139.13328140974,34.2073325791206],[139.131725728512,34.2077761975954],[139.131441128767,34.2078647586229]]},"properties":{"id":"F028:1:SHP0011","feed_id":"F028","feed_slug":"kozushima-village-bus","municipality":"神津島村","service_name":"村営バス","license":"CC BY 4.0","source_route_id":"1","route_short_name":null,"route_long_name":"内回りルート：空港・多幸湾キャンプ場・天上山方面","route_desc":null,"route_type":3,"route_url":null,"route_color":null,"route_text_color":"000000","directions":["0"],"geometry_source":"shapes.txt"}},{"type":"Feature","id":"F028:1:SHP0012","geometry":{"type":"LineString","coordinates":[[139.152220487595,34.2038542432306],[139.152193665504,34.2038941731975],[139.152115881443,34.2039385398274],[139.152022004128,34.2039385398274],[139.151847660542,34.2039074831865],[139.151627719402,34.20388308154],[139.151571393013,34.2039074831865],[139.15149897337,34.2040006531092],[139.151466786861,34.2040428014075],[139.151399731636,34.2041648096396],[139.151346087456,34.2043067828552],[139.151305854321,34.2044465377393],[139.151120781898,34.2046572792311],[139.151072502136,34.2047504491538],[139.151059091091,34.2048436190765],[139.151080548763,34.2049190423472],[139.151136875153,34.2050255222589],[139.151316583157,34.205169713806],[139.151431918144,34.2052029887783],[139.151541888714,34.2052096437728],[139.151751101017,34.2052029887783],[139.152019321918,34.2052872853751],[139.152467250824,34.2054070752757],[139.152582585812,34.2054181669332],[139.152714014053,34.2054026386127],[139.15283203125,34.2053383069994],[139.152987599373,34.2052695387231],[139.153119027615,34.2052695387231],[139.153215587139,34.2052983770325],[139.153293371201,34.2053383069994],[139.153341650963,34.2054070752757],[139.15337651968,34.2054913718724],[139.153373837471,34.2056045067786],[139.153341650963,34.2056777117178],[139.153250455856,34.2057575716516],[139.153145849705,34.2057930649555],[139.152958095074,34.2058396499168],[139.152861535549,34.2059061998616],[139.15283203125,34.2059505664915],[139.152762293816,34.2060725747236],[139.152687191963,34.2061435613314],[139.152555763721,34.2062256395966],[139.152475297451,34.206258914569],[139.151992499828,34.2064519094089],[139.151458740234,34.2067802224698],[139.151276350021,34.2068600824036],[139.151185154915,34.206880047387],[139.15095448494,34.2069377240058],[139.150847196579,34.2069465973318],[139.15054410696,34.2069221956854],[139.150458276272,34.2069465973318],[139.150391221046,34.2069732173097],[139.150283932686,34.2070796972214],[139.150251746178,34.2071506838291],[139.150219559669,34.2072593820723],[139.150173962116,34.2074279570927],[139.150069355965,34.2075832235588],[139.150034487247,34.2076497663301],[139.14999961853,34.2077673252259],[139.149954020977,34.2079137193225],[139.149849414825,34.2080512410497],[139.149715304375,34.208142182837],[139.149334430695,34.2082486512709],[139.149251282215,34.2082819226565],[139.149181544781,34.2083351568735],[139.149119853973,34.2083773006286],[139.14896696806,34.2084238805684],[139.148824810982,34.2084394072151],[139.148722887039,34.2084704605083],[139.148460030556,34.2086212907897],[139.148395657539,34.2087366315931],[139.148376882076,34.2087965200872],[139.148331284523,34.2088896799669],[139.148261547089,34.2089473503686],[139.147974550724,34.2091092711119],[139.147711694241,34.2092734099475],[139.147556126118,34.2094175859518],[139.147102832794,34.2099787633223],[139.147030413151,34.2100941041258],[139.14697676897,34.2102072268368],[139.146813154221,34.2106242282031],[139.146807789803,34.2106907709743],[139.146756827831,34.2107950213158],[139.14673268795,34.2108815269184],[139.14670613332,34.2109327663204],[139.146684408188,34.2109746867981],[139.146574437618,34.2111388256337],[139.146440327168,34.2112430759753],[139.146333038807,34.2112896559151],[139.1462418437,34.2113162730236],[139.146105051041,34.2113428901321],[139.145791232586,34.2116090612169],[139.145662486553,34.2117354924822],[139.14550691843,34.2119329027035],[139.145421087742,34.2120393711374],[139.145112633705,34.2124408458571],[139.144753217697,34.2127092350343],[139.144707620144,34.2127358521427],[139.144613742828,34.2129443528259],[139.144503772259,34.2132260505573],[139.14447426796,34.2132815028666],[139.144447445869,34.213319210437],[139.144377708435,34.2133879713006],[139.14431065321,34.2134323331481],[139.144238233566,34.2134589502565],[139.144144356251,34.2134766949955],[139.142805933952,34.2135587644133],[139.142738878727,34.2135587644133],[139.142610132694,34.2135454558591],[139.142433106899,34.2135055301964],[139.142360687256,34.2134789130879],[139.142151474953,34.2133436094531],[139.142028093338,34.213188342987],[139.141845703125,34.2129576613801],[139.141770601273,34.2128667195928],[139.141665995121,34.2127802139902],[139.141598939896,34.2127425064199],[139.141494333744,34.2127003626648],[139.141384363174,34.2126759636487],[139.141218066216,34.2126715274639],[139.141108095646,34.2126826179258],[139.141046404839,34.2127003626648],[139.140904247761,34.2127580330665],[139.140756726265,34.2128689376852],[139.140585064888,34.2130929650149],[139.140520691872,34.21313510877],[139.140209555626,34.2127868682673],[139.140107631683,34.2126826179258],[139.140048623085,34.2126449103554],[139.139852821827,34.2126160751546],[139.139772355556,34.2125739313995],[139.139699935913,34.2125029524435],[139.139686524868,34.2124430639494],[139.139699935913,34.2123765211782],[139.139756262302,34.212309978407],[139.139962792397,34.2121658024027],[139.139978885651,34.2121059139086],[139.139973521233,34.2120371530451],[139.139823317528,34.2118863227636],[139.139732122421,34.2118109076229],[139.139691889286,34.211757673406],[139.13968116045,34.211704439189],[139.139689207077,34.2116356783254],[139.139758944511,34.2115669174619],[139.140048623085,34.2113983424415],[139.140147864819,34.2112719111762],[139.140147864819,34.2111743151117],[139.140129089355,34.2110279210151],[139.140056669712,34.2105865206327],[139.140027165413,34.2103136952708],[139.140013754368,34.2102316258529],[139.140024483204,34.2099987261537],[139.140011072159,34.2099077843664],[139.139992296696,34.2097813531011],[139.139831364155,34.20966823039],[139.139772355556,34.2096393951892],[139.139429032803,34.2094530754298],[139.139332473278,34.2092933727789],[139.13927346468,34.2092534471162],[139.139155447483,34.2092201757306],[139.138967692852,34.2091469786822],[139.138704836369,34.2090360740636],[139.138393700123,34.2090538188026],[139.138256907463,34.2089983664932],[139.137446880341,34.2085724927575],[139.137334227562,34.2084882052473],[139.137305157115,34.2084412175136],[139.137275218964,34.2083928272752],[139.137208163738,34.2083351568735],[139.13706600666,34.2082087256082],[139.13684874773,34.20795808117],[139.136626124382,34.2077651071335],[139.136483967304,34.2076919100852],[139.136231839657,34.2076054044826],[139.13603335619,34.2075521702656],[139.135177731514,34.2072593820723],[139.135145545006,34.2072482904148],[139.134866595268,34.2071506838291],[139.134539365768,34.2070796972214],[139.133960008621,34.2069221956854],[139.133796393871,34.2069044490334],[139.133552312851,34.2069177590224],[139.133455753326,34.2071151905253],[139.133404791355,34.2072593820723],[139.133386015892,34.2073126162893],[139.133332371712,34.2073237067511],[139.13328140974,34.2073325791206],[139.131725728512,34.2077761975954],[139.131441128767,34.2078647586229]]},"properties":{"id":"F028:1:SHP0012","feed_id":"F028","feed_slug":"kozushima-village-bus","municipality":"神津島村","service_name":"村営バス","license":"CC BY 4.0","source_route_id":"1","route_short_name":null,"route_long_name":"内回りルート：空港・多幸湾キャンプ場・天上山方面","route_desc":null,"route_type":3,"route_url":null,"route_color":null,"route_text_color":"000000","directions":["0"],"geometry_source":"shapes.txt"}},{"type":"Feature","id":"F028:1:SHP0013","geometry":{"type":"LineString","coordinates":[[139.153369559866,34.2019496661842],[139.153400659561,34.2019997181025],[139.153446257114,34.2020662680473],[139.153515994549,34.2021993679369],[139.153400659561,34.2022082412629],[139.153309464455,34.2021882762794],[139.153253138065,34.2021416913181],[139.153161942959,34.2019109848428],[139.15304929018,34.2017312999919],[139.152904450893,34.2015360868205],[139.15283203125,34.2014074235939],[139.152762293816,34.2012809786988],[139.152553081512,34.2008173474168],[139.152500016642,34.2007486539235],[139.152429699898,34.2006576275493],[139.152319729328,34.2007774174499],[139.152300953865,34.2008373124002],[139.152359962463,34.2009482289749],[139.152432382107,34.2010369622346],[139.152638912201,34.2016935883565],[139.152759611607,34.2021106346772],[139.152542352676,34.2023014111856],[139.152317047119,34.2024810960365],[139.152266085148,34.2025897942797],[139.152244627476,34.2028471207328],[139.152244627476,34.2029536006445],[139.152317047119,34.2030711722136],[139.152362644672,34.2031732154623],[139.152381420135,34.203270822048],[139.152378737926,34.2034438519044],[139.152346551418,34.20358582512],[139.152263402939,34.2037810382914],[139.152220487595,34.2038542432306],[139.152193665504,34.2038941731975],[139.152115881443,34.2039385398274],[139.152022004128,34.2039385398274],[139.151847660542,34.2039074831865],[139.151627719402,34.20388308154],[139.151571393013,34.2039074831865],[139.15149897337,34.2040006531092],[139.151466786861,34.2040428014075],[139.151399731636,34.2041648096396],[139.151346087456,34.2043067828552],[139.151305854321,34.2044465377393],[139.151120781898,34.2046572792311],[139.151072502136,34.2047504491538],[139.151059091091,34.2048436190765],[139.151080548763,34.2049190423472],[139.151136875153,34.2050255222589],[139.151316583157,34.205169713806],[139.151431918144,34.2052029887783],[139.151541888714,34.2052096437728],[139.151751101017,34.2052029887783],[139.152019321918,34.2052872853751],[139.152467250824,34.2054070752757],[139.152582585812,34.2054181669332],[139.152714014053,34.2054026386127],[139.15283203125,34.2053383069994],[139.152987599373,34.2052695387231],[139.153119027615,34.2052695387231],[139.153215587139,34.2052983770325],[139.153293371201,34.2053383069994],[139.153341650963,34.2054070752757],[139.15337651968,34.2054913718724],[139.153373837471,34.2056045067786],[139.153341650963,34.2056777117178],[139.153250455856,34.2057575716516],[139.153145849705,34.2057930649555],[139.152958095074,34.2058396499168],[139.152861535549,34.2059061998616],[139.15283203125,34.2059505664915],[139.152762293816,34.2060725747236],[139.152687191963,34.2061435613314],[139.152555763721,34.2062256395966],[139.152475297451,34.206258914569],[139.151992499828,34.2064519094089],[139.151458740234,34.2067802224698],[139.151276350021,34.2068600824036],[139.151185154915,34.206880047387],[139.15095448494,34.2069377240058],[139.150847196579,34.2069465973318],[139.15054410696,34.2069221956854],[139.150458276272,34.2069465973318],[139.150391221046,34.2069732173097],[139.150283932686,34.2070796972214],[139.150251746178,34.2071506838291],[139.150219559669,34.2072593820723],[139.150173962116,34.2074279570927],[139.150069355965,34.2075832235588],[139.150034487247,34.2076497663301],[139.14999961853,34.2077673252259],[139.149954020977,34.2079137193225],[139.149849414825,34.2080512410497],[139.149715304375,34.208142182837],[139.149334430695,34.2082486512709],[139.149251282215,34.2082819226565],[139.149181544781,34.2083351568735],[139.149119853973,34.2083773006286],[139.14896696806,34.2084238805684],[139.148824810982,34.2084394072151],[139.148722887039,34.2084704605083],[139.148460030556,34.2086212907897],[139.148395657539,34.2087366315931],[139.148376882076,34.2087965200872],[139.148331284523,34.2088896799669],[139.148261547089,34.2089473503686],[139.147974550724,34.2091092711119],[139.147711694241,34.2092734099475],[139.147556126118,34.2094175859518],[139.147102832794,34.2099787633223],[139.147030413151,34.2100941041258],[139.14697676897,34.2102072268368],[139.146813154221,34.2106242282031],[139.146807789803,34.2106907709743],[139.146756827831,34.2107950213158],[139.14673268795,34.2108815269184],[139.14670613332,34.2109327663204],[139.146684408188,34.2109746867981],[139.146574437618,34.2111388256337],[139.146440327168,34.2112430759753],[139.146333038807,34.2112896559151],[139.1462418437,34.2113162730236],[139.146105051041,34.2113428901321],[139.145791232586,34.2116090612169],[139.145662486553,34.2117354924822],[139.14550691843,34.2119329027035],[139.145421087742,34.2120393711374],[139.145112633705,34.2124408458571],[139.144753217697,34.2127092350343],[139.144707620144,34.2127358521427],[139.144613742828,34.2129443528259],[139.144503772259,34.2132260505573],[139.14447426796,34.2132815028666],[139.144447445869,34.213319210437],[139.144377708435,34.2133879713006],[139.14431065321,34.2134323331481],[139.144238233566,34.2134589502565],[139.144144356251,34.2134766949955],[139.142805933952,34.2135587644133],[139.142738878727,34.2135587644133],[139.142610132694,34.2135454558591],[139.142433106899,34.2135055301964],[139.142360687256,34.2134789130879],[139.142151474953,34.2133436094531],[139.142028093338,34.213188342987],[139.141845703125,34.2129576613801],[139.141770601273,34.2128667195928],[139.141665995121,34.2127802139902],[139.141598939896,34.2127425064199],[139.141494333744,34.2127003626648],[139.141384363174,34.2126759636487],[139.141218066216,34.2126715274639],[139.141108095646,34.2126826179258],[139.141046404839,34.2127003626648],[139.140904247761,34.2127580330665],[139.140756726265,34.2128689376852],[139.140585064888,34.2130929650149],[139.140520691872,34.21313510877],[139.140209555626,34.2127868682673],[139.140107631683,34.2126826179258],[139.140048623085,34.2126449103554],[139.139852821827,34.2126160751546],[139.139772355556,34.2125739313995],[139.139699935913,34.2125029524435],[139.139686524868,34.2124430639494],[139.139699935913,34.2123765211782],[139.139756262302,34.212309978407],[139.139962792397,34.2121658024027],[139.139978885651,34.2121059139086],[139.139973521233,34.2120371530451],[139.139823317528,34.2118863227636],[139.139732122421,34.2118109076229],[139.139691889286,34.211757673406],[139.13968116045,34.211704439189],[139.139689207077,34.2116356783254],[139.139758944511,34.2115669174619],[139.140048623085,34.2113983424415],[139.140147864819,34.2112719111762],[139.140147864819,34.2111743151117],[139.140129089355,34.2110279210151],[139.140056669712,34.2105865206327],[139.140027165413,34.2103136952708],[139.140013754368,34.2102316258529],[139.140024483204,34.2099987261537],[139.140011072159,34.2099077843664],[139.139992296696,34.2097813531011],[139.139831364155,34.20966823039],[139.139772355556,34.2096393951892],[139.139429032803,34.2094530754298],[139.139332473278,34.2092933727789],[139.13927346468,34.2092534471162],[139.139155447483,34.2092201757306],[139.138967692852,34.2091469786822],[139.138704836369,34.2090360740636],[139.138393700123,34.2090538188026],[139.138256907463,34.2089983664932],[139.137446880341,34.2085724927575],[139.137334227562,34.2084882052473],[139.137305157115,34.2084412175136],[139.137275218964,34.2083928272752],[139.137208163738,34.2083351568735],[139.13706600666,34.2082087256082],[139.13684874773,34.20795808117],[139.136626124382,34.2077651071335],[139.136483967304,34.2076919100852],[139.136231839657,34.2076054044826],[139.13603335619,34.2075521702656],[139.135177731514,34.2072593820723],[139.135145545006,34.2072482904148],[139.134866595268,34.2071506838291],[139.134539365768,34.2070796972214],[139.133960008621,34.2069221956854],[139.133796393871,34.2069044490334],[139.133552312851,34.2069177590224],[139.133455753326,34.2071151905253],[139.133404791355,34.2072593820723],[139.133386015892,34.2073126162893],[139.133332371712,34.2073237067511],[139.13328140974,34.2073325791206],[139.131725728512,34.2077761975954],[139.131441128767,34.2078647586229]]},"properties":{"id":"F028:1:SHP0013","feed_id":"F028","feed_slug":"kozushima-village-bus","municipality":"神津島村","service_name":"村営バス","license":"CC BY 4.0","source_route_id":"1","route_short_name":null,"route_long_name":"内回りルート：空港・多幸湾キャンプ場・天上山方面","route_desc":null,"route_type":3,"route_url":null,"route_color":null,"route_text_color":"000000","directions":["0"],"geometry_source":"shapes.txt"}},{"type":"Feature","id":"F028:1:SHP0028","geometry":{"type":"LineString","coordinates":[[139.131441128767,34.2078647586229],[139.131725728512,34.2077761975954],[139.13328140974,34.2073325791206],[139.133332371712,34.2073237067511],[139.133386015892,34.2073126162893],[139.133404791355,34.2072593820723],[139.133455753326,34.2071151905253],[139.133552312851,34.2069177590224],[139.133600592613,34.2068423357516],[139.133742749691,34.2066249392653],[139.133852720261,34.2064385994199],[139.133901000023,34.205480280215],[139.133890271187,34.2051053821927],[139.133850038052,34.2048924223693],[139.13371860981,34.2044443194078],[139.133579134941,34.2040694213854],[139.133415520191,34.2033240620038],[139.133332371712,34.2030268055838],[139.133128523827,34.2022592628872],[139.133136570454,34.202177184622],[139.133166074753,34.2021039796827],[139.13325458765,34.202015246423],[139.133332371712,34.2019753164561],[139.133498668671,34.2018932381909],[139.133694469929,34.2018111599256],[139.134032428265,34.2017357366549],[139.134174585342,34.2017401733179],[139.135199189186,34.2017756666217],[139.135631024837,34.2017911949422],[139.136258661747,34.201709116677],[139.136368632317,34.2017113350084],[139.136459827423,34.2017690116273],[139.136559069157,34.2018976748539],[139.136866766228,34.2022137893012]]},"properties":{"id":"F028:1:SHP0028","feed_id":"F028","feed_slug":"kozushima-village-bus","municipality":"神津島村","service_name":"村営バス","license":"CC BY 4.0","source_route_id":"1","route_short_name":null,"route_long_name":"内回りルート：空港・多幸湾キャンプ場・天上山方面","route_desc":null,"route_type":3,"route_url":null,"route_color":null,"route_text_color":"000000","directions":["1"],"geometry_source":"shapes.txt"}},{"type":"Feature","id":"F028:2:SHP0014","geometry":{"type":"LineString","coordinates":[[139.131441128767,34.2078647586229],[139.131725728512,34.2077761975954],[139.13328140974,34.2073325791206],[139.133332371712,34.2073237067511],[139.133386015892,34.2073126162893],[139.133404791355,34.2072593820723],[139.133455753326,34.2071151905253],[139.133552312851,34.2069177590224],[139.133796393871,34.2069044490334],[139.133960008621,34.2069221956854],[139.134539365768,34.2070796972214],[139.134866595268,34.2071506838291],[139.135145545006,34.2072482904148],[139.135177731514,34.2072593820723],[139.13603335619,34.2075521702656],[139.136231839657,34.2076054044826],[139.136483967304,34.2076919100852],[139.136626124382,34.2077651071335],[139.13684874773,34.20795808117],[139.13706600666,34.2082087256082],[139.137208163738,34.2083351568735],[139.137275218964,34.2083928272752],[139.137305157115,34.2084412175136],[139.137334227562,34.2084882052473],[139.137446880341,34.2085724927575],[139.138256907463,34.2089983664932],[139.138393700123,34.2090538188026],[139.138704836369,34.2090360740636],[139.138967692852,34.2091469786822],[139.139155447483,34.2092201757306],[139.13927346468,34.2092534471162],[139.139332473278,34.2092933727789],[139.139429032803,34.2094530754298],[139.139772355556,34.2096393951892],[139.139831364155,34.20966823039],[139.139992296696,34.2097813531011],[139.140011072159,34.2099077843664],[139.140024483204,34.2099987261537],[139.140013754368,34.2102316258529],[139.140027165413,34.2103136952708],[139.140056669712,34.2105865206327],[139.140129089355,34.2110279210151],[139.140147864819,34.2111743151117],[139.140147864819,34.2112719111762],[139.140048623085,34.2113983424415],[139.139758944511,34.2115669174619],[139.139689207077,34.2116356783254],[139.13968116045,34.211704439189],[139.139691889286,34.211757673406],[139.139732122421,34.2118109076229],[139.139823317528,34.2118863227636],[139.139973521233,34.2120371530451],[139.139978885651,34.2121059139086],[139.139962792397,34.2121658024027],[139.139756262302,34.212309978407],[139.139699935913,34.2123765211782],[139.139686524868,34.2124430639494],[139.139699935913,34.2125029524435],[139.139772355556,34.2125739313995],[139.139852821827,34.2126160751546],[139.140048623085,34.2126449103554],[139.140107631683,34.2126826179258],[139.140209555626,34.2127868682673],[139.140520691872,34.21313510877],[139.140585064888,34.2130929650149],[139.140756726265,34.2128689376852],[139.140904247761,34.2127580330665],[139.141046404839,34.2127003626648],[139.141108095646,34.2126826179258],[139.141218066216,34.2126715274639],[139.141384363174,34.2126759636487],[139.141494333744,34.2127003626648],[139.141598939896,34.2127425064199],[139.141665995121,34.2127802139902],[139.141770601273,34.2128667195928],[139.141845703125,34.2129576613801],[139.142028093338,34.213188342987],[139.142151474953,34.2133436094531],[139.142360687256,34.2134789130879],[139.142433106899,34.2135055301964],[139.142610132694,34.2135454558591],[139.142738878727,34.2135587644133],[139.142805933952,34.2135587644133],[139.144144356251,34.2134766949955],[139.144238233566,34.2134589502565],[139.14431065321,34.2134323331481],[139.144377708435,34.2133879713006],[139.144447445869,34.213319210437],[139.14447426796,34.2132815028666],[139.144503772259,34.2132260505573],[139.144613742828,34.2129443528259],[139.144707620144,34.2127358521427],[139.144753217697,34.2127092350343],[139.145112633705,34.2124408458571],[139.145421087742,34.2120393711374],[139.14550691843,34.2119329027035],[139.145662486553,34.2117354924822],[139.145791232586,34.2116090612169],[139.146105051041,34.2113428901321],[139.1462418437,34.2113162730236],[139.146333038807,34.2112896559151],[139.146440327168,34.2112430759753],[139.146574437618,34.2111388256337],[139.146684408188,34.2109746867981],[139.14670613332,34.2109327663204],[139.14673268795,34.2108815269184],[139.146756827831,34.2107950213158],[139.146807789803,34.2106907709743],[139.146813154221,34.2106242282031],[139.14697676897,34.2102072268368],[139.147030413151,34.2100941041258],[139.147102832794,34.2099787633223],[139.147556126118,34.2094175859518],[139.147711694241,34.2092734099475],[139.147974550724,34.2091092711119],[139.148261547089,34.2089473503686],[139.148331284523,34.2088896799669],[139.148376882076,34.2087965200872],[139.148395657539,34.2087366315931],[139.148460030556,34.2086212907897],[139.148722887039,34.2084704605083],[139.148824810982,34.2084394072151],[139.14896696806,34.2084238805684],[139.149119853973,34.2083773006286],[139.149181544781,34.2083351568735],[139.149251282215,34.2082819226565],[139.149334430695,34.2082486512709],[139.149715304375,34.208142182837],[139.149849414825,34.2080512410497],[139.149954020977,34.2079137193225],[139.14999961853,34.2077673252259],[139.150034487247,34.2076497663301],[139.150069355965,34.2075832235588],[139.150173962116,34.2074279570927],[139.150219559669,34.2072593820723],[139.150251746178,34.2071506838291],[139.150283932686,34.2070796972214],[139.150391221046,34.2069732173097],[139.150458276272,34.2069465973318],[139.15054410696,34.2069221956854],[139.150847196579,34.2069465973318],[139.15095448494,34.2069377240058],[139.151185154915,34.206880047387],[139.151276350021,34.2068600824036],[139.151458740234,34.2067802224698],[139.151992499828,34.2064519094089],[139.152475297451,34.206258914569],[139.152555763721,34.2062256395966],[139.152687191963,34.2061435613314],[139.152762293816,34.2060725747236],[139.15283203125,34.2059505664915],[139.152861535549,34.2059061998616],[139.152958095074,34.2058396499168],[139.153145849705,34.2057930649555],[139.153250455856,34.2057575716516],[139.153341650963,34.2056777117178],[139.153373837471,34.2056045067786],[139.15337651968,34.2054913718724],[139.153341650963,34.2054070752757],[139.153293371201,34.2053383069994],[139.153215587139,34.2052983770325],[139.153119027615,34.2052695387231],[139.152987599373,34.2052695387231],[139.15283203125,34.2053383069994],[139.152714014053,34.2054026386127],[139.152582585812,34.2054181669332],[139.152467250824,34.2054070752757],[139.152019321918,34.2052872853751],[139.151751101017,34.2052029887783],[139.151541888714,34.2052096437728],[139.151431918144,34.2052029887783],[139.151316583157,34.205169713806],[139.151136875153,34.2050255222589],[139.151080548763,34.2049190423472],[139.151059091091,34.2048436190765],[139.151072502136,34.2047504491538],[139.151120781898,34.2046572792311],[139.151305854321,34.2044465377393],[139.151346087456,34.2043067828552],[139.151399731636,34.2041648096396],[139.151466786861,34.2040428014075],[139.15149897337,34.2040006531092],[139.151571393013,34.2039074831865],[139.151627719402,34.20388308154],[139.151847660542,34.2039074831865],[139.152022004128,34.2039385398274],[139.152115881443,34.2039385398274],[139.152193665504,34.2038941731975],[139.152220487595,34.2038542432306],[139.152263402939,34.2037810382914],[139.152346551418,34.20358582512],[139.152378737926,34.2034438519044],[139.152381420135,34.203270822048],[139.152362644672,34.2031732154623],[139.152317047119,34.2030711722136],[139.152244627476,34.2029536006445],[139.152244627476,34.2028471207328],[139.152266085148,34.2025897942797],[139.152317047119,34.2024810960365],[139.152542352676,34.2023014111856],[139.152759611607,34.2021106346772],[139.152638912201,34.2016935883565],[139.152432382107,34.2010369622346],[139.152359962463,34.2009482289749],[139.152300953865,34.2008373124002],[139.152319729328,34.2007774174499],[139.152429699898,34.2006576275493],[139.152500016642,34.2007486539235],[139.152553081512,34.2008173474168],[139.152762293816,34.2012809786988],[139.15283203125,34.2014074235939],[139.152904450893,34.2015360868205],[139.15304929018,34.2017312999919],[139.153161942959,34.2019109848428],[139.153253138065,34.2021416913181],[139.153309464455,34.2021882762794],[139.153400659561,34.2022082412629],[139.153515994549,34.2021993679369],[139.153446257114,34.2020662680473],[139.153400659561,34.2019997181025],[139.153369559866,34.2019496661842]]},"properties":{"id":"F028:2:SHP0014","feed_id":"F028","feed_slug":"kozushima-village-bus","municipality":"神津島村","service_name":"村営バス","license":"CC BY 4.0","source_route_id":"2","route_short_name":null,"route_long_name":"外回りルート：天上山・多幸湾キャンプ場・空港方面","route_desc":null,"route_type":3,"route_url":null,"route_color":null,"route_text_color":"000000","directions":["1"],"geometry_source":"shapes.txt"}},{"type":"Feature","id":"F028:2:SHP0015","geometry":{"type":"LineString","coordinates":[[139.153369559866,34.2019496661842],[139.153400659561,34.2019997181025],[139.153446257114,34.2020662680473],[139.153515994549,34.2021993679369],[139.153400659561,34.2022082412629],[139.153309464455,34.2021882762794],[139.153253138065,34.2021416913181],[139.153161942959,34.2019109848428],[139.15304929018,34.2017312999919],[139.152904450893,34.2015360868205],[139.15283203125,34.2014074235939],[139.152762293816,34.2012809786988],[139.152553081512,34.2008173474168],[139.152500016642,34.2007486539235],[139.152429699898,34.2006576275493],[139.15226072073,34.2004357944],[139.152185618877,34.2003093495049],[139.152164161205,34.2001318829855],[139.152193665504,34.2000010014274],[139.152335822582,34.1995063135045],[139.152410924435,34.1993665586204],[139.152512848377,34.1992245854049],[139.152665734291,34.1991092321672],[139.15283203125,34.1990338088965],[139.153258502483,34.1988585607085],[139.153416752815,34.1987542991284],[139.153848588467,34.1982817945204],[139.153934419155,34.1981730962772],[139.154055118561,34.1980244520482],[139.154116809368,34.1979312720837],[139.154218733311,34.1976251093434],[139.154240190983,34.1974343122733],[139.154331386089,34.1969218224688],[139.154352843761,34.1967753968104],[139.154358208179,34.196750992534],[139.154344797134,34.1966334082931],[139.154291152954,34.1965535397522],[139.154205322266,34.1965047311994],[139.154098033905,34.1964936383465],[139.153910279274,34.1965557583228],[139.15340334177,34.196777615381],[139.153293371201,34.1968330796455],[139.153231680393,34.1968818881983],[139.153084158897,34.1972191109268],[139.153027832508,34.1972812309031],[139.15283203125,34.1974054708557],[139.152773022652,34.1974409679851],[139.152520895004,34.1975696450788],[139.152432382107,34.1975829565023],[139.152330458164,34.1975696450788],[139.151981770992,34.1974609351203],[139.15182352066,34.1974365308439],[139.151761829853,34.1974343122733],[139.151667952538,34.1974320937027],[139.151128828526,34.1975851750729],[139.150796234608,34.1977582235783],[139.150576293468,34.1977981578488],[139.14999961853,34.1978114692723],[139.14989233017,34.1978136878429],[139.149667024612,34.1978491849722],[139.148867726326,34.1980666048893],[139.148752391338,34.1981442548596],[139.148728251457,34.1981730962772],[139.148486852646,34.1984814443547],[139.148384928703,34.1985324659791],[139.148215949535,34.198559085957],[139.147566854954,34.1986167625758],[139.14744079113,34.1986478192167],[139.14733082056,34.1986877491836],[139.1472235322,34.1987409891394],[139.146563708782,34.1990981405098],[139.146046042442,34.1994131435818],[139.145691990852,34.1996460683885],[139.145523011684,34.1997414566427],[139.14534330368,34.1998301899024],[139.145348668098,34.1996904350184],[139.145442545414,34.1992556420458],[139.145485460758,34.1990959221783],[139.145485460758,34.1989606039572],[139.145391583443,34.1988053207527],[139.145085811615,34.198545775968],[139.144986569881,34.1983594361226],[139.144967794418,34.1981730962772],[139.144959747791,34.1980688234598],[139.144959747791,34.1980532934658],[139.144876599312,34.1979556763601],[139.144774675369,34.1979024306662],[139.14439111948,34.1979024306662],[139.144270420074,34.197871370678],[139.144085347652,34.1977205078784],[139.143843948841,34.1974831208261],[139.143637418747,34.1972590451973],[139.14360255003,34.1971303681036],[139.143591821194,34.1970194395744],[139.143648147583,34.1967887082339],[139.14370983839,34.1966644682813],[139.143717885017,34.1966267525814],[139.143731296062,34.1965601954639],[139.143725931644,34.1964492669348],[139.14365619421,34.1961431041945],[139.143503308296,34.1955906801195],[139.143495261669,34.1952778616674],[139.143471121788,34.1951957745559],[139.143184125423,34.1949472946506],[139.143149256706,34.1948585518274],[139.143149256706,34.194727656163],[139.143444299698,34.1941463906705],[139.143508672714,34.1940554292766],[139.143693745136,34.1939156593299],[139.143763482571,34.1938313536478],[139.14379298687,34.1936915837011],[139.143814444542,34.1931879681789],[139.143843948841,34.1930570725146],[139.143913686275,34.1928707125857],[139.144074618816,34.1925978284041],[139.144109487534,34.1925201784337],[139.144114851952,34.1924092499046],[139.144093394279,34.1922916656637],[139.144058525562,34.1921607699994],[139.144020974636,34.1920609343232],[139.143953919411,34.1919899400645],[139.143878817558,34.1919455686529],[139.143731296062,34.191907852953],[139.143468439579,34.1918723558237],[139.143143892288,34.1917725201475],[139.14297491312,34.1917503344417],[139.142848849297,34.1917725201475],[139.142655730247,34.1918590444002],[139.142250716686,34.1921119614466],[139.141952991486,34.1922894470931],[139.141845703125,34.1923205070813],[139.141757190228,34.1923426927871],[139.141665995121,34.1923360370754],[139.141585528851,34.1923315999342],[139.141432642937,34.1922894470931],[139.141293168068,34.192178518564],[139.141199290752,34.1919855029234],[139.141086637974,34.1916682473301],[139.14104372263,34.1915417888069],[139.140982031822,34.1914153302837],[139.14088010788,34.1912777789076],[139.140719175339,34.1911180418257],[139.140571653843,34.1910204247201],[139.140477776527,34.1909693975967],[139.140351712704,34.1909183704733],[139.140134453773,34.1908584690676],[139.139994978905,34.1908407205029],[139.139842092991,34.19082962765],[139.139648973942,34.1908362833618],[139.139278829098,34.1909117147616],[139.139144718647,34.1909006219087],[139.139048159122,34.1908540319264],[139.138975739479,34.1907985676619],[139.138927459717,34.1907120434092],[139.138927459717,34.1905988963095],[139.138956964016,34.1905301206214],[139.139077663422,34.1904036620982],[139.13957118988,34.1899510736995],[139.139619469643,34.1898445823115],[139.139619469643,34.1897380909236],[139.139576554298,34.1896382552474],[139.139504134655,34.1895739167005],[139.139418303967,34.1895362010006],[139.138627052307,34.1894940481595],[139.138187170029,34.1894674253125],[139.13717597723,34.1893365296482],[139.137009680271,34.189332092507],[139.136867523193,34.1893653710658],[139.136744141579,34.1894141796186],[139.136618077755,34.1894829553066],[139.136475920677,34.1896205066827],[139.136025309563,34.1901352150578],[139.135883152485,34.190261673581],[139.135703444481,34.1903637278278],[139.135577380657,34.19041031781],[139.134925603867,34.1905633991802],[139.134837090969,34.1903082635632],[139.13443166945,34.1903975664885],[139.13434356451,34.1904169735217],[139.13431674242,34.1904280663746],[139.134303331375,34.1904857492098],[139.134367704391,34.1906965134151],[139.134925603867,34.1905633991802],[139.135577380657,34.19041031781],[139.135703444481,34.1903637278278],[139.135883152485,34.190261673581],[139.136025309563,34.1901352150578],[139.136475920677,34.1896205066827],[139.136618077755,34.1894829553066],[139.136744141579,34.1894141796186],[139.136867523193,34.1893653710658],[139.137009680271,34.189332092507],[139.13717597723,34.1893365296482],[139.138187170029,34.1894674253125],[139.138627052307,34.1894940481595],[139.139418303967,34.1895362010006],[139.139504134655,34.1895739167005],[139.139576554298,34.1896382552474],[139.139619469643,34.1897380909236],[139.139619469643,34.1898445823115],[139.13957118988,34.1899510736995],[139.139077663422,34.1904036620982],[139.138956964016,34.1905301206214],[139.138927459717,34.1905988963095],[139.138927459717,34.1907120434092],[139.138975739479,34.1907985676619],[139.139048159122,34.1908540319264],[139.139144718647,34.1909006219087],[139.139278829098,34.1909117147616],[139.139648973942,34.1908362833618],[139.139842092991,34.19082962765],[139.139994978905,34.1908407205029],[139.140134453773,34.1908584690676],[139.140351712704,34.1909183704733],[139.140477776527,34.1909693975967],[139.140571653843,34.1910204247201],[139.140719175339,34.1911180418257],[139.14088010788,34.1912777789076],[139.140982031822,34.1914153302837],[139.14104372263,34.1915417888069],[139.141086637974,34.1916682473301],[139.141199290752,34.1919855029234],[139.141293168068,34.192178518564],[139.141432642937,34.1922894470931],[139.141585528851,34.1923315999342],[139.141665995121,34.1923360370754],[139.141757190228,34.1923426927871],[139.141845703125,34.1923205070813],[139.141952991486,34.1922894470931],[139.142250716686,34.1921119614466],[139.142655730247,34.1918590444002],[139.142848849297,34.1917725201475],[139.14297491312,34.1917503344417],[139.143143892288,34.1917725201475],[139.143468439579,34.1918723558237],[139.143731296062,34.191907852953],[139.143878817558,34.1919455686529],[139.143953919411,34.1919899400645],[139.144020974636,34.1920609343232],[139.144058525562,34.1921607699994],[139.144093394279,34.1922916656637],[139.144114851952,34.1924092499046],[139.144109487534,34.1925201784337],[139.144074618816,34.1925978284041],[139.143913686275,34.1928707125857],[139.143843948841,34.1930570725146],[139.143814444542,34.1931879681789],[139.14379298687,34.1936915837011],[139.143763482571,34.1938313536478],[139.143693745136,34.1939156593299],[139.143508672714,34.1940554292766],[139.143444299698,34.1941463906705],[139.143149256706,34.194727656163],[139.143149256706,34.1948585518274],[139.143184125423,34.1949472946506],[139.143471121788,34.1951957745559],[139.143495261669,34.1952778616674],[139.143503308296,34.1955906801195],[139.14365619421,34.1961431041945],[139.143725931644,34.1964492669348],[139.143731296062,34.1965601954639],[139.143717885017,34.1966267525814],[139.14370983839,34.1966644682813],[139.143648147583,34.1967887082339],[139.143591821194,34.1970194395744],[139.14360255003,34.1971303681036],[139.143637418747,34.1972590451973],[139.143843948841,34.1974831208261],[139.144085347652,34.1977205078784],[139.144270420074,34.197871370678],[139.14439111948,34.1979024306662],[139.144774675369,34.1979024306662],[139.144876599312,34.1979556763601],[139.144959747791,34.1980532934658],[139.144959747791,34.1980688234598],[139.144967794418,34.1981730962772],[139.144986569881,34.1983594361226],[139.145085811615,34.198545775968],[139.145391583443,34.1988053207527],[139.145485460758,34.1989606039572],[139.145485460758,34.1990959221783],[139.145442545414,34.1992556420458],[139.145348668098,34.1996904350184],[139.14534330368,34.1998301899024],[139.145254790783,34.199954416466],[139.145233333111,34.2000010014274],[139.145187735558,34.200107481339],[139.145048260689,34.2005910776045],[139.145017867063,34.2007239454926],[139.145010709763,34.200755234135],[139.144932925701,34.2009327006544],[139.144852459431,34.2010103422567],[139.144409894943,34.201232175406],[139.144329428673,34.2012920703563],[139.144165813923,34.201551615141],[139.144088029861,34.2016935883565],[139.14392977953,34.2018843648649],[139.143779575825,34.2020307747434],[139.143615961075,34.2021394729866],[139.143269956112,34.202321376169],[139.142816662788,34.2025387726553],[139.141845703125,34.2029336356611],[139.141665995121,34.2030157139263],[139.141620397568,34.2030378972412],[139.141564071178,34.2030778272081],[139.141515791416,34.2031621238048],[139.141432642937,34.203415013595],[139.141346812248,34.2035148385122],[139.14123415947,34.203576951794],[139.140711128712,34.2038498065676],[139.140601158142,34.2039185748439],[139.140464365482,34.2040361464131],[139.140386581421,34.2040361464131],[139.140319526196,34.2039962164462],[139.140284657478,34.2039451948218],[139.140357077122,34.2038608982251],[139.140872061253,34.2035658601365],[139.141054451466,34.2034305419155],[139.141092002392,34.2033706469652],[139.141108095646,34.2033107520149],[139.141094684601,34.2032508570646],[139.141032993793,34.2031976171087],[139.140855967999,34.2030889188656],[139.140829145908,34.2030401155727],[139.140829145908,34.2029447273185],[139.140898883343,34.2027428591527],[139.140885472298,34.2026474708985],[139.140845239162,34.2025942309426],[139.1407969594,34.2025520826443],[139.140754044056,34.2025254626664],[139.140705764294,34.2025188076719],[139.140649437904,34.2025232443349],[139.140220284462,34.2026341609095],[139.140139818192,34.202640815904],[139.140064716339,34.2026186325891],[139.140024483204,34.2025787026222],[139.139997661114,34.2025010610199],[139.140011072159,34.2024367294066],[139.140040576458,34.2023967994398],[139.140099585056,34.2023590878044],[139.140767455101,34.2020751413733],[139.140874743462,34.2019841897821],[139.141086637974,34.2017601383013],[139.141148328781,34.2016625317156],[139.14115101099,34.2015627067984],[139.141118824482,34.2014850651962],[139.14104372263,34.2014251702459],[139.140955209732,34.2013918952735],[139.140839874744,34.2013830219475],[139.140646755695,34.2014517902238],[139.140357077122,34.2015316501575],[139.139466583729,34.2016270384117],[139.139302968979,34.2016758417046],[139.139123260975,34.2017601383013],[139.138908684254,34.2018732732074],[139.13878262043,34.2019730981246],[139.13870215416,34.2021239446661],[139.138653874397,34.2023923627768],[139.13864582777,34.2024456027326],[139.138605594635,34.2025077160144],[139.138527810574,34.2025764842907],[139.138433933258,34.2026186325891],[139.138323962688,34.2026297242465],[139.138227403164,34.2026075409316],[139.138045012951,34.2025698292962],[139.137959182262,34.2025653926332],[139.137870669365,34.2025897942797],[139.137736558914,34.202645252567],[139.137626588345,34.2026851825338],[139.137495160103,34.2026962741913],[139.137342274189,34.2026696542134],[139.137245714664,34.2026031042686],[139.136866766228,34.2022137893012],[139.136559069157,34.2018976748539],[139.136459827423,34.2017690116273],[139.136368632317,34.2017113350084],[139.136258661747,34.201709116677],[139.135631024837,34.2017911949422],[139.135199189186,34.2017756666217],[139.134174585342,34.2017401733179],[139.134032428265,34.2017357366549],[139.133694469929,34.2018111599256],[139.133498668671,34.2018932381909],[139.133332371712,34.2019753164561],[139.13325458765,34.202015246423],[139.133166074753,34.2021039796827],[139.133136570454,34.202177184622],[139.133128523827,34.2022592628872],[139.133332371712,34.2030268055838],[139.133415520191,34.2033240620038],[139.133579134941,34.2040694213854],[139.13371860981,34.2044443194078],[139.133850038052,34.2048924223693],[139.133890271187,34.2051053821927],[139.133901000023,34.205480280215],[139.133852720261,34.2064385994199],[139.133742749691,34.2066249392653],[139.133600592613,34.2068423357516],[139.133552312851,34.2069177590224],[139.133455753326,34.2071151905253],[139.133404791355,34.2072593820723],[139.133386015892,34.2073126162893],[139.133332371712,34.2073237067511],[139.13328140974,34.2073325791206],[139.131725728512,34.2077761975954],[139.131441128767,34.2078647586229]]},"properties":{"id":"F028:2:SHP0015","feed_id":"F028","feed_slug":"kozushima-village-bus","municipality":"神津島村","service_name":"村営バス","license":"CC BY 4.0","source_route_id":"2","route_short_name":null,"route_long_name":"外回りルート：天上山・多幸湾キャンプ場・空港方面","route_desc":null,"route_type":3,"route_url":null,"route_color":null,"route_text_color":"000000","directions":["0"],"geometry_source":"shapes.txt"}},{"type":"Feature","id":"F028:2:SHP0016","geometry":{"type":"LineString","coordinates":[[139.153369559866,34.2019496661842],[139.153400659561,34.2019997181025],[139.153446257114,34.2020662680473],[139.153515994549,34.2021993679369],[139.153400659561,34.2022082412629],[139.153309464455,34.2021882762794],[139.153253138065,34.2021416913181],[139.153161942959,34.2019109848428],[139.15304929018,34.2017312999919],[139.152904450893,34.2015360868205],[139.15283203125,34.2014074235939],[139.152762293816,34.2012809786988],[139.152553081512,34.2008173474168],[139.152500016642,34.2007486539235],[139.152429699898,34.2006576275493],[139.15226072073,34.2004357944],[139.152185618877,34.2003093495049],[139.152164161205,34.2001318829855],[139.152193665504,34.2000010014274],[139.152335822582,34.1995063135045],[139.152410924435,34.1993665586204],[139.152512848377,34.1992245854049],[139.152665734291,34.1991092321672],[139.15283203125,34.1990338088965],[139.153258502483,34.1988585607085],[139.153416752815,34.1987542991284],[139.153848588467,34.1982817945204],[139.153934419155,34.1981730962772],[139.154055118561,34.1980244520482],[139.154116809368,34.1979312720837],[139.154218733311,34.1976251093434],[139.154240190983,34.1974343122733],[139.154331386089,34.1969218224688],[139.154352843761,34.1967753968104],[139.154358208179,34.196750992534],[139.154344797134,34.1966334082931],[139.154291152954,34.1965535397522],[139.154205322266,34.1965047311994],[139.154098033905,34.1964936383465],[139.153910279274,34.1965557583228],[139.15340334177,34.196777615381],[139.153293371201,34.1968330796455],[139.153231680393,34.1968818881983],[139.153084158897,34.1972191109268],[139.153027832508,34.1972812309031],[139.15283203125,34.1974054708557],[139.152773022652,34.1974409679851],[139.152520895004,34.1975696450788],[139.152432382107,34.1975829565023],[139.152330458164,34.1975696450788],[139.151981770992,34.1974609351203],[139.15182352066,34.1974365308439],[139.151761829853,34.1974343122733],[139.151667952538,34.1974320937027],[139.151128828526,34.1975851750729],[139.150796234608,34.1977582235783],[139.150576293468,34.1977981578488],[139.14999961853,34.1978114692723],[139.14989233017,34.1978136878429],[139.149667024612,34.1978491849722],[139.148867726326,34.1980666048893],[139.148752391338,34.1981442548596],[139.148728251457,34.1981730962772],[139.148486852646,34.1984814443547],[139.148384928703,34.1985324659791],[139.148215949535,34.198559085957],[139.147566854954,34.1986167625758],[139.14744079113,34.1986478192167],[139.14733082056,34.1986877491836],[139.1472235322,34.1987409891394],[139.146563708782,34.1990981405098],[139.146046042442,34.1994131435818],[139.145691990852,34.1996460683885],[139.145523011684,34.1997414566427],[139.14534330368,34.1998301899024],[139.145254790783,34.199954416466],[139.145233333111,34.2000010014274],[139.145187735558,34.200107481339],[139.145048260689,34.2005910776045],[139.145017867063,34.2007239454926],[139.145010709763,34.200755234135],[139.144932925701,34.2009327006544],[139.144852459431,34.2010103422567],[139.144409894943,34.201232175406],[139.144329428673,34.2012920703563],[139.144165813923,34.201551615141],[139.144088029861,34.2016935883565],[139.14392977953,34.2018843648649],[139.143779575825,34.2020307747434],[139.143615961075,34.2021394729866],[139.143269956112,34.202321376169],[139.142816662788,34.2025387726553],[139.141845703125,34.2029336356611],[139.141665995121,34.2030157139263],[139.141620397568,34.2030378972412],[139.141564071178,34.2030778272081],[139.141515791416,34.2031621238048],[139.141432642937,34.203415013595],[139.141346812248,34.2035148385122],[139.14123415947,34.203576951794],[139.140711128712,34.2038498065676],[139.140601158142,34.2039185748439],[139.140464365482,34.2040361464131],[139.140386581421,34.2040361464131],[139.140319526196,34.2039962164462],[139.140284657478,34.2039451948218],[139.140357077122,34.2038608982251],[139.140872061253,34.2035658601365],[139.141054451466,34.2034305419155],[139.141092002392,34.2033706469652],[139.141108095646,34.2033107520149],[139.141094684601,34.2032508570646],[139.141032993793,34.2031976171087],[139.140855967999,34.2030889188656],[139.140829145908,34.2030401155727],[139.140829145908,34.2029447273185],[139.140898883343,34.2027428591527],[139.140885472298,34.2026474708985],[139.140845239162,34.2025942309426],[139.1407969594,34.2025520826443],[139.140754044056,34.2025254626664],[139.140705764294,34.2025188076719],[139.140649437904,34.2025232443349],[139.140220284462,34.2026341609095],[139.140139818192,34.202640815904],[139.140064716339,34.2026186325891],[139.140024483204,34.2025787026222],[139.139997661114,34.2025010610199],[139.140011072159,34.2024367294066],[139.140040576458,34.2023967994398],[139.140099585056,34.2023590878044],[139.140767455101,34.2020751413733],[139.140874743462,34.2019841897821],[139.141086637974,34.2017601383013],[139.141148328781,34.2016625317156],[139.14115101099,34.2015627067984],[139.141118824482,34.2014850651962],[139.14104372263,34.2014251702459],[139.140955209732,34.2013918952735],[139.140839874744,34.2013830219475],[139.140646755695,34.2014517902238],[139.140357077122,34.2015316501575],[139.139466583729,34.2016270384117],[139.139302968979,34.2016758417046],[139.139123260975,34.2017601383013],[139.138908684254,34.2018732732074],[139.13878262043,34.2019730981246],[139.13870215416,34.2021239446661],[139.138653874397,34.2023923627768],[139.13864582777,34.2024456027326],[139.138605594635,34.2025077160144],[139.138527810574,34.2025764842907],[139.138433933258,34.2026186325891],[139.138323962688,34.2026297242465],[139.138227403164,34.2026075409316],[139.138045012951,34.2025698292962],[139.137959182262,34.2025653926332],[139.137870669365,34.2025897942797],[139.137736558914,34.202645252567],[139.137626588345,34.2026851825338],[139.137495160103,34.2026962741913],[139.137342274189,34.2026696542134],[139.137245714664,34.2026031042686],[139.136866766228,34.2022137893012],[139.136559069157,34.2018976748539],[139.136459827423,34.2017690116273],[139.136368632317,34.2017113350084],[139.136258661747,34.201709116677],[139.135631024837,34.2017911949422],[139.135199189186,34.2017756666217],[139.134174585342,34.2017401733179],[139.134032428265,34.2017357366549],[139.133694469929,34.2018111599256],[139.133498668671,34.2018932381909],[139.133332371712,34.2019753164561],[139.13325458765,34.202015246423],[139.133166074753,34.2021039796827],[139.133136570454,34.202177184622],[139.133128523827,34.2022592628872],[139.133332371712,34.2030268055838],[139.133415520191,34.2033240620038],[139.133579134941,34.2040694213854],[139.13371860981,34.2044443194078],[139.133850038052,34.2048924223693],[139.133890271187,34.2051053821927],[139.133901000023,34.205480280215],[139.133852720261,34.2064385994199],[139.133742749691,34.2066249392653],[139.133600592613,34.2068423357516],[139.133552312851,34.2069177590224],[139.133455753326,34.2071151905253],[139.133404791355,34.2072593820723],[139.133386015892,34.2073126162893],[139.133332371712,34.2073237067511],[139.13328140974,34.2073325791206],[139.131725728512,34.2077761975954],[139.131441128767,34.2078647586229]]},"properties":{"id":"F028:2:SHP0016","feed_id":"F028","feed_slug":"kozushima-village-bus","municipality":"神津島村","service_name":"村営バス","license":"CC BY 4.0","source_route_id":"2","route_short_name":null,"route_long_name":"外回りルート：天上山・多幸湾キャンプ場・空港方面","route_desc":null,"route_type":3,"route_url":null,"route_color":null,"route_text_color":"000000","directions":["0"],"geometry_source":"shapes.txt"}},{"type":"Feature","id":"F028:3:SHP0003","geometry":{"type":"LineString","coordinates":[[139.131441128767,34.2078647586229],[139.131725728512,34.2077761975954],[139.13328140974,34.2073325791206],[139.133332371712,34.2073237067511],[139.133386015892,34.2073126162893],[139.133332371712,34.2074434837393],[139.133249223232,34.2076475482377],[139.133058786392,34.2079824801861],[139.132970273495,34.2081488371141],[139.132954180241,34.2082065075158],[139.132948815823,34.2082663960099],[139.132943451405,34.2083351568735],[139.132938086987,34.2084127901066],[139.132876396179,34.208783211533],[139.132887125015,34.2088453181194],[139.132908582687,34.2088941161517],[139.133112430573,34.2089362599067],[139.133332371712,34.2090005845856],[139.133431613445,34.2090338559712],[139.133469164371,34.2090560368949],[139.133509397507,34.2091536329594],[139.133439660072,34.209905566274],[139.133372604847,34.2101007584029],[139.133343100548,34.2101939182826],[139.133332371712,34.2102493705919],[139.133217036724,34.2107817127616],[139.133187532425,34.2108327288862],[139.133053421974,34.2109813410752],[139.132527709007,34.2115247737067],[139.132447242737,34.2115979707551],[139.132385551929,34.2116245878636],[139.132157564163,34.2116622954339],[139.131798148155,34.211704439189],[139.131765961647,34.2117133115585],[139.13173109293,34.2117244020204],[139.131637215614,34.2117798543297],[139.131516516209,34.2119817007357],[139.131465554237,34.2121569300332],[139.131476283073,34.2124319734876],[139.131449460983,34.2132925933285],[139.13154065609,34.2138604249762],[139.131529927254,34.2141753940932],[139.131532609463,34.2146301030298],[139.131524562836,34.2146833372468],[139.131492376328,34.2147343533714],[139.131269752979,34.2149716892553],[139.131178557873,34.2150892481511],[139.131047129631,34.2151957165851],[139.130953252316,34.2152600412639],[139.130896925926,34.2152777860029],[139.130859375,34.2152800040953],[139.130760133266,34.21528444028],[139.130709171295,34.2152977488343],[139.130676984787,34.215319929758],[139.13061529398,34.2153687277902],[139.130604565144,34.2154263981919],[139.13061529398,34.2155794465657],[139.130628705025,34.215652643614],[139.130693078041,34.2157790748793],[139.130789637566,34.2159321232531],[139.130859375,34.2159875755625],[139.130988121033,34.216056336426],[139.131157100201,34.2161317515667],[139.131849110126,34.2163446884346],[139.132849574089,34.2164821953345],[139.133166074753,34.2166197022344],[139.133222401142,34.2166507521796],[139.133278727531,34.2166684950054],[139.133286774158,34.2166707128586],[139.133332371712,34.2166840199779],[139.133402109146,34.2167061985102],[139.133917093277,34.2168170911714],[139.134053885937,34.2168392697036],[139.134102165699,34.2169080231536],[139.134169813266,34.2170540785862],[139.134247004986,34.2172207404582],[139.134265780449,34.2173759901839],[139.134279191494,34.2174979721112],[139.134287238121,34.2175622898548],[139.134306013584,34.2179193642239],[139.134314060211,34.2180102962061],[139.134284555912,34.2180613068302],[139.134056568146,34.2182121208495],[139.133707880974,34.2185980273105],[139.133536219597,34.2188020698071],[139.13347452879,34.2188774768168],[139.133473571035,34.2188790302456],[139.133404791355,34.2189905873312],[139.133361876011,34.2191391834972],[139.133332371712,34.2191946298278],[139.133273363113,34.219245640452],[139.133206307888,34.2192833439568],[139.133096337318,34.2193121760487],[139.131709635258,34.2195583577566],[139.13162112236,34.2195849719953],[139.131503105164,34.2196515075921],[139.131419956684,34.2197136074823],[139.131339490414,34.2198001037581],[139.131226837635,34.220006364108],[139.131162464619,34.2200950782369],[139.131060540676,34.2201970994852],[139.130904972553,34.2202991207336],[139.130859375,34.2203212992658],[139.13080573082,34.220343477798],[139.129598736763,34.2207205128462],[139.129491448402,34.2207914841494],[139.129417860572,34.2208734966473],[139.129368066788,34.2209289910493],[139.1289255023,34.2214479687038],[139.128807485104,34.2216076541359],[139.12876188755,34.2216985861181],[139.128609001637,34.2221266317904],[139.128590226173,34.222221999479],[139.128584861755,34.2223617242322],[139.1285982728,34.2224748347466],[139.128617048264,34.2225147561047],[139.128893315792,34.2227121450416],[139.128992557526,34.2227631556658],[139.12914276123,34.222805294877],[139.12922590971,34.2228097305835],[139.129319787025,34.2227942056109],[139.129456579685,34.2227520663997],[139.129727482796,34.2226833129497],[139.129968881607,34.222656698711],[139.13009762764,34.2226522630046],[139.130859375,34.2227210164545],[139.131272435188,34.2227986413174],[139.131366312504,34.2227986413174],[139.131438732147,34.2227764627851],[139.131465554237,34.2227698092254],[139.131516516209,34.2227365414271],[139.131570160389,34.2226677879771],[139.13162112236,34.2224925775724],[139.13167744875,34.2224415669482],[139.131739139557,34.2224127348563],[139.131846427917,34.2223839027644],[139.13194835186,34.2223417635532],[139.132042229176,34.222290752929],[139.132141470909,34.2221931673871],[139.132200479507,34.2221155425243],[139.132280945778,34.2220467890743],[139.132479429245,34.2220090855695],[139.13254648447,34.2219802534776],[139.132624268532,34.2219115000276],[139.13273692131,34.2219780356244],[139.132817387581,34.2220401355146],[139.132959544659,34.2221266317904],[139.13306415081,34.222162117442],[139.13331091404,34.2222042566532],[139.133332371712,34.2222064745065],[139.133369922638,34.2222153459194],[139.13344502449,34.2222486137177],[139.134104847908,34.2229671981624],[139.134187996387,34.2230159909333],[139.134287238121,34.2230470408785],[139.134504497051,34.2230270801995],[139.134708344936,34.2230292980527],[139.134799540043,34.2230647837043],[139.134877324104,34.2231047050623],[139.135062396526,34.2234240759266],[139.135150909424,34.2235305328814],[139.135266244411,34.2236148113039],[139.135403037071,34.2236791290474],[139.135545194149,34.2237168325522],[139.135708808899,34.2237744967361],[139.135845601559,34.2238454680392],[139.136036038399,34.2239674499666],[139.136261343956,34.2241182639858],[139.136800467968,34.2250009695691],[139.137041866779,34.2254290152414],[139.137100875378,34.2255310254875],[139.13742005825,34.2265843921589],[139.137481749058,34.2269214694937],[139.13755685091,34.2272430235302],[139.137664139271,34.2274625673207],[139.137731194496,34.2275446190404],[139.137733876705,34.2276311059881],[139.137733876705,34.2276776758831],[139.137744385475,34.2278528941376]]},"properties":{"id":"F028:3:SHP0003","feed_id":"F028","feed_slug":"kozushima-village-bus","municipality":"神津島村","service_name":"村営バス","license":"CC BY 4.0","source_route_id":"3","route_short_name":null,"route_long_name":"西海岸ルート：温泉保養センター・赤崎遊歩道方面","route_desc":null,"route_type":3,"route_url":null,"route_color":null,"route_text_color":"000000","directions":["1"],"geometry_source":"shapes.txt"}},{"type":"Feature","id":"F028:3:SHP0004","geometry":{"type":"LineString","coordinates":[[139.131441128767,34.2078647586229],[139.131725728512,34.2077761975954],[139.13328140974,34.2073325791206],[139.133332371712,34.2073237067511],[139.133386015892,34.2073126162893],[139.133332371712,34.2074434837393],[139.133249223232,34.2076475482377],[139.133058786392,34.2079824801861],[139.132970273495,34.2081488371141],[139.132954180241,34.2082065075158],[139.132948815823,34.2082663960099],[139.132943451405,34.2083351568735],[139.132938086987,34.2084127901066],[139.132876396179,34.208783211533],[139.132887125015,34.2088453181194],[139.132908582687,34.2088941161517],[139.133112430573,34.2089362599067],[139.133332371712,34.2090005845856],[139.133431613445,34.2090338559712],[139.133469164371,34.2090560368949],[139.133509397507,34.2091536329594],[139.133439660072,34.209905566274],[139.133372604847,34.2101007584029],[139.133343100548,34.2101939182826],[139.133332371712,34.2102493705919],[139.133217036724,34.2107817127616],[139.133187532425,34.2108327288862],[139.133053421974,34.2109813410752],[139.132527709007,34.2115247737067],[139.132447242737,34.2115979707551],[139.132385551929,34.2116245878636],[139.132157564163,34.2116622954339],[139.131798148155,34.211704439189],[139.131765961647,34.2117133115585],[139.13173109293,34.2117244020204],[139.131637215614,34.2117798543297],[139.131516516209,34.2119817007357],[139.131465554237,34.2121569300332],[139.131476283073,34.2124319734876],[139.131449460983,34.2132925933285],[139.13154065609,34.2138604249762],[139.131529927254,34.2141753940932],[139.131532609463,34.2146301030298],[139.131524562836,34.2146833372468],[139.131492376328,34.2147343533714],[139.131269752979,34.2149716892553],[139.131178557873,34.2150892481511],[139.131047129631,34.2151957165851],[139.130953252316,34.2152600412639],[139.130896925926,34.2152777860029],[139.130859375,34.2152800040953],[139.130760133266,34.21528444028],[139.130709171295,34.2152977488343],[139.130676984787,34.215319929758],[139.13061529398,34.2153687277902],[139.130604565144,34.2154263981919],[139.13061529398,34.2155794465657],[139.130628705025,34.215652643614],[139.130693078041,34.2157790748793],[139.130789637566,34.2159321232531],[139.130859375,34.2159875755625],[139.130988121033,34.216056336426],[139.131157100201,34.2161317515667],[139.131849110126,34.2163446884346],[139.132849574089,34.2164821953345],[139.133166074753,34.2166197022344],[139.133222401142,34.2166507521796],[139.133278727531,34.2166684950054],[139.133286774158,34.2166707128586],[139.133332371712,34.2166840199779],[139.133402109146,34.2167061985102],[139.133917093277,34.2168170911714],[139.134053885937,34.2168392697036],[139.134102165699,34.2169080231536],[139.134169813266,34.2170540785862],[139.134247004986,34.2172207404582],[139.134265780449,34.2173759901839],[139.134279191494,34.2174979721112],[139.134287238121,34.2175622898548],[139.134306013584,34.2179193642239],[139.134314060211,34.2180102962061],[139.134284555912,34.2180613068302],[139.134056568146,34.2182121208495],[139.133707880974,34.2185980273105],[139.133536219597,34.2188020698071],[139.13347452879,34.2188774768168],[139.133473571035,34.2188790302456],[139.133404791355,34.2189905873312],[139.133361876011,34.2191391834972],[139.133332371712,34.2191946298278],[139.133273363113,34.219245640452],[139.133206307888,34.2192833439568],[139.133096337318,34.2193121760487],[139.131709635258,34.2195583577566],[139.13162112236,34.2195849719953],[139.131503105164,34.2196515075921],[139.131419956684,34.2197136074823],[139.131339490414,34.2198001037581],[139.131226837635,34.220006364108],[139.131162464619,34.2200950782369],[139.131060540676,34.2201970994852],[139.130904972553,34.2202991207336],[139.130859375,34.2203212992658],[139.13080573082,34.220343477798],[139.129598736763,34.2207205128462],[139.129491448402,34.2207914841494],[139.129417860572,34.2208734966473],[139.129368066788,34.2209289910493],[139.1289255023,34.2214479687038],[139.128807485104,34.2216076541359],[139.12876188755,34.2216985861181],[139.128609001637,34.2221266317904],[139.128590226173,34.222221999479],[139.128584861755,34.2223617242322],[139.1285982728,34.2224748347466],[139.128617048264,34.2225147561047],[139.128893315792,34.2227121450416],[139.128992557526,34.2227631556658],[139.12914276123,34.222805294877],[139.12922590971,34.2228097305835],[139.129319787025,34.2227942056109],[139.129456579685,34.2227520663997],[139.129727482796,34.2226833129497],[139.129968881607,34.222656698711],[139.13009762764,34.2226522630046],[139.130859375,34.2227210164545],[139.131272435188,34.2227986413174],[139.131366312504,34.2227986413174],[139.131438732147,34.2227764627851],[139.131465554237,34.2227698092254],[139.131516516209,34.2227365414271],[139.131570160389,34.2226677879771],[139.13162112236,34.2224925775724],[139.13167744875,34.2224415669482],[139.131739139557,34.2224127348563],[139.131846427917,34.2223839027644],[139.13194835186,34.2223417635532],[139.132042229176,34.222290752929],[139.132141470909,34.2221931673871],[139.132200479507,34.2221155425243],[139.132280945778,34.2220467890743],[139.132479429245,34.2220090855695],[139.13254648447,34.2219802534776],[139.132624268532,34.2219115000276],[139.13273692131,34.2219780356244],[139.132817387581,34.2220401355146],[139.132959544659,34.2221266317904],[139.13306415081,34.222162117442],[139.13331091404,34.2222042566532],[139.133332371712,34.2222064745065],[139.133369922638,34.2222153459194],[139.13344502449,34.2222486137177],[139.134104847908,34.2229671981624],[139.134187996387,34.2230159909333],[139.134287238121,34.2230470408785],[139.134504497051,34.2230270801995],[139.134708344936,34.2230292980527],[139.134799540043,34.2230647837043],[139.134877324104,34.2231047050623],[139.135062396526,34.2234240759266],[139.135150909424,34.2235305328814],[139.135266244411,34.2236148113039],[139.135403037071,34.2236791290474],[139.135545194149,34.2237168325522],[139.135708808899,34.2237744967361],[139.135845601559,34.2238454680392],[139.136036038399,34.2239674499666],[139.136261343956,34.2241182639858],[139.136800467968,34.2250009695691],[139.137041866779,34.2254290152414],[139.137100875378,34.2255310254875],[139.13742005825,34.2265843921589],[139.137481749058,34.2269214694937],[139.13755685091,34.2272430235302],[139.137664139271,34.2274625673207],[139.137731194496,34.2275446190404],[139.137733876705,34.2276311059881],[139.137733876705,34.2276776758831],[139.137744385475,34.2278528941376],[139.137749969959,34.2279460071825],[139.137607812881,34.228462711255],[139.137513935566,34.2286379027645],[139.137430787086,34.2287465658528],[139.137256443501,34.2289195397483],[139.137114286423,34.2290392909067],[139.13701236248,34.2290792079595],[139.136894345284,34.2291679125213],[139.136779010296,34.2292610523112],[139.136706590652,34.2293785858556],[139.13668513298,34.2294783784876],[139.13668513298,34.2295759535056],[139.13676828146,34.2298864194719],[139.13684874773,34.2301237041747],[139.136808514595,34.2304940457202],[139.136779010296,34.2307113718966],[139.136738777161,34.2308998690905],[139.136706590652,34.2309442213714],[139.13652151823,34.2311038895826],[139.136258661747,34.231518583409],[139.13619697094,34.2316294641113],[139.136183559895,34.2317070806029],[139.136202335358,34.2319709766742],[139.13616746664,34.2322969659388],[139.136170148849,34.2323790176585],[139.136194288731,34.2324388932377],[139.136328399181,34.2326872660107],[139.136379361153,34.2328757632046],[139.136406183243,34.2331063950653],[139.136408865452,34.2332571928203],[139.136400818825,34.2333148507855],[139.136390089989,34.2333348093119],[139.136347174644,34.2334279491018],[139.136269390583,34.2335565707164],[139.13619697094,34.2336386224361],[139.135749042034,34.2339158241917],[139.135668575764,34.2339912230692],[139.135577380657,34.234126497526],[139.135381579399,34.2345123623698],[139.135360121727,34.2345700141155],[139.135338664055,34.2347584909766],[139.135341346264,34.2348915334667],[139.1353520751,34.2349314462138],[139.13540571928,34.2350157064575],[139.135496914387,34.2351154883251],[139.135521054268,34.2351797921954],[139.135555922985,34.235441442426],[139.135566651821,34.2355944412897],[139.135590791702,34.2356742667838],[139.135644435883,34.2357829181507],[139.135730266571,34.2359070911415],[139.135829508305,34.2360157425085],[139.136287544659,34.2362847885543],[139.13644105196,34.2363749572319],[139.136669039726,34.2365479124691],[139.137052595615,34.2368672144455],[139.137135744095,34.2369448225647],[139.137232303619,34.237022430684],[139.137323498726,34.2370800824297],[139.138069152832,34.2373816454074],[139.138133525848,34.2374304276538],[139.138254225254,34.2375745570181],[139.138275682926,34.237643295638],[139.138275682926,34.2377075995082],[139.138055741787,34.2384681590769],[139.138050377369,34.238521376073],[139.138071835041,34.2387054181844],[139.138066470623,34.2387630699301],[139.138018190861,34.2388384606745],[139.137959182262,34.2388961124203],[139.137886762619,34.2389848074137],[139.137835800648,34.2390668502826],[139.137800931931,34.2391732842747],[139.137787520885,34.2392863703914],[139.137811660767,34.2396544546141],[139.137779474258,34.2397320627334],[139.137664139271,34.2398695399732],[139.13763999939,34.2399227569692],[139.137626588345,34.2399737565905],[139.137629270554,34.2399914955892],[139.137629270554,34.240038]]},"properties":{"id":"F028:3:SHP0004","feed_id":"F028","feed_slug":"kozushima-village-bus","municipality":"神津島村","service_name":"村営バス","license":"CC BY 4.0","source_route_id":"3","route_short_name":null,"route_long_name":"西海岸ルート：温泉保養センター・赤崎遊歩道方面","route_desc":null,"route_type":3,"route_url":null,"route_color":null,"route_text_color":"000000","directions":["1"],"geometry_source":"shapes.txt"}},{"type":"Feature","id":"F028:3:SHP0005","geometry":{"type":"LineString","coordinates":[[139.137744385475,34.2278528941376],[139.137733876705,34.2276776758831],[139.137733876705,34.2276311059881],[139.137731194496,34.2275446190404],[139.137664139271,34.2274625673207],[139.13755685091,34.2272430235302],[139.137481749058,34.2269214694937],[139.13742005825,34.2265843921589],[139.137100875378,34.2255310254875],[139.137041866779,34.2254290152414],[139.136800467968,34.2250009695691],[139.136261343956,34.2241182639858],[139.136036038399,34.2239674499666],[139.135845601559,34.2238454680392],[139.135708808899,34.2237744967361],[139.135545194149,34.2237168325522],[139.135403037071,34.2236791290474],[139.135266244411,34.2236148113039],[139.135150909424,34.2235305328814],[139.135062396526,34.2234240759266],[139.134877324104,34.2231047050623],[139.134799540043,34.2230647837043],[139.134708344936,34.2230292980527],[139.134504497051,34.2230270801995],[139.134287238121,34.2230470408785],[139.134187996387,34.2230159909333],[139.134104847908,34.2229671981624],[139.13344502449,34.2222486137177],[139.133369922638,34.2222153459194],[139.133332371712,34.2222064745065],[139.13331091404,34.2222042566532],[139.13306415081,34.222162117442],[139.132959544659,34.2221266317904],[139.132817387581,34.2220401355146],[139.13273692131,34.2219780356244],[139.132624268532,34.2219115000276],[139.13254648447,34.2219802534776],[139.132479429245,34.2220090855695],[139.132280945778,34.2220467890743],[139.132200479507,34.2221155425243],[139.132141470909,34.2221931673871],[139.132042229176,34.222290752929],[139.13194835186,34.2223417635532],[139.131846427917,34.2223839027644],[139.131739139557,34.2224127348563],[139.13167744875,34.2224415669482],[139.13162112236,34.2224925775724],[139.131570160389,34.2226677879771],[139.131516516209,34.2227365414271],[139.131465554237,34.2227698092254],[139.131438732147,34.2227764627851],[139.131366312504,34.2227986413174],[139.131272435188,34.2227986413174],[139.130859375,34.2227210164545],[139.13009762764,34.2226522630046],[139.129968881607,34.222656698711],[139.129727482796,34.2226833129497],[139.129456579685,34.2227520663997],[139.129319787025,34.2227942056109],[139.12922590971,34.2228097305835],[139.12914276123,34.222805294877],[139.128992557526,34.2227631556658],[139.128893315792,34.2227121450416],[139.128617048264,34.2225147561047],[139.1285982728,34.2224748347466],[139.128584861755,34.2223617242322],[139.128590226173,34.222221999479],[139.128609001637,34.2221266317904],[139.12876188755,34.2216985861181],[139.128807485104,34.2216076541359],[139.1289255023,34.2214479687038],[139.129368066788,34.2209289910493],[139.129417860572,34.2208734966473],[139.129491448402,34.2207914841494],[139.129598736763,34.2207205128462],[139.13080573082,34.220343477798],[139.130859375,34.2203212992658],[139.130904972553,34.2202991207336],[139.131060540676,34.2201970994852],[139.131162464619,34.2200950782369],[139.131226837635,34.220006364108],[139.131339490414,34.2198001037581],[139.131419956684,34.2197136074823],[139.131503105164,34.2196515075921],[139.13162112236,34.2195849719953],[139.131709635258,34.2195583577566],[139.133096337318,34.2193121760487],[139.133206307888,34.2192833439568],[139.133273363113,34.219245640452],[139.133332371712,34.2191946298278],[139.133361876011,34.2191391834972],[139.133404791355,34.2189905873312],[139.133473571035,34.2188790302456],[139.13347452879,34.2188774768168],[139.133536219597,34.2188020698071],[139.133707880974,34.2185980273105],[139.134056568146,34.2182121208495],[139.134284555912,34.2180613068302],[139.134314060211,34.2180102962061],[139.134306013584,34.2179193642239],[139.134287238121,34.2175622898548],[139.134279191494,34.2174979721112],[139.134265780449,34.2173759901839],[139.134247004986,34.2172207404582],[139.134169813266,34.2170540785862],[139.134102165699,34.2169080231536],[139.134053885937,34.2168392697036],[139.133917093277,34.2168170911714],[139.133402109146,34.2167061985102],[139.133332371712,34.2166840199779],[139.133286774158,34.2166707128586],[139.133278727531,34.2166684950054],[139.133222401142,34.2166507521796],[139.133166074753,34.2166197022344],[139.132849574089,34.2164821953345],[139.131849110126,34.2163446884346],[139.131157100201,34.2161317515667],[139.130988121033,34.216056336426],[139.130859375,34.2159875755625],[139.130789637566,34.2159321232531],[139.130693078041,34.2157790748793],[139.130628705025,34.215652643614],[139.13061529398,34.2155794465657],[139.130604565144,34.2154263981919],[139.13061529398,34.2153687277902],[139.130676984787,34.215319929758],[139.130709171295,34.2152977488343],[139.130760133266,34.21528444028],[139.130859375,34.2152800040953],[139.130896925926,34.2152777860029],[139.130953252316,34.2152600412639],[139.131047129631,34.2151957165851],[139.131178557873,34.2150892481511],[139.131269752979,34.2149716892553],[139.131492376328,34.2147343533714],[139.131524562836,34.2146833372468],[139.131532609463,34.2146301030298],[139.131529927254,34.2141753940932],[139.13154065609,34.2138604249762],[139.131449460983,34.2132925933285],[139.131476283073,34.2124319734876],[139.131465554237,34.2121569300332],[139.131516516209,34.2119817007357],[139.131637215614,34.2117798543297],[139.13173109293,34.2117244020204],[139.131765961647,34.2117133115585],[139.131798148155,34.211704439189],[139.132157564163,34.2116622954339],[139.132385551929,34.2116245878636],[139.132447242737,34.2115979707551],[139.132527709007,34.2115247737067],[139.133053421974,34.2109813410752],[139.133187532425,34.2108327288862],[139.133217036724,34.2107817127616],[139.133332371712,34.2102493705919],[139.133343100548,34.2101939182826],[139.133372604847,34.2101007584029],[139.133439660072,34.209905566274],[139.133509397507,34.2091536329594],[139.133469164371,34.2090560368949],[139.133431613445,34.2090338559712],[139.133332371712,34.2090005845856],[139.133112430573,34.2089362599067],[139.132908582687,34.2088941161517],[139.132887125015,34.2088453181194],[139.132876396179,34.208783211533],[139.132938086987,34.2084127901066],[139.132943451405,34.2083351568735],[139.132948815823,34.2082663960099],[139.132954180241,34.2082065075158],[139.132970273495,34.2081488371141],[139.133058786392,34.2079824801861],[139.133249223232,34.2076475482377],[139.133332371712,34.2074434837393],[139.133386015892,34.2073126162893],[139.133332371712,34.2073237067511],[139.13328140974,34.2073325791206],[139.131725728512,34.2077761975954],[139.131441128767,34.2078647586229]]},"properties":{"id":"F028:3:SHP0005","feed_id":"F028","feed_slug":"kozushima-village-bus","municipality":"神津島村","service_name":"村営バス","license":"CC BY 4.0","source_route_id":"3","route_short_name":null,"route_long_name":"西海岸ルート：温泉保養センター・赤崎遊歩道方面","route_desc":null,"route_type":3,"route_url":null,"route_color":null,"route_text_color":"000000","directions":["0"],"geometry_source":"shapes.txt"}},{"type":"Feature","id":"F028:3:SHP0006","geometry":{"type":"LineString","coordinates":[[139.137629270554,34.240038],[139.137629270554,34.2399914955892],[139.137626588345,34.2399737565905],[139.13763999939,34.2399227569692],[139.137664139271,34.2398695399732],[139.137779474258,34.2397320627334],[139.137811660767,34.2396544546141],[139.137787520885,34.2392863703914],[139.137800931931,34.2391732842747],[139.137835800648,34.2390668502826],[139.137886762619,34.2389848074137],[139.137959182262,34.2388961124203],[139.138018190861,34.2388384606745],[139.138066470623,34.2387630699301],[139.138071835041,34.2387054181844],[139.138050377369,34.238521376073],[139.138055741787,34.2384681590769],[139.138275682926,34.2377075995082],[139.138275682926,34.237643295638],[139.138254225254,34.2375745570181],[139.138133525848,34.2374304276538],[139.138069152832,34.2373816454074],[139.137323498726,34.2370800824297],[139.137232303619,34.237022430684],[139.137135744095,34.2369448225647],[139.137052595615,34.2368672144455],[139.136669039726,34.2365479124691],[139.13644105196,34.2363749572319],[139.136287544659,34.2362847885543],[139.135829508305,34.2360157425085],[139.135730266571,34.2359070911415],[139.135644435883,34.2357829181507],[139.135590791702,34.2356742667838],[139.135566651821,34.2355944412897],[139.135555922985,34.235441442426],[139.135521054268,34.2351797921954],[139.135496914387,34.2351154883251],[139.13540571928,34.2350157064575],[139.1353520751,34.2349314462138],[139.135341346264,34.2348915334667],[139.135338664055,34.2347584909766],[139.135360121727,34.2345700141155],[139.135381579399,34.2345123623698],[139.135577380657,34.234126497526],[139.135668575764,34.2339912230692],[139.135749042034,34.2339158241917],[139.13619697094,34.2336386224361],[139.136269390583,34.2335565707164],[139.136347174644,34.2334279491018],[139.136390089989,34.2333348093119],[139.136400818825,34.2333148507855],[139.136408865452,34.2332571928203],[139.136406183243,34.2331063950653],[139.136379361153,34.2328757632046],[139.136328399181,34.2326872660107],[139.136194288731,34.2324388932377],[139.136170148849,34.2323790176585],[139.13616746664,34.2322969659388],[139.136202335358,34.2319709766742],[139.136183559895,34.2317070806029],[139.13619697094,34.2316294641113],[139.136258661747,34.231518583409],[139.13652151823,34.2311038895826],[139.136706590652,34.2309442213714],[139.136738777161,34.2308998690905],[139.136779010296,34.2307113718966],[139.136808514595,34.2304940457202],[139.13684874773,34.2301237041747],[139.13676828146,34.2298864194719],[139.13668513298,34.2295759535056],[139.13668513298,34.2294783784876],[139.136706590652,34.2293785858556],[139.136779010296,34.2292610523112],[139.136894345284,34.2291679125213],[139.13701236248,34.2290792079595],[139.137114286423,34.2290392909067],[139.137256443501,34.2289195397483],[139.137430787086,34.2287465658528],[139.137513935566,34.2286379027645],[139.137607812881,34.228462711255],[139.137749969959,34.2279460071825],[139.137744385475,34.2278528941376],[139.137733876705,34.2276776758831],[139.137733876705,34.2276311059881],[139.137731194496,34.2275446190404],[139.137664139271,34.2274625673207],[139.13755685091,34.2272430235302],[139.137481749058,34.2269214694937],[139.13742005825,34.2265843921589],[139.137100875378,34.2255310254875],[139.137041866779,34.2254290152414],[139.136800467968,34.2250009695691],[139.136261343956,34.2241182639858],[139.136036038399,34.2239674499666],[139.135845601559,34.2238454680392],[139.135708808899,34.2237744967361],[139.135545194149,34.2237168325522],[139.135403037071,34.2236791290474],[139.135266244411,34.2236148113039],[139.135150909424,34.2235305328814],[139.135062396526,34.2234240759266],[139.134877324104,34.2231047050623],[139.134799540043,34.2230647837043],[139.134708344936,34.2230292980527],[139.134504497051,34.2230270801995],[139.134287238121,34.2230470408785],[139.134187996387,34.2230159909333],[139.134104847908,34.2229671981624],[139.13344502449,34.2222486137177],[139.133369922638,34.2222153459194],[139.133332371712,34.2222064745065],[139.13331091404,34.2222042566532],[139.13306415081,34.222162117442],[139.132959544659,34.2221266317904],[139.132817387581,34.2220401355146],[139.13273692131,34.2219780356244],[139.132624268532,34.2219115000276],[139.13254648447,34.2219802534776],[139.132479429245,34.2220090855695],[139.132280945778,34.2220467890743],[139.132200479507,34.2221155425243],[139.132141470909,34.2221931673871],[139.132042229176,34.222290752929],[139.13194835186,34.2223417635532],[139.131846427917,34.2223839027644],[139.131739139557,34.2224127348563],[139.13167744875,34.2224415669482],[139.13162112236,34.2224925775724],[139.131570160389,34.2226677879771],[139.131516516209,34.2227365414271],[139.131465554237,34.2227698092254],[139.131438732147,34.2227764627851],[139.131366312504,34.2227986413174],[139.131272435188,34.2227986413174],[139.130859375,34.2227210164545],[139.13009762764,34.2226522630046],[139.129968881607,34.222656698711],[139.129727482796,34.2226833129497],[139.129456579685,34.2227520663997],[139.129319787025,34.2227942056109],[139.12922590971,34.2228097305835],[139.12914276123,34.222805294877],[139.128992557526,34.2227631556658],[139.128893315792,34.2227121450416],[139.128617048264,34.2225147561047],[139.1285982728,34.2224748347466],[139.128584861755,34.2223617242322],[139.128590226173,34.222221999479],[139.128609001637,34.2221266317904],[139.12876188755,34.2216985861181],[139.128807485104,34.2216076541359],[139.1289255023,34.2214479687038],[139.129368066788,34.2209289910493],[139.129417860572,34.2208734966473],[139.129491448402,34.2207914841494],[139.129598736763,34.2207205128462],[139.13080573082,34.220343477798],[139.130859375,34.2203212992658],[139.130904972553,34.2202991207336],[139.131060540676,34.2201970994852],[139.131162464619,34.2200950782369],[139.131226837635,34.220006364108],[139.131339490414,34.2198001037581],[139.131419956684,34.2197136074823],[139.131503105164,34.2196515075921],[139.13162112236,34.2195849719953],[139.131709635258,34.2195583577566],[139.133096337318,34.2193121760487],[139.133206307888,34.2192833439568],[139.133273363113,34.219245640452],[139.133332371712,34.2191946298278],[139.133361876011,34.2191391834972],[139.133404791355,34.2189905873312],[139.133473571035,34.2188790302456],[139.13347452879,34.2188774768168],[139.133536219597,34.2188020698071],[139.133707880974,34.2185980273105],[139.134056568146,34.2182121208495],[139.134284555912,34.2180613068302],[139.134314060211,34.2180102962061],[139.134306013584,34.2179193642239],[139.134287238121,34.2175622898548],[139.134279191494,34.2174979721112],[139.134265780449,34.2173759901839],[139.134247004986,34.2172207404582],[139.134169813266,34.2170540785862],[139.134102165699,34.2169080231536],[139.134053885937,34.2168392697036],[139.133917093277,34.2168170911714],[139.133402109146,34.2167061985102],[139.133332371712,34.2166840199779],[139.133286774158,34.2166707128586],[139.133278727531,34.2166684950054],[139.133222401142,34.2166507521796],[139.133166074753,34.2166197022344],[139.132849574089,34.2164821953345],[139.131849110126,34.2163446884346],[139.131157100201,34.2161317515667],[139.130988121033,34.216056336426],[139.130859375,34.2159875755625],[139.130789637566,34.2159321232531],[139.130693078041,34.2157790748793],[139.130628705025,34.215652643614],[139.13061529398,34.2155794465657],[139.130604565144,34.2154263981919],[139.13061529398,34.2153687277902],[139.130676984787,34.215319929758],[139.130709171295,34.2152977488343],[139.130760133266,34.21528444028],[139.130859375,34.2152800040953],[139.130896925926,34.2152777860029],[139.130953252316,34.2152600412639],[139.131047129631,34.2151957165851],[139.131178557873,34.2150892481511],[139.131269752979,34.2149716892553],[139.131492376328,34.2147343533714],[139.131524562836,34.2146833372468],[139.131532609463,34.2146301030298],[139.131529927254,34.2141753940932],[139.13154065609,34.2138604249762],[139.131449460983,34.2132925933285],[139.131476283073,34.2124319734876],[139.131465554237,34.2121569300332],[139.131516516209,34.2119817007357],[139.131637215614,34.2117798543297],[139.13173109293,34.2117244020204],[139.131765961647,34.2117133115585],[139.131798148155,34.211704439189],[139.132157564163,34.2116622954339],[139.132385551929,34.2116245878636],[139.132447242737,34.2115979707551],[139.132527709007,34.2115247737067],[139.133053421974,34.2109813410752],[139.133187532425,34.2108327288862],[139.133217036724,34.2107817127616],[139.133332371712,34.2102493705919],[139.133343100548,34.2101939182826],[139.133372604847,34.2101007584029],[139.133439660072,34.209905566274],[139.133509397507,34.2091536329594],[139.133469164371,34.2090560368949],[139.133431613445,34.2090338559712],[139.133332371712,34.2090005845856],[139.133112430573,34.2089362599067],[139.132908582687,34.2088941161517],[139.132887125015,34.2088453181194],[139.132876396179,34.208783211533],[139.132938086987,34.2084127901066],[139.132943451405,34.2083351568735],[139.132948815823,34.2082663960099],[139.132954180241,34.2082065075158],[139.132970273495,34.2081488371141],[139.133058786392,34.2079824801861],[139.133249223232,34.2076475482377],[139.133332371712,34.2074434837393],[139.133386015892,34.2073126162893],[139.133332371712,34.2073237067511],[139.13328140974,34.2073325791206],[139.131725728512,34.2077761975954],[139.131441128767,34.2078647586229]]},"properties":{"id":"F028:3:SHP0006","feed_id":"F028","feed_slug":"kozushima-village-bus","municipality":"神津島村","service_name":"村営バス","license":"CC BY 4.0","source_route_id":"3","route_short_name":null,"route_long_name":"西海岸ルート：温泉保養センター・赤崎遊歩道方面","route_desc":null,"route_type":3,"route_url":null,"route_color":null,"route_text_color":"000000","directions":["0"],"geometry_source":"shapes.txt"}},{"type":"Feature","id":"F028:3:SHP0017","geometry":{"type":"LineString","coordinates":[[139.131441128767,34.2078647586229],[139.131725728512,34.2077761975954],[139.13328140974,34.2073325791206],[139.133332371712,34.2073237067511],[139.133386015892,34.2073126162893],[139.133332371712,34.2074434837393],[139.133249223232,34.2076475482377],[139.133058786392,34.2079824801861],[139.132970273495,34.2081488371141],[139.132954180241,34.2082065075158],[139.132948815823,34.2082663960099],[139.132943451405,34.2083351568735],[139.132938086987,34.2084127901066],[139.132876396179,34.208783211533],[139.132887125015,34.2088453181194],[139.132908582687,34.2088941161517],[139.133112430573,34.2089362599067],[139.133332371712,34.2090005845856],[139.133431613445,34.2090338559712],[139.133469164371,34.2090560368949],[139.133509397507,34.2091536329594],[139.133439660072,34.209905566274],[139.133372604847,34.2101007584029],[139.133343100548,34.2101939182826],[139.133332371712,34.2102493705919],[139.133217036724,34.2107817127616],[139.133187532425,34.2108327288862],[139.133053421974,34.2109813410752],[139.132527709007,34.2115247737067],[139.132447242737,34.2115979707551],[139.132385551929,34.2116245878636],[139.132157564163,34.2116622954339],[139.131798148155,34.211704439189],[139.131765961647,34.2117133115585],[139.13173109293,34.2117244020204],[139.131637215614,34.2117798543297],[139.131516516209,34.2119817007357],[139.131465554237,34.2121569300332],[139.131476283073,34.2124319734876],[139.131449460983,34.2132925933285],[139.13154065609,34.2138604249762],[139.131529927254,34.2141753940932],[139.131532609463,34.2146301030298],[139.131524562836,34.2146833372468],[139.131492376328,34.2147343533714],[139.131269752979,34.2149716892553],[139.131178557873,34.2150892481511],[139.131047129631,34.2151957165851],[139.130953252316,34.2152600412639],[139.130896925926,34.2152777860029],[139.130859375,34.2152800040953],[139.130760133266,34.21528444028],[139.130709171295,34.2152977488343],[139.130676984787,34.215319929758],[139.13061529398,34.2153687277902],[139.130604565144,34.2154263981919],[139.13061529398,34.2155794465657],[139.130628705025,34.215652643614],[139.130693078041,34.2157790748793],[139.130789637566,34.2159321232531],[139.130859375,34.2159875755625],[139.130988121033,34.216056336426],[139.131157100201,34.2161317515667],[139.131849110126,34.2163446884346],[139.132849574089,34.2164821953345],[139.133166074753,34.2166197022344],[139.133222401142,34.2166507521796],[139.133278727531,34.2166684950054],[139.133286774158,34.2166707128586],[139.133332371712,34.2166840199779],[139.133402109146,34.2167061985102],[139.133917093277,34.2168170911714],[139.134053885937,34.2168392697036],[139.134102165699,34.2169080231536],[139.134169813266,34.2170540785862],[139.134247004986,34.2172207404582],[139.134265780449,34.2173759901839],[139.134279191494,34.2174979721112],[139.134287238121,34.2175622898548],[139.134306013584,34.2179193642239],[139.134314060211,34.2180102962061],[139.134284555912,34.2180613068302],[139.134056568146,34.2182121208495],[139.133707880974,34.2185980273105],[139.133536219597,34.2188020698071],[139.13347452879,34.2188774768168],[139.133473571035,34.2188790302456],[139.133404791355,34.2189905873312],[139.133361876011,34.2191391834972],[139.133332371712,34.2191946298278],[139.133273363113,34.219245640452],[139.133206307888,34.2192833439568],[139.133096337318,34.2193121760487],[139.131709635258,34.2195583577566],[139.13162112236,34.2195849719953],[139.131503105164,34.2196515075921],[139.131419956684,34.2197136074823],[139.131339490414,34.2198001037581],[139.131226837635,34.220006364108],[139.131162464619,34.2200950782369],[139.131060540676,34.2201970994852],[139.130904972553,34.2202991207336],[139.130859375,34.2203212992658],[139.13080573082,34.220343477798],[139.129598736763,34.2207205128462],[139.129491448402,34.2207914841494],[139.129417860572,34.2208734966473],[139.129368066788,34.2209289910493],[139.1289255023,34.2214479687038],[139.128807485104,34.2216076541359],[139.12876188755,34.2216985861181],[139.128609001637,34.2221266317904],[139.128590226173,34.222221999479],[139.128584861755,34.2223617242322],[139.1285982728,34.2224748347466],[139.128617048264,34.2225147561047],[139.128893315792,34.2227121450416],[139.128992557526,34.2227631556658],[139.12914276123,34.222805294877],[139.12922590971,34.2228097305835],[139.129319787025,34.2227942056109],[139.129456579685,34.2227520663997],[139.129727482796,34.2226833129497],[139.129968881607,34.222656698711],[139.13009762764,34.2226522630046],[139.130859375,34.2227210164545],[139.131272435188,34.2227986413174],[139.131366312504,34.2227986413174],[139.131438732147,34.2227764627851],[139.131465554237,34.2227698092254],[139.131516516209,34.2227365414271],[139.131570160389,34.2226677879771],[139.13162112236,34.2224925775724],[139.13167744875,34.2224415669482],[139.131739139557,34.2224127348563],[139.131846427917,34.2223839027644],[139.13194835186,34.2223417635532],[139.132042229176,34.222290752929],[139.132141470909,34.2221931673871],[139.132200479507,34.2221155425243],[139.132280945778,34.2220467890743],[139.132479429245,34.2220090855695],[139.13254648447,34.2219802534776],[139.132624268532,34.2219115000276],[139.13273692131,34.2219780356244],[139.132817387581,34.2220401355146],[139.132959544659,34.2221266317904],[139.13306415081,34.222162117442],[139.13331091404,34.2222042566532],[139.133332371712,34.2222064745065],[139.133369922638,34.2222153459194],[139.13344502449,34.2222486137177],[139.134104847908,34.2229671981624],[139.134187996387,34.2230159909333],[139.134287238121,34.2230470408785],[139.134504497051,34.2230270801995],[139.134708344936,34.2230292980527],[139.134799540043,34.2230647837043],[139.134877324104,34.2231047050623],[139.135062396526,34.2234240759266],[139.135150909424,34.2235305328814],[139.135266244411,34.2236148113039],[139.135403037071,34.2236791290474],[139.135545194149,34.2237168325522],[139.135708808899,34.2237744967361],[139.135845601559,34.2238454680392],[139.136036038399,34.2239674499666],[139.136261343956,34.2241182639858],[139.136800467968,34.2250009695691],[139.137041866779,34.2254290152414],[139.137100875378,34.2255310254875],[139.13742005825,34.2265843921589],[139.137481749058,34.2269214694937],[139.13755685091,34.2272430235302],[139.137664139271,34.2274625673207],[139.137731194496,34.2275446190404],[139.137733876705,34.2276311059881],[139.137733876705,34.2276776758831],[139.137744385475,34.2278528941376],[139.137749969959,34.2279460071825],[139.137607812881,34.228462711255],[139.137513935566,34.2286379027645],[139.137430787086,34.2287465658528],[139.137256443501,34.2289195397483],[139.137114286423,34.2290392909067],[139.13701236248,34.2290792079595],[139.136894345284,34.2291679125213],[139.136779010296,34.2292610523112],[139.136706590652,34.2293785858556],[139.13668513298,34.2294783784876],[139.13668513298,34.2295759535056],[139.13676828146,34.2298864194719],[139.13684874773,34.2301237041747],[139.136808514595,34.2304940457202],[139.136779010296,34.2307113718966],[139.136738777161,34.2308998690905],[139.136706590652,34.2309442213714],[139.13652151823,34.2311038895826],[139.136258661747,34.231518583409],[139.13619697094,34.2316294641113],[139.136183559895,34.2317070806029],[139.136202335358,34.2319709766742],[139.13616746664,34.2322969659388],[139.136170148849,34.2323790176585],[139.136194288731,34.2324388932377],[139.136328399181,34.2326872660107],[139.136379361153,34.2328757632046],[139.136406183243,34.2331063950653],[139.136408865452,34.2332571928203],[139.136400818825,34.2333148507855],[139.136390089989,34.2333348093119],[139.136347174644,34.2334279491018],[139.136269390583,34.2335565707164],[139.13619697094,34.2336386224361],[139.135749042034,34.2339158241917],[139.135668575764,34.2339912230692],[139.135577380657,34.234126497526],[139.135381579399,34.2345123623698],[139.135360121727,34.2345700141155],[139.135338664055,34.2347584909766],[139.135341346264,34.2348915334667],[139.1353520751,34.2349314462138],[139.13540571928,34.2350157064575],[139.135496914387,34.2351154883251],[139.135521054268,34.2351797921954],[139.135555922985,34.235441442426],[139.135566651821,34.2355944412897],[139.135590791702,34.2356742667838],[139.135644435883,34.2357829181507],[139.135730266571,34.2359070911415],[139.135829508305,34.2360157425085],[139.136287544659,34.2362847885543],[139.13644105196,34.2363749572319],[139.136669039726,34.2365479124691],[139.137052595615,34.2368672144455],[139.137135744095,34.2369448225647],[139.137232303619,34.237022430684],[139.137323498726,34.2370800824297],[139.138069152832,34.2373816454074],[139.138133525848,34.2374304276538],[139.138254225254,34.2375745570181],[139.138275682926,34.237643295638],[139.138275682926,34.2377075995082],[139.138055741787,34.2384681590769],[139.138050377369,34.238521376073],[139.138071835041,34.2387054181844],[139.138066470623,34.2387630699301],[139.138018190861,34.2388384606745],[139.137959182262,34.2388961124203],[139.137886762619,34.2389848074137],[139.137835800648,34.2390668502826],[139.137800931931,34.2391732842747],[139.137787520885,34.2392863703914],[139.137811660767,34.2396544546141],[139.137779474258,34.2397320627334],[139.137664139271,34.2398695399732],[139.13763999939,34.2399227569692],[139.137626588345,34.2399737565905],[139.137629270554,34.2399914955892],[139.137629270554,34.240038]]},"properties":{"id":"F028:3:SHP0017","feed_id":"F028","feed_slug":"kozushima-village-bus","municipality":"神津島村","service_name":"村営バス","license":"CC BY 4.0","source_route_id":"3","route_short_name":null,"route_long_name":"西海岸ルート：温泉保養センター・赤崎遊歩道方面","route_desc":null,"route_type":3,"route_url":null,"route_color":null,"route_text_color":"000000","directions":["1"],"geometry_source":"shapes.txt"}},{"type":"Feature","id":"F028:3:SHP0018","geometry":{"type":"LineString","coordinates":[[139.131441128767,34.2078647586229],[139.131725728512,34.2077761975954],[139.13328140974,34.2073325791206],[139.133332371712,34.2073237067511],[139.133386015892,34.2073126162893],[139.133332371712,34.2074434837393],[139.133249223232,34.2076475482377],[139.133058786392,34.2079824801861],[139.132970273495,34.2081488371141],[139.132954180241,34.2082065075158],[139.132948815823,34.2082663960099],[139.132943451405,34.2083351568735],[139.132938086987,34.2084127901066],[139.132876396179,34.208783211533],[139.132887125015,34.2088453181194],[139.132908582687,34.2088941161517],[139.133112430573,34.2089362599067],[139.133332371712,34.2090005845856],[139.133431613445,34.2090338559712],[139.133469164371,34.2090560368949],[139.133509397507,34.2091536329594],[139.133439660072,34.209905566274],[139.133372604847,34.2101007584029],[139.133343100548,34.2101939182826],[139.133332371712,34.2102493705919],[139.133217036724,34.2107817127616],[139.133187532425,34.2108327288862],[139.133053421974,34.2109813410752],[139.132527709007,34.2115247737067],[139.132447242737,34.2115979707551],[139.132385551929,34.2116245878636],[139.132157564163,34.2116622954339],[139.131798148155,34.211704439189],[139.131765961647,34.2117133115585],[139.13173109293,34.2117244020204],[139.131637215614,34.2117798543297],[139.131516516209,34.2119817007357],[139.131465554237,34.2121569300332],[139.131476283073,34.2124319734876],[139.131449460983,34.2132925933285],[139.13154065609,34.2138604249762],[139.131529927254,34.2141753940932],[139.131532609463,34.2146301030298],[139.131524562836,34.2146833372468],[139.131492376328,34.2147343533714],[139.131269752979,34.2149716892553],[139.131178557873,34.2150892481511],[139.131047129631,34.2151957165851],[139.130953252316,34.2152600412639],[139.130896925926,34.2152777860029],[139.130859375,34.2152800040953],[139.130760133266,34.21528444028],[139.130709171295,34.2152977488343],[139.130676984787,34.215319929758],[139.13061529398,34.2153687277902],[139.130604565144,34.2154263981919],[139.13061529398,34.2155794465657],[139.130628705025,34.215652643614],[139.130693078041,34.2157790748793],[139.130789637566,34.2159321232531],[139.130859375,34.2159875755625],[139.130988121033,34.216056336426],[139.131157100201,34.2161317515667],[139.131849110126,34.2163446884346],[139.132849574089,34.2164821953345],[139.133166074753,34.2166197022344],[139.133222401142,34.2166507521796],[139.133278727531,34.2166684950054],[139.133286774158,34.2166707128586],[139.133332371712,34.2166840199779],[139.133402109146,34.2167061985102],[139.133917093277,34.2168170911714],[139.134053885937,34.2168392697036],[139.134102165699,34.2169080231536],[139.134169813266,34.2170540785862],[139.134247004986,34.2172207404582],[139.134265780449,34.2173759901839],[139.134279191494,34.2174979721112],[139.134287238121,34.2175622898548],[139.134306013584,34.2179193642239],[139.134314060211,34.2180102962061],[139.134284555912,34.2180613068302],[139.134056568146,34.2182121208495],[139.133707880974,34.2185980273105],[139.133536219597,34.2188020698071],[139.13347452879,34.2188774768168],[139.133473571035,34.2188790302456],[139.133404791355,34.2189905873312],[139.133361876011,34.2191391834972],[139.133332371712,34.2191946298278],[139.133273363113,34.219245640452],[139.133206307888,34.2192833439568],[139.133096337318,34.2193121760487],[139.131709635258,34.2195583577566],[139.13162112236,34.2195849719953],[139.131503105164,34.2196515075921],[139.131419956684,34.2197136074823],[139.131339490414,34.2198001037581],[139.131226837635,34.220006364108],[139.131162464619,34.2200950782369],[139.131060540676,34.2201970994852],[139.130904972553,34.2202991207336],[139.130859375,34.2203212992658],[139.13080573082,34.220343477798],[139.129598736763,34.2207205128462],[139.129491448402,34.2207914841494],[139.129417860572,34.2208734966473]]},"properties":{"id":"F028:3:SHP0018","feed_id":"F028","feed_slug":"kozushima-village-bus","municipality":"神津島村","service_name":"村営バス","license":"CC BY 4.0","source_route_id":"3","route_short_name":null,"route_long_name":"西海岸ルート：温泉保養センター・赤崎遊歩道方面","route_desc":null,"route_type":3,"route_url":null,"route_color":null,"route_text_color":"000000","directions":["1"],"geometry_source":"shapes.txt"}},{"type":"Feature","id":"F028:3:SHP0019","geometry":{"type":"LineString","coordinates":[[139.131441128767,34.2078647586229],[139.131725728512,34.2077761975954],[139.13328140974,34.2073325791206],[139.133332371712,34.2073237067511],[139.133386015892,34.2073126162893],[139.133332371712,34.2074434837393],[139.133249223232,34.2076475482377],[139.133058786392,34.2079824801861],[139.132970273495,34.2081488371141],[139.132954180241,34.2082065075158],[139.132948815823,34.2082663960099],[139.132943451405,34.2083351568735],[139.132938086987,34.2084127901066],[139.132876396179,34.208783211533],[139.132887125015,34.2088453181194],[139.132908582687,34.2088941161517],[139.133112430573,34.2089362599067],[139.133332371712,34.2090005845856],[139.133431613445,34.2090338559712],[139.133469164371,34.2090560368949],[139.133509397507,34.2091536329594],[139.133439660072,34.209905566274],[139.133372604847,34.2101007584029],[139.133343100548,34.2101939182826],[139.133332371712,34.2102493705919],[139.133217036724,34.2107817127616],[139.133187532425,34.2108327288862],[139.133053421974,34.2109813410752],[139.132527709007,34.2115247737067],[139.132447242737,34.2115979707551],[139.132385551929,34.2116245878636],[139.132157564163,34.2116622954339],[139.131798148155,34.211704439189],[139.131765961647,34.2117133115585],[139.13173109293,34.2117244020204],[139.131637215614,34.2117798543297],[139.131516516209,34.2119817007357],[139.131465554237,34.2121569300332],[139.131476283073,34.2124319734876],[139.131449460983,34.2132925933285],[139.13154065609,34.2138604249762],[139.131529927254,34.2141753940932],[139.131532609463,34.2146301030298],[139.131524562836,34.2146833372468],[139.131492376328,34.2147343533714],[139.131269752979,34.2149716892553],[139.131178557873,34.2150892481511],[139.131047129631,34.2151957165851],[139.130953252316,34.2152600412639],[139.130896925926,34.2152777860029],[139.130859375,34.2152800040953],[139.130760133266,34.21528444028],[139.130709171295,34.2152977488343],[139.130676984787,34.215319929758],[139.13061529398,34.2153687277902],[139.130604565144,34.2154263981919],[139.13061529398,34.2155794465657],[139.130628705025,34.215652643614],[139.130693078041,34.2157790748793],[139.130789637566,34.2159321232531],[139.130859375,34.2159875755625],[139.130988121033,34.216056336426],[139.131157100201,34.2161317515667],[139.131849110126,34.2163446884346],[139.132849574089,34.2164821953345],[139.133166074753,34.2166197022344],[139.133222401142,34.2166507521796],[139.133278727531,34.2166684950054],[139.133286774158,34.2166707128586],[139.133332371712,34.2166840199779],[139.133402109146,34.2167061985102],[139.133917093277,34.2168170911714],[139.134053885937,34.2168392697036],[139.134102165699,34.2169080231536],[139.134169813266,34.2170540785862],[139.134247004986,34.2172207404582],[139.134265780449,34.2173759901839],[139.134279191494,34.2174979721112],[139.134287238121,34.2175622898548],[139.134306013584,34.2179193642239],[139.134314060211,34.2180102962061],[139.134284555912,34.2180613068302],[139.134056568146,34.2182121208495],[139.133707880974,34.2185980273105],[139.133536219597,34.2188020698071],[139.13347452879,34.2188774768168],[139.133473571035,34.2188790302456],[139.133404791355,34.2189905873312],[139.133361876011,34.2191391834972],[139.133332371712,34.2191946298278],[139.133273363113,34.219245640452],[139.133206307888,34.2192833439568],[139.133096337318,34.2193121760487],[139.131709635258,34.2195583577566],[139.13162112236,34.2195849719953],[139.131503105164,34.2196515075921],[139.131419956684,34.2197136074823],[139.131339490414,34.2198001037581],[139.131226837635,34.220006364108],[139.131162464619,34.2200950782369],[139.131060540676,34.2201970994852],[139.130904972553,34.2202991207336],[139.130859375,34.2203212992658],[139.13080573082,34.220343477798],[139.129598736763,34.2207205128462],[139.129491448402,34.2207914841494],[139.129417860572,34.2208734966473],[139.129368066788,34.2209289910493],[139.1289255023,34.2214479687038],[139.128807485104,34.2216076541359],[139.12876188755,34.2216985861181],[139.128609001637,34.2221266317904],[139.128590226173,34.222221999479],[139.128584861755,34.2223617242322],[139.1285982728,34.2224748347466],[139.128617048264,34.2225147561047],[139.128893315792,34.2227121450416],[139.128992557526,34.2227631556658],[139.12914276123,34.222805294877],[139.12922590971,34.2228097305835],[139.129319787025,34.2227942056109],[139.129456579685,34.2227520663997],[139.129727482796,34.2226833129497],[139.129968881607,34.222656698711],[139.13009762764,34.2226522630046],[139.130859375,34.2227210164545],[139.131272435188,34.2227986413174],[139.131366312504,34.2227986413174],[139.131438732147,34.2227764627851],[139.131465554237,34.2227698092254],[139.131516516209,34.2227365414271],[139.131570160389,34.2226677879771],[139.13162112236,34.2224925775724],[139.13167744875,34.2224415669482],[139.131739139557,34.2224127348563],[139.131846427917,34.2223839027644],[139.13194835186,34.2223417635532],[139.132042229176,34.222290752929],[139.132141470909,34.2221931673871],[139.132200479507,34.2221155425243],[139.132280945778,34.2220467890743],[139.132479429245,34.2220090855695],[139.13254648447,34.2219802534776],[139.132624268532,34.2219115000276],[139.13273692131,34.2219780356244],[139.132817387581,34.2220401355146],[139.132959544659,34.2221266317904],[139.13306415081,34.222162117442],[139.13331091404,34.2222042566532],[139.133332371712,34.2222064745065],[139.133369922638,34.2222153459194],[139.13344502449,34.2222486137177],[139.134104847908,34.2229671981624],[139.134187996387,34.2230159909333],[139.134287238121,34.2230470408785],[139.134504497051,34.2230270801995],[139.134708344936,34.2230292980527],[139.134799540043,34.2230647837043],[139.134877324104,34.2231047050623],[139.135062396526,34.2234240759266],[139.135150909424,34.2235305328814],[139.135266244411,34.2236148113039],[139.135403037071,34.2236791290474],[139.135545194149,34.2237168325522],[139.135708808899,34.2237744967361],[139.135845601559,34.2238454680392],[139.136036038399,34.2239674499666],[139.136261343956,34.2241182639858],[139.136800467968,34.2250009695691],[139.137041866779,34.2254290152414],[139.137100875378,34.2255310254875],[139.13742005825,34.2265843921589],[139.137481749058,34.2269214694937],[139.13755685091,34.2272430235302],[139.137664139271,34.2274625673207],[139.137731194496,34.2275446190404],[139.137733876705,34.2276311059881],[139.137733876705,34.2276776758831],[139.137744385475,34.2278528941376],[139.137749969959,34.2279460071825],[139.137607812881,34.228462711255],[139.137513935566,34.2286379027645],[139.137430787086,34.2287465658528],[139.137256443501,34.2289195397483],[139.137114286423,34.2290392909067],[139.13701236248,34.2290792079595],[139.136894345284,34.2291679125213],[139.136779010296,34.2292610523112],[139.136706590652,34.2293785858556],[139.13668513298,34.2294783784876],[139.13668513298,34.2295759535056],[139.13676828146,34.2298864194719],[139.13684874773,34.2301237041747],[139.136808514595,34.2304940457202],[139.136779010296,34.2307113718966],[139.136738777161,34.2308998690905],[139.136706590652,34.2309442213714],[139.13652151823,34.2311038895826],[139.136258661747,34.231518583409],[139.13619697094,34.2316294641113],[139.136183559895,34.2317070806029],[139.136202335358,34.2319709766742],[139.13616746664,34.2322969659388],[139.136170148849,34.2323790176585],[139.136194288731,34.2324388932377],[139.136328399181,34.2326872660107],[139.136379361153,34.2328757632046],[139.136406183243,34.2331063950653],[139.136408865452,34.2332571928203],[139.136400818825,34.2333148507855],[139.136390089989,34.2333348093119],[139.136347174644,34.2334279491018],[139.136269390583,34.2335565707164],[139.13619697094,34.2336386224361],[139.135749042034,34.2339158241917],[139.135668575764,34.2339912230692],[139.135577380657,34.234126497526],[139.135381579399,34.2345123623698],[139.135360121727,34.2345700141155],[139.135338664055,34.2347584909766],[139.135341346264,34.2348915334667],[139.1353520751,34.2349314462138],[139.13540571928,34.2350157064575],[139.135496914387,34.2351154883251],[139.135521054268,34.2351797921954],[139.135555922985,34.235441442426],[139.135566651821,34.2355944412897],[139.135590791702,34.2356742667838],[139.135644435883,34.2357829181507],[139.135730266571,34.2359070911415],[139.135829508305,34.2360157425085],[139.136287544659,34.2362847885543],[139.13644105196,34.2363749572319],[139.136669039726,34.2365479124691],[139.137052595615,34.2368672144455],[139.137135744095,34.2369448225647],[139.137232303619,34.237022430684],[139.137323498726,34.2370800824297],[139.138069152832,34.2373816454074],[139.138133525848,34.2374304276538],[139.138254225254,34.2375745570181],[139.138275682926,34.237643295638],[139.138275682926,34.2377075995082],[139.138055741787,34.2384681590769],[139.138050377369,34.238521376073],[139.138071835041,34.2387054181844],[139.138066470623,34.2387630699301],[139.138018190861,34.2388384606745],[139.137959182262,34.2388961124203],[139.137886762619,34.2389848074137],[139.137835800648,34.2390668502826],[139.137800931931,34.2391732842747],[139.137787520885,34.2392863703914],[139.137811660767,34.2396544546141],[139.137779474258,34.2397320627334],[139.137664139271,34.2398695399732],[139.13763999939,34.2399227569692],[139.137626588345,34.2399737565905],[139.137629270554,34.2399914955892],[139.137629270554,34.240038]]},"properties":{"id":"F028:3:SHP0019","feed_id":"F028","feed_slug":"kozushima-village-bus","municipality":"神津島村","service_name":"村営バス","license":"CC BY 4.0","source_route_id":"3","route_short_name":null,"route_long_name":"西海岸ルート：温泉保養センター・赤崎遊歩道方面","route_desc":null,"route_type":3,"route_url":null,"route_color":null,"route_text_color":"000000","directions":["1"],"geometry_source":"shapes.txt"}},{"type":"Feature","id":"F028:3:SHP0020","geometry":{"type":"LineString","coordinates":[[139.137629270554,34.240038],[139.137629270554,34.2399914955892],[139.137626588345,34.2399737565905],[139.13763999939,34.2399227569692],[139.137664139271,34.2398695399732],[139.137779474258,34.2397320627334],[139.137811660767,34.2396544546141],[139.137787520885,34.2392863703914],[139.137800931931,34.2391732842747],[139.137835800648,34.2390668502826],[139.137886762619,34.2389848074137],[139.137959182262,34.2388961124203],[139.138018190861,34.2388384606745],[139.138066470623,34.2387630699301],[139.138071835041,34.2387054181844],[139.138050377369,34.238521376073],[139.138055741787,34.2384681590769],[139.138275682926,34.2377075995082],[139.138275682926,34.237643295638],[139.138254225254,34.2375745570181],[139.138133525848,34.2374304276538],[139.138069152832,34.2373816454074],[139.137323498726,34.2370800824297],[139.137232303619,34.237022430684],[139.137135744095,34.2369448225647],[139.137052595615,34.2368672144455],[139.136669039726,34.2365479124691],[139.13644105196,34.2363749572319],[139.136287544659,34.2362847885543],[139.135829508305,34.2360157425085],[139.135730266571,34.2359070911415],[139.135644435883,34.2357829181507],[139.135590791702,34.2356742667838],[139.135566651821,34.2355944412897],[139.135555922985,34.235441442426],[139.135521054268,34.2351797921954],[139.135496914387,34.2351154883251],[139.13540571928,34.2350157064575],[139.1353520751,34.2349314462138],[139.135341346264,34.2348915334667],[139.135338664055,34.2347584909766],[139.135360121727,34.2345700141155],[139.135381579399,34.2345123623698],[139.135577380657,34.234126497526],[139.135668575764,34.2339912230692],[139.135749042034,34.2339158241917],[139.13619697094,34.2336386224361],[139.136269390583,34.2335565707164],[139.136347174644,34.2334279491018],[139.136390089989,34.2333348093119],[139.136400818825,34.2333148507855],[139.136408865452,34.2332571928203],[139.136406183243,34.2331063950653],[139.136379361153,34.2328757632046],[139.136328399181,34.2326872660107],[139.136194288731,34.2324388932377],[139.136170148849,34.2323790176585],[139.13616746664,34.2322969659388],[139.136202335358,34.2319709766742],[139.136183559895,34.2317070806029],[139.13619697094,34.2316294641113],[139.136258661747,34.231518583409],[139.13652151823,34.2311038895826],[139.136706590652,34.2309442213714],[139.136738777161,34.2308998690905],[139.136779010296,34.2307113718966],[139.136808514595,34.2304940457202],[139.13684874773,34.2301237041747],[139.13676828146,34.2298864194719],[139.13668513298,34.2295759535056],[139.13668513298,34.2294783784876],[139.136706590652,34.2293785858556],[139.136779010296,34.2292610523112],[139.136894345284,34.2291679125213],[139.13701236248,34.2290792079595],[139.137114286423,34.2290392909067],[139.137256443501,34.2289195397483],[139.137430787086,34.2287465658528],[139.137513935566,34.2286379027645],[139.137607812881,34.228462711255],[139.137749969959,34.2279460071825],[139.137744385475,34.2278528941376],[139.137733876705,34.2276776758831],[139.137733876705,34.2276311059881],[139.137731194496,34.2275446190404],[139.137664139271,34.2274625673207],[139.13755685091,34.2272430235302],[139.137481749058,34.2269214694937],[139.13742005825,34.2265843921589],[139.137100875378,34.2255310254875],[139.137041866779,34.2254290152414],[139.136800467968,34.2250009695691],[139.136261343956,34.2241182639858],[139.136036038399,34.2239674499666],[139.135845601559,34.2238454680392],[139.135708808899,34.2237744967361],[139.135545194149,34.2237168325522],[139.135403037071,34.2236791290474],[139.135266244411,34.2236148113039],[139.135150909424,34.2235305328814],[139.135062396526,34.2234240759266],[139.134877324104,34.2231047050623],[139.134799540043,34.2230647837043],[139.134708344936,34.2230292980527],[139.134504497051,34.2230270801995],[139.134287238121,34.2230470408785],[139.134187996387,34.2230159909333],[139.134104847908,34.2229671981624],[139.13344502449,34.2222486137177],[139.133369922638,34.2222153459194],[139.133332371712,34.2222064745065],[139.13331091404,34.2222042566532],[139.13306415081,34.222162117442],[139.132959544659,34.2221266317904],[139.132817387581,34.2220401355146],[139.13273692131,34.2219780356244],[139.132624268532,34.2219115000276],[139.13254648447,34.2219802534776],[139.132479429245,34.2220090855695],[139.132280945778,34.2220467890743],[139.132200479507,34.2221155425243],[139.132141470909,34.2221931673871],[139.132042229176,34.222290752929],[139.13194835186,34.2223417635532],[139.131846427917,34.2223839027644],[139.131739139557,34.2224127348563],[139.13167744875,34.2224415669482],[139.13162112236,34.2224925775724],[139.131570160389,34.2226677879771],[139.131516516209,34.2227365414271],[139.131465554237,34.2227698092254],[139.131438732147,34.2227764627851],[139.131366312504,34.2227986413174],[139.131272435188,34.2227986413174],[139.130859375,34.2227210164545],[139.13009762764,34.2226522630046],[139.129968881607,34.222656698711],[139.129727482796,34.2226833129497],[139.129456579685,34.2227520663997],[139.129319787025,34.2227942056109],[139.12922590971,34.2228097305835],[139.12914276123,34.222805294877],[139.128992557526,34.2227631556658],[139.128893315792,34.2227121450416],[139.128617048264,34.2225147561047],[139.1285982728,34.2224748347466],[139.128584861755,34.2223617242322],[139.128590226173,34.222221999479],[139.128609001637,34.2221266317904],[139.12876188755,34.2216985861181],[139.128807485104,34.2216076541359],[139.1289255023,34.2214479687038],[139.129368066788,34.2209289910493],[139.129417860572,34.2208734966473],[139.129491448402,34.2207914841494],[139.129598736763,34.2207205128462],[139.13080573082,34.220343477798],[139.130859375,34.2203212992658],[139.130904972553,34.2202991207336],[139.131060540676,34.2201970994852],[139.131162464619,34.2200950782369],[139.131226837635,34.220006364108],[139.131339490414,34.2198001037581],[139.131419956684,34.2197136074823],[139.131503105164,34.2196515075921],[139.13162112236,34.2195849719953],[139.131709635258,34.2195583577566],[139.133096337318,34.2193121760487],[139.133206307888,34.2192833439568],[139.133273363113,34.219245640452],[139.133332371712,34.2191946298278],[139.133361876011,34.2191391834972],[139.133404791355,34.2189905873312],[139.133473571035,34.2188790302456],[139.13347452879,34.2188774768168],[139.133536219597,34.2188020698071],[139.133707880974,34.2185980273105],[139.134056568146,34.2182121208495],[139.134284555912,34.2180613068302],[139.134314060211,34.2180102962061],[139.134306013584,34.2179193642239],[139.134287238121,34.2175622898548],[139.134279191494,34.2174979721112],[139.134265780449,34.2173759901839],[139.134247004986,34.2172207404582],[139.134169813266,34.2170540785862],[139.134102165699,34.2169080231536],[139.134053885937,34.2168392697036],[139.133917093277,34.2168170911714],[139.133402109146,34.2167061985102],[139.133332371712,34.2166840199779],[139.133286774158,34.2166707128586],[139.133278727531,34.2166684950054],[139.133222401142,34.2166507521796],[139.133166074753,34.2166197022344],[139.132849574089,34.2164821953345],[139.131849110126,34.2163446884346],[139.131157100201,34.2161317515667],[139.130988121033,34.216056336426],[139.130859375,34.2159875755625],[139.130789637566,34.2159321232531],[139.130693078041,34.2157790748793],[139.130628705025,34.215652643614],[139.13061529398,34.2155794465657],[139.130604565144,34.2154263981919],[139.13061529398,34.2153687277902],[139.130676984787,34.215319929758],[139.130709171295,34.2152977488343],[139.130760133266,34.21528444028],[139.130859375,34.2152800040953],[139.130896925926,34.2152777860029],[139.130953252316,34.2152600412639],[139.131047129631,34.2151957165851],[139.131178557873,34.2150892481511],[139.131269752979,34.2149716892553],[139.131492376328,34.2147343533714],[139.131524562836,34.2146833372468],[139.131532609463,34.2146301030298],[139.131529927254,34.2141753940932],[139.13154065609,34.2138604249762],[139.131449460983,34.2132925933285],[139.131476283073,34.2124319734876],[139.131465554237,34.2121569300332],[139.131516516209,34.2119817007357],[139.131637215614,34.2117798543297],[139.13173109293,34.2117244020204],[139.131765961647,34.2117133115585],[139.131798148155,34.211704439189],[139.132157564163,34.2116622954339],[139.132385551929,34.2116245878636],[139.132447242737,34.2115979707551],[139.132527709007,34.2115247737067],[139.133053421974,34.2109813410752],[139.133187532425,34.2108327288862],[139.133217036724,34.2107817127616],[139.133332371712,34.2102493705919],[139.133343100548,34.2101939182826],[139.133372604847,34.2101007584029],[139.133439660072,34.209905566274],[139.133509397507,34.2091536329594],[139.133469164371,34.2090560368949],[139.133431613445,34.2090338559712],[139.133332371712,34.2090005845856],[139.133112430573,34.2089362599067],[139.132908582687,34.2088941161517],[139.132887125015,34.2088453181194],[139.132876396179,34.208783211533],[139.132938086987,34.2084127901066],[139.132943451405,34.2083351568735],[139.132948815823,34.2082663960099],[139.132954180241,34.2082065075158],[139.132970273495,34.2081488371141],[139.133058786392,34.2079824801861],[139.133249223232,34.2076475482377],[139.133332371712,34.2074434837393],[139.133386015892,34.2073126162893],[139.133332371712,34.2073237067511],[139.13328140974,34.2073325791206],[139.131725728512,34.2077761975954],[139.131441128767,34.2078647586229]]},"properties":{"id":"F028:3:SHP0020","feed_id":"F028","feed_slug":"kozushima-village-bus","municipality":"神津島村","service_name":"村営バス","license":"CC BY 4.0","source_route_id":"3","route_short_name":null,"route_long_name":"西海岸ルート：温泉保養センター・赤崎遊歩道方面","route_desc":null,"route_type":3,"route_url":null,"route_color":null,"route_text_color":"000000","directions":["0"],"geometry_source":"shapes.txt"}},{"type":"Feature","id":"F028:3:SHP0021","geometry":{"type":"LineString","coordinates":[[139.129417860572,34.2208734966473],[139.129491448402,34.2207914841494],[139.129598736763,34.2207205128462],[139.13080573082,34.220343477798],[139.130859375,34.2203212992658],[139.130904972553,34.2202991207336],[139.131060540676,34.2201970994852],[139.131162464619,34.2200950782369],[139.131226837635,34.220006364108],[139.131339490414,34.2198001037581],[139.131419956684,34.2197136074823],[139.131503105164,34.2196515075921],[139.13162112236,34.2195849719953],[139.131709635258,34.2195583577566],[139.133096337318,34.2193121760487],[139.133206307888,34.2192833439568],[139.133273363113,34.219245640452],[139.133332371712,34.2191946298278],[139.133361876011,34.2191391834972],[139.133404791355,34.2189905873312],[139.133473571035,34.2188790302456],[139.13347452879,34.2188774768168],[139.133536219597,34.2188020698071],[139.133707880974,34.2185980273105],[139.134056568146,34.2182121208495],[139.134284555912,34.2180613068302],[139.134314060211,34.2180102962061],[139.134306013584,34.2179193642239],[139.134287238121,34.2175622898548],[139.134279191494,34.2174979721112],[139.134265780449,34.2173759901839],[139.134247004986,34.2172207404582],[139.134169813266,34.2170540785862],[139.134102165699,34.2169080231536],[139.134053885937,34.2168392697036],[139.133917093277,34.2168170911714],[139.133402109146,34.2167061985102],[139.133332371712,34.2166840199779],[139.133286774158,34.2166707128586],[139.133278727531,34.2166684950054],[139.133222401142,34.2166507521796],[139.133166074753,34.2166197022344],[139.132849574089,34.2164821953345],[139.131849110126,34.2163446884346],[139.131157100201,34.2161317515667],[139.130988121033,34.216056336426],[139.130859375,34.2159875755625],[139.130789637566,34.2159321232531],[139.130693078041,34.2157790748793],[139.130628705025,34.215652643614],[139.13061529398,34.2155794465657],[139.130604565144,34.2154263981919],[139.13061529398,34.2153687277902],[139.130676984787,34.215319929758],[139.130709171295,34.2152977488343],[139.130760133266,34.21528444028],[139.130859375,34.2152800040953],[139.130896925926,34.2152777860029],[139.130953252316,34.2152600412639],[139.131047129631,34.2151957165851],[139.131178557873,34.2150892481511],[139.131269752979,34.2149716892553],[139.131492376328,34.2147343533714],[139.131524562836,34.2146833372468],[139.131532609463,34.2146301030298],[139.131529927254,34.2141753940932],[139.13154065609,34.2138604249762],[139.131449460983,34.2132925933285],[139.131476283073,34.2124319734876],[139.131465554237,34.2121569300332],[139.131516516209,34.2119817007357],[139.131637215614,34.2117798543297],[139.13173109293,34.2117244020204],[139.131765961647,34.2117133115585],[139.131798148155,34.211704439189],[139.132157564163,34.2116622954339],[139.132385551929,34.2116245878636],[139.132447242737,34.2115979707551],[139.132527709007,34.2115247737067],[139.133053421974,34.2109813410752],[139.133187532425,34.2108327288862],[139.133217036724,34.2107817127616],[139.133332371712,34.2102493705919],[139.133343100548,34.2101939182826],[139.133372604847,34.2101007584029],[139.133439660072,34.209905566274],[139.133509397507,34.2091536329594],[139.133469164371,34.2090560368949],[139.133431613445,34.2090338559712],[139.133332371712,34.2090005845856],[139.133112430573,34.2089362599067],[139.132908582687,34.2088941161517],[139.132887125015,34.2088453181194],[139.132876396179,34.208783211533],[139.132938086987,34.2084127901066],[139.132943451405,34.2083351568735],[139.132948815823,34.2082663960099],[139.132954180241,34.2082065075158],[139.132970273495,34.2081488371141],[139.133058786392,34.2079824801861],[139.133249223232,34.2076475482377],[139.133332371712,34.2074434837393],[139.133386015892,34.2073126162893],[139.133332371712,34.2073237067511],[139.13328140974,34.2073325791206],[139.131725728512,34.2077761975954],[139.131441128767,34.2078647586229]]},"properties":{"id":"F028:3:SHP0021","feed_id":"F028","feed_slug":"kozushima-village-bus","municipality":"神津島村","service_name":"村営バス","license":"CC BY 4.0","source_route_id":"3","route_short_name":null,"route_long_name":"西海岸ルート：温泉保養センター・赤崎遊歩道方面","route_desc":null,"route_type":3,"route_url":null,"route_color":null,"route_text_color":"000000","directions":["0"],"geometry_source":"shapes.txt"}},{"type":"Feature","id":"F028:3:SHP0026","geometry":{"type":"LineString","coordinates":[[139.131441128767,34.2078647586229],[139.131725728512,34.2077761975954],[139.13328140974,34.2073325791206],[139.133332371712,34.2073237067511],[139.133386015892,34.2073126162893],[139.133332371712,34.2074434837393],[139.133249223232,34.2076475482377],[139.133058786392,34.2079824801861],[139.132970273495,34.2081488371141],[139.132954180241,34.2082065075158],[139.132948815823,34.2082663960099],[139.132943451405,34.2083351568735],[139.132938086987,34.2084127901066],[139.132876396179,34.208783211533],[139.132887125015,34.2088453181194],[139.132908582687,34.2088941161517],[139.133112430573,34.2089362599067],[139.133332371712,34.2090005845856],[139.133431613445,34.2090338559712],[139.133469164371,34.2090560368949],[139.133509397507,34.2091536329594],[139.133439660072,34.209905566274],[139.133372604847,34.2101007584029],[139.133343100548,34.2101939182826],[139.133332371712,34.2102493705919],[139.133217036724,34.2107817127616],[139.133187532425,34.2108327288862],[139.133053421974,34.2109813410752],[139.132527709007,34.2115247737067],[139.132447242737,34.2115979707551],[139.132385551929,34.2116245878636],[139.132157564163,34.2116622954339],[139.131798148155,34.211704439189],[139.131765961647,34.2117133115585],[139.13173109293,34.2117244020204],[139.131637215614,34.2117798543297],[139.131516516209,34.2119817007357],[139.131465554237,34.2121569300332],[139.131476283073,34.2124319734876],[139.131449460983,34.2132925933285],[139.13154065609,34.2138604249762],[139.131529927254,34.2141753940932],[139.131532609463,34.2146301030298],[139.131524562836,34.2146833372468],[139.131492376328,34.2147343533714],[139.131269752979,34.2149716892553],[139.131178557873,34.2150892481511],[139.131047129631,34.2151957165851],[139.130953252316,34.2152600412639],[139.130896925926,34.2152777860029],[139.130859375,34.2152800040953],[139.130760133266,34.21528444028],[139.130709171295,34.2152977488343],[139.130676984787,34.215319929758],[139.13061529398,34.2153687277902],[139.130604565144,34.2154263981919],[139.13061529398,34.2155794465657],[139.130628705025,34.215652643614],[139.130693078041,34.2157790748793],[139.130789637566,34.2159321232531],[139.130859375,34.2159875755625],[139.130988121033,34.216056336426],[139.131157100201,34.2161317515667],[139.131849110126,34.2163446884346],[139.132849574089,34.2164821953345],[139.133166074753,34.2166197022344],[139.133222401142,34.2166507521796],[139.133278727531,34.2166684950054],[139.133286774158,34.2166707128586],[139.133332371712,34.2166840199779],[139.133402109146,34.2167061985102],[139.133917093277,34.2168170911714],[139.134053885937,34.2168392697036],[139.134102165699,34.2169080231536],[139.134169813266,34.2170540785862],[139.134247004986,34.2172207404582],[139.134265780449,34.2173759901839],[139.134279191494,34.2174979721112],[139.134287238121,34.2175622898548],[139.134306013584,34.2179193642239],[139.134314060211,34.2180102962061],[139.134284555912,34.2180613068302],[139.134056568146,34.2182121208495],[139.133707880974,34.2185980273105],[139.133536219597,34.2188020698071],[139.13347452879,34.2188774768168],[139.133473571035,34.2188790302456],[139.133404791355,34.2189905873312],[139.133361876011,34.2191391834972],[139.133332371712,34.2191946298278],[139.133273363113,34.219245640452],[139.133206307888,34.2192833439568],[139.133096337318,34.2193121760487],[139.131709635258,34.2195583577566],[139.13162112236,34.2195849719953],[139.131503105164,34.2196515075921],[139.131419956684,34.2197136074823],[139.131339490414,34.2198001037581],[139.131226837635,34.220006364108],[139.131162464619,34.2200950782369],[139.131060540676,34.2201970994852],[139.130904972553,34.2202991207336],[139.130859375,34.2203212992658],[139.13080573082,34.220343477798],[139.129598736763,34.2207205128462],[139.129491448402,34.2207914841494],[139.129417860572,34.2208734966473],[139.129368066788,34.2209289910493],[139.1289255023,34.2214479687038],[139.128807485104,34.2216076541359],[139.12876188755,34.2216985861181],[139.128609001637,34.2221266317904],[139.128590226173,34.222221999479],[139.128584861755,34.2223617242322],[139.1285982728,34.2224748347466],[139.128617048264,34.2225147561047],[139.128893315792,34.2227121450416],[139.128992557526,34.2227631556658],[139.12914276123,34.222805294877],[139.12922590971,34.2228097305835],[139.129319787025,34.2227942056109],[139.129456579685,34.2227520663997],[139.129727482796,34.2226833129497],[139.129968881607,34.222656698711],[139.13009762764,34.2226522630046],[139.130859375,34.2227210164545],[139.131272435188,34.2227986413174],[139.131366312504,34.2227986413174],[139.131438732147,34.2227764627851],[139.131465554237,34.2227698092254],[139.131516516209,34.2227365414271],[139.131570160389,34.2226677879771],[139.13162112236,34.2224925775724],[139.13167744875,34.2224415669482],[139.131739139557,34.2224127348563],[139.131846427917,34.2223839027644],[139.13194835186,34.2223417635532],[139.132042229176,34.222290752929],[139.132141470909,34.2221931673871],[139.132200479507,34.2221155425243],[139.132280945778,34.2220467890743],[139.132479429245,34.2220090855695],[139.13254648447,34.2219802534776],[139.132624268532,34.2219115000276],[139.13273692131,34.2219780356244],[139.132817387581,34.2220401355146],[139.132959544659,34.2221266317904],[139.13306415081,34.222162117442],[139.13331091404,34.2222042566532],[139.133332371712,34.2222064745065],[139.133369922638,34.2222153459194],[139.13344502449,34.2222486137177],[139.134104847908,34.2229671981624],[139.134187996387,34.2230159909333],[139.134287238121,34.2230470408785],[139.134504497051,34.2230270801995],[139.134708344936,34.2230292980527],[139.134799540043,34.2230647837043],[139.134877324104,34.2231047050623],[139.135062396526,34.2234240759266],[139.135150909424,34.2235305328814],[139.135266244411,34.2236148113039],[139.135403037071,34.2236791290474],[139.135545194149,34.2237168325522],[139.135708808899,34.2237744967361],[139.135845601559,34.2238454680392],[139.136036038399,34.2239674499666],[139.136261343956,34.2241182639858],[139.136800467968,34.2250009695691],[139.137041866779,34.2254290152414],[139.137100875378,34.2255310254875],[139.13742005825,34.2265843921589],[139.137481749058,34.2269214694937],[139.13755685091,34.2272430235302],[139.137664139271,34.2274625673207],[139.137731194496,34.2275446190404],[139.137733876705,34.2276311059881],[139.137733876705,34.2276776758831],[139.137744385475,34.2278528941376],[139.137749969959,34.2279460071825],[139.137607812881,34.228462711255],[139.137513935566,34.2286379027645],[139.137430787086,34.2287465658528],[139.137256443501,34.2289195397483],[139.137114286423,34.2290392909067],[139.13701236248,34.2290792079595],[139.136894345284,34.2291679125213],[139.136779010296,34.2292610523112],[139.136706590652,34.2293785858556],[139.13668513298,34.2294783784876],[139.13668513298,34.2295759535056],[139.13676828146,34.2298864194719],[139.13684874773,34.2301237041747],[139.136808514595,34.2304940457202],[139.136779010296,34.2307113718966],[139.136738777161,34.2308998690905],[139.136706590652,34.2309442213714],[139.13652151823,34.2311038895826],[139.136258661747,34.231518583409],[139.13619697094,34.2316294641113],[139.136183559895,34.2317070806029],[139.136202335358,34.2319709766742],[139.13616746664,34.2322969659388],[139.136170148849,34.2323790176585],[139.136194288731,34.2324388932377],[139.136328399181,34.2326872660107],[139.136379361153,34.2328757632046],[139.136406183243,34.2331063950653],[139.136408865452,34.2332571928203],[139.136400818825,34.2333148507855],[139.136390089989,34.2333348093119],[139.136347174644,34.2334279491018],[139.136269390583,34.2335565707164],[139.13619697094,34.2336386224361],[139.135749042034,34.2339158241917],[139.135668575764,34.2339912230692],[139.135577380657,34.234126497526],[139.135381579399,34.2345123623698],[139.135360121727,34.2345700141155],[139.135338664055,34.2347584909766],[139.135341346264,34.2348915334667],[139.1353520751,34.2349314462138],[139.13540571928,34.2350157064575],[139.135496914387,34.2351154883251],[139.135521054268,34.2351797921954],[139.135555922985,34.235441442426],[139.135566651821,34.2355944412897],[139.135590791702,34.2356742667838],[139.135644435883,34.2357829181507],[139.135730266571,34.2359070911415],[139.135829508305,34.2360157425085],[139.136287544659,34.2362847885543],[139.13644105196,34.2363749572319],[139.136669039726,34.2365479124691],[139.137052595615,34.2368672144455],[139.137135744095,34.2369448225647],[139.137232303619,34.237022430684],[139.137323498726,34.2370800824297],[139.138069152832,34.2373816454074],[139.138133525848,34.2374304276538],[139.138254225254,34.2375745570181],[139.138275682926,34.237643295638],[139.138275682926,34.2377075995082],[139.138055741787,34.2384681590769],[139.138050377369,34.238521376073],[139.138071835041,34.2387054181844],[139.138066470623,34.2387630699301],[139.138018190861,34.2388384606745],[139.137959182262,34.2388961124203],[139.137886762619,34.2389848074137],[139.137835800648,34.2390668502826],[139.137800931931,34.2391732842747],[139.137787520885,34.2392863703914],[139.137811660767,34.2396544546141],[139.137779474258,34.2397320627334],[139.137664139271,34.2398695399732],[139.13763999939,34.2399227569692],[139.137626588345,34.2399737565905],[139.137629270554,34.2399914955892],[139.137629270554,34.240038]]},"properties":{"id":"F028:3:SHP0026","feed_id":"F028","feed_slug":"kozushima-village-bus","municipality":"神津島村","service_name":"村営バス","license":"CC BY 4.0","source_route_id":"3","route_short_name":null,"route_long_name":"西海岸ルート：温泉保養センター・赤崎遊歩道方面","route_desc":null,"route_type":3,"route_url":null,"route_color":null,"route_text_color":"000000","directions":["1"],"geometry_source":"shapes.txt"}},{"type":"Feature","id":"F028:3:SHP0027","geometry":{"type":"LineString","coordinates":[[139.131441128767,34.2078647586229],[139.131725728512,34.2077761975954],[139.13328140974,34.2073325791206],[139.133332371712,34.2073237067511],[139.133386015892,34.2073126162893],[139.133332371712,34.2074434837393],[139.133249223232,34.2076475482377],[139.133058786392,34.2079824801861],[139.132970273495,34.2081488371141],[139.132954180241,34.2082065075158],[139.132948815823,34.2082663960099],[139.132943451405,34.2083351568735],[139.132938086987,34.2084127901066],[139.132876396179,34.208783211533],[139.132887125015,34.2088453181194],[139.132908582687,34.2088941161517],[139.133112430573,34.2089362599067],[139.133332371712,34.2090005845856],[139.133431613445,34.2090338559712],[139.133469164371,34.2090560368949],[139.133509397507,34.2091536329594],[139.133439660072,34.209905566274],[139.133372604847,34.2101007584029],[139.133343100548,34.2101939182826],[139.133332371712,34.2102493705919],[139.133217036724,34.2107817127616],[139.133187532425,34.2108327288862],[139.133053421974,34.2109813410752],[139.132527709007,34.2115247737067],[139.132447242737,34.2115979707551],[139.132385551929,34.2116245878636],[139.132157564163,34.2116622954339],[139.131798148155,34.211704439189],[139.131765961647,34.2117133115585],[139.13173109293,34.2117244020204],[139.131637215614,34.2117798543297],[139.131516516209,34.2119817007357],[139.131465554237,34.2121569300332],[139.131476283073,34.2124319734876],[139.131449460983,34.2132925933285],[139.13154065609,34.2138604249762],[139.131529927254,34.2141753940932],[139.131532609463,34.2146301030298],[139.131524562836,34.2146833372468],[139.131492376328,34.2147343533714],[139.131269752979,34.2149716892553],[139.131178557873,34.2150892481511],[139.131047129631,34.2151957165851],[139.130953252316,34.2152600412639],[139.130896925926,34.2152777860029],[139.130859375,34.2152800040953],[139.130760133266,34.21528444028],[139.130709171295,34.2152977488343],[139.130676984787,34.215319929758],[139.13061529398,34.2153687277902],[139.130604565144,34.2154263981919],[139.13061529398,34.2155794465657],[139.130628705025,34.215652643614],[139.130693078041,34.2157790748793],[139.130789637566,34.2159321232531],[139.130859375,34.2159875755625],[139.130988121033,34.216056336426],[139.131157100201,34.2161317515667],[139.131849110126,34.2163446884346],[139.132849574089,34.2164821953345],[139.133166074753,34.2166197022344],[139.133222401142,34.2166507521796],[139.133278727531,34.2166684950054],[139.133286774158,34.2166707128586],[139.133332371712,34.2166840199779],[139.133402109146,34.2167061985102],[139.133917093277,34.2168170911714],[139.134053885937,34.2168392697036],[139.134102165699,34.2169080231536],[139.134169813266,34.2170540785862],[139.134247004986,34.2172207404582],[139.134265780449,34.2173759901839],[139.134279191494,34.2174979721112],[139.134287238121,34.2175622898548],[139.134306013584,34.2179193642239],[139.134314060211,34.2180102962061],[139.134284555912,34.2180613068302],[139.134056568146,34.2182121208495],[139.133707880974,34.2185980273105],[139.133536219597,34.2188020698071],[139.13347452879,34.2188774768168],[139.133473571035,34.2188790302456],[139.133404791355,34.2189905873312],[139.133361876011,34.2191391834972],[139.133332371712,34.2191946298278],[139.133273363113,34.219245640452],[139.133206307888,34.2192833439568],[139.133096337318,34.2193121760487],[139.131709635258,34.2195583577566],[139.13162112236,34.2195849719953],[139.131503105164,34.2196515075921],[139.131419956684,34.2197136074823],[139.131339490414,34.2198001037581],[139.131226837635,34.220006364108],[139.131162464619,34.2200950782369],[139.131060540676,34.2201970994852],[139.130904972553,34.2202991207336],[139.130859375,34.2203212992658],[139.13080573082,34.220343477798],[139.129598736763,34.2207205128462],[139.129491448402,34.2207914841494],[139.129417860572,34.2208734966473]]},"properties":{"id":"F028:3:SHP0027","feed_id":"F028","feed_slug":"kozushima-village-bus","municipality":"神津島村","service_name":"村営バス","license":"CC BY 4.0","source_route_id":"3","route_short_name":null,"route_long_name":"西海岸ルート：温泉保養センター・赤崎遊歩道方面","route_desc":null,"route_type":3,"route_url":null,"route_color":null,"route_text_color":"000000","directions":["1"],"geometry_source":"shapes.txt"}},{"type":"Feature","id":"F028:4:SHP0022","geometry":{"type":"LineString","coordinates":[[139.131441128767,34.2078647586229],[139.131725728512,34.2077761975954],[139.13328140974,34.2073325791206],[139.133332371712,34.2073237067511],[139.133386015892,34.2073126162893],[139.133404791355,34.2072593820723],[139.133455753326,34.2071151905253],[139.133552312851,34.2069177590224],[139.133796393871,34.2069044490334],[139.133960008621,34.2069221956854],[139.134539365768,34.2070796972214],[139.134866595268,34.2071506838291],[139.135145545006,34.2072482904148],[139.135177731514,34.2072593820723],[139.13603335619,34.2075521702656],[139.136231839657,34.2076054044826],[139.136483967304,34.2076919100852],[139.136626124382,34.2077651071335],[139.13684874773,34.20795808117],[139.13706600666,34.2082087256082],[139.137208163738,34.2083351568735],[139.137275218964,34.2083928272752],[139.137305157115,34.2084412175136],[139.137334227562,34.2084882052473],[139.137446880341,34.2085724927575],[139.138256907463,34.2089983664932],[139.138393700123,34.2090538188026],[139.138704836369,34.2090360740636],[139.138967692852,34.2091469786822],[139.139155447483,34.2092201757306],[139.13927346468,34.2092534471162],[139.139332473278,34.2092933727789],[139.139429032803,34.2094530754298],[139.139772355556,34.2096393951892],[139.139831364155,34.20966823039],[139.139992296696,34.2097813531011],[139.140011072159,34.2099077843664],[139.140024483204,34.2099987261537],[139.140013754368,34.2102316258529],[139.140027165413,34.2103136952708],[139.140056669712,34.2105865206327],[139.140129089355,34.2110279210151],[139.140147864819,34.2111743151117],[139.140147864819,34.2112719111762],[139.140048623085,34.2113983424415],[139.139758944511,34.2115669174619],[139.139689207077,34.2116356783254],[139.13968116045,34.211704439189],[139.139691889286,34.211757673406],[139.139732122421,34.2118109076229],[139.139823317528,34.2118863227636],[139.139973521233,34.2120371530451],[139.139978885651,34.2121059139086],[139.139962792397,34.2121658024027],[139.139756262302,34.212309978407],[139.139699935913,34.2123765211782],[139.139686524868,34.2124430639494],[139.139699935913,34.2125029524435],[139.139772355556,34.2125739313995],[139.139852821827,34.2126160751546],[139.140048623085,34.2126449103554],[139.140107631683,34.2126826179258],[139.140209555626,34.2127868682673],[139.140520691872,34.21313510877],[139.140512645245,34.2132282686497],[139.140453636646,34.2133524818226],[139.140327572823,34.2135875996142],[139.140271246433,34.2136341795541],[139.140142500401,34.213669669032],[139.139705300331,34.2137339937109],[139.139576554298,34.213776137466],[139.13930028677,34.2139336220245],[139.139192998409,34.214055617105],[139.139192998409,34.2140578351974],[139.139024019241,34.2143040434509],[139.138908684254,34.2143705862221],[139.138742387295,34.2144127299772],[139.138616323471,34.2144570918247],[139.137849211693,34.2146123582908],[139.137457609177,34.2146411934917],[139.137326180935,34.2146345392146],[139.137031137943,34.2145790869052],[139.136910438538,34.21458352309],[139.136835336685,34.2146012678289],[139.136754870415,34.2146411934917],[139.136687815189,34.2147299171866],[139.136677086353,34.215100338613],[139.136738777161,34.2152400784325],[139.136854112148,34.2153709458826],[139.136969447136,34.215450797208],[139.137079417706,34.215450797208],[139.137159883976,34.2154175258224],[139.137320816517,34.215319929758],[139.137406647205,34.2152822221876],[139.138004779816,34.2153576373283],[139.13807451725,34.2153753820673],[139.138149619102,34.2154463610233],[139.138315916061,34.215759112048],[139.13837492466,34.2158345271887],[139.138396382332,34.2158944156828],[139.138380289078,34.215960958454],[139.138326644897,34.2160607726108],[139.138248860836,34.2161583686752],[139.138138890266,34.2163446884346],[139.138133525848,34.2163535598475],[139.138179123402,34.2165598201974],[139.138168394566,34.2166330093538],[139.138149619102,34.2166684950054],[139.138055741787,34.2168303982907],[139.138036966324,34.2169168945665],[139.138063788414,34.2171586405679],[139.138023555279,34.2172362654308],[139.137945771217,34.2173050188807],[139.137865304947,34.2173538116517],[139.13777410984,34.2174425257806],[139.137704372406,34.217584468387],[139.137725830078,34.2177618966449],[139.137642681599,34.218059088977],[139.137642681599,34.2181145353076],[139.137699007988,34.2182431707946],[139.137664139271,34.21833632063],[139.137605130672,34.2183806776945],[139.137398600578,34.2184627382638],[139.13725912571,34.2185026596219],[139.137068688869,34.2185359274202],[139.136789739132,34.2186068987234],[139.13665831089,34.2186268594024],[139.136564433575,34.2186734343201],[139.136505424976,34.2187355342104],[139.136427640915,34.2188442090184],[139.136430323124,34.2189395767071],[139.136725366116,34.2191724512956],[139.136899709702,34.2193277010213],[139.136923849583,34.219374275939],[139.136913120747,34.2194141972971],[139.136709272861,34.2195871898486],[139.136674404144,34.2196426361792],[139.136674404144,34.2196980825098],[139.136703908443,34.2197801430791],[139.13676828146,34.2198555500887],[139.136854112148,34.2199065607129],[139.137165248394,34.219957571337],[139.137224256992,34.2199997105483],[139.137248396873,34.2200618104386],[139.137224256992,34.2201571781272],[139.137157201767,34.2202946850271],[139.13720279932,34.2204654597254],[139.137194752693,34.2205075989366],[139.137159883976,34.2205453024415],[139.137004315853,34.2206140558914],[139.136929214001,34.2206672843688],[139.136913120747,34.2207316021123],[139.136923849583,34.2209201196364],[139.1369587183,34.2209666945541],[139.137023091316,34.2209977444992],[139.137205481529,34.2210664979492],[139.13725912571,34.2211308156927],[139.137288630009,34.2211884798765],[139.13725912571,34.2212749761523],[139.137208163738,34.2213725616941],[139.137197434902,34.221450186557],[139.137243032455,34.2214878900618],[139.137296676636,34.221510068594],[139.137538075447,34.2215677327779],[139.137715101242,34.2215255935666],[139.137768745422,34.2215255935666],[139.137827754021,34.2215499899521],[139.13793772459,34.2216719718794],[139.137988686562,34.2216719718794],[139.138045012951,34.2216564469068],[139.138203263283,34.2215743863375],[139.138248860836,34.2215766041908],[139.138326644897,34.2216120898424],[139.138366878033,34.2216608826133],[139.138388335705,34.2217207646503],[139.138404428959,34.2218139144858],[139.138439297676,34.2218737965228],[139.138535857201,34.2219869070373],[139.138613641262,34.222359506379],[139.138712882996,34.2225125382514],[139.13872897625,34.2226589165642],[139.138779938221,34.2227808984916],[139.138790667057,34.2228319091157],[139.138723611832,34.2231424085671],[139.138737022877,34.2232089441639],[139.138766527176,34.2232732619074],[139.138763844967,34.2233375796509],[139.138726294041,34.2233996795412],[139.138688743114,34.2235127900556],[139.138688743114,34.2235704542394],[139.138737022877,34.2236170291571],[139.138908684254,34.2237323575248],[139.139015972614,34.2238277252134],[139.139064252377,34.2238543394521],[139.139115214348,34.2238543394521],[139.139176905155,34.2238277252134],[139.139667749405,34.2234506901653],[139.139748215675,34.2234240759266],[139.139812588692,34.2234174223669],[139.139874279499,34.2234307294863],[139.139949381351,34.2234639972847],[139.139968156815,34.2234728686976],[139.14003521204,34.223754536057],[139.140075445175,34.2238609930118],[139.140086174011,34.223931964315],[139.140075445175,34.2239763213795],[139.139917194843,34.2242668601519],[139.139901101589,34.2243134350696],[139.139941334724,34.2246350237871],[139.139935970306,34.2247126486499],[139.139834046364,34.2248390662837],[139.139726758003,34.2250009695691],[139.139678478241,34.225098555111],[139.139691889286,34.2251318229093],[139.139756262302,34.2251939227996],[139.139823317528,34.2252427155706],[139.139852821827,34.225287072635],[139.139874279499,34.2253491725253],[139.13989841938,34.2253868760301],[139.139944016933,34.2254290152414],[139.140142500401,34.225606424365],[139.140220284462,34.2256662999442],[139.140287339687,34.2257017817689],[139.140357077122,34.2257084346111],[139.140459001064,34.2256662999442],[139.140523374081,34.2256152948212],[139.140662848949,34.2254822379785],[139.140703082085,34.225457844224],[139.140775501728,34.2254423209257],[139.140834510326,34.2254667146802],[139.14088010788,34.2255044141189],[139.140917658806,34.2256485590319],[139.140982031822,34.2257638749622],[139.141083955765,34.226001159665],[139.141118824482,34.2260366414897],[139.141180515289,34.2260543824021],[139.141295850277,34.2260721233145],[139.141392409801,34.2260699057004],[139.141475558281,34.2260632528583],[139.141665995121,34.2260100301212],[139.141703546047,34.225998942051],[139.141754508018,34.2260033772791],[139.141845703125,34.2260543824021],[139.141893982887,34.226098734683],[139.141904711723,34.2261586102622],[139.141845703125,34.2263049727892],[139.141738414764,34.2265378222639],[139.141719639301,34.2266132211414],[139.141711592674,34.2267706717386],[139.141687452793,34.2269125990375],[139.141665995121,34.2269813450729],[139.141628444195,34.2270922257752],[139.141623079777,34.2271387956701],[139.141665995121,34.2272408059162],[139.141727685928,34.2274093445836],[139.141770601273,34.2274581320926],[139.141845703125,34.227480308233],[139.141891300678,34.2274936139173],[139.142012000084,34.2274980491454],[139.142105877399,34.2275157900578],[139.142170250416,34.2275645775668],[139.142229259014,34.2276288883741],[139.142261445522,34.2276821111111],[139.142344594002,34.2277397690763],[139.142669141293,34.2279349191123],[139.14275765419,34.2279593128668],[139.142843484879,34.2279460071825],[139.143095612526,34.2278573026207],[139.143151938915,34.2277996446555],[139.143186807632,34.227722028164],[139.143218994141,34.2276798934971],[139.143269956112,34.2276377588302],[139.143334329128,34.2276288883741],[139.143422842026,34.2276466292864],[139.143570363522,34.2276909815673],[139.143685698509,34.2277331162342],[139.143940508366,34.2278462145505],[139.144176542759,34.2278927844454],[139.144275784492,34.227923831042],[139.14436429739,34.227919395814],[139.144632518291,34.2277508571465],[139.144699573517,34.227726463392],[139.144831001759,34.227724245778],[139.145050942898,34.2277331162342],[139.145107269287,34.2277530747606],[139.145260155201,34.2278816963752],[139.145278930664,34.2279770537791],[139.145276248455,34.228067975955],[139.145249426365,34.2283096958859],[139.145249426365,34.2285225868342],[139.145238697529,34.2285647215011],[139.145064353943,34.2287243897123],[139.144930243492,34.2289882857837],[139.144801497459,34.2291390835387],[139.144726395607,34.2292854460657],[139.14471834898,34.2293830210837],[139.144999980927,34.2294096324522],[139.145252108574,34.229598129646],[139.145592749119,34.2297378393309],[139.145804643631,34.2298154558224],[139.145869016647,34.2298309791208],[139.146284759045,34.2297467097871],[139.146957993507,34.2296823989797],[139.147062599659,34.2296668756814],[139.147352278233,34.2296491347691],[139.147416651249,34.2296668756814],[139.147472977638,34.2297156631904],[139.147472977638,34.2297622330854],[139.147446155548,34.2298243262786],[139.147365689278,34.2299374245949],[139.147244989872,34.2300682638236],[139.147215485573,34.2301214865607],[139.147220849991,34.2303587712635],[139.147035777569,34.2307712474759],[139.146982133389,34.2309420037573],[139.146941900253,34.2311504594775],[139.146944582462,34.2312036822146],[139.146974086761,34.2312413816534],[139.147027730942,34.2312679930219],[139.147191345692,34.2313788737242],[139.14730399847,34.2314831015843],[139.147354960442,34.2315562828478],[139.147373735905,34.2316272464972],[139.147379100323,34.2318357022175],[139.147408604622,34.2320641164641],[139.147625863552,34.2322903130967],[139.147647321224,34.2323391006057],[139.147625863552,34.2325586443961],[139.147679507732,34.2326296080456],[139.147759974003,34.2326429137298],[139.1478484869,34.2326717427124],[139.147990643978,34.2327582296602],[139.148140847683,34.2328624575203],[139.148331284523,34.2328935041169],[139.148486852646,34.2329312035557],[139.148572683334,34.2330221257315],[139.148642420769,34.2331640530304],[139.148749709129,34.2333348093119],[139.148776531219,34.2334057729613],[139.1488301754,34.233490042295],[139.148891866207,34.2335410474181],[139.148958921432,34.2335698764007],[139.14921104908,34.2335610059445],[139.149425625801,34.2335654411726],[139.14948195219,34.2335432650321],[139.149532914162,34.2335122184355],[139.149559736252,34.2334456900141],[139.14961874485,34.2333725087507],[139.149691164494,34.2333569854523],[139.149742126465,34.2333592030664],[139.149787724018,34.2333769439787],[139.149935245514,34.2334789542248],[139.14999961853,34.2335964877692],[139.150125682354,34.2338249020158],[139.150165915489,34.2339025185074],[139.150249063969,34.2339712645428],[139.150361716747,34.2340000935254],[139.150460958481,34.2339535236305],[139.150640666485,34.2338404253142],[139.150731861591,34.2337938554192],[139.150863289833,34.2337539383664],[139.151297807693,34.2338271196299],[139.151450693607,34.2338448605422],[139.151764512062,34.2337539383664],[139.151844978333,34.2337650264366],[139.152400195599,34.2340377929642],[139.152499437332,34.234028922508],[139.152595996857,34.2339978759114],[139.152823984623,34.2338226844018],[139.15283203125,34.2338182491737],[139.153086841106,34.233634187208],[139.153489172459,34.233487824681],[139.153625965118,34.2333924672771],[139.153585731983,34.2333348093119],[139.153491854668,34.2331884467849],[139.153153896332,34.2333348093119],[139.15283203125,34.2334612133125],[139.152764976025,34.2334767366108],[139.152719378471,34.2334634309265],[139.152687191963,34.2334412547861],[139.152657687664,34.2334057729613],[139.152646958828,34.2333348093119],[139.152663052082,34.2331596178023],[139.152646958828,34.233044301872],[139.152652323246,34.2320774221484],[139.152630865574,34.2319576709899],[139.15247797966,34.2317846970944],[139.152381420135,34.2316361169534],[139.152376055717,34.2315363243214],[139.152453839779,34.2313810913382],[139.152354598045,34.2311925941444],[139.152333140373,34.2311682003899],[139.152290225029,34.2311504594775],[139.152062237263,34.2311859413023],[139.152027368546,34.2311815060742],[139.151791334152,34.2311105424247],[139.151718914509,34.2310839310562],[139.151667952538,34.2310528844596],[139.151512384415,34.2309397861433],[139.151477515697,34.230926480459],[139.151321947575,34.2309176100028],[139.151276350021,34.2308998690905],[139.151236116886,34.2308532991955],[139.151220023632,34.230780117932],[139.151265621185,34.230726895195],[139.151327311993,34.2307069366685],[139.151394367218,34.2307135895107],[139.151458740234,34.2307402008792],[139.151533842087,34.2307579417916],[139.151635766029,34.2307623770197],[139.151979088783,34.2307557241775],[139.15228754282,34.2307379832652],[139.152638912201,34.2307091542826],[139.152748882771,34.2306847605281],[139.15283203125,34.2306049264225],[139.152931272984,34.2304718695798],[139.152992963791,34.2304097763865],[139.153068065643,34.2303765121758],[139.153534770012,34.2302190615786],[139.153711795807,34.2301503155432],[139.153746664524,34.2300726990517],[139.15378421545,34.2299152484545],[139.153792262077,34.2298088029803],[139.15384054184,34.2295604302073],[139.153827130795,34.2294894665578],[139.153507947922,34.2292543994691],[139.153478443623,34.229203394346],[139.153470396996,34.2291368659247],[139.153499901295,34.2290880784157],[139.154063165188,34.2286356851505],[139.154151678085,34.2285292396763],[139.154173135757,34.2283740066932],[139.154191911221,34.2283030430437],[139.154229462147,34.2282476026926],[139.154419898987,34.2280990225516],[139.15457546711,34.2279570952527],[139.154607653618,34.2278927844454],[139.154618382454,34.2277486395325],[139.154637157917,34.2276776758831],[139.154639840126,34.2275956241634],[139.154567420483,34.2275401838123],[139.154454767704,34.2275224428999],[139.154216051102,34.2273916036712],[139.153910279274,34.2272895934252],[139.153843224049,34.2272408059162],[139.153805673122,34.2271875831791],[139.153789579868,34.2270390030381],[139.153652787209,34.2268571586864],[139.153521358967,34.2268238944757],[139.153258502483,34.2267972831072],[139.153204858303,34.2268017183353],[139.153009057045,34.2267662365105],[139.15283203125,34.2266575734223],[139.15264159441,34.2265821745448],[139.152249991894,34.2265156461235],[139.152137339115,34.2264868171409],[139.152022004128,34.2264757290706],[139.151531159878,34.2263537602982],[139.151394367218,34.2263138432454],[139.151292443275,34.2262650557364],[139.150946438313,34.2260676880864],[139.150868654251,34.2259922892088],[139.150788187981,34.2258902789628],[139.150458276272,34.2254290152414],[139.150152504444,34.2250009695691],[139.150015711784,34.2248146698983],[139.14999961853,34.2247703128338],[139.149980843067,34.2247193022096],[139.149980843067,34.2246106274016],[139.149951338768,34.2245196954194],[139.149889647961,34.2244331991437],[139.149527549744,34.2239829749391],[139.149267375469,34.223674693341],[139.149149358273,34.2235948506249],[139.14910107851,34.2235504935604],[139.149055480957,34.2234129866605],[139.149017930031,34.2233508867702],[139.148629009724,34.2232621726412],[139.148505628109,34.2231601513929],[139.148446619511,34.2230758729704],[139.148430526257,34.2230093373737],[139.148446619511,34.2229383660705],[139.148516356945,34.2227609378126],[139.148473441601,34.2224637454805],[139.148417115211,34.2222153459194],[139.148352742195,34.2221443746162],[139.148240089417,34.2220556604872],[139.14820253849,34.2220024320098],[139.148191809654,34.2217229825036],[139.14820253849,34.2215721684843],[139.148191809654,34.2214612758231],[139.148331284523,34.2210132694718],[139.148387610912,34.2207892662961],[139.148401021957,34.2205874416527],[139.148419797421,34.2203456956513]]},"properties":{"id":"F028:4:SHP0022","feed_id":"F028","feed_slug":"kozushima-village-bus","municipality":"神津島村","service_name":"村営バス","license":"CC BY 4.0","source_route_id":"4","route_short_name":null,"route_long_name":"天上山６合目直行便","route_desc":null,"route_type":3,"route_url":null,"route_color":null,"route_text_color":"000000","directions":["1"],"geometry_source":"shapes.txt"}},{"type":"Feature","id":"F028:4:SHP0023","geometry":{"type":"LineString","coordinates":[[139.148419797421,34.2203456956513],[139.148401021957,34.2205874416527],[139.148387610912,34.2207892662961],[139.148331284523,34.2210132694718],[139.148191809654,34.2214612758231],[139.14820253849,34.2215721684843],[139.148191809654,34.2217229825036],[139.14820253849,34.2220024320098],[139.148240089417,34.2220556604872],[139.148352742195,34.2221443746162],[139.148417115211,34.2222153459194],[139.148473441601,34.2224637454805],[139.148516356945,34.2227609378126],[139.148446619511,34.2229383660705],[139.148430526257,34.2230093373737],[139.148446619511,34.2230758729704],[139.148505628109,34.2231601513929],[139.148629009724,34.2232621726412],[139.149017930031,34.2233508867702],[139.149055480957,34.2234129866605],[139.14910107851,34.2235504935604],[139.149149358273,34.2235948506249],[139.149267375469,34.223674693341],[139.149527549744,34.2239829749391],[139.149889647961,34.2244331991437],[139.149951338768,34.2245196954194],[139.149980843067,34.2246106274016],[139.149980843067,34.2247193022096],[139.14999961853,34.2247703128338],[139.150015711784,34.2248146698983],[139.150152504444,34.2250009695691],[139.150458276272,34.2254290152414],[139.150788187981,34.2258902789628],[139.150868654251,34.2259922892088],[139.150946438313,34.2260676880864],[139.151292443275,34.2262650557364],[139.151394367218,34.2263138432454],[139.151531159878,34.2263537602982],[139.152022004128,34.2264757290706],[139.152137339115,34.2264868171409],[139.152249991894,34.2265156461235],[139.15264159441,34.2265821745448],[139.15283203125,34.2266575734223],[139.153009057045,34.2267662365105],[139.153204858303,34.2268017183353],[139.153258502483,34.2267972831072],[139.153521358967,34.2268238944757],[139.153652787209,34.2268571586864],[139.153789579868,34.2270390030381],[139.153805673122,34.2271875831791],[139.153843224049,34.2272408059162],[139.153910279274,34.2272895934252],[139.154216051102,34.2273916036712],[139.154454767704,34.2275224428999],[139.154567420483,34.2275401838123],[139.154639840126,34.2275956241634],[139.154637157917,34.2276776758831],[139.154618382454,34.2277486395325],[139.154607653618,34.2278927844454],[139.15457546711,34.2279570952527],[139.154419898987,34.2280990225516],[139.154229462147,34.2282476026926],[139.154191911221,34.2283030430437],[139.154173135757,34.2283740066932],[139.154151678085,34.2285292396763],[139.154063165188,34.2286356851505],[139.153499901295,34.2290880784157],[139.153470396996,34.2291368659247],[139.153478443623,34.229203394346],[139.153507947922,34.2292543994691],[139.153827130795,34.2294894665578],[139.15384054184,34.2295604302073],[139.153792262077,34.2298088029803],[139.15378421545,34.2299152484545],[139.153746664524,34.2300726990517],[139.153711795807,34.2301503155432],[139.153534770012,34.2302190615786],[139.153068065643,34.2303765121758],[139.152992963791,34.2304097763865],[139.152931272984,34.2304718695798],[139.15283203125,34.2306049264225],[139.152748882771,34.2306847605281],[139.152638912201,34.2307091542826],[139.15228754282,34.2307379832652],[139.151979088783,34.2307557241775],[139.151635766029,34.2307623770197],[139.151533842087,34.2307579417916],[139.151458740234,34.2307402008792],[139.151394367218,34.2307135895107],[139.151327311993,34.2307069366685],[139.151265621185,34.230726895195],[139.151220023632,34.230780117932],[139.151236116886,34.2308532991955],[139.151276350021,34.2308998690905],[139.151321947575,34.2309176100028],[139.151477515697,34.230926480459],[139.151512384415,34.2309397861433],[139.151667952538,34.2310528844596],[139.151718914509,34.2310839310562],[139.151791334152,34.2311105424247],[139.152027368546,34.2311815060742],[139.152062237263,34.2311859413023],[139.152290225029,34.2311504594775],[139.152333140373,34.2311682003899],[139.152354598045,34.2311925941444],[139.152453839779,34.2313810913382],[139.152376055717,34.2315363243214],[139.152381420135,34.2316361169534],[139.15247797966,34.2317846970944],[139.152630865574,34.2319576709899],[139.152652323246,34.2320774221484],[139.152646958828,34.233044301872],[139.152663052082,34.2331596178023],[139.152646958828,34.2333348093119],[139.152657687664,34.2334057729613],[139.152687191963,34.2334412547861],[139.152719378471,34.2334634309265],[139.152764976025,34.2334767366108],[139.15283203125,34.2334612133125],[139.153153896332,34.2333348093119],[139.153491854668,34.2331884467849],[139.153585731983,34.2333348093119],[139.153625965118,34.2333924672771],[139.153489172459,34.233487824681],[139.153086841106,34.233634187208],[139.15283203125,34.2338182491737],[139.152823984623,34.2338226844018],[139.152595996857,34.2339978759114],[139.152499437332,34.234028922508],[139.152400195599,34.2340377929642],[139.151844978333,34.2337650264366],[139.151764512062,34.2337539383664],[139.151450693607,34.2338448605422],[139.151297807693,34.2338271196299],[139.150863289833,34.2337539383664],[139.150731861591,34.2337938554192],[139.150640666485,34.2338404253142],[139.150460958481,34.2339535236305],[139.150361716747,34.2340000935254],[139.150249063969,34.2339712645428],[139.150165915489,34.2339025185074],[139.150125682354,34.2338249020158],[139.14999961853,34.2335964877692],[139.149935245514,34.2334789542248],[139.149787724018,34.2333769439787],[139.149742126465,34.2333592030664],[139.149691164494,34.2333569854523],[139.14961874485,34.2333725087507],[139.149559736252,34.2334456900141],[139.149532914162,34.2335122184355],[139.14948195219,34.2335432650321],[139.149425625801,34.2335654411726],[139.14921104908,34.2335610059445],[139.148958921432,34.2335698764007],[139.148891866207,34.2335410474181],[139.1488301754,34.233490042295],[139.148776531219,34.2334057729613],[139.148749709129,34.2333348093119],[139.148642420769,34.2331640530304],[139.148572683334,34.2330221257315],[139.148486852646,34.2329312035557],[139.148331284523,34.2328935041169],[139.148140847683,34.2328624575203],[139.147990643978,34.2327582296602],[139.1478484869,34.2326717427124],[139.147759974003,34.2326429137298],[139.147679507732,34.2326296080456],[139.147625863552,34.2325586443961],[139.147647321224,34.2323391006057],[139.147625863552,34.2322903130967],[139.147408604622,34.2320641164641],[139.147379100323,34.2318357022175],[139.147373735905,34.2316272464972],[139.147354960442,34.2315562828478],[139.14730399847,34.2314831015843],[139.147191345692,34.2313788737242],[139.147027730942,34.2312679930219],[139.146974086761,34.2312413816534],[139.146944582462,34.2312036822146],[139.146941900253,34.2311504594775],[139.146982133389,34.2309420037573],[139.147035777569,34.2307712474759],[139.147220849991,34.2303587712635],[139.147215485573,34.2301214865607],[139.147244989872,34.2300682638236],[139.147365689278,34.2299374245949],[139.147446155548,34.2298243262786],[139.147472977638,34.2297622330854],[139.147472977638,34.2297156631904],[139.147416651249,34.2296668756814],[139.147352278233,34.2296491347691],[139.147062599659,34.2296668756814],[139.146957993507,34.2296823989797],[139.146284759045,34.2297467097871],[139.145869016647,34.2298309791208],[139.145804643631,34.2298154558224],[139.145592749119,34.2297378393309],[139.145252108574,34.229598129646],[139.144999980927,34.2294096324522],[139.14471834898,34.2293830210837],[139.144726395607,34.2292854460657],[139.144801497459,34.2291390835387],[139.144930243492,34.2289882857837],[139.145064353943,34.2287243897123],[139.145238697529,34.2285647215011],[139.145249426365,34.2285225868342],[139.145249426365,34.2283096958859],[139.145276248455,34.228067975955],[139.145278930664,34.2279770537791],[139.145260155201,34.2278816963752],[139.145107269287,34.2277530747606],[139.145050942898,34.2277331162342],[139.144831001759,34.227724245778],[139.144699573517,34.227726463392],[139.144632518291,34.2277508571465],[139.14436429739,34.227919395814],[139.144275784492,34.227923831042],[139.144176542759,34.2278927844454],[139.143940508366,34.2278462145505],[139.143685698509,34.2277331162342],[139.143570363522,34.2276909815673],[139.143422842026,34.2276466292864],[139.143334329128,34.2276288883741],[139.143269956112,34.2276377588302],[139.143218994141,34.2276798934971],[139.143186807632,34.227722028164],[139.143151938915,34.2277996446555],[139.143095612526,34.2278573026207],[139.142843484879,34.2279460071825],[139.14275765419,34.2279593128668],[139.142669141293,34.2279349191123],[139.142344594002,34.2277397690763],[139.142261445522,34.2276821111111],[139.142229259014,34.2276288883741],[139.142170250416,34.2275645775668],[139.142105877399,34.2275157900578],[139.142012000084,34.2274980491454],[139.141891300678,34.2274936139173],[139.141845703125,34.227480308233],[139.141770601273,34.2274581320926],[139.141727685928,34.2274093445836],[139.141665995121,34.2272408059162],[139.141623079777,34.2271387956701],[139.141628444195,34.2270922257752],[139.141665995121,34.2269813450729],[139.141687452793,34.2269125990375],[139.141711592674,34.2267706717386],[139.141719639301,34.2266132211414],[139.141738414764,34.2265378222639],[139.141845703125,34.2263049727892],[139.141904711723,34.2261586102622],[139.141893982887,34.226098734683],[139.141845703125,34.2260543824021],[139.141754508018,34.2260033772791],[139.141703546047,34.225998942051],[139.141665995121,34.2260100301212],[139.141475558281,34.2260632528583],[139.141392409801,34.2260699057004],[139.141295850277,34.2260721233145],[139.141180515289,34.2260543824021],[139.141118824482,34.2260366414897],[139.141083955765,34.226001159665],[139.140982031822,34.2257638749622],[139.140917658806,34.2256485590319],[139.14088010788,34.2255044141189],[139.140834510326,34.2254667146802],[139.140775501728,34.2254423209257],[139.140703082085,34.225457844224],[139.140662848949,34.2254822379785],[139.140523374081,34.2256152948212],[139.140459001064,34.2256662999442],[139.140357077122,34.2257084346111],[139.140287339687,34.2257017817689],[139.140220284462,34.2256662999442],[139.140142500401,34.225606424365],[139.139944016933,34.2254290152414],[139.13989841938,34.2253868760301],[139.139874279499,34.2253491725253],[139.139852821827,34.225287072635],[139.139823317528,34.2252427155706],[139.139756262302,34.2251939227996],[139.139691889286,34.2251318229093],[139.139678478241,34.225098555111],[139.139726758003,34.2250009695691],[139.139834046364,34.2248390662837],[139.139935970306,34.2247126486499],[139.139941334724,34.2246350237871],[139.139901101589,34.2243134350696],[139.139917194843,34.2242668601519],[139.140075445175,34.2239763213795],[139.140086174011,34.223931964315],[139.140075445175,34.2238609930118],[139.14003521204,34.223754536057],[139.139968156815,34.2234728686976],[139.139949381351,34.2234639972847],[139.139874279499,34.2234307294863],[139.139812588692,34.2234174223669],[139.139748215675,34.2234240759266],[139.139667749405,34.2234506901653],[139.139176905155,34.2238277252134],[139.139115214348,34.2238543394521],[139.139064252377,34.2238543394521],[139.139015972614,34.2238277252134],[139.138908684254,34.2237323575248],[139.138737022877,34.2236170291571],[139.138688743114,34.2235704542394],[139.138688743114,34.2235127900556],[139.138726294041,34.2233996795412],[139.138763844967,34.2233375796509],[139.138766527176,34.2232732619074],[139.138737022877,34.2232089441639],[139.138723611832,34.2231424085671],[139.138790667057,34.2228319091157],[139.138779938221,34.2227808984916],[139.13872897625,34.2226589165642],[139.138712882996,34.2225125382514],[139.138613641262,34.222359506379],[139.138535857201,34.2219869070373],[139.138439297676,34.2218737965228],[139.138404428959,34.2218139144858],[139.138388335705,34.2217207646503],[139.138366878033,34.2216608826133],[139.138326644897,34.2216120898424],[139.138248860836,34.2215766041908],[139.138203263283,34.2215743863375],[139.138045012951,34.2216564469068],[139.137988686562,34.2216719718794],[139.13793772459,34.2216719718794],[139.137827754021,34.2215499899521],[139.137768745422,34.2215255935666],[139.137715101242,34.2215255935666],[139.137538075447,34.2215677327779],[139.137296676636,34.221510068594],[139.137243032455,34.2214878900618],[139.137197434902,34.221450186557],[139.137208163738,34.2213725616941],[139.13725912571,34.2212749761523],[139.137288630009,34.2211884798765],[139.13725912571,34.2211308156927],[139.137205481529,34.2210664979492],[139.137023091316,34.2209977444992],[139.1369587183,34.2209666945541],[139.136923849583,34.2209201196364],[139.136913120747,34.2207316021123],[139.136929214001,34.2206672843688],[139.137004315853,34.2206140558914],[139.137159883976,34.2205453024415],[139.137194752693,34.2205075989366],[139.13720279932,34.2204654597254],[139.137157201767,34.2202946850271],[139.137224256992,34.2201571781272],[139.137248396873,34.2200618104386],[139.137224256992,34.2199997105483],[139.137165248394,34.219957571337],[139.136854112148,34.2199065607129],[139.13676828146,34.2198555500887],[139.136703908443,34.2197801430791],[139.136674404144,34.2196980825098],[139.136674404144,34.2196426361792],[139.136709272861,34.2195871898486],[139.136913120747,34.2194141972971],[139.136923849583,34.219374275939],[139.136899709702,34.2193277010213],[139.136725366116,34.2191724512956],[139.136430323124,34.2189395767071],[139.136427640915,34.2188442090184],[139.136505424976,34.2187355342104],[139.136564433575,34.2186734343201],[139.13665831089,34.2186268594024],[139.136789739132,34.2186068987234],[139.137068688869,34.2185359274202],[139.13725912571,34.2185026596219],[139.137398600578,34.2184627382638],[139.137605130672,34.2183806776945],[139.137664139271,34.21833632063],[139.137699007988,34.2182431707946],[139.137642681599,34.2181145353076],[139.137642681599,34.218059088977],[139.137725830078,34.2177618966449],[139.137704372406,34.217584468387],[139.13777410984,34.2174425257806],[139.137865304947,34.2173538116517],[139.137945771217,34.2173050188807],[139.138023555279,34.2172362654308],[139.138063788414,34.2171586405679],[139.138036966324,34.2169168945665],[139.138055741787,34.2168303982907],[139.138149619102,34.2166684950054],[139.138168394566,34.2166330093538],[139.138179123402,34.2165598201974],[139.138133525848,34.2163535598475],[139.138138890266,34.2163446884346],[139.138248860836,34.2161583686752],[139.138326644897,34.2160607726108],[139.138380289078,34.215960958454],[139.138396382332,34.2158944156828],[139.13837492466,34.2158345271887],[139.138315916061,34.215759112048],[139.138149619102,34.2154463610233],[139.13807451725,34.2153753820673],[139.138004779816,34.2153576373283],[139.137406647205,34.2152822221876],[139.137320816517,34.215319929758],[139.137159883976,34.2154175258224],[139.137079417706,34.215450797208],[139.136969447136,34.215450797208],[139.136854112148,34.2153709458826],[139.136738777161,34.2152400784325],[139.136677086353,34.215100338613],[139.136687815189,34.2147299171866],[139.136754870415,34.2146411934917],[139.136835336685,34.2146012678289],[139.136910438538,34.21458352309],[139.137031137943,34.2145790869052],[139.137326180935,34.2146345392146],[139.137457609177,34.2146411934917],[139.137849211693,34.2146123582908],[139.138616323471,34.2144570918247],[139.138742387295,34.2144127299772],[139.138908684254,34.2143705862221],[139.139024019241,34.2143040434509],[139.139192998409,34.2140578351974],[139.139192998409,34.214055617105],[139.13930028677,34.2139336220245],[139.139576554298,34.213776137466],[139.139705300331,34.2137339937109],[139.140142500401,34.213669669032],[139.140271246433,34.2136341795541],[139.140327572823,34.2135875996142],[139.140453636646,34.2133524818226],[139.140512645245,34.2132282686497],[139.140520691872,34.21313510877],[139.140209555626,34.2127868682673],[139.140107631683,34.2126826179258],[139.140048623085,34.2126449103554],[139.139852821827,34.2126160751546],[139.139772355556,34.2125739313995],[139.139699935913,34.2125029524435],[139.139686524868,34.2124430639494],[139.139699935913,34.2123765211782],[139.139756262302,34.212309978407],[139.139962792397,34.2121658024027],[139.139978885651,34.2121059139086],[139.139973521233,34.2120371530451],[139.139823317528,34.2118863227636],[139.139732122421,34.2118109076229],[139.139691889286,34.211757673406],[139.13968116045,34.211704439189],[139.139689207077,34.2116356783254],[139.139758944511,34.2115669174619],[139.140048623085,34.2113983424415],[139.140147864819,34.2112719111762],[139.140147864819,34.2111743151117],[139.140129089355,34.2110279210151],[139.140056669712,34.2105865206327],[139.140027165413,34.2103136952708],[139.140013754368,34.2102316258529],[139.140024483204,34.2099987261537],[139.140011072159,34.2099077843664],[139.139992296696,34.2097813531011],[139.139831364155,34.20966823039],[139.139772355556,34.2096393951892],[139.139429032803,34.2094530754298],[139.139332473278,34.2092933727789],[139.13927346468,34.2092534471162],[139.139155447483,34.2092201757306],[139.138967692852,34.2091469786822],[139.138704836369,34.2090360740636],[139.138393700123,34.2090538188026],[139.138256907463,34.2089983664932],[139.137446880341,34.2085724927575],[139.137334227562,34.2084882052473],[139.137305157115,34.2084412175136],[139.137275218964,34.2083928272752],[139.137208163738,34.2083351568735],[139.13706600666,34.2082087256082],[139.13684874773,34.20795808117],[139.136626124382,34.2077651071335],[139.136483967304,34.2076919100852],[139.136231839657,34.2076054044826],[139.13603335619,34.2075521702656],[139.135177731514,34.2072593820723],[139.135145545006,34.2072482904148],[139.134866595268,34.2071506838291],[139.134539365768,34.2070796972214],[139.133960008621,34.2069221956854],[139.133796393871,34.2069044490334],[139.133552312851,34.2069177590224],[139.133455753326,34.2071151905253],[139.133404791355,34.2072593820723],[139.133386015892,34.2073126162893],[139.133332371712,34.2073237067511],[139.13328140974,34.2073325791206],[139.131725728512,34.2077761975954],[139.131441128767,34.2078647586229]]},"properties":{"id":"F028:4:SHP0023","feed_id":"F028","feed_slug":"kozushima-village-bus","municipality":"神津島村","service_name":"村営バス","license":"CC BY 4.0","source_route_id":"4","route_short_name":null,"route_long_name":"天上山６合目直行便","route_desc":null,"route_type":3,"route_url":null,"route_color":null,"route_text_color":"000000","directions":["0"],"geometry_source":"shapes.txt"}},{"type":"Feature","id":"F028:5:SHP0024","geometry":{"type":"LineString","coordinates":[[139.131441128767,34.2078647586229],[139.131725728512,34.2077761975954],[139.13328140974,34.2073325791206],[139.133332371712,34.2073237067511],[139.133386015892,34.2073126162893],[139.133332371712,34.2074434837393],[139.133249223232,34.2076475482377],[139.133058786392,34.2079824801861],[139.132970273495,34.2081488371141],[139.132954180241,34.2082065075158],[139.132948815823,34.2082663960099],[139.132943451405,34.2083351568735],[139.132938086987,34.2084127901066],[139.132876396179,34.208783211533],[139.132887125015,34.2088453181194],[139.132908582687,34.2088941161517],[139.133112430573,34.2089362599067],[139.133332371712,34.2090005845856],[139.133431613445,34.2090338559712],[139.133469164371,34.2090560368949],[139.133509397507,34.2091536329594],[139.133439660072,34.209905566274],[139.133372604847,34.2101007584029],[139.133343100548,34.2101939182826],[139.133332371712,34.2102493705919],[139.133217036724,34.2107817127616],[139.133187532425,34.2108327288862],[139.133053421974,34.2109813410752],[139.132527709007,34.2115247737067],[139.132447242737,34.2115979707551],[139.132385551929,34.2116245878636],[139.132157564163,34.2116622954339],[139.131798148155,34.211704439189],[139.131765961647,34.2117133115585],[139.13173109293,34.2117244020204],[139.131637215614,34.2117798543297],[139.131516516209,34.2119817007357],[139.131465554237,34.2121569300332],[139.131476283073,34.2124319734876],[139.131449460983,34.2132925933285],[139.13154065609,34.2138604249762],[139.131529927254,34.2141753940932],[139.131532609463,34.2146301030298],[139.131524562836,34.2146833372468],[139.131492376328,34.2147343533714],[139.131269752979,34.2149716892553],[139.131178557873,34.2150892481511],[139.131047129631,34.2151957165851],[139.130953252316,34.2152600412639],[139.130896925926,34.2152777860029],[139.130859375,34.2152800040953],[139.130760133266,34.21528444028],[139.130709171295,34.2152977488343],[139.130676984787,34.215319929758],[139.13061529398,34.2153687277902],[139.130604565144,34.2154263981919],[139.13061529398,34.2155794465657],[139.130628705025,34.215652643614],[139.130693078041,34.2157790748793],[139.130789637566,34.2159321232531],[139.130859375,34.2159875755625],[139.130988121033,34.216056336426],[139.131157100201,34.2161317515667],[139.131849110126,34.2163446884346],[139.132849574089,34.2164821953345],[139.133166074753,34.2166197022344],[139.133222401142,34.2166507521796],[139.133278727531,34.2166684950054],[139.133286774158,34.2166707128586],[139.133332371712,34.2166840199779],[139.133402109146,34.2167061985102],[139.133917093277,34.2168170911714],[139.134053885937,34.2168392697036],[139.134102165699,34.2169080231536],[139.134169813266,34.2170540785862],[139.134247004986,34.2172207404582],[139.134265780449,34.2173759901839],[139.134279191494,34.2174979721112],[139.134287238121,34.2175622898548],[139.134306013584,34.2179193642239],[139.134314060211,34.2180102962061],[139.134284555912,34.2180613068302],[139.134056568146,34.2182121208495],[139.133707880974,34.2185980273105],[139.133536219597,34.2188020698071],[139.13347452879,34.2188774768168],[139.133473571035,34.2188790302456],[139.133404791355,34.2189905873312],[139.133361876011,34.2191391834972],[139.133332371712,34.2191946298278],[139.133273363113,34.219245640452],[139.133206307888,34.2192833439568],[139.133096337318,34.2193121760487],[139.131709635258,34.2195583577566],[139.13162112236,34.2195849719953],[139.131503105164,34.2196515075921],[139.131419956684,34.2197136074823],[139.131339490414,34.2198001037581],[139.131226837635,34.220006364108],[139.131162464619,34.2200950782369],[139.131060540676,34.2201970994852],[139.130904972553,34.2202991207336],[139.130859375,34.2203212992658],[139.13080573082,34.220343477798],[139.129598736763,34.2207205128462],[139.129491448402,34.2207914841494],[139.129417860572,34.2208734966473],[139.129491448402,34.2207914841494],[139.129598736763,34.2207205128462],[139.13080573082,34.220343477798],[139.130859375,34.2203212992658],[139.130904972553,34.2202991207336],[139.131060540676,34.2201970994852],[139.131162464619,34.2200950782369],[139.131226837635,34.220006364108],[139.131339490414,34.2198001037581],[139.131419956684,34.2197136074823],[139.131503105164,34.2196515075921],[139.13162112236,34.2195849719953],[139.131709635258,34.2195583577566],[139.133096337318,34.2193121760487],[139.133206307888,34.2192833439568],[139.133273363113,34.219245640452],[139.133332371712,34.2191946298278],[139.133361876011,34.2191391834972],[139.133404791355,34.2189905873312],[139.133473571035,34.2188790302456],[139.13347452879,34.2188774768168],[139.133536219597,34.2188020698071],[139.133707880974,34.2185980273105],[139.134056568146,34.2182121208495],[139.134284555912,34.2180613068302],[139.134314060211,34.2180102962061],[139.134306013584,34.2179193642239],[139.134287238121,34.2175622898548],[139.134279191494,34.2174979721112],[139.134265780449,34.2173759901839],[139.134247004986,34.2172207404582],[139.134169813266,34.2170540785862],[139.134102165699,34.2169080231536],[139.134053885937,34.2168392697036],[139.133917093277,34.2168170911714],[139.133402109146,34.2167061985102],[139.133332371712,34.2166840199779],[139.133286774158,34.2166707128586],[139.133278727531,34.2166684950054],[139.133222401142,34.2166507521796],[139.133166074753,34.2166197022344],[139.132849574089,34.2164821953345],[139.131849110126,34.2163446884346],[139.131157100201,34.2161317515667],[139.130988121033,34.216056336426],[139.130859375,34.2159875755625],[139.130789637566,34.2159321232531],[139.130693078041,34.2157790748793],[139.130628705025,34.215652643614],[139.13061529398,34.2155794465657],[139.130604565144,34.2154263981919],[139.13061529398,34.2153687277902],[139.130676984787,34.215319929758],[139.130709171295,34.2152977488343],[139.130760133266,34.21528444028],[139.130859375,34.2152800040953],[139.130896925926,34.2152777860029],[139.130953252316,34.2152600412639],[139.131047129631,34.2151957165851],[139.131178557873,34.2150892481511],[139.131269752979,34.2149716892553],[139.131492376328,34.2147343533714],[139.131524562836,34.2146833372468],[139.131532609463,34.2146301030298],[139.131529927254,34.2141753940932],[139.13154065609,34.2138604249762],[139.131449460983,34.2132925933285],[139.131476283073,34.2124319734876],[139.131465554237,34.2121569300332],[139.131516516209,34.2119817007357],[139.131637215614,34.2117798543297],[139.13173109293,34.2117244020204],[139.131765961647,34.2117133115585],[139.131798148155,34.211704439189],[139.132157564163,34.2116622954339],[139.132385551929,34.2116245878636],[139.132447242737,34.2115979707551],[139.132527709007,34.2115247737067],[139.133053421974,34.2109813410752],[139.133187532425,34.2108327288862],[139.133217036724,34.2107817127616],[139.133332371712,34.2102493705919],[139.133343100548,34.2101939182826],[139.133372604847,34.2101007584029],[139.133439660072,34.209905566274],[139.133509397507,34.2091536329594],[139.133469164371,34.2090560368949],[139.133431613445,34.2090338559712],[139.133332371712,34.2090005845856],[139.133112430573,34.2089362599067],[139.132908582687,34.2088941161517],[139.132887125015,34.2088453181194],[139.132876396179,34.208783211533],[139.132938086987,34.2084127901066],[139.132943451405,34.2083351568735],[139.132948815823,34.2082663960099],[139.132954180241,34.2082065075158],[139.132970273495,34.2081488371141],[139.133058786392,34.2079824801861],[139.133249223232,34.2076475482377],[139.133332371712,34.2074434837393],[139.133386015892,34.2073126162893],[139.133332371712,34.2073237067511],[139.13328140974,34.2073325791206],[139.131725728512,34.2077761975954],[139.131441128767,34.2078647586229],[139.131725728512,34.2077761975954],[139.13328140974,34.2073325791206],[139.133332371712,34.2073237067511],[139.133386015892,34.2073126162893],[139.133404791355,34.2072593820723],[139.133455753326,34.2071151905253],[139.133552312851,34.2069177590224],[139.133600592613,34.2068423357516],[139.133742749691,34.2066249392653],[139.133852720261,34.2064385994199],[139.133901000023,34.205480280215],[139.133890271187,34.2051053821927],[139.133850038052,34.2048924223693],[139.13371860981,34.2044443194078],[139.133579134941,34.2040694213854],[139.133415520191,34.2033240620038],[139.133332371712,34.2030268055838],[139.133128523827,34.2022592628872],[139.133136570454,34.202177184622],[139.133166074753,34.2021039796827],[139.13325458765,34.202015246423],[139.133332371712,34.2019753164561],[139.133498668671,34.2018932381909],[139.133694469929,34.2018111599256],[139.134032428265,34.2017357366549],[139.134174585342,34.2017401733179],[139.135199189186,34.2017756666217],[139.135631024837,34.2017911949422],[139.136258661747,34.201709116677],[139.136368632317,34.2017113350084],[139.136459827423,34.2017690116273],[139.136559069157,34.2018976748539],[139.136866766228,34.2022137893012],[139.137245714664,34.2026031042686],[139.137342274189,34.2026696542134],[139.137495160103,34.2026962741913],[139.137626588345,34.2026851825338],[139.137736558914,34.202645252567],[139.137870669365,34.2025897942797],[139.137959182262,34.2025653926332],[139.138045012951,34.2025698292962],[139.138227403164,34.2026075409316],[139.138323962688,34.2026297242465],[139.138433933258,34.2026186325891],[139.138527810574,34.2025764842907],[139.138605594635,34.2025077160144],[139.13864582777,34.2024456027326],[139.138653874397,34.2023923627768],[139.13870215416,34.2021239446661],[139.13878262043,34.2019730981246],[139.138908684254,34.2018732732074],[139.139123260975,34.2017601383013],[139.139302968979,34.2016758417046],[139.139466583729,34.2016270384117],[139.140357077122,34.2015316501575],[139.140646755695,34.2014517902238],[139.140839874744,34.2013830219475],[139.140955209732,34.2013918952735],[139.14104372263,34.2014251702459],[139.141118824482,34.2014850651962],[139.14115101099,34.2015627067984],[139.141148328781,34.2016625317156],[139.141086637974,34.2017601383013],[139.140874743462,34.2019841897821],[139.140767455101,34.2020751413733],[139.140099585056,34.2023590878044],[139.140040576458,34.2023967994398],[139.140011072159,34.2024367294066],[139.139997661114,34.2025010610199],[139.140024483204,34.2025787026222],[139.140064716339,34.2026186325891],[139.140139818192,34.202640815904],[139.140220284462,34.2026341609095],[139.140649437904,34.2025232443349],[139.140705764294,34.2025188076719],[139.140754044056,34.2025254626664],[139.1407969594,34.2025520826443],[139.140845239162,34.2025942309426],[139.140885472298,34.2026474708985],[139.140898883343,34.2027428591527],[139.140829145908,34.2029447273185],[139.140829145908,34.2030401155727],[139.140855967999,34.2030889188656],[139.141032993793,34.2031976171087],[139.141094684601,34.2032508570646],[139.141108095646,34.2033107520149],[139.141092002392,34.2033706469652],[139.141054451466,34.2034305419155],[139.140872061253,34.2035658601365],[139.140357077122,34.2038608982251],[139.140284657478,34.2039451948218],[139.140319526196,34.2039962164462],[139.140386581421,34.2040361464131],[139.140464365482,34.2040361464131],[139.140601158142,34.2039185748439],[139.140711128712,34.2038498065676],[139.14123415947,34.203576951794],[139.141346812248,34.2035148385122],[139.141432642937,34.203415013595],[139.141515791416,34.2031621238048],[139.141564071178,34.2030778272081],[139.141620397568,34.2030378972412],[139.141665995121,34.2030157139263],[139.141845703125,34.2029336356611],[139.142816662788,34.2025387726553],[139.143269956112,34.202321376169],[139.143615961075,34.2021394729866],[139.143779575825,34.2020307747434],[139.14392977953,34.2018843648649],[139.144088029861,34.2016935883565],[139.144165813923,34.201551615141],[139.144329428673,34.2012920703563],[139.144409894943,34.201232175406],[139.144852459431,34.2010103422567],[139.144932925701,34.2009327006544],[139.145010709763,34.200755234135],[139.145017867063,34.2007239454926],[139.145048260689,34.2005910776045],[139.145187735558,34.200107481339],[139.145233333111,34.2000010014274],[139.145254790783,34.199954416466],[139.14534330368,34.1998301899024],[139.145523011684,34.1997414566427],[139.145691990852,34.1996460683885],[139.146046042442,34.1994131435818],[139.146563708782,34.1990981405098],[139.1472235322,34.1987409891394],[139.14733082056,34.1986877491836],[139.14744079113,34.1986478192167],[139.147566854954,34.1986167625758],[139.148215949535,34.198559085957],[139.148384928703,34.1985324659791],[139.148486852646,34.1984814443547],[139.148728251457,34.1981730962772],[139.148752391338,34.1981442548596],[139.148867726326,34.1980666048893],[139.149667024612,34.1978491849722],[139.14989233017,34.1978136878429],[139.14999961853,34.1978114692723],[139.150576293468,34.1977981578488],[139.150796234608,34.1977582235783],[139.151128828526,34.1975851750729],[139.151667952538,34.1974320937027],[139.151761829853,34.1974343122733],[139.15182352066,34.1974365308439],[139.151981770992,34.1974609351203],[139.152330458164,34.1975696450788],[139.152432382107,34.1975829565023],[139.152520895004,34.1975696450788],[139.152773022652,34.1974409679851],[139.15283203125,34.1974054708557],[139.153027832508,34.1972812309031],[139.153084158897,34.1972191109268],[139.153231680393,34.1968818881983],[139.153293371201,34.1968330796455],[139.15340334177,34.196777615381],[139.153910279274,34.1965557583228],[139.154098033905,34.1964936383465],[139.154205322266,34.1965047311994],[139.154291152954,34.1965535397522],[139.154344797134,34.1966334082931],[139.154358208179,34.196750992534],[139.154352843761,34.1967753968104],[139.154331386089,34.1969218224688],[139.154240190983,34.1974343122733],[139.154218733311,34.1976251093434],[139.154116809368,34.1979312720837],[139.154055118561,34.1980244520482],[139.153934419155,34.1981730962772],[139.153848588467,34.1982817945204],[139.153416752815,34.1987542991284],[139.153258502483,34.1988585607085],[139.15283203125,34.1990338088965],[139.152665734291,34.1991092321672],[139.152512848377,34.1992245854049],[139.152410924435,34.1993665586204],[139.152335822582,34.1995063135045],[139.152193665504,34.2000010014274],[139.152164161205,34.2001318829855],[139.152185618877,34.2003093495049],[139.15226072073,34.2004357944],[139.152429699898,34.2006576275493],[139.152319729328,34.2007774174499],[139.152300953865,34.2008373124002],[139.152359962463,34.2009482289749],[139.152432382107,34.2010369622346],[139.152638912201,34.2016935883565],[139.152759611607,34.2021106346772],[139.152542352676,34.2023014111856],[139.152317047119,34.2024810960365],[139.152266085148,34.2025897942797],[139.152244627476,34.2028471207328],[139.152244627476,34.2029536006445],[139.152317047119,34.2030711722136],[139.152362644672,34.2031732154623],[139.152381420135,34.203270822048],[139.152378737926,34.2034438519044],[139.152346551418,34.20358582512],[139.152263402939,34.2037810382914],[139.152220487595,34.2038542432306],[139.152193665504,34.2038941731975],[139.152115881443,34.2039385398274],[139.152022004128,34.2039385398274],[139.151847660542,34.2039074831865],[139.151627719402,34.20388308154],[139.151571393013,34.2039074831865],[139.15149897337,34.2040006531092],[139.151466786861,34.2040428014075],[139.151399731636,34.2041648096396],[139.151346087456,34.2043067828552],[139.151305854321,34.2044465377393],[139.151120781898,34.2046572792311],[139.151072502136,34.2047504491538],[139.151059091091,34.2048436190765],[139.151080548763,34.2049190423472],[139.151136875153,34.2050255222589],[139.151316583157,34.205169713806],[139.151431918144,34.2052029887783],[139.151541888714,34.2052096437728],[139.151751101017,34.2052029887783],[139.152019321918,34.2052872853751],[139.152467250824,34.2054070752757],[139.152582585812,34.2054181669332],[139.152714014053,34.2054026386127],[139.15283203125,34.2053383069994],[139.152987599373,34.2052695387231],[139.153119027615,34.2052695387231],[139.153215587139,34.2052983770325],[139.153293371201,34.2053383069994],[139.153341650963,34.2054070752757],[139.15337651968,34.2054913718724],[139.153373837471,34.2056045067786],[139.153341650963,34.2056777117178],[139.153250455856,34.2057575716516],[139.153145849705,34.2057930649555],[139.152958095074,34.2058396499168],[139.152861535549,34.2059061998616],[139.15283203125,34.2059505664915],[139.152762293816,34.2060725747236],[139.152687191963,34.2061435613314],[139.152555763721,34.2062256395966],[139.152475297451,34.206258914569],[139.151992499828,34.2064519094089],[139.151458740234,34.2067802224698],[139.151276350021,34.2068600824036],[139.151185154915,34.206880047387],[139.15095448494,34.2069377240058],[139.150847196579,34.2069465973318],[139.15054410696,34.2069221956854],[139.150458276272,34.2069465973318],[139.150391221046,34.2069732173097],[139.150283932686,34.2070796972214],[139.150251746178,34.2071506838291],[139.150219559669,34.2072593820723],[139.150173962116,34.2074279570927],[139.150069355965,34.2075832235588],[139.150034487247,34.2076497663301],[139.14999961853,34.2077673252259],[139.149954020977,34.2079137193225],[139.149849414825,34.2080512410497],[139.149715304375,34.208142182837],[139.149334430695,34.2082486512709],[139.149251282215,34.2082819226565],[139.149181544781,34.2083351568735],[139.149119853973,34.2083773006286],[139.14896696806,34.2084238805684],[139.148824810982,34.2084394072151],[139.148722887039,34.2084704605083],[139.148460030556,34.2086212907897],[139.148395657539,34.2087366315931],[139.148376882076,34.2087965200872],[139.148331284523,34.2088896799669],[139.148261547089,34.2089473503686],[139.147974550724,34.2091092711119],[139.147711694241,34.2092734099475],[139.147556126118,34.2094175859518],[139.147102832794,34.2099787633223],[139.147030413151,34.2100941041258],[139.14697676897,34.2102072268368],[139.146813154221,34.2106242282031],[139.146807789803,34.2106907709743],[139.146756827831,34.2107950213158],[139.14673268795,34.2108815269184],[139.14670613332,34.2109327663204],[139.146684408188,34.2109746867981],[139.146574437618,34.2111388256337],[139.146440327168,34.2112430759753],[139.146333038807,34.2112896559151],[139.1462418437,34.2113162730236],[139.146105051041,34.2113428901321],[139.145791232586,34.2116090612169],[139.145662486553,34.2117354924822],[139.14550691843,34.2119329027035],[139.145421087742,34.2120393711374],[139.145112633705,34.2124408458571],[139.144753217697,34.2127092350343],[139.144707620144,34.2127358521427],[139.144613742828,34.2129443528259],[139.144503772259,34.2132260505573],[139.14447426796,34.2132815028666],[139.144447445869,34.213319210437],[139.144377708435,34.2133879713006],[139.14431065321,34.2134323331481],[139.144238233566,34.2134589502565],[139.144144356251,34.2134766949955],[139.142805933952,34.2135587644133],[139.142738878727,34.2135587644133],[139.142610132694,34.2135454558591],[139.142433106899,34.2135055301964],[139.142360687256,34.2134789130879],[139.142151474953,34.2133436094531],[139.142028093338,34.213188342987],[139.141845703125,34.2129576613801],[139.141770601273,34.2128667195928],[139.141665995121,34.2127802139902],[139.141598939896,34.2127425064199],[139.141494333744,34.2127003626648],[139.141384363174,34.2126759636487],[139.141218066216,34.2126715274639],[139.141108095646,34.2126826179258],[139.141046404839,34.2127003626648],[139.140904247761,34.2127580330665],[139.140756726265,34.2128689376852],[139.140585064888,34.2130929650149],[139.140520691872,34.21313510877],[139.140209555626,34.2127868682673],[139.140107631683,34.2126826179258],[139.140048623085,34.2126449103554],[139.139852821827,34.2126160751546],[139.139772355556,34.2125739313995],[139.139699935913,34.2125029524435],[139.139686524868,34.2124430639494],[139.139699935913,34.2123765211782],[139.139756262302,34.212309978407],[139.139962792397,34.2121658024027],[139.139978885651,34.2121059139086],[139.139973521233,34.2120371530451],[139.139823317528,34.2118863227636],[139.139732122421,34.2118109076229],[139.139691889286,34.211757673406],[139.13968116045,34.211704439189],[139.139689207077,34.2116356783254],[139.139758944511,34.2115669174619],[139.140048623085,34.2113983424415],[139.140147864819,34.2112719111762],[139.140147864819,34.2111743151117],[139.140129089355,34.2110279210151],[139.140056669712,34.2105865206327],[139.140027165413,34.2103136952708],[139.140013754368,34.2102316258529],[139.140024483204,34.2099987261537],[139.140011072159,34.2099077843664],[139.139992296696,34.2097813531011],[139.139831364155,34.20966823039],[139.139772355556,34.2096393951892],[139.139429032803,34.2094530754298],[139.139332473278,34.2092933727789],[139.13927346468,34.2092534471162],[139.139155447483,34.2092201757306],[139.138967692852,34.2091469786822],[139.138704836369,34.2090360740636],[139.138393700123,34.2090538188026],[139.138256907463,34.2089983664932],[139.137446880341,34.2085724927575],[139.137334227562,34.2084882052473],[139.137305157115,34.2084412175136],[139.137275218964,34.2083928272752],[139.137208163738,34.2083351568735],[139.13706600666,34.2082087256082],[139.13684874773,34.20795808117],[139.136626124382,34.2077651071335],[139.136483967304,34.2076919100852],[139.136231839657,34.2076054044826],[139.13603335619,34.2075521702656],[139.135177731514,34.2072593820723],[139.135145545006,34.2072482904148],[139.134866595268,34.2071506838291],[139.134539365768,34.2070796972214],[139.133960008621,34.2069221956854],[139.133796393871,34.2069044490334],[139.133552312851,34.2069177590224],[139.133455753326,34.2071151905253],[139.133404791355,34.2072593820723],[139.133386015892,34.2073126162893],[139.133332371712,34.2073237067511],[139.13328140974,34.2073325791206],[139.131725728512,34.2077761975954],[139.131441128767,34.2078647586229],[139.131725728512,34.2077761975954],[139.13328140974,34.2073325791206],[139.133332371712,34.2073237067511],[139.133386015892,34.2073126162893],[139.133332371712,34.2074434837393],[139.133249223232,34.2076475482377],[139.133058786392,34.2079824801861],[139.132970273495,34.2081488371141],[139.132954180241,34.2082065075158],[139.132948815823,34.2082663960099],[139.132943451405,34.2083351568735],[139.132938086987,34.2084127901066],[139.132876396179,34.208783211533],[139.132887125015,34.2088453181194],[139.132908582687,34.2088941161517],[139.133112430573,34.2089362599067],[139.133332371712,34.2090005845856],[139.133431613445,34.2090338559712],[139.133469164371,34.2090560368949],[139.133509397507,34.2091536329594],[139.133439660072,34.209905566274],[139.133372604847,34.2101007584029],[139.133343100548,34.2101939182826],[139.133332371712,34.2102493705919],[139.133217036724,34.2107817127616],[139.133187532425,34.2108327288862],[139.133053421974,34.2109813410752],[139.132527709007,34.2115247737067],[139.132447242737,34.2115979707551],[139.132385551929,34.2116245878636],[139.132157564163,34.2116622954339],[139.131798148155,34.211704439189],[139.131765961647,34.2117133115585],[139.13173109293,34.2117244020204],[139.131637215614,34.2117798543297],[139.131516516209,34.2119817007357],[139.131465554237,34.2121569300332],[139.131476283073,34.2124319734876],[139.131449460983,34.2132925933285],[139.13154065609,34.2138604249762],[139.131529927254,34.2141753940932],[139.131532609463,34.2146301030298],[139.131524562836,34.2146833372468],[139.131492376328,34.2147343533714],[139.131269752979,34.2149716892553],[139.131178557873,34.2150892481511],[139.131047129631,34.2151957165851],[139.130953252316,34.2152600412639],[139.130896925926,34.2152777860029],[139.130859375,34.2152800040953],[139.130760133266,34.21528444028],[139.130709171295,34.2152977488343],[139.130676984787,34.215319929758],[139.13061529398,34.2153687277902],[139.130604565144,34.2154263981919],[139.13061529398,34.2155794465657],[139.130628705025,34.215652643614],[139.130693078041,34.2157790748793],[139.130789637566,34.2159321232531],[139.130859375,34.2159875755625],[139.130988121033,34.216056336426],[139.131157100201,34.2161317515667],[139.131849110126,34.2163446884346],[139.132849574089,34.2164821953345],[139.133166074753,34.2166197022344],[139.133222401142,34.2166507521796],[139.133278727531,34.2166684950054],[139.133286774158,34.2166707128586],[139.133332371712,34.2166840199779],[139.133402109146,34.2167061985102],[139.133917093277,34.2168170911714],[139.134053885937,34.2168392697036],[139.134102165699,34.2169080231536],[139.134169813266,34.2170540785862],[139.134247004986,34.2172207404582],[139.134265780449,34.2173759901839],[139.134279191494,34.2174979721112],[139.134287238121,34.2175622898548],[139.134306013584,34.2179193642239],[139.134314060211,34.2180102962061],[139.134284555912,34.2180613068302],[139.134056568146,34.2182121208495],[139.133707880974,34.2185980273105],[139.133536219597,34.2188020698071],[139.13347452879,34.2188774768168],[139.133473571035,34.2188790302456],[139.133404791355,34.2189905873312],[139.133361876011,34.2191391834972],[139.133332371712,34.2191946298278],[139.133273363113,34.219245640452],[139.133206307888,34.2192833439568],[139.133096337318,34.2193121760487],[139.131709635258,34.2195583577566],[139.13162112236,34.2195849719953],[139.131503105164,34.2196515075921],[139.131419956684,34.2197136074823],[139.131339490414,34.2198001037581],[139.131226837635,34.220006364108],[139.131162464619,34.2200950782369],[139.131060540676,34.2201970994852],[139.130904972553,34.2202991207336],[139.130859375,34.2203212992658],[139.13080573082,34.220343477798],[139.129598736763,34.2207205128462],[139.129491448402,34.2207914841494],[139.129417860572,34.2208734966473],[139.129491448402,34.2207914841494],[139.129598736763,34.2207205128462],[139.13080573082,34.220343477798],[139.130859375,34.2203212992658],[139.130904972553,34.2202991207336],[139.131060540676,34.2201970994852],[139.131162464619,34.2200950782369],[139.131226837635,34.220006364108],[139.131339490414,34.2198001037581],[139.131419956684,34.2197136074823],[139.131503105164,34.2196515075921],[139.13162112236,34.2195849719953],[139.131709635258,34.2195583577566],[139.133096337318,34.2193121760487],[139.133206307888,34.2192833439568],[139.133273363113,34.219245640452],[139.133332371712,34.2191946298278],[139.133361876011,34.2191391834972],[139.133404791355,34.2189905873312],[139.133473571035,34.2188790302456],[139.13347452879,34.2188774768168],[139.133536219597,34.2188020698071],[139.133707880974,34.2185980273105],[139.134056568146,34.2182121208495],[139.134284555912,34.2180613068302],[139.134314060211,34.2180102962061],[139.134306013584,34.2179193642239],[139.134287238121,34.2175622898548],[139.134279191494,34.2174979721112],[139.134265780449,34.2173759901839],[139.134247004986,34.2172207404582],[139.134169813266,34.2170540785862],[139.134102165699,34.2169080231536],[139.134053885937,34.2168392697036],[139.133917093277,34.2168170911714],[139.133402109146,34.2167061985102],[139.133332371712,34.2166840199779],[139.133286774158,34.2166707128586],[139.133278727531,34.2166684950054],[139.133222401142,34.2166507521796],[139.133166074753,34.2166197022344],[139.132849574089,34.2164821953345],[139.131849110126,34.2163446884346],[139.131157100201,34.2161317515667],[139.130988121033,34.216056336426],[139.130859375,34.2159875755625],[139.130789637566,34.2159321232531],[139.130693078041,34.2157790748793],[139.130628705025,34.215652643614],[139.13061529398,34.2155794465657],[139.130604565144,34.2154263981919],[139.13061529398,34.2153687277902],[139.130676984787,34.215319929758],[139.130709171295,34.2152977488343],[139.130760133266,34.21528444028],[139.130859375,34.2152800040953],[139.130896925926,34.2152777860029],[139.130953252316,34.2152600412639],[139.131047129631,34.2151957165851],[139.131178557873,34.2150892481511],[139.131269752979,34.2149716892553],[139.131492376328,34.2147343533714],[139.131524562836,34.2146833372468],[139.131532609463,34.2146301030298],[139.131529927254,34.2141753940932],[139.13154065609,34.2138604249762],[139.131449460983,34.2132925933285],[139.131476283073,34.2124319734876],[139.131465554237,34.2121569300332],[139.131516516209,34.2119817007357],[139.131637215614,34.2117798543297],[139.13173109293,34.2117244020204],[139.131765961647,34.2117133115585],[139.131798148155,34.211704439189],[139.132157564163,34.2116622954339],[139.132385551929,34.2116245878636],[139.132447242737,34.2115979707551],[139.132527709007,34.2115247737067],[139.133053421974,34.2109813410752],[139.133187532425,34.2108327288862],[139.133217036724,34.2107817127616],[139.133332371712,34.2102493705919],[139.133343100548,34.2101939182826],[139.133372604847,34.2101007584029],[139.133439660072,34.209905566274],[139.133509397507,34.2091536329594],[139.133469164371,34.2090560368949],[139.133431613445,34.2090338559712],[139.133332371712,34.2090005845856],[139.133112430573,34.2089362599067],[139.132908582687,34.2088941161517],[139.132887125015,34.2088453181194],[139.132876396179,34.208783211533],[139.132938086987,34.2084127901066],[139.132943451405,34.2083351568735],[139.132948815823,34.2082663960099],[139.132954180241,34.2082065075158],[139.132970273495,34.2081488371141],[139.133058786392,34.2079824801861],[139.133249223232,34.2076475482377],[139.133332371712,34.2074434837393],[139.133386015892,34.2073126162893],[139.133332371712,34.2073237067511],[139.13328140974,34.2073325791206],[139.131725728512,34.2077761975954],[139.131441128767,34.2078647586229],[139.131725728512,34.2077761975954],[139.13328140974,34.2073325791206],[139.133332371712,34.2073237067511],[139.133386015892,34.2073126162893],[139.133404791355,34.2072593820723],[139.133455753326,34.2071151905253],[139.133552312851,34.2069177590224],[139.133796393871,34.2069044490334],[139.133960008621,34.2069221956854],[139.134539365768,34.2070796972214],[139.134866595268,34.2071506838291],[139.135145545006,34.2072482904148],[139.135177731514,34.2072593820723],[139.13603335619,34.2075521702656],[139.136231839657,34.2076054044826],[139.136483967304,34.2076919100852],[139.136626124382,34.2077651071335],[139.13684874773,34.20795808117],[139.13706600666,34.2082087256082],[139.137208163738,34.2083351568735],[139.137275218964,34.2083928272752],[139.137305157115,34.2084412175136],[139.137334227562,34.2084882052473],[139.137446880341,34.2085724927575],[139.138256907463,34.2089983664932],[139.138393700123,34.2090538188026],[139.138704836369,34.2090360740636],[139.138967692852,34.2091469786822],[139.139155447483,34.2092201757306],[139.13927346468,34.2092534471162],[139.139332473278,34.2092933727789],[139.139429032803,34.2094530754298],[139.139772355556,34.2096393951892],[139.139831364155,34.20966823039],[139.139992296696,34.2097813531011],[139.140011072159,34.2099077843664],[139.140024483204,34.2099987261537],[139.140013754368,34.2102316258529],[139.140027165413,34.2103136952708],[139.140056669712,34.2105865206327],[139.140129089355,34.2110279210151],[139.140147864819,34.2111743151117],[139.140147864819,34.2112719111762],[139.140048623085,34.2113983424415],[139.139758944511,34.2115669174619],[139.139689207077,34.2116356783254],[139.13968116045,34.211704439189],[139.139691889286,34.211757673406],[139.139732122421,34.2118109076229],[139.139823317528,34.2118863227636],[139.139973521233,34.2120371530451],[139.139978885651,34.2121059139086],[139.139962792397,34.2121658024027],[139.139756262302,34.212309978407],[139.139699935913,34.2123765211782],[139.139686524868,34.2124430639494],[139.139699935913,34.2125029524435],[139.139772355556,34.2125739313995],[139.139852821827,34.2126160751546],[139.140048623085,34.2126449103554],[139.140107631683,34.2126826179258],[139.140209555626,34.2127868682673],[139.140520691872,34.21313510877],[139.140585064888,34.2130929650149],[139.140756726265,34.2128689376852],[139.140904247761,34.2127580330665],[139.141046404839,34.2127003626648],[139.141108095646,34.2126826179258],[139.141218066216,34.2126715274639],[139.141384363174,34.2126759636487],[139.141494333744,34.2127003626648],[139.141598939896,34.2127425064199],[139.141665995121,34.2127802139902],[139.141770601273,34.2128667195928],[139.141845703125,34.2129576613801],[139.142028093338,34.213188342987],[139.142151474953,34.2133436094531],[139.142360687256,34.2134789130879],[139.142433106899,34.2135055301964],[139.142610132694,34.2135454558591],[139.142738878727,34.2135587644133],[139.142805933952,34.2135587644133],[139.144144356251,34.2134766949955],[139.144238233566,34.2134589502565],[139.14431065321,34.2134323331481],[139.144377708435,34.2133879713006],[139.144447445869,34.213319210437],[139.14447426796,34.2132815028666],[139.144503772259,34.2132260505573],[139.144613742828,34.2129443528259],[139.144707620144,34.2127358521427],[139.144753217697,34.2127092350343],[139.145112633705,34.2124408458571],[139.145421087742,34.2120393711374],[139.14550691843,34.2119329027035],[139.145662486553,34.2117354924822],[139.145791232586,34.2116090612169],[139.146105051041,34.2113428901321],[139.1462418437,34.2113162730236],[139.146333038807,34.2112896559151],[139.146440327168,34.2112430759753],[139.146574437618,34.2111388256337],[139.146684408188,34.2109746867981],[139.14670613332,34.2109327663204],[139.14673268795,34.2108815269184],[139.146756827831,34.2107950213158],[139.146807789803,34.2106907709743],[139.146813154221,34.2106242282031],[139.14697676897,34.2102072268368],[139.147030413151,34.2100941041258],[139.147102832794,34.2099787633223],[139.147556126118,34.2094175859518],[139.147711694241,34.2092734099475],[139.147974550724,34.2091092711119],[139.148261547089,34.2089473503686],[139.148331284523,34.2088896799669],[139.148376882076,34.2087965200872],[139.148395657539,34.2087366315931],[139.148460030556,34.2086212907897],[139.148722887039,34.2084704605083],[139.148824810982,34.2084394072151],[139.14896696806,34.2084238805684],[139.149119853973,34.2083773006286],[139.149181544781,34.2083351568735],[139.149251282215,34.2082819226565],[139.149334430695,34.2082486512709],[139.149715304375,34.208142182837],[139.149849414825,34.2080512410497],[139.149954020977,34.2079137193225],[139.14999961853,34.2077673252259],[139.150034487247,34.2076497663301],[139.150069355965,34.2075832235588],[139.150173962116,34.2074279570927],[139.150219559669,34.2072593820723],[139.150251746178,34.2071506838291],[139.150283932686,34.2070796972214],[139.150391221046,34.2069732173097],[139.150458276272,34.2069465973318],[139.15054410696,34.2069221956854],[139.150847196579,34.2069465973318],[139.15095448494,34.2069377240058],[139.151185154915,34.206880047387],[139.151276350021,34.2068600824036],[139.151458740234,34.2067802224698],[139.151992499828,34.2064519094089],[139.152475297451,34.206258914569],[139.152555763721,34.2062256395966],[139.152687191963,34.2061435613314],[139.152762293816,34.2060725747236],[139.15283203125,34.2059505664915],[139.152861535549,34.2059061998616],[139.152958095074,34.2058396499168],[139.153145849705,34.2057930649555],[139.153250455856,34.2057575716516],[139.153341650963,34.2056777117178],[139.153373837471,34.2056045067786],[139.15337651968,34.2054913718724],[139.153341650963,34.2054070752757],[139.153293371201,34.2053383069994],[139.153215587139,34.2052983770325],[139.153119027615,34.2052695387231],[139.152987599373,34.2052695387231],[139.15283203125,34.2053383069994],[139.152714014053,34.2054026386127],[139.152582585812,34.2054181669332],[139.152467250824,34.2054070752757],[139.152019321918,34.2052872853751],[139.151751101017,34.2052029887783],[139.151541888714,34.2052096437728],[139.151431918144,34.2052029887783],[139.151316583157,34.205169713806],[139.151136875153,34.2050255222589],[139.151080548763,34.2049190423472],[139.151059091091,34.2048436190765],[139.151072502136,34.2047504491538],[139.151120781898,34.2046572792311],[139.151305854321,34.2044465377393],[139.151346087456,34.2043067828552],[139.151399731636,34.2041648096396],[139.151466786861,34.2040428014075],[139.15149897337,34.2040006531092],[139.151571393013,34.2039074831865],[139.151627719402,34.20388308154],[139.151847660542,34.2039074831865],[139.152022004128,34.2039385398274],[139.152115881443,34.2039385398274],[139.152193665504,34.2038941731975],[139.152220487595,34.2038542432306],[139.152263402939,34.2037810382914],[139.152346551418,34.20358582512],[139.152378737926,34.2034438519044],[139.152381420135,34.203270822048],[139.152362644672,34.2031732154623],[139.152317047119,34.2030711722136],[139.152244627476,34.2029536006445],[139.152244627476,34.2028471207328],[139.152266085148,34.2025897942797],[139.152317047119,34.2024810960365],[139.152542352676,34.2023014111856],[139.152759611607,34.2021106346772],[139.152638912201,34.2016935883565],[139.152432382107,34.2010369622346],[139.152359962463,34.2009482289749],[139.152300953865,34.2008373124002],[139.152319729328,34.2007774174499],[139.152429699898,34.2006576275493],[139.15226072073,34.2004357944],[139.152185618877,34.2003093495049],[139.152164161205,34.2001318829855],[139.152193665504,34.2000010014274],[139.152335822582,34.1995063135045],[139.152410924435,34.1993665586204],[139.152512848377,34.1992245854049],[139.152665734291,34.1991092321672],[139.15283203125,34.1990338088965],[139.153258502483,34.1988585607085],[139.153416752815,34.1987542991284],[139.153848588467,34.1982817945204],[139.153934419155,34.1981730962772],[139.154055118561,34.1980244520482],[139.154116809368,34.1979312720837],[139.154218733311,34.1976251093434],[139.154240190983,34.1974343122733],[139.154331386089,34.1969218224688],[139.154352843761,34.1967753968104],[139.154358208179,34.196750992534],[139.154344797134,34.1966334082931],[139.154291152954,34.1965535397522],[139.154205322266,34.1965047311994],[139.154098033905,34.1964936383465],[139.153910279274,34.1965557583228],[139.15340334177,34.196777615381],[139.153293371201,34.1968330796455],[139.153231680393,34.1968818881983],[139.153084158897,34.1972191109268],[139.153027832508,34.1972812309031],[139.15283203125,34.1974054708557],[139.152773022652,34.1974409679851],[139.152520895004,34.1975696450788],[139.152432382107,34.1975829565023],[139.152330458164,34.1975696450788],[139.151981770992,34.1974609351203],[139.15182352066,34.1974365308439],[139.151761829853,34.1974343122733],[139.151667952538,34.1974320937027],[139.151128828526,34.1975851750729],[139.150796234608,34.1977582235783],[139.150576293468,34.1977981578488],[139.14999961853,34.1978114692723],[139.14989233017,34.1978136878429],[139.149667024612,34.1978491849722],[139.148867726326,34.1980666048893],[139.148752391338,34.1981442548596],[139.148728251457,34.1981730962772],[139.148486852646,34.1984814443547],[139.148384928703,34.1985324659791],[139.148215949535,34.198559085957],[139.147566854954,34.1986167625758],[139.14744079113,34.1986478192167],[139.14733082056,34.1986877491836],[139.1472235322,34.1987409891394],[139.146563708782,34.1990981405098],[139.146046042442,34.1994131435818],[139.145691990852,34.1996460683885],[139.145523011684,34.1997414566427],[139.14534330368,34.1998301899024],[139.145254790783,34.199954416466],[139.145233333111,34.2000010014274],[139.145187735558,34.200107481339],[139.145048260689,34.2005910776045],[139.145017867063,34.2007239454926],[139.145010709763,34.200755234135],[139.144932925701,34.2009327006544],[139.144852459431,34.2010103422567],[139.144409894943,34.201232175406],[139.144329428673,34.2012920703563],[139.144165813923,34.201551615141],[139.144088029861,34.2016935883565],[139.14392977953,34.2018843648649],[139.143779575825,34.2020307747434],[139.143615961075,34.2021394729866],[139.143269956112,34.202321376169],[139.142816662788,34.2025387726553],[139.141845703125,34.2029336356611],[139.141665995121,34.2030157139263],[139.141620397568,34.2030378972412],[139.141564071178,34.2030778272081],[139.141515791416,34.2031621238048],[139.141432642937,34.203415013595],[139.141346812248,34.2035148385122],[139.14123415947,34.203576951794],[139.140711128712,34.2038498065676],[139.140601158142,34.2039185748439],[139.140464365482,34.2040361464131],[139.140386581421,34.2040361464131],[139.140319526196,34.2039962164462],[139.140284657478,34.2039451948218],[139.140357077122,34.2038608982251],[139.140872061253,34.2035658601365],[139.141054451466,34.2034305419155],[139.141092002392,34.2033706469652],[139.141108095646,34.2033107520149],[139.141094684601,34.2032508570646],[139.141032993793,34.2031976171087],[139.140855967999,34.2030889188656],[139.140829145908,34.2030401155727],[139.140829145908,34.2029447273185],[139.140898883343,34.2027428591527],[139.140885472298,34.2026474708985],[139.140845239162,34.2025942309426],[139.1407969594,34.2025520826443],[139.140754044056,34.2025254626664],[139.140705764294,34.2025188076719],[139.140649437904,34.2025232443349],[139.140220284462,34.2026341609095],[139.140139818192,34.202640815904],[139.140064716339,34.2026186325891],[139.140024483204,34.2025787026222],[139.139997661114,34.2025010610199],[139.140011072159,34.2024367294066],[139.140040576458,34.2023967994398],[139.140099585056,34.2023590878044],[139.140767455101,34.2020751413733],[139.140874743462,34.2019841897821],[139.141086637974,34.2017601383013],[139.141148328781,34.2016625317156],[139.14115101099,34.2015627067984],[139.141118824482,34.2014850651962],[139.14104372263,34.2014251702459],[139.140955209732,34.2013918952735],[139.140839874744,34.2013830219475],[139.140646755695,34.2014517902238],[139.140357077122,34.2015316501575],[139.139466583729,34.2016270384117],[139.139302968979,34.2016758417046],[139.139123260975,34.2017601383013],[139.138908684254,34.2018732732074],[139.13878262043,34.2019730981246],[139.13870215416,34.2021239446661],[139.138653874397,34.2023923627768],[139.13864582777,34.2024456027326],[139.138605594635,34.2025077160144],[139.138527810574,34.2025764842907],[139.138433933258,34.2026186325891],[139.138323962688,34.2026297242465],[139.138227403164,34.2026075409316],[139.138045012951,34.2025698292962],[139.137959182262,34.2025653926332],[139.137870669365,34.2025897942797],[139.137736558914,34.202645252567],[139.137626588345,34.2026851825338],[139.137495160103,34.2026962741913],[139.137342274189,34.2026696542134],[139.137245714664,34.2026031042686],[139.136866766228,34.2022137893012],[139.136559069157,34.2018976748539],[139.136459827423,34.2017690116273],[139.136368632317,34.2017113350084],[139.136258661747,34.201709116677],[139.135631024837,34.2017911949422],[139.135199189186,34.2017756666217],[139.134174585342,34.2017401733179],[139.134032428265,34.2017357366549],[139.133694469929,34.2018111599256],[139.133498668671,34.2018932381909],[139.133332371712,34.2019753164561],[139.13325458765,34.202015246423],[139.133166074753,34.2021039796827],[139.133136570454,34.202177184622],[139.133128523827,34.2022592628872],[139.133332371712,34.2030268055838],[139.133415520191,34.2033240620038],[139.133579134941,34.2040694213854],[139.13371860981,34.2044443194078],[139.133850038052,34.2048924223693],[139.133890271187,34.2051053821927],[139.133901000023,34.205480280215],[139.133852720261,34.2064385994199],[139.133742749691,34.2066249392653],[139.133600592613,34.2068423357516],[139.133552312851,34.2069177590224],[139.133455753326,34.2071151905253],[139.133404791355,34.2072593820723],[139.133386015892,34.2073126162893],[139.133332371712,34.2073237067511],[139.13328140974,34.2073325791206],[139.131725728512,34.2077761975954],[139.131441128767,34.2078647586229]]},"properties":{"id":"F028:5:SHP0024","feed_id":"F028","feed_slug":"kozushima-village-bus","municipality":"神津島村","service_name":"村営バス","license":"CC BY 4.0","source_route_id":"5","route_short_name":null,"route_long_name":"夜間温泉巡回バス","route_desc":null,"route_type":3,"route_url":null,"route_color":null,"route_text_color":"000000","directions":[],"geometry_source":"shapes.txt"}},{"type":"Feature","id":"F028:5:SHP0025","geometry":{"type":"LineString","coordinates":[[139.129417860572,34.2208734966473],[139.129491448402,34.2207914841494],[139.129598736763,34.2207205128462],[139.13080573082,34.220343477798],[139.130859375,34.2203212992658],[139.130904972553,34.2202991207336],[139.131060540676,34.2201970994852],[139.131162464619,34.2200950782369],[139.131226837635,34.220006364108],[139.131339490414,34.2198001037581],[139.131419956684,34.2197136074823],[139.131503105164,34.2196515075921],[139.13162112236,34.2195849719953],[139.131709635258,34.2195583577566],[139.133096337318,34.2193121760487],[139.133206307888,34.2192833439568],[139.133273363113,34.219245640452],[139.133332371712,34.2191946298278],[139.133361876011,34.2191391834972],[139.133404791355,34.2189905873312],[139.133473571035,34.2188790302456],[139.13347452879,34.2188774768168],[139.133536219597,34.2188020698071],[139.133707880974,34.2185980273105],[139.134056568146,34.2182121208495],[139.134284555912,34.2180613068302],[139.134314060211,34.2180102962061],[139.134306013584,34.2179193642239],[139.134287238121,34.2175622898548],[139.134279191494,34.2174979721112],[139.134265780449,34.2173759901839],[139.134247004986,34.2172207404582],[139.134169813266,34.2170540785862],[139.134102165699,34.2169080231536],[139.134053885937,34.2168392697036],[139.133917093277,34.2168170911714],[139.133402109146,34.2167061985102],[139.133332371712,34.2166840199779],[139.133286774158,34.2166707128586],[139.133278727531,34.2166684950054],[139.133222401142,34.2166507521796],[139.133166074753,34.2166197022344],[139.132849574089,34.2164821953345],[139.131849110126,34.2163446884346],[139.131157100201,34.2161317515667],[139.130988121033,34.216056336426],[139.130859375,34.2159875755625],[139.130789637566,34.2159321232531],[139.130693078041,34.2157790748793],[139.130628705025,34.215652643614],[139.13061529398,34.2155794465657],[139.130604565144,34.2154263981919],[139.13061529398,34.2153687277902],[139.130676984787,34.215319929758],[139.130709171295,34.2152977488343],[139.130760133266,34.21528444028],[139.130859375,34.2152800040953],[139.130896925926,34.2152777860029],[139.130953252316,34.2152600412639],[139.131047129631,34.2151957165851],[139.131178557873,34.2150892481511],[139.131269752979,34.2149716892553],[139.131492376328,34.2147343533714],[139.131524562836,34.2146833372468],[139.131532609463,34.2146301030298],[139.131529927254,34.2141753940932],[139.13154065609,34.2138604249762],[139.131449460983,34.2132925933285],[139.131476283073,34.2124319734876],[139.131465554237,34.2121569300332],[139.131516516209,34.2119817007357],[139.131637215614,34.2117798543297],[139.13173109293,34.2117244020204],[139.131765961647,34.2117133115585],[139.131798148155,34.211704439189],[139.132157564163,34.2116622954339],[139.132385551929,34.2116245878636],[139.132447242737,34.2115979707551],[139.132527709007,34.2115247737067],[139.133053421974,34.2109813410752],[139.133187532425,34.2108327288862],[139.133217036724,34.2107817127616],[139.133332371712,34.2102493705919],[139.133343100548,34.2101939182826],[139.133372604847,34.2101007584029],[139.133439660072,34.209905566274],[139.133509397507,34.2091536329594],[139.133469164371,34.2090560368949],[139.133431613445,34.2090338559712],[139.133332371712,34.2090005845856],[139.133112430573,34.2089362599067],[139.132908582687,34.2088941161517],[139.132887125015,34.2088453181194],[139.132876396179,34.208783211533],[139.132938086987,34.2084127901066],[139.132943451405,34.2083351568735],[139.132948815823,34.2082663960099],[139.132954180241,34.2082065075158],[139.132970273495,34.2081488371141],[139.133058786392,34.2079824801861],[139.133249223232,34.2076475482377],[139.133332371712,34.2074434837393],[139.133386015892,34.2073126162893],[139.133332371712,34.2073237067511],[139.13328140974,34.2073325791206],[139.131725728512,34.2077761975954],[139.131441128767,34.2078647586229],[139.131725728512,34.2077761975954],[139.13328140974,34.2073325791206],[139.133332371712,34.2073237067511],[139.133386015892,34.2073126162893],[139.133404791355,34.2072593820723],[139.133455753326,34.2071151905253],[139.133552312851,34.2069177590224],[139.133600592613,34.2068423357516],[139.133742749691,34.2066249392653],[139.133852720261,34.2064385994199],[139.133901000023,34.205480280215],[139.133890271187,34.2051053821927],[139.133850038052,34.2048924223693],[139.13371860981,34.2044443194078],[139.133579134941,34.2040694213854],[139.133415520191,34.2033240620038],[139.133332371712,34.2030268055838],[139.133128523827,34.2022592628872],[139.133136570454,34.202177184622],[139.133166074753,34.2021039796827],[139.13325458765,34.202015246423],[139.133332371712,34.2019753164561],[139.133498668671,34.2018932381909],[139.133694469929,34.2018111599256],[139.134032428265,34.2017357366549],[139.134174585342,34.2017401733179],[139.135199189186,34.2017756666217],[139.135631024837,34.2017911949422],[139.136258661747,34.201709116677],[139.136368632317,34.2017113350084],[139.136459827423,34.2017690116273],[139.136559069157,34.2018976748539],[139.136866766228,34.2022137893012],[139.137245714664,34.2026031042686],[139.137342274189,34.2026696542134],[139.137495160103,34.2026962741913],[139.137626588345,34.2026851825338],[139.137736558914,34.202645252567],[139.137870669365,34.2025897942797],[139.137959182262,34.2025653926332],[139.138045012951,34.2025698292962],[139.138227403164,34.2026075409316],[139.138323962688,34.2026297242465],[139.138433933258,34.2026186325891],[139.138527810574,34.2025764842907],[139.138605594635,34.2025077160144],[139.13864582777,34.2024456027326],[139.138653874397,34.2023923627768],[139.13870215416,34.2021239446661],[139.13878262043,34.2019730981246],[139.138908684254,34.2018732732074],[139.139123260975,34.2017601383013],[139.139302968979,34.2016758417046],[139.139466583729,34.2016270384117],[139.140357077122,34.2015316501575],[139.140646755695,34.2014517902238],[139.140839874744,34.2013830219475],[139.140955209732,34.2013918952735],[139.14104372263,34.2014251702459],[139.141118824482,34.2014850651962],[139.14115101099,34.2015627067984],[139.141148328781,34.2016625317156],[139.141086637974,34.2017601383013],[139.140874743462,34.2019841897821],[139.140767455101,34.2020751413733],[139.140099585056,34.2023590878044],[139.140040576458,34.2023967994398],[139.140011072159,34.2024367294066],[139.139997661114,34.2025010610199],[139.140024483204,34.2025787026222],[139.140064716339,34.2026186325891],[139.140139818192,34.202640815904],[139.140220284462,34.2026341609095],[139.140649437904,34.2025232443349],[139.140705764294,34.2025188076719],[139.140754044056,34.2025254626664],[139.1407969594,34.2025520826443],[139.140845239162,34.2025942309426],[139.140885472298,34.2026474708985],[139.140898883343,34.2027428591527],[139.140829145908,34.2029447273185],[139.140829145908,34.2030401155727],[139.140855967999,34.2030889188656],[139.141032993793,34.2031976171087],[139.141094684601,34.2032508570646],[139.141108095646,34.2033107520149],[139.141092002392,34.2033706469652],[139.141054451466,34.2034305419155],[139.140872061253,34.2035658601365],[139.140357077122,34.2038608982251],[139.140284657478,34.2039451948218],[139.140319526196,34.2039962164462],[139.140386581421,34.2040361464131],[139.140464365482,34.2040361464131],[139.140601158142,34.2039185748439],[139.140711128712,34.2038498065676],[139.14123415947,34.203576951794],[139.141346812248,34.2035148385122],[139.141432642937,34.203415013595],[139.141515791416,34.2031621238048],[139.141564071178,34.2030778272081],[139.141620397568,34.2030378972412],[139.141665995121,34.2030157139263],[139.141845703125,34.2029336356611],[139.142816662788,34.2025387726553],[139.143269956112,34.202321376169],[139.143615961075,34.2021394729866],[139.143779575825,34.2020307747434],[139.14392977953,34.2018843648649],[139.144088029861,34.2016935883565],[139.144165813923,34.201551615141],[139.144329428673,34.2012920703563],[139.144409894943,34.201232175406],[139.144852459431,34.2010103422567],[139.144932925701,34.2009327006544],[139.145010709763,34.200755234135],[139.145017867063,34.2007239454926],[139.145048260689,34.2005910776045],[139.145187735558,34.200107481339],[139.145233333111,34.2000010014274],[139.145254790783,34.199954416466],[139.14534330368,34.1998301899024],[139.145523011684,34.1997414566427],[139.145691990852,34.1996460683885],[139.146046042442,34.1994131435818],[139.146563708782,34.1990981405098],[139.1472235322,34.1987409891394],[139.14733082056,34.1986877491836],[139.14744079113,34.1986478192167],[139.147566854954,34.1986167625758],[139.148215949535,34.198559085957],[139.148384928703,34.1985324659791],[139.148486852646,34.1984814443547],[139.148728251457,34.1981730962772],[139.148752391338,34.1981442548596],[139.148867726326,34.1980666048893],[139.149667024612,34.1978491849722],[139.14989233017,34.1978136878429],[139.14999961853,34.1978114692723],[139.150576293468,34.1977981578488],[139.150796234608,34.1977582235783],[139.151128828526,34.1975851750729],[139.151667952538,34.1974320937027],[139.151761829853,34.1974343122733],[139.15182352066,34.1974365308439],[139.151981770992,34.1974609351203],[139.152330458164,34.1975696450788],[139.152432382107,34.1975829565023],[139.152520895004,34.1975696450788],[139.152773022652,34.1974409679851],[139.15283203125,34.1974054708557],[139.153027832508,34.1972812309031],[139.153084158897,34.1972191109268],[139.153231680393,34.1968818881983],[139.153293371201,34.1968330796455],[139.15340334177,34.196777615381],[139.153910279274,34.1965557583228],[139.154098033905,34.1964936383465],[139.154205322266,34.1965047311994],[139.154291152954,34.1965535397522],[139.154344797134,34.1966334082931],[139.154358208179,34.196750992534],[139.154352843761,34.1967753968104],[139.154331386089,34.1969218224688],[139.154240190983,34.1974343122733],[139.154218733311,34.1976251093434],[139.154116809368,34.1979312720837],[139.154055118561,34.1980244520482],[139.153934419155,34.1981730962772],[139.153848588467,34.1982817945204],[139.153416752815,34.1987542991284],[139.153258502483,34.1988585607085],[139.15283203125,34.1990338088965],[139.152665734291,34.1991092321672],[139.152512848377,34.1992245854049],[139.152410924435,34.1993665586204],[139.152335822582,34.1995063135045],[139.152193665504,34.2000010014274],[139.152164161205,34.2001318829855],[139.152185618877,34.2003093495049],[139.15226072073,34.2004357944],[139.152429699898,34.2006576275493],[139.152319729328,34.2007774174499],[139.152300953865,34.2008373124002],[139.152359962463,34.2009482289749],[139.152432382107,34.2010369622346],[139.152638912201,34.2016935883565],[139.152759611607,34.2021106346772],[139.152542352676,34.2023014111856],[139.152317047119,34.2024810960365],[139.152266085148,34.2025897942797],[139.152244627476,34.2028471207328],[139.152244627476,34.2029536006445],[139.152317047119,34.2030711722136],[139.152362644672,34.2031732154623],[139.152381420135,34.203270822048],[139.152378737926,34.2034438519044],[139.152346551418,34.20358582512],[139.152263402939,34.2037810382914],[139.152220487595,34.2038542432306],[139.152193665504,34.2038941731975],[139.152115881443,34.2039385398274],[139.152022004128,34.2039385398274],[139.151847660542,34.2039074831865],[139.151627719402,34.20388308154],[139.151571393013,34.2039074831865],[139.15149897337,34.2040006531092],[139.151466786861,34.2040428014075],[139.151399731636,34.2041648096396],[139.151346087456,34.2043067828552],[139.151305854321,34.2044465377393],[139.151120781898,34.2046572792311],[139.151072502136,34.2047504491538],[139.151059091091,34.2048436190765],[139.151080548763,34.2049190423472],[139.151136875153,34.2050255222589],[139.151316583157,34.205169713806],[139.151431918144,34.2052029887783],[139.151541888714,34.2052096437728],[139.151751101017,34.2052029887783],[139.152019321918,34.2052872853751],[139.152467250824,34.2054070752757],[139.152582585812,34.2054181669332],[139.152714014053,34.2054026386127],[139.15283203125,34.2053383069994],[139.152987599373,34.2052695387231],[139.153119027615,34.2052695387231],[139.153215587139,34.2052983770325],[139.153293371201,34.2053383069994],[139.153341650963,34.2054070752757],[139.15337651968,34.2054913718724],[139.153373837471,34.2056045067786],[139.153341650963,34.2056777117178],[139.153250455856,34.2057575716516],[139.153145849705,34.2057930649555],[139.152958095074,34.2058396499168],[139.152861535549,34.2059061998616],[139.15283203125,34.2059505664915],[139.152762293816,34.2060725747236],[139.152687191963,34.2061435613314],[139.152555763721,34.2062256395966],[139.152475297451,34.206258914569],[139.151992499828,34.2064519094089],[139.151458740234,34.2067802224698],[139.151276350021,34.2068600824036],[139.151185154915,34.206880047387],[139.15095448494,34.2069377240058],[139.150847196579,34.2069465973318],[139.15054410696,34.2069221956854],[139.150458276272,34.2069465973318],[139.150391221046,34.2069732173097],[139.150283932686,34.2070796972214],[139.150251746178,34.2071506838291],[139.150219559669,34.2072593820723],[139.150173962116,34.2074279570927],[139.150069355965,34.2075832235588],[139.150034487247,34.2076497663301],[139.14999961853,34.2077673252259],[139.149954020977,34.2079137193225],[139.149849414825,34.2080512410497],[139.149715304375,34.208142182837],[139.149334430695,34.2082486512709],[139.149251282215,34.2082819226565],[139.149181544781,34.2083351568735],[139.149119853973,34.2083773006286],[139.14896696806,34.2084238805684],[139.148824810982,34.2084394072151],[139.148722887039,34.2084704605083],[139.148460030556,34.2086212907897],[139.148395657539,34.2087366315931],[139.148376882076,34.2087965200872],[139.148331284523,34.2088896799669],[139.148261547089,34.2089473503686],[139.147974550724,34.2091092711119],[139.147711694241,34.2092734099475],[139.147556126118,34.2094175859518],[139.147102832794,34.2099787633223],[139.147030413151,34.2100941041258],[139.14697676897,34.2102072268368],[139.146813154221,34.2106242282031],[139.146807789803,34.2106907709743],[139.146756827831,34.2107950213158],[139.14673268795,34.2108815269184],[139.14670613332,34.2109327663204],[139.146684408188,34.2109746867981],[139.146574437618,34.2111388256337],[139.146440327168,34.2112430759753],[139.146333038807,34.2112896559151],[139.1462418437,34.2113162730236],[139.146105051041,34.2113428901321],[139.145791232586,34.2116090612169],[139.145662486553,34.2117354924822],[139.14550691843,34.2119329027035],[139.145421087742,34.2120393711374],[139.145112633705,34.2124408458571],[139.144753217697,34.2127092350343],[139.144707620144,34.2127358521427],[139.144613742828,34.2129443528259],[139.144503772259,34.2132260505573],[139.14447426796,34.2132815028666],[139.144447445869,34.213319210437],[139.144377708435,34.2133879713006],[139.14431065321,34.2134323331481],[139.144238233566,34.2134589502565],[139.144144356251,34.2134766949955],[139.142805933952,34.2135587644133],[139.142738878727,34.2135587644133],[139.142610132694,34.2135454558591],[139.142433106899,34.2135055301964],[139.142360687256,34.2134789130879],[139.142151474953,34.2133436094531],[139.142028093338,34.213188342987],[139.141845703125,34.2129576613801],[139.141770601273,34.2128667195928],[139.141665995121,34.2127802139902],[139.141598939896,34.2127425064199],[139.141494333744,34.2127003626648],[139.141384363174,34.2126759636487],[139.141218066216,34.2126715274639],[139.141108095646,34.2126826179258],[139.141046404839,34.2127003626648],[139.140904247761,34.2127580330665],[139.140756726265,34.2128689376852],[139.140585064888,34.2130929650149],[139.140520691872,34.21313510877],[139.140209555626,34.2127868682673],[139.140107631683,34.2126826179258],[139.140048623085,34.2126449103554],[139.139852821827,34.2126160751546],[139.139772355556,34.2125739313995],[139.139699935913,34.2125029524435],[139.139686524868,34.2124430639494],[139.139699935913,34.2123765211782],[139.139756262302,34.212309978407],[139.139962792397,34.2121658024027],[139.139978885651,34.2121059139086],[139.139973521233,34.2120371530451],[139.139823317528,34.2118863227636],[139.139732122421,34.2118109076229],[139.139691889286,34.211757673406],[139.13968116045,34.211704439189],[139.139689207077,34.2116356783254],[139.139758944511,34.2115669174619],[139.140048623085,34.2113983424415],[139.140147864819,34.2112719111762],[139.140147864819,34.2111743151117],[139.140129089355,34.2110279210151],[139.140056669712,34.2105865206327],[139.140027165413,34.2103136952708],[139.140013754368,34.2102316258529],[139.140024483204,34.2099987261537],[139.140011072159,34.2099077843664],[139.139992296696,34.2097813531011],[139.139831364155,34.20966823039],[139.139772355556,34.2096393951892],[139.139429032803,34.2094530754298],[139.139332473278,34.2092933727789],[139.13927346468,34.2092534471162],[139.139155447483,34.2092201757306],[139.138967692852,34.2091469786822],[139.138704836369,34.2090360740636],[139.138393700123,34.2090538188026],[139.138256907463,34.2089983664932],[139.137446880341,34.2085724927575],[139.137334227562,34.2084882052473],[139.137305157115,34.2084412175136],[139.137275218964,34.2083928272752],[139.137208163738,34.2083351568735],[139.13706600666,34.2082087256082],[139.13684874773,34.20795808117],[139.136626124382,34.2077651071335],[139.136483967304,34.2076919100852],[139.136231839657,34.2076054044826],[139.13603335619,34.2075521702656],[139.135177731514,34.2072593820723],[139.135145545006,34.2072482904148],[139.134866595268,34.2071506838291],[139.134539365768,34.2070796972214],[139.133960008621,34.2069221956854],[139.133796393871,34.2069044490334],[139.133552312851,34.2069177590224],[139.133455753326,34.2071151905253],[139.133404791355,34.2072593820723],[139.133386015892,34.2073126162893],[139.133332371712,34.2073237067511],[139.13328140974,34.2073325791206],[139.131725728512,34.2077761975954],[139.131441128767,34.2078647586229]]},"properties":{"id":"F028:5:SHP0025","feed_id":"F028","feed_slug":"kozushima-village-bus","municipality":"神津島村","service_name":"村営バス","license":"CC BY 4.0","source_route_id":"5","route_short_name":null,"route_long_name":"夜間温泉巡回バス","route_desc":null,"route_type":3,"route_url":null,"route_color":null,"route_text_color":"000000","directions":[],"geometry_source":"shapes.txt"}},{"type":"Feature","id":"F028:6:SHP0001","geometry":{"type":"LineString","coordinates":[[139.153369559866,34.2019496661842],[139.153400659561,34.2019997181025],[139.153446257114,34.2020662680473],[139.153515994549,34.2021993679369],[139.153400659561,34.2022082412629],[139.153309464455,34.2021882762794],[139.153253138065,34.2021416913181],[139.153161942959,34.2019109848428],[139.15304929018,34.2017312999919],[139.152904450893,34.2015360868205],[139.15283203125,34.2014074235939],[139.152762293816,34.2012809786988],[139.152553081512,34.2008173474168],[139.152500016642,34.2007486539235],[139.152429699898,34.2006576275493],[139.15226072073,34.2004357944],[139.152185618877,34.2003093495049],[139.152164161205,34.2001318829855],[139.152193665504,34.2000010014274],[139.152335822582,34.1995063135045],[139.152410924435,34.1993665586204],[139.152512848377,34.1992245854049],[139.152665734291,34.1991092321672],[139.15283203125,34.1990338088965],[139.153258502483,34.1988585607085],[139.153416752815,34.1987542991284],[139.153848588467,34.1982817945204],[139.153934419155,34.1981730962772],[139.154055118561,34.1980244520482],[139.154116809368,34.1979312720837],[139.154218733311,34.1976251093434],[139.154240190983,34.1974343122733],[139.154331386089,34.1969218224688],[139.154352843761,34.1967753968104],[139.154358208179,34.196750992534],[139.154344797134,34.1966334082931],[139.154291152954,34.1965535397522],[139.154205322266,34.1965047311994],[139.154098033905,34.1964936383465],[139.153910279274,34.1965557583228],[139.15340334177,34.196777615381],[139.153293371201,34.1968330796455],[139.153231680393,34.1968818881983],[139.153084158897,34.1972191109268],[139.153027832508,34.1972812309031],[139.15283203125,34.1974054708557],[139.152773022652,34.1974409679851],[139.152520895004,34.1975696450788],[139.152432382107,34.1975829565023],[139.152330458164,34.1975696450788],[139.151981770992,34.1974609351203],[139.15182352066,34.1974365308439],[139.151761829853,34.1974343122733],[139.151667952538,34.1974320937027],[139.151128828526,34.1975851750729],[139.150796234608,34.1977582235783],[139.150576293468,34.1977981578488],[139.14999961853,34.1978114692723],[139.14989233017,34.1978136878429],[139.149667024612,34.1978491849722],[139.148867726326,34.1980666048893],[139.148752391338,34.1981442548596],[139.148728251457,34.1981730962772],[139.148486852646,34.1984814443547],[139.148384928703,34.1985324659791],[139.148215949535,34.198559085957],[139.147566854954,34.1986167625758],[139.14744079113,34.1986478192167],[139.14733082056,34.1986877491836],[139.1472235322,34.1987409891394],[139.146563708782,34.1990981405098],[139.146046042442,34.1994131435818],[139.145691990852,34.1996460683885],[139.145523011684,34.1997414566427],[139.14534330368,34.1998301899024],[139.145254790783,34.199954416466],[139.145233333111,34.2000010014274],[139.145187735558,34.200107481339],[139.145048260689,34.2005910776045],[139.145017867063,34.2007239454926],[139.145010709763,34.200755234135],[139.144932925701,34.2009327006544],[139.144852459431,34.2010103422567],[139.144409894943,34.201232175406],[139.144329428673,34.2012920703563],[139.144165813923,34.201551615141],[139.144088029861,34.2016935883565],[139.14392977953,34.2018843648649],[139.143779575825,34.2020307747434],[139.143615961075,34.2021394729866],[139.143269956112,34.202321376169],[139.142816662788,34.2025387726553],[139.141845703125,34.2029336356611],[139.141665995121,34.2030157139263],[139.141620397568,34.2030378972412],[139.141564071178,34.2030778272081],[139.141515791416,34.2031621238048],[139.141432642937,34.203415013595],[139.141346812248,34.2035148385122],[139.14123415947,34.203576951794],[139.140711128712,34.2038498065676],[139.140601158142,34.2039185748439],[139.140464365482,34.2040361464131],[139.140386581421,34.2040361464131],[139.140319526196,34.2039962164462],[139.140284657478,34.2039451948218],[139.140357077122,34.2038608982251],[139.140872061253,34.2035658601365],[139.141054451466,34.2034305419155],[139.141092002392,34.2033706469652],[139.141108095646,34.2033107520149],[139.141094684601,34.2032508570646],[139.141032993793,34.2031976171087],[139.140855967999,34.2030889188656],[139.140829145908,34.2030401155727],[139.140829145908,34.2029447273185],[139.140898883343,34.2027428591527],[139.140885472298,34.2026474708985],[139.140845239162,34.2025942309426],[139.1407969594,34.2025520826443],[139.140754044056,34.2025254626664],[139.140705764294,34.2025188076719],[139.140649437904,34.2025232443349],[139.140220284462,34.2026341609095],[139.140139818192,34.202640815904],[139.140064716339,34.2026186325891],[139.140024483204,34.2025787026222],[139.139997661114,34.2025010610199],[139.140011072159,34.2024367294066],[139.140040576458,34.2023967994398],[139.140099585056,34.2023590878044],[139.140767455101,34.2020751413733],[139.140874743462,34.2019841897821],[139.141086637974,34.2017601383013],[139.141148328781,34.2016625317156],[139.14115101099,34.2015627067984],[139.141118824482,34.2014850651962],[139.14104372263,34.2014251702459],[139.140955209732,34.2013918952735],[139.140839874744,34.2013830219475],[139.140646755695,34.2014517902238],[139.140357077122,34.2015316501575],[139.139466583729,34.2016270384117],[139.139302968979,34.2016758417046],[139.139123260975,34.2017601383013],[139.138908684254,34.2018732732074],[139.13878262043,34.2019730981246],[139.13870215416,34.2021239446661],[139.138653874397,34.2023923627768],[139.13864582777,34.2024456027326],[139.138605594635,34.2025077160144],[139.138527810574,34.2025764842907],[139.138433933258,34.2026186325891],[139.138323962688,34.2026297242465],[139.138227403164,34.2026075409316],[139.138045012951,34.2025698292962],[139.137959182262,34.2025653926332],[139.137870669365,34.2025897942797],[139.137736558914,34.202645252567],[139.137626588345,34.2026851825338],[139.137495160103,34.2026962741913],[139.137342274189,34.2026696542134],[139.137245714664,34.2026031042686],[139.136866766228,34.2022137893012],[139.136559069157,34.2018976748539],[139.136459827423,34.2017690116273],[139.136368632317,34.2017113350084],[139.136258661747,34.201709116677],[139.135631024837,34.2017911949422],[139.135199189186,34.2017756666217],[139.134174585342,34.2017401733179],[139.134032428265,34.2017357366549],[139.133694469929,34.2018111599256],[139.133498668671,34.2018932381909],[139.133332371712,34.2019753164561],[139.13325458765,34.202015246423],[139.133166074753,34.2021039796827],[139.133136570454,34.202177184622],[139.133128523827,34.2022592628872],[139.133332371712,34.2030268055838],[139.133415520191,34.2033240620038],[139.133579134941,34.2040694213854],[139.13371860981,34.2044443194078],[139.133850038052,34.2048924223693],[139.133890271187,34.2051053821927],[139.133901000023,34.205480280215],[139.133852720261,34.2064385994199],[139.133742749691,34.2066249392653],[139.133600592613,34.2068423357516],[139.133552312851,34.2069177590224],[139.133455753326,34.2071151905253],[139.133404791355,34.2072593820723],[139.133386015892,34.2073126162893],[139.133332371712,34.2073237067511],[139.13328140974,34.2073325791206],[139.131725728512,34.2077761975954],[139.131441128767,34.2078647586229],[139.131725728512,34.2077761975954],[139.13328140974,34.2073325791206],[139.133332371712,34.2073237067511],[139.133386015892,34.2073126162893],[139.133404791355,34.2072593820723],[139.133455753326,34.2071151905253],[139.133552312851,34.2069177590224],[139.133796393871,34.2069044490334],[139.133960008621,34.2069221956854],[139.134539365768,34.2070796972214],[139.134866595268,34.2071506838291],[139.135145545006,34.2072482904148],[139.135177731514,34.2072593820723],[139.13603335619,34.2075521702656],[139.136231839657,34.2076054044826],[139.136483967304,34.2076919100852],[139.136626124382,34.2077651071335],[139.13684874773,34.20795808117],[139.13706600666,34.2082087256082],[139.137208163738,34.2083351568735],[139.137275218964,34.2083928272752],[139.137305157115,34.2084412175136],[139.137334227562,34.2084882052473],[139.137446880341,34.2085724927575],[139.138256907463,34.2089983664932],[139.138393700123,34.2090538188026],[139.138704836369,34.2090360740636],[139.138967692852,34.2091469786822],[139.139155447483,34.2092201757306],[139.13927346468,34.2092534471162],[139.139332473278,34.2092933727789],[139.139429032803,34.2094530754298],[139.139772355556,34.2096393951892],[139.139831364155,34.20966823039],[139.139992296696,34.2097813531011],[139.140011072159,34.2099077843664],[139.140024483204,34.2099987261537],[139.140013754368,34.2102316258529],[139.140027165413,34.2103136952708],[139.140056669712,34.2105865206327],[139.140129089355,34.2110279210151],[139.140147864819,34.2111743151117],[139.140147864819,34.2112719111762],[139.140048623085,34.2113983424415],[139.139758944511,34.2115669174619],[139.139689207077,34.2116356783254],[139.13968116045,34.211704439189],[139.139691889286,34.211757673406],[139.139732122421,34.2118109076229],[139.139823317528,34.2118863227636],[139.139973521233,34.2120371530451],[139.139978885651,34.2121059139086],[139.139962792397,34.2121658024027],[139.139756262302,34.212309978407],[139.139699935913,34.2123765211782],[139.139686524868,34.2124430639494],[139.139699935913,34.2125029524435],[139.139772355556,34.2125739313995],[139.139852821827,34.2126160751546],[139.140048623085,34.2126449103554],[139.140107631683,34.2126826179258],[139.140209555626,34.2127868682673],[139.140520691872,34.21313510877],[139.140585064888,34.2130929650149],[139.140756726265,34.2128689376852],[139.140904247761,34.2127580330665],[139.141046404839,34.2127003626648],[139.141108095646,34.2126826179258],[139.141218066216,34.2126715274639],[139.141384363174,34.2126759636487],[139.141494333744,34.2127003626648],[139.141598939896,34.2127425064199],[139.141665995121,34.2127802139902],[139.141770601273,34.2128667195928],[139.141845703125,34.2129576613801],[139.142028093338,34.213188342987],[139.142151474953,34.2133436094531],[139.142360687256,34.2134789130879],[139.142433106899,34.2135055301964],[139.142610132694,34.2135454558591],[139.142738878727,34.2135587644133],[139.142805933952,34.2135587644133],[139.144144356251,34.2134766949955],[139.144238233566,34.2134589502565],[139.14431065321,34.2134323331481],[139.144377708435,34.2133879713006],[139.144447445869,34.213319210437],[139.14447426796,34.2132815028666],[139.144503772259,34.2132260505573],[139.144613742828,34.2129443528259],[139.144707620144,34.2127358521427],[139.144753217697,34.2127092350343],[139.145112633705,34.2124408458571],[139.145421087742,34.2120393711374],[139.14550691843,34.2119329027035],[139.145662486553,34.2117354924822],[139.145791232586,34.2116090612169],[139.146105051041,34.2113428901321],[139.1462418437,34.2113162730236],[139.146333038807,34.2112896559151],[139.146440327168,34.2112430759753],[139.146574437618,34.2111388256337],[139.146684408188,34.2109746867981],[139.14670613332,34.2109327663204]]},"properties":{"id":"F028:6:SHP0001","feed_id":"F028","feed_slug":"kozushima-village-bus","municipality":"神津島村","service_name":"村営バス","license":"CC BY 4.0","source_route_id":"6","route_short_name":null,"route_long_name":"多幸湾送迎","route_desc":null,"route_type":3,"route_url":null,"route_color":null,"route_text_color":"000000","directions":[],"geometry_source":"shapes.txt"}},{"type":"Feature","id":"F028:7:SHP0002","geometry":{"type":"LineString","coordinates":[[139.131441128767,34.2078647586229],[139.131725728512,34.2077761975954],[139.13328140974,34.2073325791206],[139.133332371712,34.2073237067511],[139.133386015892,34.2073126162893],[139.133404791355,34.2072593820723],[139.133455753326,34.2071151905253],[139.133552312851,34.2069177590224],[139.133600592613,34.2068423357516],[139.133742749691,34.2066249392653],[139.133852720261,34.2064385994199],[139.133901000023,34.205480280215],[139.133890271187,34.2051053821927],[139.133850038052,34.2048924223693],[139.13371860981,34.2044443194078],[139.133579134941,34.2040694213854],[139.133415520191,34.2033240620038],[139.133332371712,34.2030268055838],[139.133128523827,34.2022592628872],[139.133136570454,34.202177184622],[139.133166074753,34.2021039796827],[139.13325458765,34.202015246423],[139.133332371712,34.2019753164561],[139.133498668671,34.2018932381909],[139.133694469929,34.2018111599256],[139.134032428265,34.2017357366549],[139.134174585342,34.2017401733179],[139.135199189186,34.2017756666217],[139.135631024837,34.2017911949422],[139.136258661747,34.201709116677],[139.136368632317,34.2017113350084],[139.136459827423,34.2017690116273],[139.136559069157,34.2018976748539],[139.136866766228,34.2022137893012],[139.137245714664,34.2026031042686],[139.137342274189,34.2026696542134],[139.137495160103,34.2026962741913],[139.137626588345,34.2026851825338],[139.137736558914,34.202645252567],[139.137870669365,34.2025897942797],[139.137959182262,34.2025653926332],[139.138045012951,34.2025698292962],[139.138227403164,34.2026075409316],[139.138323962688,34.2026297242465],[139.138433933258,34.2026186325891],[139.138527810574,34.2025764842907],[139.138605594635,34.2025077160144],[139.13864582777,34.2024456027326],[139.138653874397,34.2023923627768],[139.13870215416,34.2021239446661],[139.13878262043,34.2019730981246],[139.138908684254,34.2018732732074],[139.139123260975,34.2017601383013],[139.139302968979,34.2016758417046],[139.139466583729,34.2016270384117],[139.140357077122,34.2015316501575],[139.140646755695,34.2014517902238],[139.140839874744,34.2013830219475],[139.140955209732,34.2013918952735],[139.14104372263,34.2014251702459],[139.141118824482,34.2014850651962],[139.14115101099,34.2015627067984],[139.141148328781,34.2016625317156],[139.141086637974,34.2017601383013],[139.140874743462,34.2019841897821],[139.140767455101,34.2020751413733],[139.140099585056,34.2023590878044],[139.140040576458,34.2023967994398],[139.140011072159,34.2024367294066],[139.139997661114,34.2025010610199],[139.140024483204,34.2025787026222],[139.140064716339,34.2026186325891],[139.140139818192,34.202640815904],[139.140220284462,34.2026341609095],[139.140649437904,34.2025232443349],[139.140705764294,34.2025188076719],[139.140754044056,34.2025254626664],[139.1407969594,34.2025520826443],[139.140845239162,34.2025942309426],[139.140885472298,34.2026474708985],[139.140898883343,34.2027428591527],[139.140829145908,34.2029447273185],[139.140829145908,34.2030401155727],[139.140855967999,34.2030889188656],[139.141032993793,34.2031976171087],[139.141094684601,34.2032508570646],[139.141108095646,34.2033107520149],[139.141092002392,34.2033706469652],[139.141054451466,34.2034305419155],[139.140872061253,34.2035658601365],[139.140357077122,34.2038608982251],[139.140284657478,34.2039451948218],[139.140319526196,34.2039962164462],[139.140386581421,34.2040361464131],[139.140464365482,34.2040361464131],[139.140601158142,34.2039185748439],[139.140711128712,34.2038498065676],[139.14123415947,34.203576951794],[139.141346812248,34.2035148385122],[139.141432642937,34.203415013595],[139.141515791416,34.2031621238048],[139.141564071178,34.2030778272081],[139.141620397568,34.2030378972412],[139.141665995121,34.2030157139263],[139.141845703125,34.2029336356611],[139.142816662788,34.2025387726553],[139.143269956112,34.202321376169],[139.143615961075,34.2021394729866],[139.143779575825,34.2020307747434],[139.14392977953,34.2018843648649],[139.144088029861,34.2016935883565],[139.144165813923,34.201551615141],[139.144329428673,34.2012920703563],[139.144409894943,34.201232175406],[139.144852459431,34.2010103422567],[139.144932925701,34.2009327006544],[139.145010709763,34.200755234135],[139.145017867063,34.2007239454926],[139.145048260689,34.2005910776045],[139.145187735558,34.200107481339],[139.145233333111,34.2000010014274],[139.145254790783,34.199954416466],[139.14534330368,34.1998301899024],[139.145523011684,34.1997414566427],[139.145691990852,34.1996460683885],[139.146046042442,34.1994131435818],[139.146563708782,34.1990981405098],[139.1472235322,34.1987409891394],[139.14733082056,34.1986877491836],[139.14744079113,34.1986478192167],[139.147566854954,34.1986167625758],[139.148215949535,34.198559085957],[139.148384928703,34.1985324659791],[139.148486852646,34.1984814443547],[139.148728251457,34.1981730962772],[139.148752391338,34.1981442548596],[139.148867726326,34.1980666048893],[139.149667024612,34.1978491849722],[139.14989233017,34.1978136878429],[139.14999961853,34.1978114692723],[139.150576293468,34.1977981578488],[139.150796234608,34.1977582235783],[139.151128828526,34.1975851750729],[139.151667952538,34.1974320937027],[139.151761829853,34.1974343122733],[139.15182352066,34.1974365308439],[139.151981770992,34.1974609351203],[139.152330458164,34.1975696450788],[139.152432382107,34.1975829565023],[139.152520895004,34.1975696450788],[139.152773022652,34.1974409679851],[139.15283203125,34.1974054708557],[139.153027832508,34.1972812309031],[139.153084158897,34.1972191109268],[139.153231680393,34.1968818881983],[139.153293371201,34.1968330796455],[139.15340334177,34.196777615381],[139.153910279274,34.1965557583228],[139.154098033905,34.1964936383465],[139.154205322266,34.1965047311994],[139.154291152954,34.1965535397522],[139.154344797134,34.1966334082931],[139.154358208179,34.196750992534],[139.154352843761,34.1967753968104],[139.154331386089,34.1969218224688],[139.154240190983,34.1974343122733],[139.154218733311,34.1976251093434],[139.154116809368,34.1979312720837],[139.154055118561,34.1980244520482],[139.153934419155,34.1981730962772],[139.153848588467,34.1982817945204],[139.153416752815,34.1987542991284],[139.153258502483,34.1988585607085],[139.15283203125,34.1990338088965],[139.152665734291,34.1991092321672],[139.152512848377,34.1992245854049],[139.152410924435,34.1993665586204],[139.152335822582,34.1995063135045],[139.152193665504,34.2000010014274],[139.152164161205,34.2001318829855],[139.152185618877,34.2003093495049],[139.15226072073,34.2004357944],[139.152429699898,34.2006576275493],[139.152319729328,34.2007774174499],[139.152300953865,34.2008373124002],[139.152359962463,34.2009482289749],[139.152432382107,34.2010369622346],[139.152638912201,34.2016935883565],[139.152759611607,34.2021106346772],[139.152542352676,34.2023014111856],[139.152317047119,34.2024810960365],[139.152266085148,34.2025897942797],[139.152244627476,34.2028471207328],[139.152244627476,34.2029536006445],[139.152317047119,34.2030711722136],[139.152362644672,34.2031732154623],[139.152381420135,34.203270822048],[139.152378737926,34.2034438519044],[139.152346551418,34.20358582512],[139.152263402939,34.2037810382914],[139.152220487595,34.2038542432306],[139.152193665504,34.2038941731975],[139.152115881443,34.2039385398274],[139.152022004128,34.2039385398274],[139.151847660542,34.2039074831865],[139.151627719402,34.20388308154],[139.151571393013,34.2039074831865],[139.15149897337,34.2040006531092],[139.151466786861,34.2040428014075],[139.151399731636,34.2041648096396],[139.151346087456,34.2043067828552],[139.151305854321,34.2044465377393],[139.151120781898,34.2046572792311],[139.151072502136,34.2047504491538],[139.151059091091,34.2048436190765],[139.151080548763,34.2049190423472],[139.151136875153,34.2050255222589],[139.151316583157,34.205169713806],[139.151431918144,34.2052029887783],[139.151541888714,34.2052096437728],[139.151751101017,34.2052029887783],[139.152019321918,34.2052872853751],[139.152467250824,34.2054070752757],[139.152582585812,34.2054181669332],[139.152714014053,34.2054026386127],[139.15283203125,34.2053383069994],[139.152987599373,34.2052695387231],[139.153119027615,34.2052695387231],[139.153215587139,34.2052983770325],[139.153293371201,34.2053383069994],[139.153341650963,34.2054070752757],[139.15337651968,34.2054913718724],[139.153373837471,34.2056045067786],[139.153341650963,34.2056777117178],[139.153250455856,34.2057575716516],[139.153145849705,34.2057930649555],[139.152958095074,34.2058396499168],[139.152861535549,34.2059061998616],[139.15283203125,34.2059505664915],[139.152762293816,34.2060725747236],[139.152687191963,34.2061435613314],[139.152555763721,34.2062256395966],[139.152475297451,34.206258914569],[139.151992499828,34.2064519094089],[139.151458740234,34.2067802224698],[139.151276350021,34.2068600824036],[139.151185154915,34.206880047387],[139.15095448494,34.2069377240058],[139.150847196579,34.2069465973318],[139.15054410696,34.2069221956854],[139.150458276272,34.2069465973318],[139.150391221046,34.2069732173097],[139.150283932686,34.2070796972214],[139.150251746178,34.2071506838291],[139.150219559669,34.2072593820723],[139.150173962116,34.2074279570927],[139.150069355965,34.2075832235588],[139.150034487247,34.2076497663301],[139.14999961853,34.2077673252259],[139.149954020977,34.2079137193225],[139.149849414825,34.2080512410497],[139.149715304375,34.208142182837],[139.149334430695,34.2082486512709],[139.149251282215,34.2082819226565],[139.149181544781,34.2083351568735],[139.149119853973,34.2083773006286],[139.14896696806,34.2084238805684],[139.148824810982,34.2084394072151],[139.148722887039,34.2084704605083],[139.148460030556,34.2086212907897],[139.148395657539,34.2087366315931],[139.148376882076,34.2087965200872],[139.148331284523,34.2088896799669],[139.148261547089,34.2089473503686],[139.147974550724,34.2091092711119],[139.147711694241,34.2092734099475],[139.147556126118,34.2094175859518],[139.147102832794,34.2099787633223],[139.147030413151,34.2100941041258],[139.14697676897,34.2102072268368],[139.146813154221,34.2106242282031],[139.146807789803,34.2106907709743],[139.146756827831,34.2107950213158],[139.14673268795,34.2108815269184],[139.14670613332,34.2109327663204],[139.146684408188,34.2109746867981],[139.146574437618,34.2111388256337],[139.146440327168,34.2112430759753],[139.146333038807,34.2112896559151],[139.1462418437,34.2113162730236],[139.146105051041,34.2113428901321],[139.145791232586,34.2116090612169],[139.145662486553,34.2117354924822],[139.14550691843,34.2119329027035],[139.145421087742,34.2120393711374],[139.145112633705,34.2124408458571],[139.144753217697,34.2127092350343],[139.144707620144,34.2127358521427],[139.144613742828,34.2129443528259],[139.144503772259,34.2132260505573],[139.14447426796,34.2132815028666],[139.144447445869,34.213319210437],[139.144377708435,34.2133879713006],[139.14431065321,34.2134323331481],[139.144238233566,34.2134589502565],[139.144144356251,34.2134766949955],[139.142805933952,34.2135587644133],[139.142738878727,34.2135587644133],[139.142610132694,34.2135454558591],[139.142433106899,34.2135055301964],[139.142360687256,34.2134789130879],[139.142151474953,34.2133436094531],[139.142028093338,34.213188342987],[139.141845703125,34.2129576613801],[139.141770601273,34.2128667195928],[139.141665995121,34.2127802139902],[139.141598939896,34.2127425064199],[139.141494333744,34.2127003626648],[139.141384363174,34.2126759636487],[139.141218066216,34.2126715274639],[139.141108095646,34.2126826179258],[139.141046404839,34.2127003626648],[139.140904247761,34.2127580330665],[139.140756726265,34.2128689376852],[139.140585064888,34.2130929650149],[139.140520691872,34.21313510877],[139.140209555626,34.2127868682673],[139.140107631683,34.2126826179258],[139.140048623085,34.2126449103554],[139.139852821827,34.2126160751546],[139.139772355556,34.2125739313995],[139.139699935913,34.2125029524435],[139.139686524868,34.2124430639494],[139.139699935913,34.2123765211782],[139.139756262302,34.212309978407],[139.139962792397,34.2121658024027],[139.139978885651,34.2121059139086],[139.139973521233,34.2120371530451],[139.139823317528,34.2118863227636],[139.139732122421,34.2118109076229],[139.139691889286,34.211757673406],[139.13968116045,34.211704439189],[139.139689207077,34.2116356783254],[139.139758944511,34.2115669174619],[139.140048623085,34.2113983424415],[139.140147864819,34.2112719111762],[139.140147864819,34.2111743151117],[139.140129089355,34.2110279210151],[139.140056669712,34.2105865206327],[139.140027165413,34.2103136952708],[139.140013754368,34.2102316258529],[139.140024483204,34.2099987261537],[139.140011072159,34.2099077843664],[139.139992296696,34.2097813531011],[139.139831364155,34.20966823039],[139.139772355556,34.2096393951892],[139.139429032803,34.2094530754298],[139.139332473278,34.2092933727789],[139.13927346468,34.2092534471162],[139.139155447483,34.2092201757306],[139.138967692852,34.2091469786822],[139.138704836369,34.2090360740636],[139.138393700123,34.2090538188026],[139.138256907463,34.2089983664932],[139.137446880341,34.2085724927575],[139.137334227562,34.2084882052473],[139.137305157115,34.2084412175136],[139.137275218964,34.2083928272752],[139.137208163738,34.2083351568735],[139.13706600666,34.2082087256082],[139.13684874773,34.20795808117],[139.136626124382,34.2077651071335],[139.136483967304,34.2076919100852],[139.136231839657,34.2076054044826],[139.13603335619,34.2075521702656],[139.135177731514,34.2072593820723],[139.135145545006,34.2072482904148],[139.134866595268,34.2071506838291],[139.134539365768,34.2070796972214],[139.133960008621,34.2069221956854],[139.133796393871,34.2069044490334],[139.133552312851,34.2069177590224],[139.133455753326,34.2071151905253],[139.133404791355,34.2072593820723],[139.133386015892,34.2073126162893],[139.133332371712,34.2073237067511],[139.13328140974,34.2073325791206],[139.131725728512,34.2077761975954],[139.131441128767,34.2078647586229]]},"properties":{"id":"F028:7:SHP0002","feed_id":"F028","feed_slug":"kozushima-village-bus","municipality":"神津島村","service_name":"村営バス","license":"CC BY 4.0","source_route_id":"7","route_short_name":null,"route_long_name":"神津島港送迎","route_desc":null,"route_type":3,"route_url":null,"route_color":null,"route_text_color":"000000","directions":[],"geometry_source":"shapes.txt"}}]}
